updates,tokens,loss,lr,mask_rate,seq_len,walk_len,seconds
50,1561047,9.470651626586914,2.3415705e-06,0.6999573548146163,30.96271099034056,3.7238828173036875,5.5838682651519775
100,3117551,9.314541816711426,4.6763265e-06,0.6998299153258419,30.872602495190115,3.7156911359263742,10.644621133804321
150,4675199,9.053749084472656,7.012798499999999e-06,0.6996174940004319,30.895293254259474,3.7177539322054063,15.67583703994751
200,6233760,8.714350700378418,9.35064e-06,0.6993199541345919,30.91340222543983,3.719400202312712,20.687560319900513
250,7782424,8.3268404006958,1.1673636e-05,0.6989400928419739,30.87694393492304,3.716085812265731,47.65327858924866
300,9341821,7.936763763427734,1.40127315e-05,0.6984727816570693,30.92998393399052,3.7209076303627744,52.70344305038452
350,10900305,7.594276428222656,1.63504575e-05,0.697920708640872,30.911874962810163,3.719261360255469,57.76518774032593
400,12454675,7.308435916900635,1.86820125e-05,0.6972854187362766,30.83027550231073,3.7118432274827935,62.79415464401245
450,14007068,7.048241138458252,2.1010602e-05,0.6965665358057591,30.951291969056545,3.7228447244596854,116.13222742080688
500,15565233,6.773046970367432,2.33478495e-05,0.6957601616289749,30.90554773191582,3.7186861574468923,121.17261910438538
550,17124707,6.479928493499756,2.56870605e-05,0.6948680271778727,30.93151119662019,3.7210464724200176,126.2157850265503
600,18680529,6.152951240539551,2.80207935e-05,0.6938931621349027,30.859075311898764,3.7144613919907967,131.24591326713562
650,20235339,5.7983784675598145,3.0353008499999995e-05,0.6928342934722138,30.839002717337404,3.712636610667037,136.2641258239746
700,21786148,5.411837100982666,3.2679222e-05,0.6916938657181366,30.919710503229922,3.719973682111811,205.12632250785828
750,23342773,5.011231422424316,3.5014159499999993e-05,0.6904645116017332,30.87500247932245,3.7159093163020405,210.1527454853058
800,24900520,4.580615043640137,3.7350779999999993e-05,0.689149371815268,30.89725687764048,3.7179324434218617,215.17793369293213
850,26454714,4.145538806915283,3.9682071e-05,0.6877525918756185,30.826784616300056,3.711525874209096,220.22412633895874
900,28007217,3.6738882064819336,4.20108255e-05,0.6862729264285109,30.953485126405614,3.72304410240051,270.1709907054901
950,29563798,3.2114760875701904,4.4345697e-05,0.6847046823367658,30.874129757819784,3.715829977983617,275.16795325279236
1000,31122755,2.8084864616394043,4.6684132499999995e-05,0.6830490471211745,30.921256718963843,3.7201142471785316,280.1649558544159
1050,32678544,2.365204334259033,4.9017815999999994e-05,0.681311973335701,30.858420770771765,3.7144018882519787,285.1672565937042
1100,34235213,1.9498947858810425,5.13528195e-05,0.679489128339781,30.875875200825117,3.7159886546204657,334.1960144042969
1150,35788211,1.6625447273254395,5.3682316499999994e-05,0.6775860691848409,30.963354334476435,3.7239413031342212,339.1946368217468
1200,37344869,1.4576972723007202,5.6017303499999996e-05,0.6755938132890246,30.875657020449452,3.7159688200408594,344.2187659740448
1250,38904541,1.274238109588623,5.835681149999999e-05,0.6735126420676381,30.935438443382193,3.721403494852927,349.2535228729248
1300,40459802,1.1162054538726807,6.068970299999999e-05,0.6713525773871138,30.84794811273975,3.7134498284308863,354.30825996398926
1350,42010446,1.0691674947738647,6.3015669e-05,0.669114642470419,30.916420767206315,3.7196746152005744,402.2994306087494
1400,43569029,1.0403534173965454,6.535354349999999e-05,0.6667804449599503,30.913838586191165,3.719439871471924,407.34231519699097
1450,45122321,0.9310855865478516,6.76834815e-05,0.6643695825825268,30.808893825495367,3.709899438681397,412.3399713039398
1500,46680981,0.9046111702919006,7.00214715e-05,0.6618655052253587,30.915365848820834,3.7195787135291667,417.3695363998413
1550,48229458,0.9018630981445312,7.2344187e-05,0.6592935891679591,30.873215567429618,3.715746869766329,461.7072665691376
1600,49786083,0.8498542904853821,7.467912449999998e-05,0.6566235539415495,30.87500247932245,3.7159093163020405,466.6977412700653
1650,51341014,0.823977530002594,7.701152099999999e-05,0.6538717549254066,30.841402701469743,3.7128547910427043,471.7249529361725
1700,52897903,0.8079328536987305,7.93468545e-05,0.6510317075185452,30.880238808338458,3.7163853462125873,476.76681756973267
1750,54456046,0.8166781663894653,8.1684069e-05,0.6481044334458029,30.905111371164487,3.7186464882876806,519.1206586360931
1800,56003291,0.8033043146133423,8.400493649999999e-05,0.6451135494504631,30.848652205120025,3.7135138368290934,524.1499452590942
1850,57562303,0.7390394806861877,8.634345449999998e-05,0.6420151722833832,30.922347620842178,3.7202134200765613,529.1646270751953
1900,59120622,0.7827101349830627,8.868093299999998e-05,0.6388331609508294,30.908602257175158,3.7189638415613784,534.1894376277924
1950,60677742,0.7493758797645569,9.1016613e-05,0.635568703451175,30.884820596227463,3.716801872384315,539.21173787117
2000,62227880,0.6973750591278076,9.334181999999999e-05,0.632234591637348,30.90633224340059,3.718757476672781,577.3565330505371
2050,63783669,0.6822648644447327,9.56755035e-05,0.6288037624557226,30.858420770771765,3.7144018882519787,582.3811843395233
2100,65342296,0.6858142614364624,9.8013444e-05,0.6252817261853467,30.914711307693832,3.7195192097903487,587.3880527019501
2150,66900208,0.6809772253036499,0.000100350312,0.6216763379672429,30.900529583275482,3.718229962115953,592.4447903633118
2200,68455480,0.6809607744216919,0.00010268321999999998,0.6179923270144679,30.84816629311542,3.7134696630104926,633.5224182605743
2250,70001933,0.6183961033821106,0.00010500289949999998,0.6142452640846114,30.832861472206716,3.712078315655156,638.5885303020477
2300,71559350,0.6348854303359985,0.00010733902499999998,0.6103870399826061,30.89071146637047,3.717337406033679,643.6675798892975
2350,73118846,0.6229311227798462,0.00010967826899999998,0.6064386012934949,30.931947557371522,3.7210861415792293,648.7280390262604
2400,74677231,0.6066504120826721,0.00011201584649999998,0.6024079454780211,30.90991133942916,3.7190828490390144,690.5826909542084
2450,76224311,0.6220993399620056,0.00011433646649999999,0.5983224522200674,30.84536246909642,3.713214769917856,695.7454884052277
2500,77780595,0.5947942137718201,0.00011667089249999999,0.5941281332253046,30.868238887676775,3.715294444334252,700.7974450588226
2550,79336516,0.6099660396575928,0.000119004774,0.5898500515071804,30.861038935279765,3.7146399032072512,705.8653419017792
2600,80894615,0.5862683057785034,0.00012134192249999998,0.585481072120031,30.90423864966182,3.7185671499692563,710.9314494132996
2650,82450140,0.6044885516166687,0.00012367520999999999,0.5810345522446569,30.853184441755758,3.7139258583414327,769.0645072460175
2700,84000553,0.5826725959777832,0.0001260008295,0.5765183741746484,30.911815136773267,3.7192559215248426,774.1050279140472
2750,85558729,0.5762097239494324,0.00012833809349999998,0.5718948181083298,30.90576591229149,3.7187059920264987,779.163712978363
2800,87116311,0.5799628496170044,0.00013067446649999998,0.5671880962606474,30.893984172005474,3.7176349247277702,784.30597448349
2850,88676731,0.5553018450737,0.0001330150965,0.5623876541351887,30.950274708927545,3.72275224626614,827.2445962429047
2900,90222656,0.5741002559661865,0.00013533398399999998,0.5575477660253491,30.822334316931176,3.711121301539198,832.2923271656036
2950,91784121,0.5791140198707581,0.0001376761815,0.5525743148145037,30.971001844615902,3.724636531328718,837.3425917625427
3000,93340097,0.558617353439331,0.00014001014549999997,0.5475334601105353,30.8621298371581,3.714739076105282,842.400509595871
3050,94898108,0.5428712368011475,0.000142347162,0.5424011092153558,30.902493206656484,3.718408473332408,885.3763217926025
3100,96449291,0.5815573930740356,0.00014467393649999997,0.5372068496479531,30.927167238216764,3.720651567110615,890.4176700115204
3150,98005234,0.6048204898834229,0.00014700785099999998,0.5319120469005918,30.861475296031102,3.714679572366464,895.4054367542267
3200,99563080,0.5591733455657959,0.00014934462,0.5265258792659879,30.89922050102148,3.7181109546383166,900.4406747817993
3250,101119320,0.5199525356292725,0.00015167898,0.521060454647908,30.867366166174108,3.715215106015828,905.4902572631836
3300,102677254,0.5653648376464844,0.000154015881,0.515504176442841,30.900965944026815,3.718269631275165,945.6099112033844
3350,104225786,0.5502228140830994,0.000156338679,0.5098972468219385,30.874312146104156,3.7158465587367417,950.5927276611328
3400,105780376,0.5119999051094055,0.000158670564,0.5041839609327259,30.834639109824067,3.712239919074915,955.5931904315948
3450,107338211,0.5433601140975952,0.00016100731649999997,0.49837389803809085,30.899002320645813,3.7180911200587103,960.5983195304871
3500,108895958,0.5481127500534058,0.00016334393699999998,0.49247923079708916,30.89725687764048,3.7179324434218617,994.3328156471252
3550,110444655,0.5386958718299866,0.00016566698249999997,0.486534618183792,30.877601882127763,3.7161456256479783,999.3693544864655
3600,112000466,0.5364200472831726,0.000168000699,0.4804781732761997,30.8588571315231,3.7144415574111904,1004.3925940990448
3650,113558785,0.506458044052124,0.0001703381775,0.474327041113166,30.908602257175158,3.7189638415613784,1009.404611825943
3700,115117819,0.5511875152587891,0.0001726767285,0.4680880356019566,30.92278398159351,3.720253089235774,1043.6668603420258
3750,116676270,0.5050264000892639,0.00017501440499999998,0.4617663403305242,30.91122042168316,3.719201856516651,1048.7334628105164
3800,118223559,0.4970620572566986,0.00017733533849999998,0.45540582670403656,30.849529468059654,3.7135935880054234,1053.745581150055
3850,119782395,0.5302729606628418,0.00017967359249999998,0.44891311234111947,30.918856734831504,3.7198960668028644,1058.733360528946
3900,121337733,0.5106307864189148,0.00018200659949999998,0.44235020463236246,30.84947537536942,3.713588670488129,1063.732976436615
3950,122895744,0.5238522291183472,0.000184343616,0.43569113186701314,30.902493206656484,3.718408473332408,1095.3003170490265
4000,124444485,0.5041078925132751,0.00018666672749999998,0.42898747767898354,30.87847914506739,3.716225376824308,1100.3231570720673
4050,126004278,0.4757756292819977,0.00018900641700000001,0.4221511336997275,30.937838427514528,3.7216216752285933,1105.3317131996155
4100,127559319,0.5088304877281189,0.00019133897849999998,0.4152508523844841,30.843584505226413,3.713053136838765,1110.3307580947876
4150,129117528,0.5094847083091736,0.000193676292,0.4082516193554613,30.90642045341849,3.7187654957653176,1142.8540987968445
4200,130672360,0.5137573480606079,0.00019600854,0.40118285081053195,30.83943907808874,3.7126762798262494,1147.9321143627167
4250,132220617,0.4919240176677704,0.00019833092549999997,0.39405989770243793,30.868829252731476,3.7153481138846796,1152.9590208530426
4300,133782918,0.49690932035446167,0.00020067437699999998,0.3867872898995924,30.98758355316659,3.726143959378781,1157.9609680175781
4350,135334505,0.4842638075351715,0.00020300175749999997,0.37948000573708707,30.77507586726699,3.7068250788424537,1196.0516192913055
4400,136893440,0.45226651430130005,0.00020534016,0.37205325648691195,30.92082035821251,3.720074578019319,1201.124433040619
4450,138443160,0.467141330242157,0.00020766473999999998,0.3645861003612519,30.89799824547412,3.7179998404976473,1206.1600651741028
4500,139999400,0.5301441550254822,0.0002099991,0.35700293999370003,30.867366166174108,3.715215106015828,1211.2289490699768
4550,141554848,0.4669273793697357,0.00021233227199999997,0.34933893763469565,30.85165717912609,3.7137870162841904,1216.28102850914
4600,143110659,0.4857151210308075,0.00021466598849999999,0.3415884374102501,30.8588571315231,3.7144415574111904,1256.194477558136
4650,144662887,0.47696298360824585,0.00021699433049999998,0.3337713596844415,30.948002233032938,3.722545657548449,1261.2121276855469
4700,146217477,0.4689660370349884,0.0002193262155,0.3258578648457032,30.834639109824067,3.712239919074915,1266.1807713508606
4750,147777303,0.4873664081096649,0.00022166595449999997,0.31783270256580826,30.93849296864153,3.7216811789674114,1271.1674716472626
4800,149333180,0.4782802164554596,0.00022399977,0.30974302364403294,30.8601662137771,3.7145605648888274,1302.721437215805
4850,150888441,0.49918755888938904,0.0002263326615,0.30157187152031656,30.84794811273975,3.7134498284308863,1307.7416265010834
4900,152439118,0.4523833096027374,0.000228658677,0.2933405178091863,30.917078714411037,3.719734428582821,1312.7443339824677
4950,153994874,0.47325193881988525,0.00023099231099999996,0.28499762868017214,30.857766229644763,3.7143423845131607,1317.7364196777344
5000,155554975,0.49995049834251404,0.00023333246249999996,0.2765463706731141,30.943947478033202,3.7221770434575636,1347.5099427700043
5050,157110016,0.4367082715034485,0.00023566502399999999,0.2680377502683955,30.843584505226413,3.713053136838765,1352.5439817905426
5100,158660407,0.4618849456310272,0.00023799061049999996,0.2594703168854012,30.911376505303455,3.7192160459366774,1357.582602739334
5150,160220299,0.4612773060798645,0.0002403304485,0.25076547629613544,30.93980205089553,3.7218001864450483,1362.579704284668
5200,161776055,0.4623316526412964,0.00024266408249999996,0.241998890501147,30.857766229644763,3.7143423845131607,1367.5948338508606
5250,163333373,0.4138350188732147,0.00024500005949999997,0.23313866212775028,30.888747842989467,3.7171588948172243,1400.4364511966705
5300,164892957,0.42586833238601685,0.00024733943549999995,0.2241804728064327,30.933693000376856,3.721244818216078,1405.4602980613708
5350,166444140,0.427494615316391,0.00024966621,0.21518609454405696,30.927167238216764,3.720651567110615,1410.447871208191
5400,168001425,0.4228012263774872,0.00025200213749999997,0.20607162096446408,30.888093301862465,3.7170993910784063,1415.4331550598145
5450,169559524,0.4515626132488251,0.000254339286,0.19686743686563488,30.90423864966182,3.7185671499692563,1442.4110977649689
5500,171116193,0.4390445649623871,0.00025667428949999996,0.18758684863076813,30.875875200825117,3.7159886546204657,1447.4506437778473
5550,172665132,0.4468528628349304,0.000258997698,0.1782681633498951,30.882426828295717,3.716584257117793,1452.4668138027191
5600,174224969,0.4357511103153229,0.00026133745349999997,0.16879905309660823,30.938711149017198,3.7217010135470177,1457.4767887592316
5650,175780516,0.47250550985336304,0.00026367077399999997,0.15927117840854055,30.85362080250709,3.713965527500645,1484.1437938213348
5700,177338032,0.4850471615791321,0.00026600704799999993,0.15,30.892675089751474,3.717515917250134,1489.2011744976044
5750,178895460,0.511587917804718,0.00026834318999999993,0.15,30.890929646746137,3.717357240613285,1494.2251448631287
5800,180444597,0.40226230025291443,0.00027066689549999997,0.15,30.886374511524046,3.716943137411277,1499.2095279693604
5850,182000782,0.49579986929893494,0.000273001173,0.15,30.866275264295773,3.7151159331177976,1504.1994276046753
5900,183558375,0.5031896233558655,0.0002753375625,0.15,30.894202352381143,3.7176547593073765,1530.5081067085266
5950,185116518,0.482869952917099,0.000277674777,0.15,30.905111371164487,3.7186464882876806,1535.5039672851562
6000,186667756,0.45685526728630066,0.00028000163399999995,0.15,30.9282638168913,3.7207512560810274,1540.4968883991241
6050,188223985,0.3910944163799286,0.0002823359775,0.15,30.86714798579844,3.715195271436222,1545.4723353385925
6100,189784933,0.46920469403266907,0.0002846773995,0.15,30.960747366959556,3.723704306087232,1574.8223259449005
6150,191339039,0.4171708822250366,0.00028700855849999994,0.15,30.825039173294723,3.711367197572248,1579.882938861847
6200,192888121,0.429451584815979,0.0002893321815,0.15,30.885277932849508,3.716843448440864,1584.980295419693
6250,194446264,0.4083189368247986,0.000291669396,0.15,30.905111371164487,3.7186464882876806,1590.0044178962708
6300,196004572,0.4464123249053955,0.00029400685799999996,0.15,30.908384076799493,3.718944006981772,1622.3495256900787
6350,197563716,0.4526973366737366,0.000296345574,0.15,30.924965785350178,3.7204514350318347,1627.3972194194794
6400,199123641,0.47333770990371704,0.0002986854615,0.15,30.94045659202253,3.7218596901838663,1632.4708497524261
6450,200673702,0.42393067479133606,0.0002998877163333333,0.15,30.90479703325624,3.7186179121142042,1637.5127441883087
6500,202230943,0.507621169090271,0.0002996281761666667,0.15,30.8872205803598,3.7170200527599815,1642.5697629451752
6550,203790560,0.47999855875968933,0.00029936823999999996,0.15,30.934347541503858,3.721304321954896,1682.4600825309753
6600,205343786,0.46288251876831055,0.000299109369,0.15,30.807584743241367,3.7097804312037606,1687.5997955799103
6650,206891647,0.48482024669647217,0.00029885139216666664,0.15,30.86093388627482,3.714630353297711,1692.634699344635
6700,208450197,0.43528732657432556,0.00029859163383333333,0.15,30.913184045064163,3.719380367733106,1697.6835687160492
6750,210011959,0.4496244788169861,0.00029833134016666663,0.15,30.97689271475891,3.7251720649780826,1740.4490110874176
6800,211564327,0.43873900175094604,0.0002980726121666666,0.15,30.790566673939345,3.7082333339944857,1745.5978965759277
6850,213124010,0.4783138036727905,0.00029781266499999995,0.15,30.93565662375786,3.721423329432533,1750.661233663559
6900,214671596,0.39757582545280457,0.000297554734,0.15,30.855450992902146,3.71413190844565,1755.7161040306091
6950,216232533,0.4173944890499115,0.0002972945778333333,0.15,30.96052918658389,3.7236844715076263,1811.8072154521942
7000,217787442,0.40462130308151245,0.0002970354263333333,0.15,30.84096634071841,3.7128151218834917,1816.9042241573334
7050,219347675,0.4454193115234375,0.00029677538749999996,0.15,30.946565642541206,3.7224150584128366,1821.9696462154388
7100,220894172,0.48769432306289673,0.000296517638,0.15,30.833738735146344,3.7121580668314853,1827.0259914398193
7150,222454834,0.44237804412841797,0.0002962575276666666,0.15,30.95507467719222,3.723188607017474,1832.0916335582733
7200,224007301,0.41390377283096313,0.00029599878316666667,0.15,30.792530297320347,3.7084118452109407,1894.3573246002197
7250,225565950,0.49284833669662476,0.0002957390083333333,0.15,30.91514766844517,3.7195588789495613,1899.4611327648163
7300,227125237,0.39966264367103577,0.00029547912716666665,0.15,30.92780213023385,3.7207092845667136,1904.5757610797882
7350,228673615,0.36395561695098877,0.00029522106416666663,0.15,30.871241725815455,3.7155674296195866,1909.6562767028809
7400,230229910,0.43133291602134705,0.00029496168166666663,0.15,30.868457068052443,3.7153142789138585,1973.6558022499084
7450,231785897,0.37464362382888794,0.00029470235049999994,0.15,30.86234801753377,3.714758910684888,1978.7514479160309
7500,233342379,0.41684526205062866,0.0002944429368333333,0.15,30.872166134438782,3.7156514667671625,1983.8261368274689
7550,234894497,0.40518176555633545,0.0002941842505,0.15,30.945809075683865,3.7223462796076245,1988.8918330669403
7600,236452871,0.43570446968078613,0.00029392452149999996,0.15,30.909693159053493,3.719063014459408,2058.689036130905
7650,238007461,0.4667876064777374,0.00029366542316666667,0.15,30.834639109824067,3.712239919074915,2063.774735212326
7700,239562546,0.4044109582901001,0.0002934062423333333,0.15,30.84445722672908,3.7131324751571886,2068.844343662262
7750,241112508,0.4246855080127716,0.00029314791533333333,0.15,30.902823191642078,3.7184384719674615,2073.927413702011
7800,242668781,0.41314977407455444,0.00029288853649999996,0.15,30.86802070730111,3.7152746097546467,2078.9903914928436
7850,244224504,0.4146869480609894,0.0002926292493333333,0.15,30.85711168851776,3.7142828807743418,2147.469562768936
7900,245783263,0.4043404161930084,0.0002923694561666667,0.15,30.917329472201835,3.719757224745621,2152.5490074157715
7950,247341351,0.41346055269241333,0.0002921097748333333,0.15,30.904020469286152,3.71854731538965,2157.6387226581573
8000,248888992,0.4643058478832245,0.00029185183466666666,0.15,30.85654757157668,3.7142315974160622,2162.7325963974
8050,250447080,0.45006510615348816,0.0002915921533333333,0.15,30.904020469286152,3.71854731538965,2221.3270814418793
8100,252004541,0.3890053331851959,0.00029133257649999997,0.15,30.89158418787314,3.717416744352103,2226.4081523418427
8150,253562937,0.40157550573349,0.0002910728438333333,0.15,30.910129519804826,3.7191026836186207,2231.488584756851
8200,255111942,0.4337948262691498,0.00029081467633333333,0.15,30.88374272270516,3.7167038838822877,2236.628850698471
8250,256667412,0.4992084205150604,0.0002905554313333333,0.15,30.852093539877423,3.713826685443402,2286.6149446964264
8300,258228162,0.37378934025764465,0.0002902953063333333,0.15,30.956820120197552,3.7233472836543227,2291.7022035121918
8350,259786767,0.48661163449287415,0.0002900355388333333,0.15,30.9142749469425,3.719479540631136,2296.8897802829742
8400,261342402,0.3926093280315399,0.0002897762663333333,0.15,30.855366245512425,3.7141242041374936,2302.068808078766
8450,262893277,0.35777533054351807,0.00028951778716666663,0.15,30.921026397639366,3.720093308876306,2307.2844190597534
8500,264450287,0.42933884263038635,0.00028925828549999997,0.15,30.882638792470793,3.716603526588254,2355.750111103058
8550,266009024,0.49057283997535706,0.00028899849599999997,0.15,30.916893111450502,3.7197175555864095,2360.966774702072
8600,267564824,0.4418673813343048,0.00028873919599999996,0.15,30.85863895114743,3.714421722831584,2366.175107240677
8650,269116370,0.3715314269065857,0.000288480605,0.15,30.934404657468697,3.7213095143153363,2371.584656715393
8700,270675239,0.41053256392478943,0.0002882207935,0.15,30.919511275958506,3.7199555705416825,2408.1055207252502
8750,272232447,0.4505133032798767,0.0002879612588333333,0.15,30.886566039232797,3.7169605490211635,2413.185071706772
8800,273787136,0.4323412775993347,0.00028770214399999994,0.15,30.83660273320507,3.71241843029137,2418.392003059387
8850,275345444,0.42715248465538025,0.000287442426,0.15,30.908384076799493,3.718944006981772,2423.589254140854
8900,276894669,0.42373284697532654,0.00028718422183333334,0.15,30.888129037403303,3.7171026397639366,2471.406254529953
8950,278452196,0.40890002250671387,0.000286924634,0.15,30.89289327012714,3.71753575182974,2476.5838952064514
9000,280010889,0.34804269671440125,0.0002866648518333333,0.15,30.916020389947835,3.7196382172679847,2481.776077747345
9050,281566447,0.4645814597606659,0.00028640559216666666,0.15,30.853838982882756,3.7139853620802508,2487.127696752548
9100,283114902,0.4595573842525482,0.0002861475163333333,0.15,30.872776935959806,3.715706994178164,2492.3463895320892
9150,284674530,0.36406180262565613,0.0002858875783333333,0.15,30.934565721879526,3.721324156534502,2523.609255552292
9200,286231936,0.39165249466896057,0.0002856280106666666,0.15,30.890493285994804,3.7173175714540734,2528.9095425605774
9250,287788308,0.36246052384376526,0.0002853686153333333,0.15,30.86998433068211,3.7154531209711013,2534.15273976326
9300,289338314,0.4235442876815796,0.000285110281,0.15,30.903700454581706,3.718518223143792,2539.245096683502
9350,290895665,0.34766215085983276,0.0002848507225,0.15,30.88940238411647,3.7172183985560423,2566.0765459537506
9400,292456965,0.43204525113105774,0.0002845905058333333,0.15,30.9677291389809,3.724339012634627,2571.3053121566772
9450,294013161,0.40414994955062866,0.0002843311398333333,0.15,30.86649344467144,3.715135767697404,2576.465282678604
9500,295570699,0.5003196001052856,0.0002840715501666666,0.15,30.893111450502808,3.7175555864093464,2581.659529685974
9550,297122179,0.41922736167907715,0.00028381297016666666,0.15,30.933088763059256,3.721189887550842,2609.593569993973
9600,298678749,0.41276511549949646,0.00028355354183333333,0.15,30.873911577444115,3.7158101434040107,2614.746952533722
9650,300235363,0.42277437448501587,0.0002832941061666666,0.15,30.874784298946786,3.715889481722435,2619.8212356567383
9700,301798214,0.389506071805954,0.000283033631,0.15,30.99849257194994,3.7271356883590854,2624.994668006897
9750,303346845,0.33832186460494995,0.00028277552583333334,0.15,30.87628598771832,3.7160259988834836,2630.0691528320312
9800,304905153,0.39789867401123047,0.0002825158078333333,0.15,30.908384076799493,3.718944006981772,2659.586219072342
9850,306460348,0.4452695846557617,0.00028225660866666665,0.15,30.84663903048575,3.71333082095325,2664.7320137023926
9900,308019217,0.36624452471733093,0.0002819967971666666,0.15,30.919511275958506,3.7199555705416825,2669.9136550426483
9950,309576799,0.37366071343421936,0.00028173720016666666,0.15,30.893984172005474,3.7176349247277702,2675.012852191925
10000,311126211,0.4658391773700714,0.0002814789648333333,0.15,30.891857404896722,3.717441582263339,2708.9457516670227
10050,312679822,0.37704330682754517,0.00028122002966666663,0.15,30.81522105638971,3.7104746414899736,2714.097722053528
10100,314240209,0.4434041976928711,0.00028095996516666665,0.15,30.949620167800543,3.722692742527322,2719.285023212433
10150,315795657,0.43680131435394287,0.0002807007238333333,0.15,30.85165717912609,3.7137870162841904,2724.3501551151276
10200,317344673,0.40005436539649963,0.0002804425545,0.15,30.883962038440067,3.7167238216763696,2763.806898832321
10250,318904191,0.42212024331092834,0.00028018263483333333,0.15,30.932383918122856,3.721125810738441,2768.9944195747375
10300,320461795,0.4681834280490875,0.00027992303416666663,0.15,30.894420532756808,3.717674593886983,2774.1593086719513
10350,322019168,0.3845985233783722,0.000279663472,0.15,30.889838744867802,3.717258067715255,2779.229217529297
10400,323577432,0.405525803565979,0.0002794037613333333,0.15,30.907511355296826,3.7188646686633478,2784.3171327114105
10450,325126646,0.3736010789871216,0.00027914555899999995,0.15,30.887909721668393,3.717082701969854,2832.3676846027374
10500,326683216,0.39568790793418884,0.0002788861306666666,0.15,30.873911577444115,3.7158101434040107,2837.4753732681274
10550,328241216,0.3957522213459015,0.000278626464,0.15,30.90227502628082,3.718388638752802,2842.5213680267334
10600,329801306,0.4230712354183197,0.000278366449,0.15,30.943729297657537,3.722157208877958,2847.6110663414
10650,331350212,0.39113402366638184,0.000278108298,0.15,30.881768881090995,3.7165244437355445,2920.2370579242706
10700,332905825,0.3936053216457367,0.00027784902916666663,0.15,30.85492988476109,3.714084534978281,2925.3176374435425
10750,334460910,0.3645437955856323,0.00027758984833333334,0.15,30.84445722672908,3.7131324751571886,2930.413522720337
10800,336024322,0.3828026056289673,0.0002773292796666666,0.15,31.00961977110895,3.7281472519189958,2935.524904727936
10850,337574053,0.4827759563922882,0.0002770709911666666,0.15,30.898217561209027,3.7180197782917292,2940.630226135254
10900,339130766,0.3365548551082611,0.000276811539,0.15,30.876747922327787,3.7160679929388896,3010.0689430236816
10950,340687600,0.4350406527519226,0.0002765520666666666,0.15,30.879147906460123,3.7162861733145562,3015.1944427490234
11000,342247008,0.3738791048526764,0.0002762921653333333,0.15,30.930202114366185,3.7209274649423802,3020.2842543125153
11050,343806537,0.3321876525878906,0.0002760322438333333,0.15,30.93260209849852,3.7211456453180474,3025.407572746277
11100,345358996,0.4014788568019867,0.00027577350066666664,0.15,30.952607863465985,3.7229643512241806,3091.152594804764
11150,346914675,0.5050673484802246,0.0002755142208333333,0.15,30.856238967015095,3.714203542455918,3096.2132065296173
11200,348473511,0.46137362718582153,0.0002752544148333333,0.15,30.918856734831504,3.7198960668028644,3101.279196023941
11250,350032501,0.4338743984699249,0.0002749945831666666,0.15,30.92191126009084,3.7201737509173487,3106.3596153259277
11300,351579735,0.4276449978351593,0.0002747367108333333,0.15,30.84843288938512,3.713493899035011,3169.04172372818
11350,353137119,0.3959715962409973,0.00027447714683333333,0.15,30.89005692524347,3.7172779022948608,3174.124109506607
11400,354694712,0.4022606909275055,0.00027421754799999997,0.15,30.894202352381143,3.7176547593073765,3179.2007393836975
11450,356251007,0.39853808283805847,0.00027395816549999997,0.15,30.868457068052443,3.7153142789138585,3184.2705514431
11500,357806213,0.3902384042739868,0.00027369896449999995,0.15,30.846857210861415,3.713350655532856,3189.418556213379
11550,359356912,0.40393227338790894,0.00027344051466666666,0.15,30.917517345880853,3.7197743041709868,3244.5599615573883
11600,360914142,0.38044336438179016,0.00027318097633333334,0.15,30.887002399984134,3.7170002181803756,3249.600365638733
11650,362470778,0.39120781421661377,0.000272921537,0.15,30.87522065969812,3.7159291508816468,3254.645749092102
11700,364027161,0.4001210331916809,0.0002726621398333333,0.15,30.870202511057776,3.715472955550707,3259.712183713913
11750,365580225,0.3556138277053833,0.0002724032958333333,0.15,30.964670228885876,3.7240609298987164,3299.025778532028
11800,367135607,0.449033260345459,0.00027214406549999994,0.15,30.850348096872086,3.713668008806553,3304.067748069763
11850,368690934,0.35797587037086487,0.0002718848443333333,0.15,30.84925719499375,3.7135688359085233,3309.1167180538177
11900,370251596,0.4103551506996155,0.000271624734,0.15,30.95507467719222,3.723188607017474,3314.177255630493
11950,371806890,0.45411211252212524,0.0002713655183333333,0.15,30.848602653866752,3.7135093321697044,3351.38578915596
12000,373354949,0.4035012722015381,0.0002711075085,0.15,30.86488156950315,3.714989233591196,3356.4784719944
12050,374911992,0.3893173336982727,0.0002708480013333333,0.15,30.883293333597795,3.716663030327072,3361.5475323200226
12100,376472907,0.382312536239624,0.0002705878488333333,0.15,30.960092825832557,3.7236448023484146,3366.6774158477783
12150,378029323,0.4145697057247162,0.00027032844616666667,0.15,30.87085705218478,3.715532459289525,3371.755197286606
12200,379580715,0.40378326177597046,0.0002700698808333333,0.15,30.93133423718,3.7210303851981816,3403.560209274292
12250,381137087,0.3297601044178009,0.00026981048549999995,0.15,30.86998433068211,3.7154531209711013,3408.6150875091553
12300,382695692,0.4262081980705261,0.00026955071799999997,0.15,30.9142749469425,3.719479540631136,3414.200042486191
12350,384251778,0.37703219056129456,0.0002692913703333333,0.15,30.86431164091477,3.7149374219013427,3419.2601170539856
12400,385801905,0.3999939560890198,0.0002690330158333333,0.15,30.90611292766568,3.7187375388786985,3450.173274040222
12450,387360675,0.4222235381603241,0.0002687732208333333,0.15,30.917547652577504,3.7197770593252275,3455.215717315674
12500,388918213,0.45843321084976196,0.00026851363116666663,0.15,30.893111450502808,3.7175555864093464,3460.262596130371
12550,390473419,0.39325809478759766,0.00026825443016666666,0.15,30.846857210861415,3.713350655532856,3465.308661222458
12600,392029516,0.3916853666305542,0.00026799508066666664,0.15,30.86452982129044,3.714957256480949,3492.5626831054688
12650,393579379,0.4116673171520233,0.00026773677016666663,0.15,30.90084935002791,3.718259031820719,3497.582309961319
12700,395136037,0.43833890557289124,0.00026747732716666666,0.15,30.875657020449452,3.7159688200408594,3502.647307872772
12750,396690572,0.3775463402271271,0.00026721823799999997,0.15,30.833548207945732,3.712140746176885,3507.6931393146515
12800,398249595,0.45279520750045776,0.0002669584008333333,0.15,30.922565801217843,3.7202332546561676,3512.7341425418854
12850,399800558,0.3678523600101471,0.00026669990699999997,0.15,30.922780923518623,3.7202528112289657,3539.914253473282
12900,401360098,0.39817914366722107,0.00026643998366666666,0.15,30.93282027887419,3.7211654798976537,3544.9960100650787
12950,402916624,0.3991609513759613,0.00026618056266666665,0.15,30.87303885594145,3.715730805085586,3550.0993564128876
13000,404474294,0.3521907329559326,0.000265920951,0.15,30.89572961501081,3.717793601364619,3555.521159887314
13050,406032316,0.4077779948711395,0.00026566128066666666,0.15,30.902711387032152,3.718428307912014,3670.6475801467896
13100,407581519,0.3970626890659332,0.00026540308016666665,0.15,30.887690405933487,3.7170627641757714,3675.789843559265
13150,409140663,0.36739110946655273,0.00026514322283333335,0.15,30.924965785350178,3.7204514350318347,3681.044239759445
13200,410695957,0.409707248210907,0.0002648840071666666,0.15,30.848602653866752,3.7135093321697044,3686.4438416957855
13250,412254551,0.36898815631866455,0.0002646242415,0.15,30.914056766566834,3.71945970605153,3748.5024206638336
13300,413803666,0.40302905440330505,0.0002643660556666667,0.15,30.88593588005423,3.7169032618231124,3753.5008840560913
13350,415362227,0.376914381980896,0.00026410629549999997,0.15,30.91340222543983,3.719400202312712,3758.5319209098816
13400,416917191,0.3864334523677826,0.0002638471348333333,0.15,30.84205724259674,3.7129142947815215,3763.5843448638916
13450,418479954,0.41433173418045044,0.0002635866743333333,0.15,30.9967471289446,3.7269770117222367,3768.5735025405884
13500,420036337,0.4179059863090515,0.0002633272771666667,0.15,30.870202511057776,3.715472955550707,3815.878940343857
13550,421585243,0.3223735988140106,0.00026306912616666663,0.15,30.881768881090995,3.7165244437355445,3820.8744072914124
13600,423142495,0.40064316987991333,0.0002628095841666666,0.15,30.887438760735467,3.717039887339588,3825.885993719101
13650,424702662,0.38746383786201477,0.0002625495563333333,0.15,30.945256560287206,3.7222960509352006,3830.916683912277
13700,426260552,0.36489537358283997,0.00026228990799999997,0.15,30.90009322252415,3.718190292956741,3878.097064971924
13750,427811724,0.3608783781528473,0.0002620313793333333,0.15,30.926947922481858,3.7206316293165327,3883.101081609726
13800,429367524,0.40396761894226074,0.0002617720793333333,0.15,30.85863895114743,3.714421722831584,3888.141390800476
13850,430927394,0.3974524438381195,0.000261512101,0.15,30.939365690144196,3.7217605172858366,3893.1731564998627
13900,432487484,0.4479443430900574,0.000261252086,0.15,30.943729297657537,3.722157208877958,3945.625545978546
13950,434034817,0.44523611664772034,0.00026099419716666664,0.15,30.850406730999282,3.713673339181753,3950.6567492485046
14000,435591387,0.4096395671367645,0.0002607347688333333,0.15,30.873911577444115,3.7158101434040107,3955.6751568317413
14050,437146637,0.42209962010383606,0.00026047556049999996,0.15,30.847729932364082,3.71342999385128,3960.6750049591064
14100,438707717,0.44524380564689636,0.00026021538049999994,0.15,30.96336553146756,3.7239423210425056,3965.7231583595276
14150,440263121,0.4005478620529175,0.00025995614649999995,0.15,30.85078445762342,3.713707677965765,4027.160870552063
14200,441809332,0.41811689734458923,0.00025969844466666665,0.15,30.82803652603876,3.7116396841853416,4032.1609444618225
14250,443369279,0.3813427686691284,0.0002594384535,0.15,30.940892952773865,3.7218993593430785,4037.1821382045746
14300,444923462,0.44783857464790344,0.00025917942299999994,0.15,30.82656643592439,3.7115060396294903,4042.2087512016296
14350,446482496,0.4069897532463074,0.000258919584,0.15,30.92278398159351,3.720253089235774,4082.9015102386475
14400,448032953,0.35894012451171875,0.0002586611745,0.15,30.912692399712896,3.719335672701172,4087.889307498932
14450,449595177,0.3768264949321747,0.00025840080383333333,0.15,30.986056290536922,3.7260051173215385,4092.9218847751617
14500,451150900,0.4336946904659271,0.0002581415166666666,0.15,30.85711168851776,3.7142828807743418,4098.0128355026245
14550,452704907,0.3975931704044342,0.00025788251549999997,0.15,30.82307554991372,3.711188686355793,4133.14389872551
14600,454262159,0.42554813623428345,0.00025762297349999995,0.15,30.887438760735467,3.717039887339588,4138.142833948135
14650,455812110,0.3894742727279663,0.0002573646483333333,0.15,30.902603875907168,3.718418534173379,4143.143662452698
14700,457372464,0.39706337451934814,0.0002571045893333333,0.15,30.94896562667354,3.7226332387885037,4148.216241598129
14750,458930992,0.3793516159057617,0.00025684483466666667,0.15,30.91274768431283,3.719340698573894,4153.240330457687
14800,460487188,0.38447314500808716,0.00025658546866666666,0.15,30.86649344467144,3.715135767697404,4188.315358400345
14850,462037029,0.41326409578323364,0.0002563271618333333,0.15,30.9004107185581,3.7182191562325544,4193.337826967239
14900,463595458,0.4161951541900635,0.00025606742366666665,0.15,30.910784060931828,3.719162187357439,4198.404905080795
14950,465156076,0.37962329387664795,0.00025580732066666665,0.15,30.95420195568955,3.7231092686990497,4203.442811727524
15000,466712756,0.4362581670284271,0.000255547874,0.15,30.876093381200786,3.7160084892000715,4237.069420099258
15050,468271966,0.40614986419677734,0.0002552880056666666,0.15,30.92627486760418,3.7205704425094708,4242.101162433624
15100,469822071,0.446859747171402,0.0002550296548333333,0.15,30.90567429619587,3.7186976632905338,4247.116492986679
15150,471377024,0.3878200948238373,0.00025477049599999994,0.15,30.841839062221077,3.712894460201916,4252.19170331955
15200,472933506,0.37497326731681824,0.0002545110823333333,0.15,30.872166134438782,3.7156514667671625,4286.2860543727875
15250,474492727,0.372894823551178,0.00025425121216666666,0.15,30.926493047979847,3.720590277089077,4291.310730934143
15300,476042084,0.41253945231437683,0.000253992986,0.15,30.890760826222188,3.7173418932929265,4296.30840754509
15350,477598973,0.3646607995033264,0.00025373350449999995,0.15,30.880238808338458,3.7163853462125873,4301.347484827042
15400,479151440,0.39794501662254333,0.00025347475999999995,0.15,30.792530297320347,3.7084118452109407,4306.409332513809
15450,480711090,0.4108361005783081,0.0002532148183333333,0.15,30.93500208263086,3.7213638256937145,4338.685926198959
15500,482261503,0.42873620986938477,0.00025295641616666665,0.15,30.911815136773267,3.7192559215248426,4343.750177145004
15550,483817710,0.36183393001556396,0.0002526970483333333,0.15,30.866711625047106,3.7151556022770094,4348.808786869049
15600,485377679,0.3790370225906372,0.00025243705349999994,0.15,30.9413293135252,3.721939028502291,4353.865609884262
15650,486935305,0.36794209480285645,0.00025217744916666666,0.15,30.89485689350814,3.7177142630461946,4381.418961286545
15700,488494108,0.3977382779121399,0.00025191764866666665,0.15,30.918202193704506,3.7198365630640455,4386.477027654648
15750,490038416,0.43051615357398987,0.000251660264,0.15,30.79009490389983,3.708190445809075,4391.506261587143
15800,491597791,0.38277101516723633,0.0002514003681666667,0.15,30.929547573239184,3.7208679612035622,4396.54554104805
15850,493153690,0.39038342237472534,0.00025114105166666663,0.15,30.860602574528432,3.714600234048039,4422.826717615128
15900,494711932,0.3465462028980255,0.0002508813446666666,0.15,30.90707499454549,3.7188249995041356,4427.875917196274
15950,496261267,0.3634108603000641,0.00025062312216666665,0.15,30.890322194752372,3.717302017704761,4433.0102508068085
16000,497819707,0.35772058367729187,0.00025036338216666667,0.15,30.911002241307497,3.7191820219370455,4438.298346757889
16050,499378609,0.4456441104412079,0.0002501035651666666,0.15,30.920165817085508,3.7200150742805005,4443.635065317154
16100,500936433,0.3546319305896759,0.0002498439278333333,0.15,30.89878414027015,3.718071285479105,4487.627512693405
16150,502492849,0.38782715797424316,0.0002495845251666666,0.15,30.87085705218478,3.715532459289525,4492.637130737305
16200,504042712,0.386954665184021,0.0002493262146666666,0.15,30.90084935002791,3.718259031820719,4497.62198472023
16250,505599535,0.39677879214286804,0.00024906674416666665,0.15,30.878929726084454,3.71626633873495,4502.631538152695
16300,507157722,0.4175247848033905,0.0002488070463333333,0.15,30.905984092667158,3.718725826606105,4533.953234672546
16350,508717317,0.3893316686153412,0.00024854711383333333,0.15,30.933911180752524,3.721264652795684,4538.951199769974
16400,510265156,0.36365681886672974,0.00024828914066666664,0.15,30.86049525480501,3.7145904777095464,4543.946606397629
16450,511822826,0.3795483708381653,0.000248029529,0.15,30.89572961501081,3.717793601364619,4548.968601226807
16500,513378241,0.3461601734161377,0.00024777029316666664,0.15,30.851002637999088,3.7137275125453715,4577.393350362778
16550,514935713,0.3747386932373047,0.0002475107145,0.15,30.891802368248804,3.7174365789317094,4582.417092084885
16600,516494406,0.36496701836586,0.00024725093233333333,0.15,30.916020389947835,3.7196382172679847,4587.4839651584625
16650,518043070,0.3656351864337921,0.00024699282166666664,0.15,30.87694393492304,3.716085812265731,4592.509774446487
16700,519602786,0.45551320910453796,0.000246732869,0.15,30.93631116488486,3.7214828331713505,4597.530251026154
16750,521156386,0.38578298687934875,0.00024647393566666663,0.15,30.81500287601404,3.7104548069103673,4627.219809055328
16800,522714991,0.43494150042533875,0.00024621416816666665,0.15,30.9142749469425,3.719479540631136,4632.237530708313
16850,524264161,0.3699035942554474,0.0002459559731666667,0.15,30.887032458728765,3.7170029507935243,4637.263646841049
16900,525822205,0.35857126116752625,0.00024569629916666665,0.15,30.903147747783485,3.718467977071226,4642.307161092758
16950,527379380,0.3241175413131714,0.00024543677,0.15,30.8859114981058,3.7169010452823454,4672.783257484436
17000,528938832,0.3677823543548584,0.0002451768613333333,0.15,30.931074835868852,3.721006803260805,4677.834187030792
17050,530486979,0.40013542771339417,0.0002449188368333333,0.15,30.866636095382407,3.715148735943855,4682.84024477005
17100,532046178,0.40607064962387085,0.0002446589703333333,0.15,30.926056687228513,3.7205506079298645,4687.839647293091
17150,533603947,0.38466495275497437,0.00024439934216666665,0.15,30.897693238391813,3.7179721125810734,4760.90220284462
17200,535160220,0.40220141410827637,0.0002441399633333333,0.15,30.86802070730111,3.7152746097546467,4766.512207269669
17250,536719859,0.41217052936553955,0.0002438800235,0.15,30.93478390225519,3.721343991114108,4772.117230176926
17300,538271438,0.3929708003997803,0.00024362142699999996,0.15,30.93506260467342,3.7213693276975834,4777.546221494675
17350,539830164,0.3947937488555908,0.0002433616393333333,0.15,30.916674931074837,3.719697721006803,4783.200333595276
17400,541385887,0.3695756494998932,0.00024310235216666663,0.15,30.85711168851776,3.7142828807743418,4879.326507091522
17450,542942006,0.3726366460323334,0.00024284299899999997,0.15,30.864966182041773,3.7149969256401607,4884.846240997314
17500,544491704,0.35350891947746277,0.000242584716,0.15,30.897559614004308,3.7179599649094826,4890.368302345276
17550,546051189,0.43753379583358765,0.0002423248018333333,0.15,30.931729376995854,3.721066306999623,4895.862318277359
17600,547607495,0.35333651304244995,0.00024206541749999998,0.15,30.868675248428108,3.715334113493464,4990.611228227615
17650,549166001,0.4115942120552063,0.00024180566649999999,0.15,30.912311323561497,3.7193010294146815,4996.23467874527
17700,550725387,0.4143027365207672,0.0002415457688333333,0.15,30.929765753614852,3.7208877957831685,5001.869231939316
17750,552273633,0.3545800745487213,0.0002412877278333333,0.15,30.86860993699657,3.715328176090597,5007.354590654373
17800,553830522,0.36989641189575195,0.00024102824633333333,0.15,30.880238808338458,3.7163853462125873,5149.832572937012
17850,555390568,0.41879913210868835,0.00024076823866666665,0.15,30.942856576154867,3.7220778705595334,5155.504996538162
17900,556946192,0.40177443623542786,0.000240508968,0.15,30.85514806513676,3.7141043695578873,5161.143853187561
17950,558495230,0.35809555649757385,0.000240250795,0.15,30.88440066990988,3.7167636972645344,5166.790681600571
18000,560052163,0.42162418365478516,0.00023999130616666664,0.15,30.881111529841125,3.716464684531011,5172.467230319977
18050,561610251,0.418331503868103,0.0002397316248333333,0.15,30.904020469286152,3.71854731538965,5314.788209915161
18100,563168438,0.37838980555534363,0.00023947192699999998,0.15,30.905984092667158,3.718725826606105,5320.423930644989
18150,564724260,0.3991263210773468,0.0002392126233333333,0.15,30.859075311898764,3.7144613919907967,5325.829323530197
18200,566275531,0.3945578634738922,0.00023895407816666665,0.15,30.92892176409602,3.720811069463274,5331.358198881149
18250,567831749,0.35306888818740845,0.00023869470849999998,0.15,30.866929805422775,3.7151754368566157,5383.623363733292
18300,569389650,0.42160215973854065,0.00023843505833333328,0.15,30.900311402899817,3.718210127536347,5388.700451850891
18350,570946198,0.40892353653907776,0.00023817563366666664,0.15,30.873475216692782,3.7157704742447986,5393.759189128876
18400,572494994,0.4104439318180084,0.00023791750099999998,0.15,30.879575723741926,3.71632506579472,5398.837228536606
18450,574051696,0.39272505044937134,0.00023765805066666663,0.15,30.87652974195212,3.7160481583592837,5440.236651420593
18500,575612776,0.4222605526447296,0.00023739787066666664,0.15,30.96336553146756,3.7239423210425056,5445.3279349803925
18550,577170996,0.39086705446243286,0.00023713816733333333,0.15,30.906638633794156,3.7187853303449234,5450.371944665909
18600,578718670,0.26719993352890015,0.00023688022166666663,0.15,30.857205518781402,3.714291410798309,5455.4327754974365
18650,580278562,0.4093111455440521,0.00023662023966666663,0.15,30.93980205089553,3.7218001864450483,5460.400463581085
18700,581832338,0.38197827339172363,0.00023636127699999996,0.15,30.818493762024715,3.710772160184065,5498.681274652481
18750,583392439,0.3688119649887085,0.00023610126016666665,0.15,30.943947478033202,3.7221770434575636,5503.868530750275
18800,584951968,0.41090208292007446,0.00023584133866666663,0.15,30.93260209849852,3.7211456453180474,5508.917905092239
18850,586498102,0.43349534273147583,0.00023558364966666664,0.15,30.826501315894408,3.711500119626764,5513.983432531357
18900,588056729,0.3389096260070801,0.00023532387849999997,0.15,30.914711307693832,3.7195192097903487,5554.873188018799
18950,589614124,0.4449739158153534,0.00023506431266666664,0.15,30.890275105619136,3.717297736874467,5560.024924516678
19000,591173521,0.4468285143375397,0.00023480441316666665,0.15,30.92998393399052,3.7209076303627744,5565.087987661362
19050,592720656,0.3827959895133972,0.00023454655733333332,0.15,30.846459047770956,3.7133144588882687,5570.070765018463
19100,594277512,0.34895554184913635,0.0002342870813333333,0.15,30.879584267211456,3.716325842473769,5610.085678100586
19150,595839923,0.36370620131492615,0.0002340266795,0.15,30.98976535692326,3.7263423051748417,5615.223748683929
19200,597398231,0.3921057879924774,0.00023376696149999998,0.15,30.908384076799493,3.718944006981772,5620.3088393211365
19250,598955274,0.4414723515510559,0.0002335074543333333,0.15,30.883293333597795,3.716663030327072,5625.3297872543335
19300,600503630,0.3903461992740631,0.00023324939499999998,0.15,30.870803094345643,3.7155275540314223,5630.376941204071
19350,602058825,0.4243629276752472,0.0002329901958333333,0.15,30.84663903048575,3.71333082095325,5672.123319149017
19400,603621522,0.3986036479473114,0.0002327297463333333,0.15,30.9954380466906,3.7268580042446002,5677.2740268707275
19450,605175265,0.43792828917503357,0.00023247078916666664,0.15,30.817839220897714,3.710712656445246,5682.269490718842
19500,606723918,0.45865005254745483,0.0002322126803333333,0.15,30.87672461918813,3.7160658744716484,5687.314185857773
19550,608283942,0.37618255615234375,0.0002319526763333333,0.15,30.942420215403533,3.722038201400321,5730.164200782776
19600,609842305,0.3897775709629059,0.00023169294916666665,0.15,30.909474978677828,3.7190431798798027,5735.306791305542
19650,611395190,0.4258001744747162,0.00023143413499999998,0.15,30.80082115159569,3.709165559235972,5740.527486085892
19700,612954191,0.35994264483451843,0.0002311743015,0.15,30.92212944046651,3.720193585496955,5745.611535310745
19750,614501931,0.38964810967445374,0.0002309163448333333,0.15,30.858521413190843,3.714411037562804,5789.418905258179
19800,616059238,0.37051570415496826,0.00023065679366666666,0.15,30.888529662613802,3.717139060237619,5794.587183475494
19850,617618954,0.35729795694351196,0.000230396841,0.15,30.93631116488486,3.7214828331713505,5799.786577224731
19900,619176327,0.39240777492523193,0.00023013727883333332,0.15,30.889838744867802,3.717258067715255,5804.887931585312
19950,620724595,0.372447669506073,0.00022987923416666663,0.15,30.869048568466386,3.715368051678762,5809.892071485519
20000,622281814,0.38640138506889343,0.00022961969766666662,0.15,30.886784219608465,3.7169803836007698,5844.240861654282
20050,623840188,0.4354138672351837,0.00022935996866666665,0.15,30.909693159053493,3.719063014459408,5849.400532722473
20100,625398353,0.36761242151260376,0.0002291002745,0.15,30.90554773191582,3.7186861574468923,5854.513798236847
20150,626944399,0.39279401302337646,0.00022884260016666662,0.15,30.82474679001515,3.711340617274105,5859.573792695999
20200,628501189,0.3799712359905243,0.00022858313516666665,0.15,30.878275184957456,3.716206834996133,5893.300794363022
20250,630056890,0.39669233560562134,0.00022832385166666666,0.15,30.85667532776643,3.7142432116151296,5898.454854011536
20300,631615825,0.3403051793575287,0.00022806402916666666,0.15,30.92082035821251,3.720074578019319,5903.559108495712
20350,633170162,0.4196016192436218,0.00022780497299999998,0.15,30.82962096118373,3.7117837237439755,5908.708643913269
20400,634722467,0.4028807580471039,0.00022754625549999997,0.15,30.949537443177288,3.7226852221070263,5941.91050696373
20450,636283899,0.38514068722724915,0.0002272860168333333,0.15,30.970347303488904,3.7245770275899006,5947.020796298981
20500,637838346,0.37027376890182495,0.0002270269423333333,0.15,30.8318027649404,3.7119820695400363,5952.207504987717
20550,639399151,0.3671287000179291,0.00022676680816666663,0.15,30.957911022075887,3.7234464565523537,5957.303913116455
20600,640947562,0.38599932193756104,0.00022650873966666664,0.15,30.871899673020177,3.7156272430018347,5962.358481645584
20650,642503692,0.4042768180370331,0.00022624938466666667,0.15,30.865184362417438,3.715016760219767,6000.9123022556305
20700,644062627,0.40980783104896545,0.00022598956216666666,0.15,30.92082035821251,3.720074578019319,6005.984619379044
20750,645618240,0.45815739035606384,0.0002257302933333333,0.15,30.85492988476109,3.714084534978281,6011.159370422363
20800,647176933,0.42608729004859924,0.00022547051116666666,0.15,30.916020389947835,3.7196382172679847,6016.1589179039
20850,648728369,0.3533000946044922,0.00022521193849999997,0.15,30.932211500119628,3.7211101363745116,6057.937509775162
20900,650288503,0.3956899046897888,0.00022495191616666666,0.15,30.944602019160204,3.7222365471963816,6062.984452962875
20950,651843115,0.3736991584300995,0.00022469281416666664,0.15,30.8350754705754,3.7122795882341277,6067.978033542633
21000,653399586,0.3900499641895294,0.0002244334023333333,0.15,30.871947954063113,3.715631632187556,6072.969381093979
21050,654950978,0.391349732875824,0.00022417483699999996,0.15,30.93133423718,3.7210303851981816,6191.586359024048
21100,656509275,0.4189243018627167,0.00022391512083333332,0.15,30.908165896423824,3.7189241724021658,6196.91891503334
21150,658067473,0.41224613785743713,0.00022365542116666663,0.15,30.906202273042823,3.7187456611857113,6202.177804946899
21200,659622701,0.3416530191898346,0.0002233962165,0.15,30.84729357161275,3.7133903246920683,6207.407248973846
21250,661181185,0.4150523841381073,0.00022313646916666664,0.15,30.911874962810163,3.719261360255469,6212.6273624897
21300,662727341,0.3449958264827728,0.00022287877649999996,0.15,30.826939947364224,3.7115399952149293,6347.977354049683
21350,664285913,0.3466396927833557,0.00022261901449999996,0.15,30.9136204058155,3.719420036892318,6353.72042632103
21400,665841141,0.3936149775981903,0.00022235980983333333,0.15,30.84729357161275,3.7133903246920683,6359.015931606293
21450,667400714,0.4319554567337036,0.000222099881,0.15,30.93347482000119,3.721224983636472,6364.280826091766
21500,668950753,0.3895895779132843,0.00022184154116666665,0.15,30.904358401786425,3.7185780365260386,6509.275302648544
21550,670507862,0.2977425754070282,0.00022158202299999997,0.15,30.884602415851795,3.7167820378047085,6514.570924758911
21600,672068403,0.3487638533115387,0.0002213219328333333,0.15,30.95267469305988,3.722970426641807,6519.834432601929
21650,673624544,0.447285920381546,0.00022106257599999998,0.15,30.865402542793106,3.7150365947993733,6525.06170797348
21700,675172053,0.35178300738334656,0.0002208046578333333,0.15,30.853915782757795,3.7139923438870723,6530.280160665512
21750,676729987,0.3995957672595978,0.00022054500216666666,0.15,30.900965944026815,3.718269631275165,6664.330392122269
21800,678290627,0.4036164879798889,0.00022028489549999998,0.15,30.95463831644088,3.723148937858262,6669.591014623642
21850,679850200,0.401807963848114,0.00022002496666666667,0.15,30.93347482000119,3.721224983636472,6674.82763671875
21900,681404603,0.3857617676258087,0.00021976589949999998,0.15,30.83093004343773,3.711902731221612,6680.094101667404
21950,682955093,0.39369893074035645,0.00021950748449999999,0.15,30.913350346917618,3.7193954860834197,6807.406263113022
22000,684512609,0.41102391481399536,0.00021924789849999998,0.15,30.892675089751474,3.717515917250134,6812.850545167923
22050,686068585,0.35352271795272827,0.00021898856916666664,0.15,30.8621298371581,3.714739076105282,6818.147278308868
22100,687627102,0.3609267473220825,0.00021872881633333333,0.15,30.912529503937165,3.719320863994288,6823.372541666031
22150,689176470,0.3331143260002136,0.00021847058833333332,0.15,30.890980141957094,3.7173618310870085,6995.321138143539
22200,690734404,0.4262197017669678,0.00021821093266666662,0.15,30.900965944026815,3.718269631275165,7000.708853721619
22250,692290369,0.3851533830165863,0.00021795160516666664,0.15,30.861911656782436,3.7147192415256765,7005.929840326309
22300,693850536,0.3621269166469574,0.00021769157733333332,0.15,30.945256560287206,3.7222960509352006,7011.1993243694305
22350,695406721,0.4253022372722626,0.00021743221316666665,0.15,30.866275264295773,3.7151159331177976,7016.49334025383
22400,696954560,0.36147674918174744,0.00021717423999999998,0.15,30.86049525480501,3.7145904777095464,7138.805449485779
22450,698508930,0.36516910791397095,0.00021691517833333335,0.15,30.83027550231073,3.7118432274827935,7144.187714576721
22500,700068745,0.39029163122177124,0.00021665520916666666,0.15,30.93827478826586,3.721661344387805,7149.492178440094
22550,701626723,0.4115552306175232,0.00021639554616666667,0.15,30.901838665529485,3.718348969593589,7154.756003856659
22600,703174067,0.4125446677207947,0.0002161376555,0.15,30.850626046734188,3.7136932769758357,7288.622606992722
22650,704730373,0.39463987946510315,0.00021587827116666662,0.15,30.868675248428108,3.715334113493464,7293.972340583801
22700,706294973,0.37305083870887756,0.00021561750449999997,0.15,31.03318325168098,3.730289386516453,7299.234780550003
22750,707850575,0.38547393679618835,0.00021535823749999997,0.15,30.854711704385426,3.7140647003986746,7304.493896961212
22800,709410093,0.4289787709712982,0.00021509831783333332,0.15,30.932383918122856,3.721125810738441,7406.868908166885
22850,710958196,0.3644791841506958,0.00021484030066666666,0.15,30.86575883244278,3.7150689847675253,7411.9075319767
22900,712517373,0.385151743888855,0.00021458043783333333,0.15,30.92562032647718,3.7205109387706528,7416.961915016174
22950,714074702,0.40762653946876526,0.000214320883,0.15,30.888966023365136,3.7171787293968306,7421.999337673187
23000,715630117,0.4451707899570465,0.00021406164716666665,0.15,30.851002637999088,3.7137275125453715,7427.035563468933
23050,717179914,0.3459298610687256,0.00021380334766666663,0.15,30.89953345561847,3.7181394050562244,7481.0860776901245
23100,718735868,0.33487528562545776,0.00021354402199999997,0.15,30.861693476406767,3.71469940694607,7486.121390104294
23150,720294572,0.36406174302101135,0.00021328423799999997,0.15,30.9162385703235,3.719658051847591,7491.1400735378265
23200,721853155,0.3974488079547882,0.00021302447416666665,0.15,30.913838586191165,3.719439871471924,7496.153420686722
23250,723402567,0.36102601885795593,0.00021276623883333332,0.15,30.891857404896722,3.717441582263339,7565.2600274086
23300,724958807,0.3602813184261322,0.0002125068655,0.15,30.867366166174108,3.715215106015828,7570.269408464432
23350,726515806,0.31304576992988586,0.00021224736566666664,0.15,30.882420612095128,3.716583692008648,7575.31419968605
23400,728069417,0.3527469336986542,0.0002119884305,0.15,30.81522105638971,3.7104746414899736,7580.319867372513
23450,729629793,0.36726903915405273,0.0002117283678333333,0.15,30.949401987424878,3.7226729079477163,7636.150094985962
23500,731179348,0.41196390986442566,0.00021147010866666668,0.15,30.894708509450513,3.71770077358641,7641.154902458191
23550,732735214,0.37363201379776,0.00021121079766666667,0.15,30.859948033401434,3.7145407303092215,7646.176007270813
23600,734293170,0.4090297222137451,0.00021095113833333333,0.15,30.90140230477815,3.718309300434377,7651.207448959351
23650,735852468,0.356914222240448,0.0002106912553333333,0.15,30.928020310609515,3.7207291191463194,7656.230943918228
23700,737401407,0.4004558026790619,0.00021043309883333333,0.15,30.882426828295717,3.716584257117793,7710.056051015854
23750,738960100,0.36829888820648193,0.00021017331666666665,0.15,30.916020389947835,3.7196382172679847,7715.081631422043
23800,740520388,0.40743693709373474,0.00020991326866666665,0.15,30.94765654441954,3.7225142313108677,7720.103747844696
23850,742073086,0.4009072482585907,0.00020965448566666664,0.15,30.797112085209353,3.708828371382668,7725.124767541885
23900,743630382,0.3859632909297943,0.00020939493633333333,0.15,30.888311482238134,3.7171192256580126,7778.403200864792
23950,745179684,0.35636574029922485,0.00020913671933333333,0.15,30.88966424754765,3.7172422043225137,7783.4093680381775
24000,746738014,0.36129793524742126,0.00020887699766666666,0.15,30.908820437550826,3.7189836761409847,7788.430042266846
24050,748296663,0.37324872612953186,0.00020861722283333333,0.15,30.91514766844517,3.7195588789495613,7793.468968153
24100,749854971,0.3561980128288269,0.00020835750483333334,0.15,30.908384076799493,3.718944006981772,7849.411690711975
24150,751403437,0.37303170561790466,0.00020809942716666665,0.15,30.872996251694712,3.715726931972247,7854.3918197155
24200,752961921,0.32829222083091736,0.0002078396798333333,0.15,30.911874962810163,3.719261360255469,7859.419636964798
24250,754517919,0.3531976044178009,0.0002075803468333333,0.15,30.862566197909434,3.7147787452644936,7864.42209982872
24300,756075644,0.41557577252388,0.00020732072599999999,0.15,30.896820516889143,3.7178927742626495,7869.445477962494
24350,757633721,0.4153275489807129,0.00020706104649999998,0.15,30.903802288910487,3.718527480810044,7918.991359949112
24400,759182924,0.4562205672264099,0.000206802846,0.15,30.887690405933487,3.7170627641757714,7924.008979558945
24450,760744301,0.43480634689331055,0.0002065426165,0.15,30.96925640161057,3.7244778546918695,7929.024880886078
24500,762297274,0.3773835301399231,0.00020628378766666665,0.15,30.80256659460103,3.709324235872821,7934.059765577316
24550,763855263,0.3816068768501282,0.00020602412283333334,0.15,30.90205684590515,3.7183688041731955,7994.919690847397
24600,765404829,0.38433903455734253,0.0002057658618333333,0.15,30.894927825185423,3.7177207113804926,7999.938721179962
24650,766963390,0.41611844301223755,0.00020550610166666664,0.15,30.91340222543983,3.719400202312712,8004.9811062812805
24700,768522083,0.41384169459342957,0.0002052463195,0.15,30.916020389947835,3.7196382172679847,8010.0968363285065
24750,770077982,0.43465498089790344,0.000204987003,0.15,30.860602574528432,3.714600234048039,8068.5714683532715
24800,771626800,0.34613269567489624,0.00020472886666666662,0.15,30.88001435521174,3.7163649413828854,8073.644124031067
24850,773184360,0.47084498405456543,0.00020446927333333333,0.15,30.89354781125414,3.717595255568558,8078.69468331337
24900,774743020,0.3716021478176117,0.00020420949666666665,0.15,30.915365848820834,3.7195787135291667,8083.773487091064
24950,776301108,0.36756354570388794,0.0002039498153333333,0.15,30.904020469286152,3.71854731538965,8088.842303752899
25000,777858932,0.3350977301597595,0.00020369017800000002,0.15,30.89878414027015,3.718071285479105,8128.525415658951
25050,779409697,0.40083152055740356,0.00020343171716666664,0.15,30.918833240290294,3.7198939309354815,8133.633223295212
25100,780967840,0.3844868540763855,0.00020317202666666665,0.15,30.905111371164487,3.7186464882876806,8138.787420749664
25150,782522331,0.36727872490882874,0.00020291294483333334,0.15,30.832675486443065,3.7120614078584606,8143.974137306213
25200,784082828,0.31607285141944885,0.00020265286199999997,0.15,30.951801971557213,3.7228910883233834,8179.937432050705
25250,785629347,0.3621678054332733,0.0002023951088333333,0.15,30.834177366616156,3.712197942419651,8185.044638156891
25300,787186588,0.3574003577232361,0.00020213556866666661,0.15,30.8872205803598,3.7170200527599815,8190.047774076462
25350,788744390,0.40812861919403076,0.000201875935,0.15,30.89834777951881,3.7180316163198923,8195.062096118927
25400,790301664,0.40002477169036865,0.00020161638933333332,0.15,30.8878751214868,3.7170795564988,8220.411641836166
25450,791857442,0.3362162709236145,0.000201357093,0.15,30.858202590396097,3.7143820536723724,8225.40463590622
25500,793408086,0.41718152165412903,0.00020109865233333332,0.15,30.916420767206315,3.7196746152005744,8230.403780698776
25550,794963996,0.39261311292648315,0.00020083933399999996,0.15,30.8608207549041,3.7146200686276454,8235.437815666199
25600,796521402,0.3878321349620819,0.00020057976633333332,0.15,30.890493285994804,3.7173175714540734,8240.438258886337
25650,798078918,0.41241174936294556,0.00020032018033333331,0.15,30.892675089751474,3.717515917250134,8265.704950809479
25700,799630915,0.40149053931236267,0.00020006151416666665,0.15,30.94339660259989,3.7221269638727175,8270.685965538025
25750,801186121,0.4435458481311798,0.00019980231316666663,0.15,30.846857210861415,3.713350655532856,8275.719542503357
25800,802743263,0.44780728220939636,0.00019954278949999997,0.15,30.885256956978797,3.7168415415435265,8280.747604370117
25850,804303518,0.41252467036247253,0.00019928274699999998,0.15,30.94700200329254,3.722454727572049,8306.001185417175
25900,805859516,0.4021076261997223,0.000199023414,0.15,30.862566197909434,3.7147787452644936,8311.000070810318
25950,807407905,0.3732430934906006,0.00019876534916666666,0.15,30.87146104155036,3.715587367413669,8315.97940993309
26000,808966136,0.36725282669067383,0.000198505644,0.15,30.906856814169824,3.7188051649245297,8320.985256910324
26050,810523674,0.39980071783065796,0.00019824605433333334,0.15,30.893111450502808,3.7175555864093464,8346.380590677261
26100,812086283,0.35504719614982605,0.00019798561949999996,0.15,30.993692603685265,3.726699327607751,8351.368621587753
26150,813634815,0.37881603837013245,0.00019772753083333332,0.15,30.874312146104156,3.7158465587367417,8356.376247167587
26200,815194828,0.34152325987815857,0.00019746752866666665,0.15,30.94220203502787,3.7220183668207154,8361.387806892395
26250,816751893,0.40269649028778076,0.00019720801783333332,0.15,30.883729694349128,3.716702699486284,8366.396886110306
26300,818309299,0.3415191173553467,0.00019694845016666668,0.15,30.890493285994804,3.7173175714540734,8391.629867076874
26350,819857501,0.388933390378952,0.0001966904165,0.15,30.867732674056942,3.715248424914267,8396.655562877655
26400,821414742,0.4002843499183655,0.0001964308763333333,0.15,30.8872205803598,3.7170200527599815,8401.714054822922
26450,822972126,0.34016352891921997,0.0001961713123333333,0.15,30.89005692524347,3.7172779022948608,8406.798646688461
26500,824525649,0.4172345995903015,0.00019591239183333332,0.15,30.813475613384373,3.7103159648531245,8432.66759800911
26550,826084342,0.34866437315940857,0.00019565260966666664,0.15,30.916020389947835,3.7196382172679847,8437.69242143631
26600,827633490,0.364204078912735,0.00019539441833333333,0.15,30.886593827258952,3.716963075205359,8442.697518587112
26650,829189521,0.40321075916290283,0.0001951350798333333,0.15,30.863220739036436,3.7148382490033125,8447.730172395706
26700,830745156,0.4253079891204834,0.00019487580733333333,0.15,30.855366245512425,3.7141242041374936,8473.991935491562
26750,832306214,0.4257413446903229,0.00019461563099999998,0.15,30.962929170716226,3.723902651883293,8479.004072904587
26800,833851798,0.4231072962284088,0.00019435803366666667,0.15,30.815535529149056,3.710503229922642,8483.983711242676
26850,835412141,0.3542500138282776,0.00019409797649999996,0.15,30.948747446297876,3.7226134042088974,8489.048409461975
26900,836969349,0.4186781048774719,0.00019383844183333332,0.15,30.886566039232797,3.7169605490211635,8494.0702855587
26950,838526491,0.3925643861293793,0.00019357891816666666,0.15,30.885256956978797,3.7168415415435265,8520.379569530487
27000,840082610,0.3964073657989502,0.00019331956499999998,0.15,30.864966182041773,3.7149969256401607,8525.42584490776
27050,841632242,0.3821370303630829,0.00019306129299999998,0.15,30.896243719594864,3.717840338144988,8530.47759962082
27100,843189505,0.3067164123058319,0.00019280174916666665,0.15,30.887656941111132,3.7170597219191936,8535.53113746643
27150,844746229,0.36455532908439636,0.00019254229516666666,0.15,30.876966102703452,3.7160878275184954,8561.581502199173
27200,846303789,0.40464261174201965,0.0001922827018333333,0.15,30.89354781125414,3.717595255568558,8566.87204861641
27250,847853498,0.3680412769317627,0.00019202441699999996,0.15,30.897778929739214,3.7179799027035654,8571.897195339203
27300,849408539,0.44384706020355225,0.00019176524349999997,0.15,30.843584505226413,3.713053136838765,8576.94484615326
27350,850964306,0.3823176324367523,0.00019150594899999997,0.15,30.85798441002043,3.714362219092766,8603.052960395813
27400,852522878,0.3541228175163269,0.00019124618699999996,0.15,30.9136204058155,3.719420036892318,8608.100985765457
27450,854078854,0.37679916620254517,0.00019098685766666667,0.15,30.8621298371581,3.714739076105282,8613.127113819122
27500,855631027,0.41385573148727417,0.00019072816216666663,0.15,30.946905654358403,3.7224459685780364,8618.16576719284
27550,857188873,0.37155210971832275,0.00019046852116666666,0.15,30.89922050102148,3.7181109546383166,8623.192667484283
27600,858747555,0.36391693353652954,0.00019020874083333332,0.15,30.915802209572167,3.7196183826883784,8649.227978944778
27650,860303652,0.3380078971385956,0.0001899493913333333,0.15,30.86452982129044,3.714957256480949,8654.300688505173
27700,861854296,0.3306308090686798,0.00018969095066666665,0.15,30.916420767206315,3.7196746152005744,8659.377403497696
27750,863412274,0.37222015857696533,0.00018943128766666666,0.15,30.901838665529485,3.718348969593589,8664.440331697464
27800,864971132,0.3759208619594574,0.00018917147799999998,0.15,30.91929309558284,3.7199357359620766,8690.229983568192
27850,866529165,0.36366307735443115,0.0001889118058333333,0.15,30.902929567407817,3.71844814249162,8695.29713511467
27900,868075607,0.4013355076313019,0.00018865406549999997,0.15,30.83264215647181,3.7120583778610734,8700.36703324318
27950,869632562,0.38509446382522583,0.00018839457299999997,0.15,30.881547890592458,3.7165043536902234,8705.399851799011
28000,871191079,0.39997658133506775,0.00018813482016666666,0.15,30.912529503937165,3.719320863994288,8731.806086540222
28050,872746406,0.3976019024848938,0.00018787559899999996,0.15,30.84925719499375,3.7135688359085233,8736.866145133972
28100,874303086,0.40163296461105347,0.00018761615233333333,0.15,30.876093381200786,3.7160084892000715,8741.953426361084
28150,875851904,0.387931227684021,0.00018735801599999998,0.15,30.88001435521174,3.7163649413828854,8746.9925198555
28200,877409904,0.4146142303943634,0.00018709834933333335,0.15,30.90227502628082,3.718388638752802,8752.086343050003
28250,878965209,0.3534119427204132,0.0001868391318333333,0.15,30.848820834242417,3.7135291667493107,8778.68571972847
28300,880521053,0.37787413597106934,0.0001865798245,0.15,30.859511672650097,3.7145010611500093,8783.758257865906
28350,882070487,0.38399484753608704,0.0001863215855,0.15,30.892296036366535,3.7174814578515027,8788.882014751434
28400,883627475,0.4497763216495514,0.0001860620875,0.15,30.88220243171946,3.7165638574290423,8794.181795597076
28450,885185585,0.38725218176841736,0.00018580240249999998,0.15,30.90445683003749,3.7185869845488626,8889.433272838593
28500,886743189,0.39224645495414734,0.0001855428018333333,0.15,30.894420532756808,3.717674593886983,8894.547514677048
28550,888300881,0.3649444580078125,0.0001852831865,0.15,30.896165975762145,3.7178332705238315,8899.567754507065
28600,889849732,0.36765438318252563,0.00018502504466666664,0.15,30.88067230241646,3.7164247547651326,8904.552209377289
28650,891408799,0.4016841948032379,0.00018476520016666662,0.15,30.92343852272051,3.720312592974592,8960.849193572998
28700,892964588,0.35914716124534607,0.00018450590199999998,0.15,30.858420770771765,3.7144018882519787,8966.124416351318
28750,894525206,0.46206969022750854,0.00018424579900000001,0.15,30.95420195568955,3.7231092686990497,8971.356189966202
28800,896069701,0.3669736385345459,0.00018398838316666666,0.15,30.793823271393254,3.7085293883084773,8976.515139818192
28850,897624236,0.40307730436325073,0.000183729294,0.15,30.833548207945732,3.712140746176885,8981.764309883118
28900,899179695,0.3474157750606537,0.00018347005083333331,0.15,30.851875359501754,3.713806850863796,9068.27121424675
28950,900738113,0.4690014123916626,0.00018321031449999997,0.15,30.910565880556163,3.719142352777833,9073.322614431381
29000,902295035,0.41569066047668457,0.0001829508275,0.15,30.88089334946546,3.7164448499514053,9078.360351800919
29050,903844304,0.44429364800453186,0.000182692616,0.15,30.88900630034293,3.717182390940266,9083.390558719635
29100,905402293,0.42030444741249084,0.00018243295116666665,0.15,30.90205684590515,3.7183688041731955,9157.797587394714
29150,906960381,0.3573886454105377,0.00018217326983333332,0.15,30.904020469286152,3.71854731538965,9162.97444987297
29200,908517292,0.3784654438495636,0.00018191378466666665,0.15,30.88067516908979,3.716425015371799,9168.087536096573
29250,910067672,0.3295184075832367,0.000181655388,0.15,30.911157189568545,3.7191961081425946,9173.26470375061
29300,911625364,0.41672375798225403,0.00018139577266666667,0.15,30.896165975762145,3.7178332705238315,9218.371284484863
29350,913179767,0.41871440410614014,0.00018113670549999998,0.15,30.83093004343773,3.711902731221612,9223.515680789948
29400,914741716,0.35870999097824097,0.00018087638066666665,0.15,30.98060178114525,3.7255092528313867,9228.696269989014
29450,916288851,0.35469359159469604,0.00018061852483333333,0.15,30.846459047770956,3.7133144588882687,9233.782746315002
29500,917846180,0.37480220198631287,0.00018035896999999998,0.15,30.888966023365136,3.7171787293968306,9238.779812335968
29550,919403135,0.39877942204475403,0.0001800994775,0.15,30.881547890592458,3.7165043536902234,9268.072377681732
29600,920959804,0.40812939405441284,0.00017984003266666667,0.15,30.875875200825117,3.7159886546204657,9273.151438236237
29650,922518200,0.3818296492099762,0.00017958029999999998,0.15,30.910129519804826,3.7191026836186207,9278.435210943222
29700,924068481,0.40133094787597656,0.00017932191983333333,0.15,30.909183347954382,3.7190166679958527,9283.556845664978
29750,925626437,0.41191014647483826,0.00017906226049999998,0.15,30.90140230477815,3.718309300434377,9310.471009254456
29800,927186043,0.3980618119239807,0.00017880232616666663,0.15,30.93412936112819,3.7212844873752897,9315.459089040756
29850,928742701,0.3987341821193695,0.00017854288316666666,0.15,30.875657020449452,3.7159688200408594,9320.538362979889
29900,930291761,0.41231250762939453,0.00017828470649999999,0.15,30.884839301379696,3.7168035728527,9325.62609219551
29950,931847759,0.4553813636302948,0.0001780253735,0.15,30.862566197909434,3.7147787452644936,9351.200501203537
30000,933404791,0.33902600407600403,0.00017776586816666665,0.15,30.883075153222126,3.7166431957474657,9356.201309680939
30050,934964606,0.41754356026649475,0.00017750589899999996,0.15,30.93827478826586,3.721661344387805,9361.205819368362
30100,936521682,0.39651650190353394,0.00017724638633333332,0.15,30.883947874724797,3.7167225340658905,9366.189006567001
30150,938069367,0.3638351261615753,0.00017698843883333333,0.15,30.85742483451631,3.7143113485923918,9371.16474366188
30200,939626993,0.45760202407836914,0.0001767288345,0.15,30.89485689350814,3.7177142630461946,9396.637929439545
30250,941183992,0.3882254362106323,0.00017646933466666665,0.15,30.882420612095128,3.716583692008648,9401.633963346481
30300,942742828,0.4124440848827362,0.00017620952866666666,0.15,30.918856734831504,3.7198960668028644,9406.699684381485
30350,944290194,0.40935343503952026,0.00017595163433333332,0.15,30.851064678204004,3.7137331525640005,9411.729673147202
30400,945848040,0.3636343777179718,0.00017569199333333332,0.15,30.89922050102148,3.7181109546383166,9437.265513420105
30450,947410616,0.339408814907074,0.000175431564,0.15,30.993038062558263,3.726639823868933,9442.261010885239
30500,948963963,0.4035568833351135,0.00017517267283333334,0.15,30.809984727373703,3.7099986115794277,9447.245559692383
30550,950522502,0.3955605924129486,0.00017491291633333334,0.15,30.9129658646885,3.7193605331535,9452.236681699753
30600,952070044,0.4043738543987274,0.00017465499266666664,0.15,30.854573729962517,3.71405215726932,9478.76644206047
30650,953631740,0.394845575094223,0.00017439470999999998,0.15,30.975583632504907,3.725053057500446,9483.837769985199
30700,955189454,0.3500427007675171,0.00017413509099999995,0.15,30.896602336513478,3.7178729396830437,9488.954980611801
30750,956745111,0.39425918459892273,0.00017387581483333333,0.15,30.85580260626376,3.7141638732967057,9494.07878112793
30800,958292202,0.4240339398384094,0.00017361796633333333,0.15,30.845581784831325,3.7132347077119388,9499.176828861237
30850,959852116,0.4013075828552246,0.00017335798066666667,0.15,30.940238411646867,3.7218398556042604,9526.09093117714
30900,961409819,0.4383814036846161,0.00017309836349999999,0.15,30.89638415613781,3.7178531051034374,9531.20169711113
30950,962969425,0.44822853803634644,0.00017283842916666667,0.15,30.93412936112819,3.7212844873752897,9536.240349054337
31000,964517990,0.3623393476009369,0.00017258033499999997,0.15,30.874970093308875,3.7159063721189884,9541.234373092651
31050,966071645,0.3436392545700073,0.00017232139249999997,0.15,30.816093777892377,3.710553979808398,9567.247721672058
31100,967632450,0.46873044967651367,0.0001720612583333333,0.15,30.957911022075887,3.7234464565523537,9572.230135917664
31150,969189031,0.42918381094932556,0.00017180182816666664,0.15,30.874129757819784,3.715829977983617,9577.23919558525
31200,970747801,0.41762396693229675,0.00017154203316666663,0.15,30.917547652577504,3.7197770593252275,9582.33099269867
31250,972294430,0.4010426998138428,0.00017128426166666667,0.15,30.83637052396523,3.712397320360475,9608.96356678009
31300,973856511,0.43048232793807983,0.00017102391483333332,0.15,30.983219945653254,3.725747267786659,9614.005305051804
31350,975413939,0.4331609904766083,0.00017076434349999996,0.15,30.890929646746137,3.717357240613285,9619.108898639679
31400,976971169,0.39535409212112427,0.00017050480516666666,0.15,30.887002399984134,3.7170002181803756,9624.426003694534
31450,978519800,0.3204522430896759,0.0001702467,0.15,30.87628598771832,3.7160259988834836,9629.63246178627
31500,980076139,0.3899401128292084,0.00016998731016666665,0.15,30.86932978955511,3.715393617232283,9750.060583353043
31550,981631147,0.3749888837337494,0.00016972814216666663,0.15,30.84292996409941,3.7129936330999467,9755.098136425018
31600,983191545,0.3943555951118469,0.0001694680758333333,0.15,30.94983834817621,3.7227125771069285,9760.125617265701
31650,984748863,0.390671968460083,0.0001692085228333333,0.15,30.888747842989467,3.7171588948172243,9765.183320760727
31700,986295767,0.3912864625453949,0.0001689507055,0.15,30.841853417337905,3.7128957652125365,9857.300946712494
31750,987854185,0.3739269971847534,0.00016869096916666664,0.15,30.910565880556163,3.719142352777833,9862.426381111145
31800,989413307,0.36254122853279114,0.0001684311155,0.15,30.924529424598845,3.720411765872622,9867.529018640518
31850,990970614,0.292768269777298,0.00016817156433333332,0.15,30.888529662613802,3.717139060237619,9872.649181842804
31900,992517463,0.3730735778808594,0.00016791375616666664,0.15,30.84075683866337,3.712796076242124,9936.599640130997
31950,994075067,0.3661050498485565,0.00016765415550000002,0.15,30.894420532756808,3.717674593886983,9941.581530570984
32000,995632550,0.44344383478164673,0.00016739457499999997,0.15,30.892020548624473,3.7174564135113157,9946.581644773483
32050,997190451,0.43224114179611206,0.0001671349248333333,0.15,30.900311402899817,3.718210127536347,9951.619485855103
32100,998750970,0.3598569333553314,0.0001668748383333333,0.15,30.952238332308546,3.722930757482595,9956.605689525604
32150,1000301537,0.32799506187438965,0.00016661641049999998,0.15,30.914885557061968,3.719535050641997,10031.017597913742
32200,1001855610,0.36210134625434875,0.0001663573983333333,0.15,30.82438463216772,3.711307693833429,10036.03828072548
32250,1003413929,0.3766292333602905,0.00016609767849999998,0.15,30.908602257175158,3.7189638415613784,10041.043043613434
32300,1004969421,0.4118267893791199,0.0001658384298333333,0.15,30.852529900628756,3.713866354602614,10046.03993678093
32350,1006518965,0.34868311882019043,0.00016558017249999999,0.15,30.894489193715607,3.717680835792328,10104.625427484512
32400,1008073973,0.4414738714694977,0.00016532100450000002,0.15,30.84292996409941,3.7129936330999467,10109.636017799377
32450,1009633436,0.37259355187416077,0.000165061094,0.15,30.93129301624452,3.7210266378404113,10114.65331029892
32500,1011188631,0.35951974987983704,0.00016480189483333334,0.15,30.84663903048575,3.71333082095325,10119.65548992157
32550,1012741431,0.5103697776794434,0.0001645430948333333,0.15,30.959406651248106,3.7235824228407366,10124.656732082367
32600,1014297066,0.3221806287765503,0.00016428382233333333,0.15,30.855366245512425,3.7141242041374936,10180.10354065895
32650,1015855396,0.3988458514213562,0.00016402410066666668,0.15,30.908820437550826,3.7189836761409847,10185.118077039719
32700,1017412703,0.3849831223487854,0.0001637645495,0.15,30.888529662613802,3.717139060237619,10190.129593610764
32750,1018969966,0.38993632793426514,0.00016350500566666667,0.15,30.887656941111132,3.7170597219191936,10195.137927293777
32800,1020517871,0.3659674823284149,0.00016324702149999999,0.15,30.86181114921445,3.7147101044740407,10246.543409585953
32850,1022077323,0.35481783747673035,0.00016298711283333332,0.15,30.931074835868852,3.721006803260805,10251.597037315369
32900,1023632826,0.42799293994903564,0.0001627278623333333,0.15,30.852748081004425,3.71388618918222,10256.612803697586
32950,1025190034,0.3315661549568176,0.00016246832766666667,0.15,30.886566039232797,3.7169605490211635,10261.641249418259
33000,1026738104,0.3371500074863434,0.00016221031600000002,0.15,30.865100885238057,3.7150091713852778,10321.280044555664
33050,1028294850,0.36766570806503296,0.00016195085833333332,0.15,30.877402463454786,3.7161274966777076,10326.37390089035
33100,1029851530,0.4006255567073822,0.00016169141166666665,0.15,30.876093381200786,3.7160084892000715,10331.404797077179
33150,1031409442,0.3624122142791748,0.00016143175966666664,0.15,30.900529583275482,3.718229962115953,10336.44017791748
33200,1032966749,0.4276493489742279,0.00016117220849999996,0.15,30.888529662613802,3.717139060237619,10341.48155117035
33250,1034515710,0.3538874387741089,0.0001609140483333333,0.15,30.882865459765533,3.7166241327059577,10422.37976193428
33300,1036073413,0.30967533588409424,0.00016065443116666667,0.15,30.89638415613781,3.7178531051034374,10427.413343191147
33350,1037631919,0.3647564947605133,0.00016039468016666665,0.15,30.912311323561497,3.7193010294146815,10432.44929766655
33400,1039188203,0.356306791305542,0.00016013529949999997,0.15,30.868238887676775,3.715294444334252,10437.504893779755
33450,1040738033,0.37731942534446716,0.0001598769945,0.15,30.900191402823193,3.7181992184384725,10484.998307228088
33500,1042296715,0.37621399760246277,0.00015961721416666663,0.15,30.915802209572167,3.7196183826883784,10490.014268398285
33550,1043858785,0.4651263952255249,0.00015935686916666663,0.15,30.983001765277585,3.7257274332070534,10495.046100854874
33600,1045418193,0.4059875011444092,0.0001590969678333333,0.15,30.930202114366185,3.7209274649423802,10500.11025094986
33650,1046974114,0.39497214555740356,0.00015883764766666666,0.15,30.861038935279765,3.7146399032072512,10536.852540016174
33700,1048522261,0.35615190863609314,0.00015857962316666663,0.15,30.866636095382407,3.715148735943855,10541.84729552269
33750,1050079084,0.4100850224494934,0.00015832015266666665,0.15,30.878929726084454,3.71626633873495,10546.878361463547
33800,1051638965,0.3615836799144745,0.00015806017249999998,0.15,30.939583870519865,3.7217803518654424,10551.94057893753
33850,1053193808,0.35737207531929016,0.00015780103199999998,0.15,30.839657258464406,3.7126961144058552,10556.992795228958
33900,1054745134,0.39798763394355774,0.00015754247766666665,0.15,30.930018342770556,3.7209107584336865,10657.36261677742
33950,1056303948,0.38386446237564087,0.00015728267533333333,0.15,30.91842037408017,3.719856397643652,10662.663851261139
34000,1057859462,0.3852393627166748,0.000157023423,0.15,30.85296626138009,3.7139060237618264,10667.83397603035
34050,1059419882,0.4227716028690338,0.000156763353,0.15,30.950274708927545,3.72275224626614,10673.019860744476
34100,1060972770,0.36484479904174805,0.00015650453833333333,0.15,30.961161177127362,3.723741925193397,10702.687176465988
34150,1062530231,0.3463398218154907,0.0001562449615,0.15,30.89158418787314,3.717416744352103,10707.827374458313
34200,1064089232,0.3715721368789673,0.00015598512799999998,0.15,30.92212944046651,3.720193585496955,10712.986580848694
34250,1065641842,0.38512060046195984,0.00015572635966666664,0.15,30.79536664220402,3.7086696947458195,10718.083375453949
34300,1067200062,0.39125001430511475,0.0001554666563333333,0.15,30.906638633794156,3.7187853303449234,10750.710384845734
34350,1068750508,0.3279072642326355,0.00015520824866666665,0.15,30.91247308397799,3.7193157349070898,10755.941311120987
34400,1070308937,0.38304728269577026,0.00015494851049999996,0.15,30.910784060931828,3.719162187357439,10761.166023254395
34450,1071864374,0.3868502974510193,0.00015468927099999998,0.15,30.85143899875042,3.713767181704584,10766.327226400375
34500,1073423947,0.37856680154800415,0.00015442934216666667,0.15,30.93347482000119,3.721224983636472,10771.608347415924
34550,1074973436,0.37982407212257385,0.000154171094,0.15,30.893392615041073,3.7175811468219155,10814.778218269348
34600,1076531799,0.4257758557796478,0.00015391136683333333,0.15,30.909474978677828,3.7190431798798027,10819.894529819489
34650,1078090569,0.3640889823436737,0.00015365157183333335,0.15,30.917547652577504,3.7197770593252275,10825.006794691086
34700,1079647491,0.3807690143585205,0.0001533920848333333,0.15,30.88089334946546,3.7164448499514053,10830.086883544922
34750,1081204633,0.36831527948379517,0.00015313256116666665,0.15,30.885256956978797,3.7168415415435265,10856.252055168152
34800,1082755519,0.3532474637031555,0.00015287408016666668,0.15,30.921245713374272,3.7201132466703886,10861.289141654968
34850,1084312562,0.37822601199150085,0.000152614573,0.15,30.883293333597795,3.716663030327072,10866.355135917664
34900,1085870859,0.3815683424472809,0.00015235485683333331,0.15,30.908165896423824,3.7189241724021658,10871.444149494171
34950,1087430289,0.36101803183555603,0.00015209495183333334,0.15,30.93063847511752,3.7209671341015924,10912.348737001419
35000,1088981120,0.3550304174423218,0.00015183647999999998,0.15,30.920149134699738,3.7200135576999767,10917.394027471542
35050,1090539747,0.3893665075302124,0.0001515767088333333,0.15,30.914711307693832,3.7195192097903487,10922.468422412872
35100,1092098165,0.36904215812683105,0.00015131697250000002,0.15,30.910565880556163,3.719142352777833,10927.562014341354
35150,1093657804,0.37942105531692505,0.00015105703266666667,0.15,30.93478390225519,3.721343991114108,10932.626930713654
35200,1095212361,0.42070987820625305,0.0001507979398333333,0.15,30.833984568697065,3.7121804153360967,10971.682173967361
35250,1096761751,0.35555705428123474,0.00015053970816666665,0.15,30.891418773426906,3.7174017066751732,10976.755887746811
35300,1098315890,0.34906214475631714,0.000150280685,0.15,30.82569371442172,3.711426701311065,10981.789061546326
35350,1099875452,0.37472161650657654,0.00015002075799999998,0.15,30.933256639625522,3.721205149056866,10986.828086614609
35400,1101429987,0.3894999921321869,0.0001497616688333333,0.15,30.833548207945732,3.712140746176885,11025.106541395187
35450,1102977419,0.3628654181957245,0.00014950376349999998,0.15,30.852380572613445,3.713852779328495,11030.341866731644
35500,1104532053,0.3219326436519623,0.00014924465783333333,0.15,30.835511831326734,3.7123192573933395,11035.486469984055
35550,1106087699,0.36500102281570435,0.00014898538349999998,0.15,30.855584425888093,3.7141440387171,11040.640441417694
35600,1107647283,0.3643075227737427,0.00014872545283333333,0.15,30.933693000376856,3.721244818216078,11127.191888093948
35650,1109196376,0.43769875168800354,0.00014846727066666665,0.15,30.885497248584418,3.7168633862349467,11132.200847387314
35700,1110753606,0.3704032003879547,0.0001482077323333333,0.15,30.887002399984134,3.7170002181803756,11137.228855371475
35750,1112314807,0.31841516494750977,0.00014794753216666666,0.15,30.965765515599898,3.7241605014181727,11142.256082773209
35800,1113870277,0.44500836730003357,0.00014768828716666665,0.15,30.852093539877423,3.713826685443402,11147.345279455185
35850,1115427958,0.3979061245918274,0.00014742867366666665,0.15,30.895947795386476,3.717813435944225,11177.348509311676
35900,1116977348,0.42722129821777344,0.000147170442,0.15,30.891418773426906,3.7174017066751732,11182.464535713196
35950,1118536085,0.3937528729438782,0.00014691065249999998,0.15,30.916893111450502,3.7197175555864095,11187.622256040573
36000,1120093139,0.3866432011127472,0.00014665114349999997,0.15,30.88351151397346,3.7166828649066783,11192.709026813507
36050,1121647377,0.3667510151863098,0.00014639210383333333,0.15,30.827657337802727,3.7116052125275205,11219.72929596901
36100,1123199385,0.39975741505622864,0.00014613343583333332,0.15,30.943615918334796,3.7221469016668,11224.799642562866
36150,1124755845,0.4144381582736969,0.0001458740258333333,0.15,30.871729773687445,3.71561179760795,11229.898941755295
36200,1126316078,0.38744768500328064,0.000145613987,0.15,30.946565642541206,3.7224150584128366,11234.971311330795
36250,1127872879,0.39796456694602966,0.00014535452016666668,0.15,30.87849336533312,3.716226669575738,11261.468794345856
36300,1129429900,0.35846400260925293,0.00014509501666666664,0.15,30.88285697284646,3.7166233611678603,11266.573038339615
36350,1130978487,0.3727136254310608,0.0001448369188333333,0.15,30.87540872477869,3.715946247707154,11271.608924865723
36400,1132538830,0.410427987575531,0.00014457686166666664,0.15,30.948747446297876,3.7226134042088974,11276.669343948364
36450,1134096390,0.4131503999233246,0.00014431726833333332,0.15,30.89354781125414,3.717595255568558,11281.706652402878
36500,1135654511,0.34770700335502625,0.0001440575815,0.15,30.904675010413154,3.718606819128469,11307.970558166504
36550,1137200711,0.3803326189517975,0.00014379988149999998,0.15,30.827817210303852,3.711619746391259,11312.996714353561
36600,1138759118,0.44682520627975464,0.00014354014699999998,0.15,30.910347700180495,3.7191225181982266,11318.053431510925
36650,1140318471,0.34368976950645447,0.00014328025483333333,0.15,30.92911121248785,3.7208282920443505,11323.123491048813
36700,1141877593,0.33242422342300415,0.00014302040116666664,0.15,30.924529424598845,3.720411765872622,11374.483863830566
36750,1143435472,0.34451615810394287,0.00014276075466666664,0.15,30.89987504214848,3.7181704583771347,11379.510237693787
36800,1144986292,0.35239455103874207,0.00014250228466666668,0.15,30.919929818964828,3.719993619905894,11384.519902467728
36850,1146541553,0.37025192379951477,0.0001422430745,0.15,30.84794811273975,3.7134498284308863,11389.545866727829
36900,1148100301,0.3827754855155945,0.00014198328316666664,0.15,30.91711129182617,3.719737390166016,11446.681614875793
36950,1149660523,0.3730749785900116,0.00014172324616666668,0.15,30.94634746216554,3.722395223833231,11451.739156723022
37000,1151209242,0.38855668902397156,0.00014146512633333332,0.15,30.878040513597576,3.716185501236143,11456.82356953621
37050,1152768100,0.40029534697532654,0.00014120531666666664,0.15,30.91929309558284,3.7199357359620766,11461.854024410248
37100,1154323999,0.38304805755615234,0.00014094600016666665,0.15,30.860602574528432,3.714600234048039,11466.890328645706
37150,1155887444,0.3493751585483551,0.000140685426,0.15,31.010274312235953,3.728206755657814,11510.904015779495
37200,1157438880,0.32252809405326843,0.0001404268533333333,0.15,30.932211500119628,3.7211101363745116,11515.976789474487
37250,1158996825,0.3664378225803375,0.00014016719583333334,0.15,30.901184124402484,3.718289465854771,11520.965804815292
37300,1160554033,0.37297603487968445,0.00013990766116666665,0.15,30.886566039232797,3.7169605490211635,11525.969405651093
37350,1162114607,0.43266114592552185,0.0001396475655,0.15,30.95332923418688,3.723029930380626,11563.718815803528
37400,1163670044,0.4049999415874481,0.00013938832599999997,0.15,30.85143899875042,3.713767181704584,11568.760969638824
37450,1165217685,0.3939554691314697,0.00013913038583333333,0.15,30.85654757157668,3.7142315974160622,11573.788516283035
37500,1166773078,0.37976589798927307,0.00013887115366666665,0.15,30.850566277247754,3.7136878433861593,11578.831951618195
37550,1168331980,0.3761330842971802,0.00013861133666666665,0.15,30.920165817085508,3.7200150742805005,11621.099548339844
37600,1169888506,0.4068586230278015,0.00013835191566666667,0.15,30.87303885594145,3.715730805085586,11626.146106004715
37650,1171439315,0.44789013266563416,0.00013809344749999997,0.15,30.919710503229922,3.719973682111811,11631.155339956284
37700,1172997711,0.38051778078079224,0.0001378337148333333,0.15,30.910129519804826,3.7191026836186207,11636.177598953247
37750,1174559022,0.3737098276615143,0.0001375734963333333,0.15,30.967947319356565,3.7243588472142335,11641.20647406578
37800,1176114888,0.3374423682689667,0.00013731418533333332,0.15,30.859948033401434,3.7145407303092215,11683.064202070236
37850,1177671568,0.41208863258361816,0.00013705473866666663,0.15,30.876093381200786,3.7160084892000715,11688.096869468689
37900,1179223312,0.3760000169277191,0.00013679611466666663,0.15,30.938352340697026,3.72166839460882,11693.085687875748
37950,1180777781,0.39849191904067993,0.0001365370365,0.15,30.832239125691732,3.712021738699248,11698.104556322098
38000,1182336166,0.3947042226791382,0.00013627730566666667,0.15,30.90991133942916,3.7190828490390144,11735.749111890793
38050,1183893143,0.3557211756706238,0.00013601780949999999,0.15,30.88198425134379,3.716544022849436,11740.782303094864
38100,1185442093,0.48722848296165466,0.00013575965116666665,0.15,30.882646144030623,3.716604194911875,11745.800794363022
38150,1186998454,0.37900984287261963,0.00013550025766666666,0.15,30.869766150306443,3.715433286391495,11750.862383365631
38200,1188557917,0.4703148305416107,0.00013524034716666666,0.15,30.93129301624452,3.7210266378404113,11788.632949590683
38250,1190113442,0.3491593301296234,0.00013498109299999998,0.15,30.853184441755758,3.7139258583414327,11793.741299629211
38300,1191672025,0.4290165603160858,0.00013472132916666666,0.15,30.913838586191165,3.719439871471924,11798.819566488266
38350,1193221008,0.37125611305236816,0.00013446316533333332,0.15,30.883304091235345,3.7166640082941225,11803.827417373657
38400,1194780493,0.38442689180374146,0.00013420325116666665,0.15,30.931729376995854,3.721066306999623,11808.855996847153
38450,1196337019,0.35206595063209534,0.00013394383016666667,0.15,30.87303885594145,3.715730805085586,11844.058971643448
38500,1197896086,0.3615342974662781,0.00013368398566666667,0.15,30.92343852272051,3.720312592974592,11849.109354496002
38550,1199446466,0.41723909974098206,0.00013342558899999998,0.15,30.911157189568545,3.7191961081425946,11854.128435373306
38600,1201002574,0.41630151867866516,0.00013316623766666667,0.15,30.864748001666104,3.7149770910605544,11859.165901899338
38650,1202562081,0.39618363976478577,0.00013290631983333334,0.15,30.932165737747187,3.7211059761588348,11889.38287615776
38700,1204117177,0.4181820750236511,0.00013264713716666665,0.15,30.844675407104745,3.713152309736795,11894.450661182404
38750,1205666677,0.29201632738113403,0.00013238888716666665,0.15,30.89361193077598,3.717601084615998,11899.546566486359
38800,1207223995,0.3668270707130432,0.00013212933416666665,0.15,30.888747842989467,3.7171588948172243,11904.575996637344
38850,1208782534,0.41421329975128174,0.00013186957766666665,0.15,30.9129658646885,3.7193605331535,11933.889973640442
38900,1210336673,0.370621919631958,0.0001316105545,0.15,30.82569371442172,3.711426701311065,11938.964983224869
38950,1211892913,0.34452614188194275,0.00013135118116666664,0.15,30.867366166174108,3.715215106015828,11944.057069540024
39000,1213442864,0.377776563167572,0.000131092856,0.15,30.902603875907168,3.718418534173379,11949.132520914078
39050,1214999720,0.3585437536239624,0.00013083337999999999,0.15,30.879584267211456,3.716325842473769,11954.194560527802
39100,1216556312,0.3550288677215576,0.000130573948,0.15,30.87434793819545,3.7158498125632224,11985.951781272888
39150,1218113135,0.39779913425445557,0.0001303144775,0.15,30.878929726084454,3.71626633873495,11991.288851737976
39200,1219661172,0.36939170956611633,0.00013005647133333331,0.15,30.864442938033335,3.7149493580030306,11996.463511705399
39250,1221218479,0.3413000702857971,0.00012979692016666666,0.15,30.888529662613802,3.717139060237619,12001.575643062592
39300,1222779229,0.3682342767715454,0.00012953679516666667,0.15,30.956820120197552,3.7233472836543227,12039.946152210236
39350,1224336558,0.3769798278808594,0.00012927724033333333,0.15,30.888966023365136,3.7171787293968306,12045.009712696075
39400,1225893392,0.41696348786354065,0.00012901776799999998,0.15,30.879147906460123,3.7162861733145562,12050.07356095314
39450,1227444333,0.36405879259109497,0.00012875927783333332,0.15,30.922342292048807,3.720212935640801,12055.060725450516
39500,1228998923,0.32926619052886963,0.0001285001795,0.15,30.834639109824067,3.712239919074915,12088.996478557587
39550,1230556714,0.3881721794605255,0.00012824054766666666,0.15,30.898129599143147,3.718011781740286,12094.084600448608
39600,1232113383,0.384473592042923,0.00012798110283333334,0.15,30.875875200825117,3.7159886546204657,12099.152513027191
39650,1233664522,0.35005420446395874,0.00012772257966666664,0.15,30.926289975277136,3.720571815934285,12104.226842164993
39700,1235222104,0.40618133544921875,0.00012746298266666666,0.15,30.893984172005474,3.7176349247277702,12109.272551059723
39750,1236782326,0.40611305832862854,0.00012720294566666664,0.15,30.94634746216554,3.722395223833231,12135.256752490997
39800,1238335398,0.44310107827186584,0.00012694410033333334,0.15,30.80453021798203,3.709502747089276,12140.313305854797
39850,1239891759,0.3347153663635254,0.00012668470683333333,0.15,30.869766150306443,3.715433286391495,12145.381141662598
39900,1241441347,0.4557291865348816,0.00012642644216666663,0.15,30.895366456655236,3.7177605869686583,12150.39985370636
39950,1242998962,0.39287900924682617,0.00012616683966666667,0.15,30.894638713132476,3.717694428466589,12181.235786676407
40000,1244559008,0.4087643027305603,0.000125906832,0.15,30.942856576154867,3.7220778705595334,12186.330612182617
40050,1246115974,0.4173584282398224,0.00012564733766666665,0.15,30.881766070968126,3.7165241882698297,12191.450489759445
40100,1247666321,0.41115182638168335,0.0001253889465,0.15,30.910499242363827,3.719136294760348,12196.489414930344
40150,1249223133,0.3717142343521118,0.0001251294778333333,0.15,30.87871154570879,3.7162465041553445,12235.736482143402
40200,1250785269,0.3135833144187927,0.0001248691218333333,0.15,30.984310847531585,3.72584644068469,12240.843970775604
40250,1252340805,0.3337703347206116,0.0001246098658333333,0.15,30.853402622131423,3.7139456929210386,12245.950573205948
40300,1253890459,0.3352939188480377,0.00012435159016666665,0.15,30.89668235106468,3.717880213733153,12251.03340435028
40350,1255444532,0.3170326352119446,0.00012409257799999998,0.15,30.82438463216772,3.711307693833429,12256.044207572937
40400,1257002048,0.4156573712825775,0.000123832992,0.15,30.892675089751474,3.717515917250134,12292.567880630493
40450,1258562017,0.3762640058994293,0.00012357299716666666,0.15,30.9413293135252,3.721939028502291,12297.693686008453
40500,1260120215,0.35769644379615784,0.00012331329749999998,0.15,30.906202273042823,3.7187456611857113,12302.823996067047
40550,1261669220,0.3357628881931305,0.00012305513,0.15,30.88374272270516,3.7167038838822877,12307.853994369507
40600,1263225042,0.3988313376903534,0.0001227958263333333,0.15,30.859075311898764,3.7144613919907967,12346.155464410782
40650,1264782030,0.377523809671402,0.0001225363283333333,0.15,30.88220243171946,3.7165638574290423,12351.235604047775
40700,1266341328,0.3728938400745392,0.00012227644533333333,0.15,30.928020310609515,3.7207291191463194,12356.297170162201
40750,1267891719,0.3673952519893646,0.00012201804683333334,0.15,30.911376505303455,3.7192160459366774,12361.297908306122
40800,1269451094,0.39922982454299927,0.00012175815099999999,0.15,30.929547573239184,3.7208679612035622,12401.62487912178
40850,1271005508,0.357001930475235,0.00012149908199999998,0.15,30.831148223813397,3.7119225658012183,12406.688586711884
40900,1272568007,0.418200820684433,0.00012123866549999999,0.15,30.991510799928594,3.72650098181169,12411.745296001434
40950,1274124456,0.3758406341075897,0.00012097925733333332,0.15,30.87151159331178,3.7155919630283436,12416.777099132538
41000,1275671965,0.35747620463371277,0.00012072133916666665,0.15,30.853915782757795,3.7139923438870723,12421.78254032135
41050,1277227908,0.33664119243621826,0.00012046201533333333,0.15,30.861475296031102,3.714679572366464,12458.168776988983
41100,1278784423,0.42277419567108154,0.00012020259616666665,0.15,30.87282067556578,3.7157109705059796,12463.288475513458
41150,1280338133,0.38779309391975403,0.00011994364449999999,0.15,30.817184679770712,3.710653152706428,12468.407529354095
41200,1281889888,0.4430118203163147,0.00011968501866666665,0.15,30.938571656431932,3.721688332402903,12473.518234968185
41250,1283446392,0.4422304928302765,0.00011942560133333332,0.15,30.872602495190115,3.7156911359263742,12515.048676729202
41300,1285005536,0.33510661125183105,0.000119165744,0.15,30.924965785350178,3.7204514350318347,12520.282809019089
41350,1286563492,0.36816930770874023,0.00011890608466666667,0.15,30.90140230477815,3.718309300434377,12525.628859043121
41400,1288122130,0.37742170691490173,0.00011864631166666667,0.15,30.9149294880695,3.719539044369955,12531.035720586777
41450,1289669870,0.3731765151023865,0.000118388355,0.15,30.858521413190843,3.714411037562804,12593.051237106323
41500,1291226561,0.47215327620506287,0.00011812890649999999,0.15,30.876311561576454,3.716028323779678,12598.080499887466
41550,1292781162,0.39326953887939453,0.00011786980633333333,0.15,30.834857290199736,3.7122597536545214,12603.184015750885
41600,1294338051,0.4119254946708679,0.00011761032483333332,0.15,30.880238808338458,3.7163853462125873,12608.269505023956
41650,1295888112,0.35229623317718506,0.00011735198133333333,0.15,30.90479703325624,3.7186179121142042,12613.333198785782
41700,1297446937,0.37475356459617615,0.00011709217716666667,0.15,30.91863855445584,3.719876232223258,12644.633820533752
41750,1299002066,0.35599127411842346,0.00011683298899999999,0.15,30.845329948231747,3.713211813475614,12649.812346696854
41800,1300558130,0.33976876735687256,0.00011657364500000001,0.15,30.863875280163438,3.714897752742131,12654.904122114182
41850,1302109588,0.40716552734375,0.00011631506866666666,0.15,30.93265013158944,3.7211500119626764,12660.011461019516
41900,1303666257,0.4081163704395294,0.00011605562383333332,0.15,30.875875200825117,3.7159886546204657,12703.737839460373
41950,1305225929,0.430050253868103,0.00011579567849999998,0.15,30.935438443382193,3.721403494852927,12708.78778386116
42000,1306780618,0.36910855770111084,0.00011553656366666667,0.15,30.83660273320507,3.71241843029137,12713.863064289093
42050,1308337969,0.30235356092453003,0.00011527700516666666,0.15,30.88940238411647,3.7172183985560423,12718.95134973526
42100,1309886050,0.40649616718292236,0.00011501899166666665,0.15,30.865320200972963,3.71502910917936,12795.724209547043
42150,1311448142,0.3687720000743866,0.00011475864300000001,0.15,30.98343812602892,3.725767102366265,12800.767892122269
42200,1313001786,0.315516859292984,0.00011449970233333333,0.15,30.815875597516712,3.7105341452287917,12805.810255765915
42250,1314560270,0.3637218475341797,0.00011423995500000001,0.15,30.911874962810163,3.719261360255469,12810.837001085281
42300,1316108835,0.36457163095474243,0.00011398186083333332,0.15,30.874970093308875,3.7159063721189884,12815.85109424591
42350,1317666417,0.3962717652320862,0.00011372226383333332,0.15,30.893984172005474,3.7176349247277702,12888.095566749573
42400,1319224043,0.44823604822158813,0.00011346265949999997,0.15,30.89485689350814,3.7177142630461946,12893.100348234177
42450,1320782934,0.3578279912471771,0.0001132028443333333,0.15,30.91994763670984,3.719995239700894,12898.11707520485
42500,1322339284,0.3515250086784363,0.00011294345266666665,0.15,30.869547969930778,3.715413451811889,12903.134872674942
42550,1323890423,0.39057567715644836,0.00011268492949999999,0.15,30.926289975277136,3.720571815934285,12974.35121178627
42600,1325441889,0.39091286063194275,0.00011242635183333334,0.15,30.772675883134657,3.7066068984667866,12979.338493585587
42650,1327003849,0.37967097759246826,0.00011216602516666665,0.15,30.980819961520915,3.725529087410992,12984.426756858826
42700,1328557548,0.37453120946884155,0.0001119070753333333,0.15,30.816966499395047,3.7106333181268227,12989.41697192192
42750,1330105112,0.38906529545783997,0.000111649148,0.15,30.85501236143233,3.7140920328574847,13031.742451429367
42800,1331667006,0.35488414764404297,0.00011138883233333332,0.15,30.979510879266915,3.7254100799333556,13036.755537748337
42850,1333219715,0.378324419260025,0.00011113004749999997,0.15,30.79733026558502,3.7088482059622745,13041.788639307022
42900,1334777814,0.3847600519657135,0.00011087036433333333,0.15,30.90423864966182,3.7185671499692563,13046.795933961868
42950,1336337618,0.385149747133255,0.00011061039700000001,0.15,30.938056607890196,3.7216415098081996,13051.769609928131
43000,1337885534,0.423551470041275,0.00011035241099999997,0.15,30.86203046494936,3.714730042268123,13103.419485330582
43050,1339443006,0.3669675886631012,0.00011009283233333332,0.15,30.891802368248804,3.7174365789317094,13108.445182323456
43100,1341000511,0.3207956850528717,0.00010983324816666665,0.15,30.892456909375806,3.7174960826705283,13113.433213472366
43150,1342560986,0.4361218214035034,0.00010957316899999999,0.15,30.95136561080588,3.722851419164171,13118.413611888885
43200,1344111377,0.39847487211227417,0.0001093147705,0.15,30.911376505303455,3.7192160459366774,13160.032813310623
43250,1345666594,0.376073956489563,0.00010905556766666665,0.15,30.847075391237084,3.713370490112462,13165.127199172974
43300,1347223945,0.37760108709335327,0.00010879600916666666,0.15,30.88940238411647,3.7172183985560423,13170.166326522827
43350,1348785850,0.40717753767967224,0.00010853569166666667,0.15,30.97972905964258,3.725429914512962,13175.187076568604
43400,1350334294,0.4107752740383148,0.00010827761766666665,0.15,30.8725576202249,3.7156870563840814,13180.173600435257
43450,1351894813,0.38328835368156433,0.00010801753116666665,0.15,30.952238332308546,3.722930757482595,13212.289337396622
43500,1353451834,0.34793516993522644,0.00010775802766666665,0.15,30.88285697284646,3.7166233611678603,13217.309970855713
43550,1355014245,0.3851994276046753,0.00010749762583333331,0.15,30.98976535692326,3.7263423051748417,13222.295911312103
43600,1356571893,0.3354392647743225,0.00010723801783333334,0.15,30.895293254259474,3.7177539322054063,13227.295273780823
43650,1358119314,0.35398557782173157,0.00010698011433333334,0.15,30.85216125687854,3.7138328415344124,13272.209124088287
43700,1359679624,0.36964961886405945,0.00010672006266666665,0.15,30.948092905170874,3.7225539004700794,13277.485461711884
43750,1361239219,0.30629485845565796,0.00010646013016666666,0.15,30.933911180752524,3.721264652795684,13282.763303041458
43800,1362796350,0.4003748595714569,0.00010620060833333333,0.15,30.88503877660313,3.7168217069639202,13288.029653787613
43850,1364344332,0.3833223581314087,0.00010594261133333332,0.15,30.8633463593588,3.7148496690326183,13384.225970506668
43900,1365900671,0.35391998291015625,0.00010568322150000001,0.15,30.86932978955511,3.715393617232283,13389.462740898132
43950,1367459309,0.39183399081230164,0.0001054234485,0.15,30.9149294880695,3.719539044369955,13394.730558395386
44000,1369016627,0.3105148673057556,0.00010516389550000001,0.15,30.888747842989467,3.7171588948172243,13400.05464053154
44050,1370575947,0.37046292424201965,0.00010490400883333331,0.15,30.928456671360852,3.7207687883055316,13405.267623662949
44100,1372125062,0.3206860423088074,0.000104645823,0.15,30.88593588005423,3.7169032618231124,13504.838840007782
44150,1373680598,0.37923648953437805,0.00010438656699999997,0.15,30.853402622131423,3.7139456929210386,13510.139439344406
44200,1375240292,0.42789411544799805,0.000104126618,0.15,30.935874804133526,3.721443164012139,13515.364939928055
44250,1376795663,0.3836401402950287,0.00010386738949999998,0.15,30.85012991649642,3.713648174226947,13520.61605644226
44300,1378342490,0.3512518107891083,0.00010360958500000001,0.15,30.840318207193555,3.7127562006539594,13626.895586490631
44350,1379900699,0.37876182794570923,0.00010334988349999998,0.15,30.90642045341849,3.7187654957653176,13632.152279615402
44400,1381458622,0.4823039174079895,0.00010309022966666664,0.15,30.90074776365115,3.7182497966955594,13637.498410701752
44450,1383015753,0.3309783935546875,0.00010283070783333333,0.15,30.88503877660313,3.7168217069639202,13643.109193086624
44500,1384573247,0.4124956727027893,0.00010257112549999999,0.15,30.892238729000137,3.717476248090922,13766.319736242294
44550,1386121163,0.3559371829032898,0.00010231313949999998,0.15,30.86203046494936,3.714730042268123,13771.518812894821
44600,1387680098,0.31587734818458557,0.00010205331699999997,0.15,30.92082035821251,3.720074578019319,13776.733253240585
44650,1389236613,0.40959346294403076,0.00010179389783333333,0.15,30.87282067556578,3.7157109705059796,13781.952509641647
44700,1390794811,0.3830525577068329,0.00010153419816666666,0.15,30.906202273042823,3.7187456611857113,13787.18352174759
44750,1392348205,0.3923857510089874,0.00010127529916666667,0.15,30.97124970093309,3.7246590637211896,13923.009742498398
44800,1393903114,0.42046037316322327,0.00010101614766666665,0.15,30.84096634071841,3.7128151218834917,13928.310808420181
44850,1395462236,0.36512187123298645,0.000100756294,0.15,30.924529424598845,3.720411765872622,13933.577911376953
44900,1397018146,0.3685050904750824,0.00010049697566666665,0.15,30.8608207549041,3.7146200686276454,13938.764275550842
44950,1398567921,0.34125617146492004,0.00010023867983333333,0.15,30.899094824148655,3.7180995294680597,14033.455776929855
45000,1400126361,0.36700671911239624,9.997893983333332e-05,0.15,30.911002241307497,3.7191820219370455,14038.617395401001
45050,1401682447,0.3902081251144409,9.971959216666667e-05,0.15,30.86431164091477,3.7149374219013427,14043.92174744606
45100,1403240337,0.43702560663223267,9.94599438333333e-05,0.15,30.90009322252415,3.718190292956741,14049.168705940247
45150,1404798128,0.3955889940261841,9.9200312e-05,0.15,30.898129599143147,3.718011781740286,14118.836621284485
45200,1406349993,0.3869171440601349,9.894166783333333e-05,0.15,30.940764813781005,3.7218877103437276,14124.119803667068
45250,1407907707,0.40900999307632446,9.868204883333333e-05,0.15,30.896602336513478,3.7178729396830437,14129.411072731018
45300,1409466543,0.30940255522727966,9.842224283333333e-05,0.15,30.918856734831504,3.7198960668028644,14134.637308597565
45350,1411023784,0.4239710867404938,9.816270266666667e-05,0.15,30.8872205803598,3.7170200527599815,14139.94843864441
45400,1412574252,0.3736502528190613,9.790429133333332e-05,0.15,30.9129117154478,3.719355610495255,14274.571932554245
45450,1414132241,0.414141982793808,9.76446265e-05,0.15,30.90205684590515,3.7183688041731955,14279.752020597458
45500,1415687436,0.3761240839958191,9.738542733333331e-05,0.15,30.84663903048575,3.71333082095325,14284.94772720337
45550,1417245986,0.4365207552909851,9.712566899999999e-05,0.15,30.913184045064163,3.719380367733106,14290.112555742264
45600,1418803040,0.3981372117996216,9.686616e-05,0.15,30.88351151397346,3.7166828649066783,14383.93052649498
45650,1420353926,0.4088028073310852,9.660767899999999e-05,0.15,30.921245713374272,3.7201132466703886,14389.19656586647
45700,1421909440,0.40191665291786194,9.634842666666666e-05,0.15,30.85296626138009,3.7139060237618264,14394.535831212997
45750,1423466604,0.42323213815689087,9.608889933333333e-05,0.15,30.88569331773013,3.716881210702739,14399.911343812943
45800,1425026958,0.3941766321659088,9.582884033333333e-05,0.15,30.94896562667354,3.7226332387885037,14495.885096788406
45850,1426575754,0.34497925639152527,9.557070766666666e-05,0.15,30.879575723741926,3.71632506579472,14501.132029533386
45900,1428132379,0.3889087736606598,9.531127016666666e-05,0.15,30.87500247932245,3.7159093163020405,14506.292380094528
45950,1429692887,0.41653990745544434,9.505118549999999e-05,0.15,30.95202015193288,3.7229109229029897,14511.454935789108
46000,1431248863,0.4342147409915924,9.479185616666665e-05,0.15,30.8621298371581,3.714739076105282,14516.605659246445
46050,1432805400,0.3615714907646179,9.453243333333334e-05,0.15,30.873257036317113,3.7157506396651923,14614.844134092331
46100,1434355659,0.3874586224555969,9.427405683333334e-05,0.15,30.90874471648457,3.718976792407688,14620.032777071
46150,1435914033,0.39948970079421997,9.401432783333334e-05,0.15,30.909693159053493,3.719063014459408,14625.301838159561
46200,1437472341,0.34537771344184875,9.375460983333331e-05,0.15,30.908384076799493,3.718944006981772,14630.614532709122
46250,1439032200,0.31188729405403137,9.349463333333332e-05,0.15,30.93914750976853,3.7217406827062303,14720.793470859528
46300,1440582580,0.4028456509113312,9.323623666666665e-05,0.15,30.911157189568545,3.7191961081425946,14725.964612722397
46350,1442141669,0.3608996272087097,9.297638849999999e-05,0.15,30.923874883471846,3.720352262133804,14731.256426811218
46400,1443695841,0.3797062337398529,9.271735983333331e-05,0.15,30.826348255548723,3.711486205049884,14736.513226270676
46450,1445251971,0.39288386702537537,9.245800483333332e-05,0.15,30.865184362417438,3.715016760219767,14835.122576713562
46500,1446800481,0.3021794855594635,9.219991983333332e-05,0.15,30.87387351463434,3.7158066831485765,14840.336478233337
46550,1448358470,0.37266644835472107,9.1940255e-05,0.15,30.90205684590515,3.7183688041731955,14845.652225732803
46600,1449913654,0.3529912233352661,9.168105766666667e-05,0.15,30.846420850110082,3.7133109863736435,14850.900432825089
46650,1451472699,0.40785515308380127,9.142121683333332e-05,0.15,30.923002161969176,3.7202729238153798,14856.180885314941
46700,1453027916,0.4220460057258606,9.116201399999998e-05,0.15,30.847075391237084,3.713370490112462,14900.267073631287
46750,1454576712,0.41362354159355164,9.090388133333333e-05,0.15,30.879575723741926,3.71632506579472,14905.215643882751
46800,1456133183,0.3894265592098236,9.06444695e-05,0.15,30.871947954063113,3.715631632187556,14910.2108669281
46850,1457691711,0.4092218577861786,9.038471483333332e-05,0.15,30.91274768431283,3.719340698573894,14915.210629224777
46900,1459249238,0.3461204171180725,9.0125127e-05,0.15,30.89289327012714,3.71753575182974,14949.485354661942
46950,1460798111,0.36460745334625244,8.98669815e-05,0.15,30.881110933886276,3.7164646303532978,14954.456638813019
47000,1462356617,0.3810412883758545,8.960723049999998e-05,0.15,30.912311323561497,3.7193010294146815,14959.439197063446
47050,1463915068,0.353731632232666,8.934748866666666e-05,0.15,30.91122042168316,3.719201856516651,14964.430342674255
47100,1465471077,0.381410151720047,8.908815383333333e-05,0.15,30.862784378285102,3.7147985798441,15009.023398637772
47150,1467032641,0.38057252764701843,8.882789316666668e-05,0.15,30.972965467996907,3.7248150425451736,15013.993711471558
47200,1468582438,0.3834114074707031,8.856959366666665e-05,0.15,30.89953345561847,3.7181394050562244,15018.940615653992
47250,1470140515,0.3617768883705139,8.830991416666665e-05,0.15,30.903802288910487,3.718527480810044,15023.928139686584
47300,1471697921,0.4266588091850281,8.805034649999998e-05,0.15,30.890493285994804,3.7173175714540734,15028.929104089737
47350,1473257670,0.3926128149032593,8.779038833333334e-05,0.15,30.93696570601186,3.721542336910169,15062.328001737595
47400,1474809645,0.3245942294597626,8.753172583333332e-05,0.15,30.942957971130074,3.722087088284552,15067.294402122498
47450,1476364400,0.3644377291202545,8.72726e-05,0.15,30.837911815459073,3.7125374377690066,15072.28411579132
47500,1477923093,0.38554519414901733,8.701281783333334e-05,0.15,30.916020389947835,3.7196382172679847,15077.288181781769
47550,1479478057,0.33264458179473877,8.675365716666667e-05,0.15,30.84205724259674,3.7129142947815215,15110.05225777626
47600,1481036871,0.3873251974582672,8.649385483333334e-05,0.15,30.91842037408017,3.719856397643652,15115.028474092484
47650,1482586954,0.41010695695877075,8.623550766666666e-05,0.15,30.905235664726053,3.718657787702368,15119.991886615753
47700,1484141599,0.3475269079208374,8.597640016666665e-05,0.15,30.835730011702402,3.7123390919729458,15124.993223667145
47750,1485701634,0.33885326981544495,8.571639433333334e-05,0.15,30.942638395779202,3.722058035979927,15157.301710367203
47800,1487259997,0.36889004707336426,8.545666716666666e-05,0.15,30.909474978677828,3.7190431798798027,15162.29339838028
47850,1488809904,0.3506859838962555,8.519834933333332e-05,0.15,30.90172661296754,3.7183387829970487,15167.259469270706
47900,1490366045,0.3844476342201233,8.49389925e-05,0.15,30.865402542793106,3.7150365947993733,15172.250957727432
47950,1491924166,0.4059547781944275,8.467930566666667e-05,0.15,30.904675010413154,3.718606819128469,15177.24082994461
48000,1493483211,0.38439199328422546,8.441946483333334e-05,0.15,30.923002161969176,3.7202729238153798,15246.32996416092
48050,1495031083,0.3732456564903259,8.416148616666665e-05,0.15,30.861153202009728,3.7146502910917936,15251.38713812828
48100,1496589820,0.4277036786079407,8.390169666666668e-05,0.15,30.916893111450502,3.7197175555864095,15256.449908733368
48150,1498147798,0.4064488708972931,8.364203366666667e-05,0.15,30.901838665529485,3.718348969593589,15261.494405269623
48200,1499706381,0.35647502541542053,8.338226983333333e-05,0.15,30.913838586191165,3.719439871471924,15348.412837982178
48250,1501264018,0.4239036738872528,8.312266366666666e-05,0.15,30.89507507388381,3.717734097625801,15353.422814846039
48300,1502811527,0.43017977476119995,8.286474549999999e-05,0.15,30.853915782757795,3.7139923438870723,15358.39110159874
48350,1504370264,0.35249680280685425,8.260495599999997e-05,0.15,30.916893111450502,3.7197175555864095,15363.517324447632
48400,1505926823,0.40123799443244934,8.23455295e-05,0.15,30.87369339706845,3.7157903088244044,15414.327471017838
48450,1507486715,0.37195679545402527,8.208554749999998e-05,0.15,30.93980205089553,3.7218001864450483,15419.412842988968
48500,1509037425,0.4222233295440674,8.182709583333332e-05,0.15,30.91773666161576,3.719794241965069,15424.436331987381
48550,1510592950,0.411429762840271,8.156784166666665e-05,0.15,30.853184441755758,3.7139258583414327,15429.467987537384
48600,1512153172,0.41562598943710327,8.130780466666667e-05,0.15,30.94634746216554,3.722395223833231,15434.472708463669
48650,1513712646,0.36004340648651123,8.104789233333333e-05,0.15,30.93151119662019,3.7210464724200176,15473.362101078033
48700,1515264497,0.35363927483558655,8.078925049999999e-05,0.15,30.780312196283,3.707301108753,15478.408462285995
48750,1516812809,0.3735983073711395,8.05311985e-05,0.15,30.869925831406015,3.7154478028550924,15483.395864963531
48800,1518374329,0.3491177260875702,8.027094516666664e-05,0.15,30.972092746494237,3.7247357042267493,15488.40246129036
48850,1519932417,0.3730594217777252,8.001126383333333e-05,0.15,30.904020469286152,3.71854731538965,15524.95780134201
48900,1521492573,0.37039655447006226,7.975123783333334e-05,0.15,30.945038379911537,3.7222762163555942,15530.01765370369
48950,1523039983,0.4236071705818176,7.949333616666665e-05,0.15,30.851941941143632,3.7138129037403305,15535.015299081802
49000,1524595838,0.3533678948879242,7.9234027e-05,0.15,30.859729853025765,3.714520895729615,15540.048336267471
49050,1526152089,0.3950703740119934,7.897465183333333e-05,0.15,30.867584346549776,3.715234940595434,15593.860700130463
49100,1527709154,0.39497971534729004,7.871514099999999e-05,0.15,30.883729694349128,3.716702699486284,15598.890657186508
49150,1529266450,0.3953995108604431,7.845559166666668e-05,0.15,30.888311482238134,3.7171192256580126,15603.915646076202
49200,1530817160,0.33710145950317383,7.819713999999998e-05,0.15,30.91773666161576,3.719794241965069,15608.890696287155
49250,1532376183,0.3719263970851898,7.793730283333333e-05,0.15,30.922565801217843,3.7202332546561676,15613.893893957138
49300,1533930927,0.38958561420440674,7.767817883333333e-05,0.15,30.837693635083404,3.7125176031894003,15654.53746509552
49350,1535489598,0.3251268267631531,7.741840033333333e-05,0.15,30.915584029196502,3.719598548108773,15659.53853559494
49400,1537040154,0.3744707703590393,7.715997433333333e-05,0.15,30.91466624132706,3.719515112847914,15664.492905139923
49450,1538594513,0.37112143635749817,7.690091449999998e-05,0.15,30.83005732193506,3.711823392903187,15669.47166967392
49500,1540152161,0.4299992620944977,7.66413065e-05,0.15,30.895293254259474,3.7177539322054063,15701.312055110931
49550,1541710150,0.3945404291152954,7.638164166666665e-05,0.15,30.90205684590515,3.7183688041731955,15706.433735132217
49600,1543261014,0.2925224006175995,7.612316433333333e-05,0.15,30.920807081904456,3.7200733710822234,15711.654721021652
49650,1544817419,0.40131673216819763,7.586376350000001e-05,0.15,30.870638871809113,3.7155126247099193,15716.793436050415
49700,1546376255,0.38029807806015015,7.56039575e-05,0.15,30.918856734831504,3.7198960668028644,15762.752410173416
49750,1547933001,0.3908607065677643,7.534449983333334e-05,0.15,30.877402463454786,3.7161274966777076,15767.81420660019
49800,1549490506,0.39599698781967163,7.508491566666666e-05,0.15,30.892456909375806,3.7174960826705283,15772.850262403488
49850,1551037982,0.36208248138427734,7.482700300000001e-05,0.15,30.853257835553073,3.7139325305048247,15777.873939275742
49900,1552595696,0.29986366629600525,7.456738399999999e-05,0.15,30.896602336513478,3.7178729396830437,15782.960073709488
49950,1554157997,0.3849866986274719,7.430700049999999e-05,0.15,30.98758355316659,3.726143959378781,15825.736296415329
50000,1555713137,0.40549394488334656,7.404781049999999e-05,0.15,30.845548128607415,3.71323164805522,15830.869338035583
50050,1557263253,0.4083012044429779,7.378945783333333e-05,0.15,30.905893611930775,3.718717601084616,15835.930761098862
50100,1558821957,0.36931973695755005,7.352967383333331e-05,0.15,30.9162385703235,3.719658051847591,15841.02745437622
50150,1560379143,0.363770067691803,7.327014283333332e-05,0.15,30.886129678481463,3.7169208798619517,15872.883967161179
50200,1561935504,0.37935078144073486,7.301074933333333e-05,0.15,30.869766150306443,3.715433286391495,15877.938901424408
50250,1563494120,0.3557528257369995,7.275098e-05,0.15,30.914493127318167,3.7194993752107424,15882.993106603622
50300,1565044291,0.3983994424343109,7.249261816666667e-05,0.15,30.90699019060531,3.7188172900550285,15888.005563735962
50350,1566600872,0.4124490022659302,7.223318799999999e-05,0.15,30.874129757819784,3.715829977983617,15915.487121105194
50400,1568158443,0.4037949740886688,7.197359283333334e-05,0.15,30.893765991629806,3.7176150901481644,15920.547056913376
50450,1569716806,0.4154023230075836,7.171386566666665e-05,0.15,30.909474978677828,3.7190431798798027,15925.606234788895
50500,1571264986,0.3949023187160492,7.145583566666666e-05,0.15,30.86729404258713,3.715208549326103,15930.639341831207
50550,1572823052,0.40914463996887207,7.1196158e-05,0.15,30.90358410853482,3.718507646230438,15935.68597817421
50600,1574381723,0.36011287569999695,7.09363795e-05,0.15,30.915584029196502,3.719598548108773,15962.77934217453
50650,1575935708,0.37874817848205566,7.067738199999998e-05,0.15,30.822639189162384,3.711149017196581,15967.841787576675
50700,1577492069,0.3771560490131378,7.04179885e-05,0.15,30.869766150306443,3.715433286391495,15972.906975030899
50750,1579042284,0.4089374542236328,7.015961933333333e-05,0.15,30.907867453544938,3.718897041231358,15977.917912721634
50800,1580600295,0.3374451696872711,6.989995083333332e-05,0.15,30.902493206656484,3.718408473332408,16004.170609474182
50850,1582155842,0.34843650460243225,6.9640693e-05,0.15,30.85362080250709,3.713965527500645,16009.36891245842
50900,1583714040,0.3500825762748718,6.938099333333333e-05,0.15,30.906202273042823,3.7187456611857113,16014.5952937603
50950,1585261076,0.3912622928619385,6.912315399999998e-05,0.15,30.84448520615679,3.7131350187415264,16019.9525578022
51000,1586818262,0.3683280646800995,6.886362299999999e-05,0.15,30.886129678481463,3.7169208798619517,16103.608998060226
51050,1588377703,0.4002124071121216,6.860371616666665e-05,0.15,30.930856655493187,3.7209869686811987,16108.971133708954
51100,1589931182,0.3703567683696747,6.834480299999998e-05,0.15,30.812602891881706,3.710236626534701,16114.191916704178
51150,1591481507,0.4166436195373535,6.80864155e-05,0.15,30.91006061089401,3.7190964191721823,16119.343970298767
51200,1593038847,0.39551860094070435,6.782685883333335e-05,0.15,30.8891842037408,3.717198563976436,16124.494245290756
51250,1594594053,0.3769020438194275,6.756765783333334e-05,0.15,30.846857210861415,3.713350655532856,16165.819564819336
51300,1596154330,0.357921302318573,6.730761166666667e-05,0.15,30.947438364043872,3.7224943967312614,16170.894595384598
51350,1597707116,0.3845156729221344,6.7048814e-05,0.15,30.79885752821469,3.7089870480195173,16175.980341911316
51400,1599258112,0.4280606806278229,6.679031466666665e-05,0.15,30.92343887072334,3.7203126246112133,16181.09989118576
51450,1600814605,0.38013145327568054,6.653089916666665e-05,0.15,30.872384314814447,3.715671301346768,16207.541276931763
51500,1602373837,0.33951789140701294,6.627102716666665e-05,0.15,30.926711228355515,3.7206101116686834,16212.621579647064
51550,1603933135,0.3855355679988861,6.601114416666666e-05,0.15,30.928020310609515,3.7207291191463194,16217.704299926758
51600,1605481051,0.39508578181266785,6.575315816666666e-05,0.15,30.86203046494936,3.714730042268123,16222.798201084137
51650,1607038842,0.3660579025745392,6.549352633333331e-05,0.15,30.898129599143147,3.718011781740286,16257.505448102951
51700,1608599372,0.3909272253513336,6.523343799999999e-05,0.15,30.952456512684215,3.7229505920622015,16262.573435544968
51750,1610153753,0.3315160870552063,6.49743745e-05,0.15,30.830493682686395,3.7118630620623994,16267.658354759216
51800,1611713095,0.421718567609787,6.471448416666664e-05,0.15,30.928893032112185,3.720808457464744,16272.754313707352
51850,1613260615,0.3797988295555115,6.445656416666665e-05,0.15,30.8541350984927,3.714012281681155,16277.830856323242
51900,1614817207,0.39973658323287964,6.419713216666667e-05,0.15,30.87434793819545,3.7158498125632224,16307.269746541977
51950,1616376208,0.37077969312667847,6.393729866666666e-05,0.15,30.92212944046651,3.720193585496955,16312.480876684189
52000,1617933922,0.34406501054763794,6.367767966666666e-05,0.15,30.896602336513478,3.7178729396830437,16317.814563512802
52050,1619483081,0.38464418053627014,6.341948649999998e-05,0.15,30.88681314299386,3.716983012999442,16323.096424818039
52100,1621042357,0.372252881526947,6.315960716666667e-05,0.15,30.92758394985818,3.7206894499871073,16398.09527516365
52150,1622597794,0.38138923048973083,6.290036766666667e-05,0.15,30.85143899875042,3.713767181704584,16403.15315580368
52200,1624156443,0.3697383403778076,6.264059283333331e-05,0.15,30.91514766844517,3.7195588789495613,16408.20494580269
52250,1625714069,0.3191344141960144,6.23809885e-05,0.15,30.89485689350814,3.7177142630461946,16413.25667667389
52300,1627262898,0.33233630657196045,6.212285033333334e-05,0.15,30.880233670946648,3.7163848791769682,16473.18537926674
52350,1628820821,0.4014081656932831,6.18631965e-05,0.15,30.90074776365115,3.7182497966955594,16478.171770572662
52400,1630377358,0.3408423066139221,6.160377366666666e-05,0.15,30.873257036317113,3.7157506396651923,16483.155910015106
52450,1631935281,0.3546690046787262,6.134411983333332e-05,0.15,30.90074776365115,3.7182497966955594,16488.17245411873
52500,1633482317,0.36186692118644714,6.10862805e-05,0.15,30.84448520615679,3.7131350187415264,16493.180721998215
52550,1635042187,0.36899399757385254,6.082630216666665e-05,0.15,30.939365690144196,3.7217605172858366,16532.232251167297
52600,1636599230,0.39027395844459534,6.056679499999999e-05,0.15,30.883293333597795,3.716663030327072,16537.5048391819
52650,1638157758,0.38539981842041016,6.0307040333333336e-05,0.15,30.91274768431283,3.719340698573894,16542.723145246506
52700,1639706774,0.37499725818634033,6.004887099999999e-05,0.15,30.883962038440067,3.7167238216763696,16547.949527978897
52750,1641265544,0.3423524796962738,5.9789075999999994e-05,0.15,30.917547652577504,3.7197770593252275,16651.75514435768
52800,1642823489,0.4254929721355438,5.952941849999998e-05,0.15,30.901184124402484,3.718289465854771,16656.92593550682
52850,1644382875,0.4074983596801758,5.9269520833333315e-05,0.15,30.929765753614852,3.7208877957831685,16662.141304254532
52900,1645940248,0.3982187509536743,5.900995866666667e-05,0.15,30.889838744867802,3.717258067715255,16667.3619055748
52950,1647490001,0.35570454597473145,5.875166649999998e-05,0.15,30.898656192678843,3.718059653879895,16705.92702436447
53000,1649045152,0.32913026213645935,5.8492474666666665e-05,0.15,30.84576630898308,3.7132514826348255,16711.046311616898
53050,1650600501,0.3463916778564453,5.823324983333332e-05,0.15,30.849693555745088,3.7136085050677354,16716.127778291702
53100,1652159073,0.398345410823822,5.797348783333332e-05,0.15,30.9136204058155,3.719420036892318,16721.18790745735
53150,1653709629,0.40552300214767456,5.771506183333332e-05,0.15,30.91466624132706,3.719515112847914,16726.230360984802
53200,1655266848,0.36649614572525024,5.745552533333333e-05,0.15,30.886784219608465,3.7169803836007698,16755.255406856537
53250,1656822945,0.4427598714828491,5.7196175833333326e-05,0.15,30.86452982129044,3.714957256480949,16760.35072374344
53300,1658382848,0.3505038619041443,5.693619199999999e-05,0.15,30.9400202312712,3.7218200210246546,16765.524455070496
53350,1659940606,0.3931899964809418,5.667656566666666e-05,0.15,30.897475058016145,3.7179522780014675,16770.77102303505
53400,1661490436,0.4027140438556671,5.641826066666665e-05,0.15,30.900191402823193,3.7181992184384725,16868.835513353348
53450,1663047325,0.3471216559410095,5.6158779166666646e-05,0.15,30.880238808338458,3.7163853462125873,16874.017258882523
53500,1664606634,0.38586723804473877,5.589889433333334e-05,0.15,30.928238490985184,3.7207489537259253,16879.279757738113
53550,1666162643,0.34530678391456604,5.563955949999999e-05,0.15,30.862784378285102,3.7147985798441,16884.452629566193
53600,1667711538,0.4024760127067566,5.538141033333334e-05,0.15,30.88154956535609,3.7165045059414625,16937.177452802658
53650,1669269483,0.41235315799713135,5.5121752833333335e-05,0.15,30.901184124402484,3.718289465854771,16942.2138402462
53700,1670825162,0.3106689155101776,5.4862473e-05,0.15,30.856238967015095,3.714203542455918,16947.25218105316
53750,1672384163,0.39642688632011414,5.460263950000001e-05,0.15,30.92212944046651,3.720193585496955,16952.28733897209
53800,1673942020,0.35602548718452454,5.4342996666666646e-05,0.15,30.899438681397147,3.718130789217922,16957.315630674362
53850,1675491575,0.3711959421634674,5.40847375e-05,0.15,30.894708509450513,3.71770077358641,16982.971655845642
53900,1677051566,0.38631707429885864,5.3824738999999986e-05,0.15,30.941765674276535,3.7219786976615037,16987.96963906288
53950,1678610050,0.37667232751846313,5.356499166666667e-05,0.15,30.911874962810163,3.719261360255469,16992.966253995895
54000,1680167973,0.32636722922325134,5.330533783333333e-05,0.15,30.90074776365115,3.7182497966955594,16997.964026212692
54050,1681716714,0.41712504625320435,5.3047214333333344e-05,0.15,30.87847914506739,3.716225376824308,17023.315057516098
54100,1683275000,0.4319377839565277,5.2787499999999996e-05,0.15,30.90794771604816,3.7189043378225595,17028.323738098145
54150,1684829293,0.39255860447883606,5.252845116666665e-05,0.15,30.82874823968106,3.711704385425551,17033.332741737366
54200,1686387238,0.3710530400276184,5.226879366666668e-05,0.15,30.901184124402484,3.718289465854771,17038.518448114395
54250,1687936650,0.445120632648468,5.201055833333333e-05,0.15,30.891857404896722,3.717441582263339,17043.85394191742
54300,1689494496,0.3395856022834778,5.175091733333332e-05,0.15,30.89922050102148,3.7181109546383166,17074.74136853218
54350,1691052573,0.37856820225715637,5.149123783333332e-05,0.15,30.903802288910487,3.718527480810044,17079.735484600067
54400,1692608769,0.38894498348236084,5.1231871833333315e-05,0.15,30.86649344467144,3.715135767697404,17084.73325610161
54450,1694164536,0.2976016402244568,5.0972577333333334e-05,0.15,30.85798441002043,3.714362219092766,17089.738178253174
54500,1695716533,0.4006280303001404,5.0713911166666674e-05,0.15,30.94339660259989,3.7221269638727175,17119.98447394371
54550,1697275127,0.396240234375,5.045414550000001e-05,0.15,30.914056766566834,3.71945970605153,17124.976108789444
54600,1698834458,0.44933372735977173,5.0194257000000004e-05,0.15,30.928674851736517,3.720788622885138,17129.974301576614
54650,1700392458,0.3028453290462494,4.993459033333334e-05,0.15,30.90227502628082,3.718388638752802,17134.968888521194
54700,1701941056,0.38132914900779724,4.9676490666666657e-05,0.15,30.875628040513597,3.715966185501236,17170.07008266449
54750,1703499133,0.3722805678844452,4.9416811166666656e-05,0.15,30.903802288910487,3.718527480810044,17175.05241370201
54800,1705057155,0.4265266954898834,4.915714083333332e-05,0.15,30.902711387032152,3.718428307912014,17180.03979587555
54850,1706615672,0.3759675920009613,4.8897387999999984e-05,0.15,30.912529503937165,3.719320863994288,17185.043394804
54900,1708173001,0.36748775839805603,4.8637833166666676e-05,0.15,30.888966023365136,3.7171787293968306,17190.043476104736
54950,1709724327,0.4072389602661133,4.8379278833333313e-05,0.15,30.930018342770556,3.7209107584336865,17226.981828689575
55000,1711282316,0.43041542172431946,4.8119614e-05,0.15,30.90205684590515,3.7183688041731955,17231.97681069374
55050,1712836455,0.37596839666366577,4.786059083333335e-05,0.15,30.82569371442172,3.711426701311065,17236.97011756897
55100,1714393938,0.4103925824165344,4.7601010333333344e-05,0.15,30.892020548624473,3.7174564135113157,17241.9642162323
55150,1715945660,0.37904101610183716,4.734238999999999e-05,0.15,30.93791370922721,3.7216285190206553,17283.457249403
55200,1717504056,0.36537232995033264,4.708265733333332e-05,0.15,30.910129519804826,3.7191026836186207,17288.447261571884
55250,1719062111,0.3471934199333191,4.682298149999999e-05,0.15,30.903365928159154,3.718487811650832,17293.43710899353
55300,1720619539,0.3602493703365326,4.656341016666665e-05,0.15,30.890929646746137,3.717357240613285,17298.424750328064
55350,1722175086,0.41333654522895813,4.6304152333333335e-05,0.15,30.85362080250709,3.713965527500645,17328.49231505394
55400,1723723332,0.3304579555988312,4.604611133333331e-05,0.15,30.86860993699657,3.715328176090597,17333.467406511307
55450,1725279044,0.3840119540691376,4.5786825999999984e-05,0.15,30.856893508142093,3.714263046194736,17338.46282505989
55500,1726840047,0.3367803692817688,4.552665883333334e-05,0.15,30.96183826883789,3.723803478985263,17343.445366621017
55550,1728396617,0.40229296684265137,4.5267230500000006e-05,0.15,30.873911577444115,3.7158101434040107,17348.422414064407
55600,1729947272,0.40793728828430176,4.500878800000001e-05,0.15,30.916640082941225,3.7196945529946572,17375.95392394066
55650,1731504810,0.40380480885505676,4.474919833333331e-05,0.15,30.893111450502808,3.7175555864093464,17380.96133518219
55700,1733060335,0.41673097014427185,4.448994416666667e-05,0.15,30.853184441755758,3.7139258583414327,17385.948275089264
55750,1734619842,0.36110755801200867,4.4230026333333336e-05,0.15,30.932165737747187,3.7211059761588348,17390.931070566177
55800,1736167703,0.3563307523727417,4.39720495e-05,0.15,30.86093388627482,3.714630353297711,17416.866811037064
55850,1737725670,0.4206666350364685,4.3712388333333315e-05,0.15,30.901620485153817,3.718329135013983,17421.83198070526
55900,1739279215,0.3799580931663513,4.345346416666666e-05,0.15,30.81391197413571,3.710355634012337,17426.822427034378
55950,1740841230,0.4291439354419708,4.319312833333332e-05,0.15,30.98191086339925,3.7256282603090227,17431.805583000183
56000,1742399263,0.43034788966178894,4.293345616666666e-05,0.15,30.902929567407817,3.71844814249162,17458.602205514908
56050,1743948004,0.3361171782016754,4.2675332666666675e-05,0.15,30.87847914506739,3.716225376824308,17463.594455718994
56100,1745504816,0.4120020866394043,4.2415863999999996e-05,0.15,30.87871154570879,3.7162465041553445,17468.599458932877
56150,1747064906,0.3931703269481659,4.215584899999999e-05,0.15,30.943729297657537,3.722157208877958,17473.591918468475
56200,1748626316,0.3761332333087921,4.189561399999999e-05,0.15,30.96991094273757,3.724537358430688,17478.569476366043
56250,1750174782,0.36672452092170715,4.163753633333333e-05,0.15,30.872996251694712,3.715726931972247,17506.53790330887
56300,1751729669,0.4250779151916504,4.1378388499999995e-05,0.15,30.840529979967073,3.7127754527242796,17511.542080640793
56350,1753287845,0.4195459187030792,4.111869249999999e-05,0.15,30.90576591229149,3.7187059920264987,17516.533138275146
56400,1754843722,0.41517341136932373,4.085937966666666e-05,0.15,30.8601662137771,3.7145605648888274,17521.509987592697
56450,1756405583,0.37383753061294556,4.05990695e-05,0.15,30.978856338139913,3.7253505761945376,17547.92714190483
56500,1757954049,0.39257103204727173,4.0340991833333315e-05,0.15,30.872996251694712,3.715726931972247,17552.914672136307
56550,1759509893,0.3784855306148529,4.00816845e-05,0.15,30.859511672650097,3.7145010611500093,17557.94147181511
56600,1761067882,0.4109432101249695,3.982201966666665e-05,0.15,30.90205684590515,3.7183688041731955,17562.924538850784
56650,1762628852,0.38821330666542053,3.956185799999999e-05,0.15,30.961183727710893,3.7237439752464443,17589.068544864655
56700,1764175646,0.35147717595100403,3.930405900000001e-05,0.15,30.839660259988836,3.7126963872717123,17594.052595853806
56750,1765734636,0.324573814868927,3.9044227333333345e-05,0.15,30.92191126009084,3.7201737509173487,17599.05584836006
56800,1767292669,0.3942511975765228,3.878455516666665e-05,0.15,30.902929567407817,3.71844814249162,17604.05335879326
56850,1768849096,0.4307723045349121,3.852515066666666e-05,0.15,30.871075232560447,3.715552293869131,17609.028850317
56900,1770406139,0.34587275981903076,3.82656435e-05,0.15,30.883293333597795,3.716663030327072,17634.7168841362
56950,1771958345,0.35900846123695374,3.800694249999999e-05,0.15,30.94756360156312,3.7225057819602836,17639.695481300354
57000,1773516290,0.36482223868370056,3.774728499999998e-05,0.15,30.901184124402484,3.718289465854771,17644.698627233505
57050,1775071122,0.36735227704048157,3.7488146333333333e-05,0.15,30.83943907808874,3.7126762798262494,17649.6767847538
57100,1776631674,0.40957212448120117,3.722805433333335e-05,0.15,30.952892873435548,3.722990261221413,17675.10352754593
57150,1778178061,0.414798766374588,3.697032316666665e-05,0.15,30.83154557779727,3.711958688890661,17680.079103946686
57200,1779738305,0.34462785720825195,3.671028250000001e-05,0.15,30.946783822916874,3.722434892992443,17685.068972349167
57250,1781296096,0.37653133273124695,3.6450650666666656e-05,0.15,30.898129599143147,3.718011781740286,17690.055859327316
57300,1782849388,0.4394914209842682,3.619176866666667e-05,0.15,30.808893825495367,3.709899438681397,17715.464341640472
57350,1784399801,0.399988055229187,3.59333665e-05,0.15,30.911815136773267,3.7192559215248426,17720.486993312836
57400,1785955788,0.3684709668159485,3.5674035333333316e-05,0.15,30.86234801753377,3.714758910684888,17725.47629714012
57450,1787513502,0.35219791531562805,3.541441633333333e-05,0.15,30.896602336513478,3.7178729396830437,17730.474512815475
57500,1789070358,0.37149181962013245,3.515494033333332e-05,0.15,30.879584267211456,3.716325842473769,17735.450961351395
57550,1790629205,0.32300981879234314,3.489513249999999e-05,0.15,30.919074915207172,3.7199159013824707,17760.83932542801
57600,1792179035,0.43451911211013794,3.4636827500000005e-05,0.15,30.900191402823193,3.7181992184384725,17765.81176185608
57650,1793736397,0.3813849091529846,3.437726716666668e-05,0.15,30.889620564492137,3.7172382331356486,17770.81141591072
57700,1795297708,0.3707742989063263,3.4117048666666677e-05,0.15,30.967947319356565,3.7243588472142335,17775.795157194138
57750,1796853552,0.3604830503463745,3.3857741333333335e-05,0.15,30.859511672650097,3.7145010611500093,17801.350944519043
57800,1798400522,0.3239823579788208,3.359991299999999e-05,0.15,30.84316931174735,3.7130153919770312,17806.340010643005
57850,1799956828,0.3958980143070221,3.3340528666666667e-05,0.15,30.868675248428108,3.715334113493464,17811.346705913544
57900,1801514575,0.32788750529289246,3.3080904166666656e-05,0.15,30.89725687764048,3.7179324434218617,17816.332535505295
57950,1803070628,0.39638084173202515,3.282156199999999e-05,0.15,30.86365709978777,3.7148779181625247,17841.454976081848
58000,1804627704,0.3739393651485443,3.256204933333334e-05,0.15,30.883947874724797,3.7167225340658905,17846.453034877777
58050,1806175620,0.4102684259414673,3.230406333333334e-05,0.15,30.86203046494936,3.714730042268123,17851.423115968704
58100,1807733543,0.3699842691421509,3.2044409500000004e-05,0.15,30.90074776365115,3.7182497966955594,17856.41705608368
58150,1809289761,0.41473549604415894,3.178503983333332e-05,0.15,30.866929805422775,3.7151754368566157,17861.40146613121
58200,1810846551,0.4161717891693115,3.1525574833333325e-05,0.15,30.878275184957456,3.716206834996133,17886.61604452133
58250,1812395369,0.3728275001049042,3.126743850000001e-05,0.15,30.88001435521174,3.7163649413828854,17891.590595960617
58300,1813950498,0.3635360598564148,3.1008250333333325e-05,0.15,30.845329948231747,3.713211813475614,17896.581763982773
58350,1815509378,0.4433121979236603,3.074843699999998e-05,0.15,30.919729456334174,3.7199754051212888,17901.570148468018
58400,1817067015,0.39753401279449463,3.048883083333332e-05,0.15,30.89507507388381,3.717734097625801,17926.924075365067
58450,1818626467,0.3829222023487091,3.022892216666668e-05,0.15,30.931074835868852,3.721006803260805,17931.92698955536
58500,1820177771,0.3913520872592926,2.997037149999999e-05,0.15,30.929579711300743,3.7208708828455226,17936.903922080994
58550,1821736574,0.3648267090320587,2.9710571000000004e-05,0.15,30.918202193704506,3.7198365630640455,17941.89510655403
58600,1823291780,0.37946557998657227,2.9451369999999995e-05,0.15,30.846857210861415,3.713350655532856,17967.060219287872
58650,1824848141,0.4049602448940277,2.9191976500000014e-05,0.15,30.869766150306443,3.715433286391495,17972.055982112885
58700,1826400413,0.4019721448421478,2.8933264499999996e-05,0.15,30.948879495972566,3.7226254087247783,17977.03178548813
58750,1827961053,0.3330210745334625,2.8673157833333325e-05,0.15,30.95463831644088,3.723148937858262,17982.03099298477
58800,1829516831,0.36545485258102417,2.841386149999999e-05,0.15,30.858202590396097,3.7143820536723724,17987.01706457138
58850,1831071652,0.41647911071777344,2.8154724666666662e-05,0.15,30.839220897713073,3.7126564452466435,18012.396278619766
58900,1832621801,0.3150123059749603,2.789636650000001e-05,0.15,30.906551559135497,3.7187774144668633,18017.419162988663
58950,1834177645,0.338649183511734,2.7637059166666663e-05,0.15,30.859511672650097,3.7145010611500093,18022.387901067734
59000,1835736151,0.37756699323654175,2.737730816666668e-05,0.15,30.912311323561497,3.7193010294146815,18027.379606962204
59050,1837298694,0.3180311322212219,2.7116884333333344e-05,0.15,30.992383521431265,3.726580320130115,18052.6446955204
59100,1838855022,0.4458307921886444,2.6857496333333317e-05,0.15,30.869111609179445,3.7153737826526765,18057.641315698624
59150,1840404423,0.3781602680683136,2.6599262833333325e-05,0.15,30.891638089161816,3.717421644469256,18062.612348794937
59200,1841963446,0.3737330734729767,2.633942566666667e-05,0.15,30.922565801217843,3.7202332546561676,18067.60536980629
59250,1843518751,0.361534982919693,2.608020816666666e-05,0.15,30.848820834242417,3.7135291667493107,18092.952394485474
59300,1845075629,0.4076465964317322,2.582072850000001e-05,0.15,30.88002062796279,3.716365511632981,18097.9480574131
59350,1846626515,0.40081357955932617,2.5562247499999987e-05,0.15,30.921245713374272,3.7201132466703886,18102.92325615883
59400,1848182568,0.4143275320529938,2.5302905333333325e-05,0.15,30.86365709978777,3.7148779181625247,18107.924075126648
59450,1849742625,0.3489096760749817,2.504289583333333e-05,0.15,30.943074756530535,3.7220977051391397,18112.905324697495
59500,1851299272,0.37494102120399475,2.4783454666666668e-05,0.15,30.875438840073784,3.715948985461253,18137.88521552086
59550,1852857250,0.35442599654197693,2.452379166666667e-05,0.15,30.901838665529485,3.718348969593589,18142.873626232147
59600,1854404220,0.4376353621482849,2.4265963333333326e-05,0.15,30.84316931174735,3.7130153919770312,18147.845452785492
59650,1855962429,0.34973272681236267,2.400626183333334e-05,0.15,30.90642045341849,3.7187654957653176,18152.840720653534
59700,1857521628,0.41242077946662903,2.3746395333333323e-05,0.15,30.926056687228513,3.7205506079298645,18177.83506321907
59750,1859076845,0.4166228771209717,2.3487192499999997e-05,0.15,30.847075391237084,3.713370490112462,18182.82480621338
59800,1860626774,0.3323306143283844,2.322887099999998e-05,0.15,30.902165244437356,3.7183786585852143,18187.802455425262
59850,1862183652,0.3286789059638977,2.2969391333333333e-05,0.15,30.88002062796279,3.716365511632981,18192.80191731453
59900,1863737153,0.3494621515274048,2.2710474499999986e-05,0.15,30.81303925263304,3.710276295693913,18218.15904211998
59950,1865296473,0.42931458353996277,2.2450587833333334e-05,0.15,30.928456671360852,3.7207687883055316,18223.144848823547
60000,1866854660,0.37954872846603394,2.2190889999999984e-05,0.15,30.905984092667158,3.718725826606105,18228.142910718918
60050,1868403896,0.3845701217651367,2.1932684e-05,0.15,30.88834835313821,3.7171225775580194,18233.101873397827
60100,1869961709,0.3647388219833374,2.1673048500000014e-05,0.15,30.89856595989448,3.7180514508994986,18238.09237885475
60150,1871519951,0.3576265573501587,2.1413341500000004e-05,0.15,30.90707499454549,3.7188249995041356,18263.476801395416
60200,1873076862,0.334252268075943,2.115385633333333e-05,0.15,30.88067516908979,3.716425015371799,18268.468314886093
60250,1874627308,0.3628098666667938,2.089544866666668e-05,0.15,30.91247308397799,3.7193157349070898,18273.44311261177
60300,1876182866,0.39519399404525757,2.0636189000000014e-05,0.15,30.853838982882756,3.7139853620802508,18278.4401743412
60350,1877745332,0.36519309878349304,2.037577800000001e-05,0.15,30.990856258801596,3.7264414780728727,18303.749125242233
60400,1879297227,0.39904239773750305,2.011712883333333e-05,0.15,30.781184917785666,3.707380447071424,18308.745913028717
60450,1880846573,0.38561251759529114,1.9858904499999996e-05,0.15,30.890541510487278,3.7173219554988437,18313.742040157318
60500,1882404078,0.41010281443595886,1.9599320333333325e-05,0.15,30.892456909375806,3.7174960826705283,18318.71850824356
60550,1883965037,0.3535434305667877,1.9339160499999984e-05,0.15,30.960965547335224,3.7237241406668384,18345.324553489685
60600,1885521585,0.38401415944099426,1.907973583333332e-05,0.15,30.873475216692782,3.7157704742447986,18350.31209731102
60650,1887080355,0.3759232759475708,1.8819940833333323e-05,0.15,30.917547652577504,3.7197770593252275,18355.303201913834
60700,1888628282,0.43253642320632935,1.8561953000000008e-05,0.15,30.862249780684266,3.714749980062206,18360.278832912445
60750,1890185479,0.34745022654533386,1.8302420166666652e-05,0.15,30.886347858857132,3.7169407144415576,18365.2709004879
60800,1891743193,0.3974933624267578,1.8042801166666664e-05,0.15,30.896602336513478,3.7178729396830437,18391.754240751266
60850,1893303481,0.38149863481521606,1.778275316666665e-05,0.15,30.94765654441954,3.7225142313108677,18396.74409198761
60900,1894850352,0.41267263889312744,1.752494133333334e-05,0.15,30.841195470133183,3.71283595183029,18401.716161966324
60950,1896407098,0.35506489872932434,1.726548366666668e-05,0.15,30.877402463454786,3.7161274966777076,18406.713156700134
61000,1897965439,0.4030724763870239,1.700576016666667e-05,0.15,30.909038617926495,3.7190035107205905,18432.68665790558
61050,1899526673,0.3809976279735565,1.6745554500000003e-05,0.15,30.966420056726896,3.7242200051569907,18437.682188510895
61100,1901081703,0.38131746649742126,1.6486382833333324e-05,0.15,30.843366324850745,3.713033302259159,18442.68322443962
61150,1902632226,0.30594903230667114,1.6227962333333344e-05,0.15,30.91400829412234,3.7194552994656673,18447.661827087402
61200,1904193724,0.4321410357952118,1.5967712666666665e-05,0.15,30.971656385742904,3.7246960350675367,18475.38176035881
61250,1905748688,0.3787490129470825,1.5708551999999996e-05,0.15,30.84205724259674,3.7129142947815215,18480.36025571823
61300,1907306776,0.3554691970348358,1.5448870666666678e-05,0.15,30.904020469286152,3.71854731538965,18485.349943637848
61350,1908855539,0.3964938223361969,1.519074349999999e-05,0.15,30.878917776537204,3.7162652524124735,18490.334342241287
61400,1910412461,0.3409744203090668,1.49312565e-05,0.15,30.88089334946546,3.7164448499514053,18495.327433347702
61450,1911974179,0.38017529249191284,1.4670970166666652e-05,0.15,30.976019993256244,3.7250927266596587,18523.5889647007
61500,1913528857,0.34834620356559753,1.4411857166666662e-05,0.15,30.836384552829404,3.712398595711764,18528.577852249146
61550,1915085878,0.3632604479789734,1.4152353666666671e-05,0.15,30.88285697284646,3.7166233611678603,18533.593146324158
61600,1916637369,0.3791877031326294,1.3893771833333334e-05,0.15,30.933308078794163,3.721209825344924,18538.590259075165
61650,1918191662,0.40016970038414,1.3634722999999991e-05,0.15,30.82874823968106,3.711704385425551,18565.954946756363
61700,1919749431,0.38482025265693665,1.3375094833333343e-05,0.15,30.897693238391813,3.7179721125810734,18570.942036151886
61750,1921305484,0.35350465774536133,1.311575266666668e-05,0.15,30.86365709978777,3.7148779181625247,18575.933554649353
61800,1922854401,0.39469221234321594,1.2857599833333332e-05,0.15,30.881988196825905,3.7165443815296273,18580.900916576385
61850,1924410663,0.3618151843547821,1.2598222833333315e-05,0.15,30.86780252692544,3.7152547751750404,18607.70308613777
61900,1925967178,0.37922897934913635,1.2338803666666674e-05,0.15,30.87282067556578,3.7157109705059796,18612.684930324554
61950,1927526564,0.3600151836872101,1.207890600000001e-05,0.15,30.929765753614852,3.7208877957831685,18617.688063383102
62000,1929078429,0.4616887867450714,1.1820261833333344e-05,0.15,30.940764813781005,3.7218877103437276,18622.67633986473
62050,1930635032,0.40975379943847656,1.156082799999999e-05,0.15,30.874566118571117,3.7158696471428287,18627.665712594986
62100,1932190810,0.4049825072288513,1.1301531666666653e-05,0.15,30.858202590396097,3.7143820536723724,18653.834515571594
62150,1933751835,0.3494119346141815,1.1041360833333334e-05,0.15,30.962274629589224,3.723843148144475,18658.81966996193
62200,1935307921,0.3707130253314972,1.078201316666668e-05,0.15,30.86431164091477,3.7149374219013427,18663.80388212204
62250,1936856794,0.3965568542480469,1.0523867666666674e-05,0.15,30.881110933886276,3.7164646303532978,18668.77296924591
62300,1938411758,0.40838316082954407,1.0264707000000006e-05,0.15,30.84205724259674,3.7129142947815215,18694.990957975388
62350,1939968922,0.3429163992404938,1.0005179666666674e-05,0.15,30.88569331773013,3.716881210702739,18699.981894016266
62400,1941527857,0.3656982481479645,9.745357166666667e-06,0.15,30.92082035821251,3.720074578019319,18704.97917032242
62450,1943077698,0.3584207594394684,9.487050333333334e-06,0.15,30.9004107185581,3.7182191562325544,18709.957629442215
62500,1944635533,0.34371450543403625,9.227411166666676e-06,0.15,30.899002320645813,3.7180911200587103,18735.569854021072
62550,1946193038,0.3231769800186157,8.967827000000005e-06,0.15,30.892456909375806,3.7174960826705283,18740.553872585297
62600,1947750510,0.34396082162857056,8.708248333333323e-06,0.15,30.891802368248804,3.7174365789317094,18745.542329788208
62650,1949306794,0.4145759344100952,8.44886766666667e-06,0.15,30.868238887676775,3.715294444334252,18750.5414583683
62700,1950855040,0.36120128631591797,8.19082666666665e-06,0.15,30.86860993699657,3.715328176090597,18755.512609004974
62750,1952413942,0.4057958722114563,7.931009666666665e-06,0.15,30.920165817085508,3.7200150742805005,18780.798979520798
62800,1953972800,0.3642849624156952,7.671199999999988e-06,0.15,30.91929309558284,3.7199357359620766,18785.780701637268
62850,1955530866,0.43720272183418274,7.411522333333342e-06,0.15,30.90358410853482,3.718507646230438,18790.76680803299
62900,1957078122,0.40740928053855896,7.153646333333318e-06,0.15,30.84887152085493,3.7135337746231754,18795.74406528473
62950,1958637057,0.37876269221305847,6.893823833333345e-06,0.15,30.92082035821251,3.720074578019319,18824.54912686348
63000,1960191394,0.35231661796569824,6.634767666666663e-06,0.15,30.82962096118373,3.7117837237439755,18829.523610830307
63050,1961752815,0.34232255816459656,6.3745308333333465e-06,0.15,30.970129123113235,3.7245571930102943,18834.517295837402
63100,1963307988,0.3719511330127716,6.115335333333327e-06,0.15,30.846202669734414,3.7132911517940372,18839.511502742767
63150,1964855695,0.39202994108200073,5.857384166666679e-06,0.15,30.857863465986124,3.714351224180557,18868.986446142197
63200,1966415147,0.36329707503318787,5.597475500000004e-06,0.15,30.931074835868852,3.721006803260805,18873.94976735115
63250,1967972520,0.3818710744380951,5.337913333333321e-06,0.15,30.889838744867802,3.717258067715255,18878.93359541893
63300,1969528826,0.4202653169631958,5.078528999999998e-06,0.15,30.868675248428108,3.715334113493464,18883.9334127903
63350,1971078755,0.4278799593448639,4.820207499999984e-06,0.15,30.902165244437356,3.7183786585852143,18888.89621448517
63400,1972635237,0.37257683277130127,4.560793833333332e-06,0.15,30.872166134438782,3.7156514667671625,18918.07961511612
63450,1974193424,0.38817185163497925,4.301096000000015e-06,0.15,30.905984092667158,3.718725826606105,18923.065854787827
63500,1975753118,0.3566824793815613,4.041147e-06,0.15,30.935874804133526,3.721443164012139,18928.0619225502
63550,1977299835,0.3316388726234436,3.7833608333333487e-06,0.15,30.838125049844486,3.712556822713135,18933.06331706047
63600,1978857109,0.39252418279647827,3.523815166666666e-06,0.15,30.8878751214868,3.7170795564988,18963.749032974243
63650,1980412172,0.42264100909233093,3.2646379999999973e-06,0.15,30.844020865977747,3.713092805997977,18968.715047836304
63700,1981968984,0.37218594551086426,3.0051693333333236e-06,0.15,30.87871154570879,3.7162465041553445,18973.683225154877
63750,1983527160,0.3568524122238159,2.7454733333333256e-06,0.15,30.90576591229149,3.7187059920264987,18978.657006263733
63800,1985077023,0.31640422344207764,2.4871628333333226e-06,0.15,30.90084935002791,3.718259031820719,19020.543484687805
63850,1986631976,0.4060307443141937,2.2280040000000053e-06,0.15,30.841839062221077,3.712894460201916,19025.522876024246
63900,1988191197,0.3787347674369812,1.9681338333333185e-06,0.15,30.926493047979847,3.720590277089077,19030.49984884262
63950,1989752453,0.3746640086174011,1.707924500000013e-06,0.15,30.966856417478233,3.724259674316203,19035.47757101059
64000,1991299731,0.3732199966907501,1.4500448333333193e-06,0.15,30.849310152324747,3.7135736502113406,19040.43186712265
64050,1992856257,0.39164552092552185,1.1906238333333261e-06,0.15,30.87303885594145,3.715730805085586,19081.658321857452
64100,1994413212,0.3494659662246704,9.311313333333459e-07,0.15,30.881547890592458,3.7165043536902234,19086.636396169662
64150,1995969672,0.43104416131973267,6.717213333333305e-07,0.15,30.871729773687445,3.71561179760795,19091.615879058838
64200,1997527133,0.3633821904659271,4.121445000000001e-07,0.15,30.89158418787314,3.717416744352103,19096.596525669098
64250,1999076765,0.3921498954296112,1.5387249999998518e-07,0.15,30.896243719594864,3.717840338144988,19127.810618400574
