updates,tokens,loss,lr,mask_rate,seq_len,walk_len,seconds
50,1561047,9.470650672912598,2.3415705e-06,0.6999573548146163,30.96271099034056,3.7238828173036875,6.1936376094818115
100,3118717,9.315614700317383,4.678075499999999e-06,0.6998297880747933,30.89572961501081,3.717793601364619,11.453380584716797
150,4674121,9.054244995117188,7.011181499999999e-06,0.6996176703753537,30.85078445762342,3.713707677965765,16.704087018966675
200,6229965,8.714217185974121,9.3449475e-06,0.6993207818817285,30.859511672650097,3.7145010611500093,21.925193071365356
250,7780917,8.324796676635742,1.16713755e-05,0.6989405032861844,30.922561607783713,3.720232873434883,129.80011510849
300,9339236,7.940613269805908,1.4008853999999998e-05,0.6984736267413852,30.908602257175158,3.7189638415613784,135.13996648788452
350,10895058,7.594602108001709,1.6342587e-05,0.6979227099455911,30.859075311898764,3.7144613919907967,140.46552562713623
400,12452508,7.317974090576172,1.8678762e-05,0.6972863632789238,30.89136600749747,3.717396909772497,145.7917296886444
450,14000534,7.040029048919678,2.1000800999999997e-05,0.6965697383350097,30.86422362229843,3.714929420208948,242.01430439949036
500,15553980,6.774146556854248,2.333097e-05,0.6957662898577929,30.811948350754705,3.710177122795882,247.13486242294312
550,17113960,6.509823322296143,2.5670939999999994e-05,0.694874466529572,30.941547493900867,3.7219588630818974,252.22706842422485
600,18669914,6.157199382781982,2.8004870999999997e-05,0.6939001004465706,30.861693476406767,3.71469940694607,257.32150053977966
650,20227342,5.798796653747559,3.0341013e-05,0.6928399561232631,30.890929646746137,3.717357240613285,262.39761304855347
700,21773839,5.425950050354004,3.26607585e-05,0.6917032488660364,30.833738735146344,3.7121580668314853,336.0620527267456
750,23332378,5.00075626373291,3.4998567e-05,0.6904730023951394,30.9129658646885,3.7193605331535,341.10914874076843
800,24890257,4.575230121612549,3.73353855e-05,0.6891583143632941,30.89987504214848,3.7181704583771347,346.11223578453064
850,26448070,4.134789943695068,3.9672104999999996e-05,0.6877587428823142,30.89856595989448,3.7180514508994986,351.1020052433014
900,27997702,3.6449384689331055,4.1996552999999995e-05,0.686282251947586,30.896243719594864,3.717840338144988,393.33418130874634
950,29554228,3.2200846672058105,4.4331341999999995e-05,0.6847145831281702,30.87303885594145,3.715730805085586,398.38648676872253
1000,31112492,2.803786516189575,4.666873799999999e-05,0.6830602247271238,30.907511355296826,3.7188646686633478,403.43578147888184
1050,32667280,2.383321762084961,4.9000919999999995e-05,0.6813248543045279,30.83856635658607,3.7125969415078246,408.48598527908325
1100,34227018,1.9644432067871094,5.1340526999999995e-05,0.6794989466794843,30.936747525636193,3.721522502330563,456.22003841400146
1150,35772668,1.685949444770813,5.3659001999999994e-05,0.6776055339228311,30.816851423558496,3.710622856687136,461.2338752746582
1200,37332604,1.3996541500091553,5.5998906e-05,0.6756098418751356,30.9406747723982,3.7218795247634726,466.28861474990845
1250,38888965,1.2637513875961304,5.833344749999999e-05,0.6735338470215035,30.869766150306443,3.715433286391495,471.34969878196716
1300,40445029,1.147386908531189,6.066754349999999e-05,0.6713734935108102,30.863875280163438,3.714897752742131,476.41121888160706
1350,41997818,1.077023983001709,6.299672699999999e-05,0.6691332074566804,30.9591873355132,3.7235624850466547,527.8579857349396
1400,43553838,1.0815500020980835,6.5330757e-05,0.6668036059207207,30.86300255866077,3.714818414423706,532.9029355049133
1450,45112872,0.9496411085128784,6.7669308e-05,0.6643845036484533,30.92278398159351,3.720253089235774,537.9553651809692
1500,46671906,0.8910171985626221,7.000785899999999e-05,0.6618803308307254,30.92278398159351,3.720253089235774,543.005398273468
1550,48223694,0.8581351041793823,7.2335541e-05,0.6593033183974013,30.939229603636655,3.7217481457851505,597.3718461990356
1600,49782629,0.863264262676239,7.467394349999999e-05,0.6566295723723463,30.92082035821251,3.720074578019319,602.3941812515259
1650,51343533,0.8218264579772949,7.701529949999999e-05,0.6538672283338635,30.95987464545689,3.7236249677688082,607.4383249282837
1700,52898156,0.8068891167640686,7.934723399999998e-05,0.6510312391064941,30.83529365095107,3.712299422813734,612.4852731227875
1750,54459082,0.8363781571388245,8.168862299999999e-05,0.6480986467850522,30.960311006208222,3.7236646369280204,666.2446866035461
1800,56008934,0.8376331925392151,8.4013401e-05,0.6451024879632138,30.900630034293005,3.7182390940266363,671.2684772014618
1850,57567715,0.7919595241546631,8.635157249999999e-05,0.6420042683193785,30.91776583295317,3.7197968939048334,676.3183670043945
1900,59124087,0.7599632143974304,8.86861305e-05,0.6388259908872875,30.86998433068211,3.7154531209711013,681.3722863197327
1950,60683924,0.7115505933761597,9.102588599999999e-05,0.6355555739393389,30.938711149017198,3.7217010135470177,686.438803434372
2000,62232588,0.7113684415817261,9.3348882e-05,0.6322243373393894,30.87694393492304,3.716085812265731,744.0800955295563
2050,63791072,0.7180007100105286,9.5686608e-05,0.6287872348290893,30.911874962810163,3.719261360255469,749.119306564331
2100,65346729,0.6985505819320679,9.802009349999998e-05,0.6252715876575098,30.85580260626376,3.7141638732967057,754.1584813594818
2150,66905224,0.6752535700798035,0.000100357836,0.6216645925264218,30.91209314318583,3.7192811948350752,759.2086358070374
2200,68459286,0.6559870839118958,0.00010268892899999999,0.6179832078064785,30.824166451792053,3.7112878592538228,815.8277606964111
2250,70007378,0.6171841025352478,0.00010501106699999999,0.6142319229473895,30.865539516707873,3.7150490469734425,820.8400175571442
2300,71564267,0.688290536403656,0.00010734640049999998,0.6103747245531724,30.880238808338458,3.7163853462125873,825.8932456970215
2350,73124115,0.6524147987365723,0.0001096861725,0.6064251165956686,30.938929329392863,3.721720848126624,830.9452269077301
2400,74681125,0.6000685095787048,0.0001120216875,0.6023977674528515,30.882638792470793,3.716603526588254,886.2866480350494
2450,76231483,0.6040515899658203,0.00011434722449999999,0.5983033174933624,30.910718558098733,3.7191562325544307,891.3099744319916
2500,77790077,0.5858901739120483,0.0001166851155,0.5941023186058462,30.914056766566834,3.71945970605153,896.3625183105469
2550,79348517,0.5504948496818542,0.00011902277549999999,0.5898167248732624,30.911002241307497,3.7191820219370455,901.4230053424835
2600,80903074,0.5873563289642334,0.00012135461099999999,0.5854571208036341,30.833984568697065,3.7121804153360967,906.4720990657806
2650,82460161,0.5767097473144531,0.0001236902415,0.5810056323374463,30.88416605510046,3.716742368645497,961.2934653759003
2700,84007560,0.590036153793335,0.00012601133999999998,0.5764977725998119,30.851722625408726,3.7137929659462476,966.3129386901855
2750,85561644,0.5790802836418152,0.000128342466,0.571886088830302,30.82460281254339,3.7113275284130354,971.3608615398407
2800,87119226,0.5783504843711853,0.000130678839,0.5671792080703161,30.893984172005474,3.7176349247277702,976.4094345569611
2850,88680350,0.5367263555526733,0.00013302052499999999,0.5623764216678562,30.96423825297023,3.7240216593609303,1029.049882888794
2900,90228002,0.5529420375823975,0.00013534200299999998,0.5575308839640399,30.856766887311586,3.714251535210144,1034.060204744339
2950,91788037,0.5490543246269226,0.0001376820555,0.552561734614516,30.942638395779202,3.722058035979927,1039.1057007312775
3000,93346532,0.5551712512969971,0.000140019798,0.547512436862527,30.91209314318583,3.7192811948350752,1044.1503019332886
3050,94904114,0.526086151599884,0.000142356171,0.5423811600528126,30.893984172005474,3.7176349247277702,1097.7201476097107
3100,96454087,0.6141304969787598,0.00014468113049999999,0.5371906592674375,30.903042507376984,3.718458409761544,1102.7571787834167
3150,98012329,0.5796452760696411,0.0001470184935,0.5318877088699258,30.90707499454549,3.7188249995041356,1107.7787396907806
3200,99568998,0.5398272275924683,0.00014935349699999998,0.5265052561523299,30.875875200825117,3.7159886546204657,1112.8225660324097
3250,101123819,0.5351680517196655,0.0001516857285,0.5210445315399665,30.839220897713073,3.7126564452466435,1117.8743669986725
3300,102680191,0.557458221912384,0.00015402028649999999,0.5154936215835615,30.86998433068211,3.7154531209711013,1173.080231666565
3350,104233904,0.5436607003211975,0.00015635085599999997,0.5098676319960787,30.977609857245394,3.7252372597495818,1178.3055987358093
3400,105793235,0.4984228014945984,0.00015868985249999998,0.5041363499941085,30.928674851736517,3.720788622885138,1183.5360956192017
3450,107348859,0.5061812400817871,0.00016102328849999998,0.4983338932494671,30.85514806513676,3.7141043695578873,1188.7785198688507
3500,108906100,0.546130359172821,0.00016335915,0.4924405741988249,30.8872205803598,3.7170200527599815,1271.2947843074799
3550,110454060,0.5190508961677551,0.00016568108999999998,0.486498261016537,30.862907727888988,3.7148097934444535,1276.4814183712006
3600,112014645,0.5188224911689758,0.00016802196749999998,0.4804225878466695,30.95354741456255,3.7230497649602317,1281.6795933246613
3650,113569521,0.507590115070343,0.0001703542815,0.47428436824703474,30.840311799591408,3.7127556181446733,1286.8678381443024
3700,115130942,0.5067975521087646,0.000172696413,0.46803515839837107,30.970129123113235,3.7245571930102943,1415.937736272812
3750,116685444,0.5157788991928101,0.000175028166,0.46172887527415013,30.83289366681873,3.712081242438067,1421.1202499866486
3800,118235846,0.49742400646209717,0.00017735376899999998,0.45535498261162494,30.91159582103836,3.7192359837307603,1426.2742085456848
3850,119791580,0.5186160206794739,0.00017968736999999997,0.44887460381931293,30.85732986889343,3.714302715353948,1431.4177556037903
3900,121348733,0.5117905139923096,0.0001820230995,0.44230348748765735,30.885475137354465,3.716861376123133,1436.5794756412506
3950,122909461,0.508788526058197,0.00018436419149999998,0.4356321269420659,30.95638375944622,3.723307614495111,1566.4024686813354
4000,124456233,0.5095883011817932,0.0001866843495,0.42893630618036993,30.83922162851902,3.7126565116835475,1571.558392047882
4050,126011296,0.5238506197929382,0.00018901694399999996,0.42212018240700666,30.844020865977747,3.713092805997977,1576.773546218872
4100,127571540,0.5230517387390137,0.00019135731,0.41519628818549703,30.946783822916874,3.722434892992443,1581.9601955413818
4150,129132510,0.523894727230072,0.000193698765,0.40818391006924826,30.961183727710893,3.7237439752464443,1653.9496538639069
4200,130691016,0.5179297924041748,0.00019603652399999998,0.4010975208955355,30.912311323561497,3.7193010294146815,1659.0279636383057
4250,132241715,0.48677965998649597,0.00019836257249999999,0.3939622542425286,30.917517345880853,3.7197743041709868,1664.0408010482788
4300,133801442,0.5130342245101929,0.000200702163,0.38670054707761115,30.936529345260528,3.721502667750957,1669.0754265785217
4350,135353722,0.4567702114582062,0.00020303058299999996,0.3793889739630675,30.788821230934012,3.7080746573576375,1712.150362253189
4400,136910633,0.48501235246658325,0.0002053659495,0.37197087500193793,30.88067516908979,3.716425015371799,1717.178153038025
4450,138460892,0.4797399044036865,0.000207691338,0.3645001742648759,30.90874471648457,3.718976792407688,1722.1887838840485
4500,140015218,0.5044808387756348,0.000210022827,0.35692542774721825,30.82940278080806,3.711763889164369,1727.2318053245544
4550,141570556,0.487519234418869,0.00021235583399999998,0.3492611092923901,30.84947537536942,3.713588670488129,1732.2703850269318
4600,143128710,0.48927921056747437,0.000214693065,0.3414980165403782,30.905329551540156,3.718666322867287,1773.0512838363647
4650,144676560,0.4752202332019806,0.00021701483999999997,0.333702127264912,30.860714570539916,3.7146104155036284,1778.0814690589905
4700,146231348,0.46701741218566895,0.000219347022,0.3257868750868007,30.83856635658607,3.7125969415078246,1783.0999274253845
4750,147789392,0.46437379717826843,0.000221684088,0.3177701732147308,30.903147747783485,3.718467977071226,1788.123379945755
4800,149349482,0.4340778887271881,0.00022402422299999997,0.3096578139608043,30.943729297657537,3.722157208877958,1828.530133485794
4850,150906921,0.49572113156318665,0.00022636038149999996,0.30147427090024576,30.891147827121806,3.7173770751928914,1833.5638298988342
4900,152453627,0.4657368063926697,0.00022868044049999996,0.2932631032545352,30.83790573410958,3.712536884919053,1838.5611188411713
4950,154011748,0.5068404674530029,0.00023101762199999998,0.28490667586472873,30.904675010413154,3.718606819128469,1843.5867891311646
5000,155569935,0.4790242910385132,0.0002333549025,0.276464918171676,30.905984092667158,3.718725826606105,1884.740958929062
5050,157125372,0.4268592298030853,0.000235688058,0.2679533057925782,30.85143899875042,3.713767181704584,1889.7850432395935
5100,158673992,0.44293251633644104,0.00023801098799999996,0.25939487459871885,30.876066671983413,3.716006061089401,1894.7886312007904
5150,160230738,0.45719462633132935,0.00024034610699999998,0.2507069354995687,30.877402463454786,3.7161274966777076,1899.8008871078491
5200,161790454,0.44855746626853943,0.00024268568099999996,0.24191735740329293,30.93631116488486,3.7214828331713505,1904.8434844017029
5250,163347123,0.436685711145401,0.0002450206845,0.23306005463340018,30.875875200825117,3.7159886546204657,1946.6985404491425
5300,164906003,0.436834454536438,0.0002473590045,0.2241051780548698,30.919729456334174,3.7199754051212888,1951.7196397781372
5350,166456405,0.42720896005630493,0.0002496846075,0.21511464160332955,30.91159582103836,3.7192359837307603,1956.723245382309
5400,168013393,0.4376971125602722,0.0002520200895,0.20600124602098213,30.88220243171946,3.7165638574290423,1961.7647333145142
5450,169570436,0.45914965867996216,0.000254355654,0.19680267660847334,30.883293333597795,3.716663030327072,2001.5852689743042
5500,171129558,0.4598994255065918,0.000256694337,0.18750680162768107,30.924529424598845,3.720411765872622,2006.6121897697449
5550,172677826,0.44805648922920227,0.00025901673899999996,0.17819144713849025,30.869048568466386,3.715368051678762,2011.6501052379608
5600,174235221,0.45944586396217346,0.0002613528315,0.16873653585392032,30.890275105619136,3.717297736874467,2016.6842632293701
5650,175795179,0.433072566986084,0.00026369276849999996,0.15918096320626432,30.941111133149533,3.7219191939226848,2054.3832886219025
5700,177353564,0.45285555720329285,0.00026603034599999997,0.15,30.90991133942916,3.7190828490390144,2059.4127099514008
5750,178910761,0.5185766816139221,0.0002683661415,0.15,30.886347858857132,3.7169407144415576,2064.4381959438324
5800,180461845,0.41730964183807373,0.00027069276749999997,0.15,30.9251933966026,3.7204721269638727,2069.4471032619476
5850,182019878,0.4831576645374298,0.000273029817,0.15,30.902929567407817,3.71844814249162,2074.474494934082
5900,183578791,0.46439328789711,0.00027536818649999997,0.15,30.920383997461172,3.720034908860107,2111.8382828235626
5950,185134349,0.47520503401756287,0.00027770152349999996,0.15,30.853838982882756,3.7139853620802508,2116.8922774791718
6000,186685125,0.4956103265285492,0.0002800276875,0.15,30.9190525560252,3.7199138687295634,2121.9047451019287
6050,188242333,0.4028830826282501,0.00028236349949999995,0.15,30.886566039232797,3.7169605490211635,2126.9884464740753
6100,189800652,0.47047755122184753,0.000284700978,0.15,30.908602257175158,3.7189638415613784,2163.6279599666595
6150,191356947,0.4130086302757263,0.00028703542049999994,0.15,30.868457068052443,3.7153142789138585,2168.6626296043396
6200,192906194,0.47036799788475037,0.00028935929099999997,0.15,30.888567668873115,3.7171425153521014,2173.6799178123474
6250,194461125,0.41454222798347473,0.0002916916875,0.15,30.841402701469743,3.7128547910427043,2178.7393844127655
6300,196026011,0.4507603943347931,0.00029403901649999994,0.15,31.038855941448322,3.7308050855862107,2213.648642063141
6350,197579083,0.43856850266456604,0.0002963686245,0.15,30.80453021798203,3.709502747089276,2218.6764907836914
6400,199137710,0.4537396728992462,0.00029870656499999995,0.15,30.914711307693832,3.7195192097903487,2223.699155807495
6450,200683041,0.3964267671108246,0.0002998861598333333,0.15,30.810491267246192,3.710044660658745,2228.686707019806
6500,202242515,0.48589131236076355,0.0002996262475,0.15,30.93151119662019,3.7210464724200176,2233.794782400131
6550,203800603,0.4197177588939667,0.00029936656616666663,0.15,30.904020469286152,3.71854731538965,2266.7407088279724
6600,205354742,0.46440690755844116,0.000299107543,0.15,30.82569371442172,3.711426701311065,2271.773816347122
6650,206905122,0.47134965658187866,0.0002988491463333333,0.15,30.911157189568545,3.7191961081425946,2276.784830093384
6700,208463232,0.443133145570755,0.0002985894613333333,0.15,30.90445683003749,3.7185869845488626,2281.8555986881256
6750,210018669,0.45636358857154846,0.0002983302218333333,0.15,30.85143899875042,3.713767181704584,2314.3279666900635
6800,211571565,0.46191173791885376,0.0002980714058333333,0.15,30.80103933197136,3.709185393815578,2319.3535573482513
6850,213129840,0.5314902663230896,0.0002978116933333333,0.15,30.90772953567249,3.7188845032429536,2324.3612308502197
6900,214681199,0.39267534017562866,0.0002975531335,0.15,30.930676289975278,3.7209705718159345,2329.3425130844116
6950,216237340,0.44655120372772217,0.00029729377666666665,0.15,30.865402542793106,3.7150365947993733,2364.6009888648987
7000,217794900,0.444667786359787,0.0002970341833333333,0.15,30.89354781125414,3.717595255568558,2369.6265301704407
7050,219353285,0.44162774085998535,0.00029677445249999996,0.15,30.90991133942916,3.7190828490390144,2374.6544318199158
7100,220902389,0.5009559988975525,0.0002965162685,0.15,30.885716564319324,3.7168833240290295,2379.661940574646
7150,222458948,0.42600104212760925,0.000296256842,0.15,30.87369339706845,3.7157903088244044,2384.690900325775
7200,224015265,0.4139692783355713,0.0002959974558333333,0.15,30.868893428803776,3.71535394807307,2419.0300800800323
7250,225572352,0.5181421041488647,0.0002957379413333333,0.15,30.88416605510046,3.716742368645497,2424.0652582645416
7300,227131023,0.3920181393623352,0.0002954781628333333,0.15,30.915584029196502,3.719598548108773,2429.0832698345184
7350,228681700,0.40138372778892517,0.00029521971666666665,0.15,30.917078714411037,3.719734428582821,2434.0896410942078
7400,230241251,0.45224064588546753,0.00029495979149999995,0.15,30.933038459249858,3.72118531447726,2468.1023836135864
7450,231796039,0.40140852332115173,0.0002947006601666666,0.15,30.83856635658607,3.7125969415078246,2473.1445059776306
7500,233354105,0.4585883915424347,0.00029444098249999996,0.15,30.90358410853482,3.718507646230438,2478.175556898117
7550,234902516,0.4053359627723694,0.00029418291399999996,0.15,30.871899673020177,3.7156272430018347,2483.1686165332794
7600,236460296,0.4306521415710449,0.000293923284,0.15,30.897911418767478,3.7179919471606797,2515.8606929779053
7650,238020254,0.4905864894390106,0.00029366329099999997,0.15,30.941111133149533,3.7219191939226848,2520.858861207962
7700,239576461,0.34989020228385925,0.0002934039231666666,0.15,30.866711625047106,3.7151556022770094,2525.8951148986816
7750,241126929,0.42242950201034546,0.00029314551183333334,0.15,30.9129117154478,3.719355610495255,2530.907166004181
7800,242683532,0.452424556016922,0.000292886078,0.15,30.874566118571117,3.7158696471428287,2535.893715620041
7850,244241037,0.41413602232933044,0.0002926264938333333,0.15,30.892456909375806,3.7174960826705283,2570.4395840168
7900,245802953,0.3720574975013733,0.00029236617449999997,0.15,30.979947240018248,3.725449749092568,2575.447689294815
7950,247355607,0.4098210334777832,0.00029210739883333333,0.15,30.796239363706686,3.7087490330642443,2580.4719619750977
8000,248907483,0.4369424283504486,0.0002918487528333333,0.15,30.94098412951591,3.72190764813781,2585.5724260807037
8050,250466506,0.4355265498161316,0.00029158891566666664,0.15,30.922565801217843,3.7202332546561676,2620.082525730133
8100,252022955,0.3752366304397583,0.0002913295075,0.15,30.87151159331178,3.7155919630283436,2625.0899398326874
8150,253578480,0.4087197482585907,0.0002910702533333333,0.15,30.853184441755758,3.7139258583414327,2630.1066884994507
8200,255128728,0.4421789050102234,0.00029081187866666664,0.15,30.90852540074966,3.7189568546136056,2635.090560913086
8250,256684957,0.5255749225616455,0.00029055250716666665,0.15,30.86714798579844,3.715195271436222,2669.265462398529
8300,258243859,0.3548445403575897,0.00029029269016666665,0.15,30.920165817085508,3.7200150742805005,2674.2566406726837
8350,259803861,0.46401554346084595,0.0002900326898333333,0.15,30.9419838546522,3.721998532241109,2679.255683898926
8400,261362114,0.3461747169494629,0.000289772981,0.15,30.907293174921158,3.7188448340837414,2684.2618069648743
8450,262912318,0.35113972425460815,0.00028951461366666663,0.15,30.907648137810032,3.718877103437275,2689.226566553116
8500,264470472,0.40087655186653137,0.0002892549213333333,0.15,30.905329551540156,3.718666322867287,2725.6083056926727
8550,266029253,0.45950207114219666,0.00028899512449999994,0.15,30.91776583295317,3.7197968939048334,2730.6116654872894
8600,267584613,0.4564003646373749,0.0002887358978333333,0.15,30.849911736120752,3.7136283396473413,2735.6153976917267
8650,269134047,0.41398152709007263,0.0002884776588333333,0.15,30.892296036366535,3.7174814578515027,2740.608650445938
8700,270692817,0.41627731919288635,0.0002882178638333333,0.15,30.917547652577504,3.7197770593252275,2776.564619779587
8750,272251521,0.39919334650039673,0.0002879580798333333,0.15,30.9162385703235,3.719658051847591,2781.5781297683716
8800,273810401,0.44700565934181213,0.0002876982665,0.15,30.919729456334174,3.7199754051212888,2786.592157125473
8850,275367455,0.44523322582244873,0.00028743875749999995,0.15,30.88351151397346,3.7166828649066783,2791.614427089691
8900,276916493,0.43016624450683594,0.0002871805845,0.15,30.88440066990988,3.7167636972645344,2827.1062245368958
8950,278475252,0.4243783950805664,0.0002869207913333333,0.15,30.917329472201835,3.719757224745621,2832.1330280303955
9000,280032757,0.40528109669685364,0.00028666120716666665,0.15,30.892456909375806,3.7174960826705283,2837.171040534973
9050,281588997,0.44344034790992737,0.0002864018338333333,0.15,30.867366166174108,3.715215106015828,2842.1902470588684
9100,283137771,0.44463762640953064,0.00028614370483333334,0.15,30.87913709227211,3.7162851902065555,2847.178107738495
9150,284695540,0.3745419979095459,0.00028588407666666664,0.15,30.897693238391813,3.7179721125810734,2881.9547879695892
9200,286253342,0.4215156137943268,0.00028562444299999997,0.15,30.89834777951881,3.7180316163198923,2886.9620230197906
9250,287809978,0.4018014967441559,0.0002853650036666667,0.15,30.87522065969812,3.7159291508816468,2891.9798288345337
9300,289359280,0.39980167150497437,0.0002851067866666666,0.15,30.88966424754765,3.7172422043225137,2896.984554052353
9350,290917786,0.3488612174987793,0.00028484703566666663,0.15,30.912311323561497,3.7193010294146815,2931.7517926692963
9400,292474598,0.41774794459342957,0.00028458756699999995,0.15,30.87871154570879,3.7162465041553445,2936.8354547023773
9450,294034391,0.37933677434921265,0.00028432760149999994,0.15,30.937838427514528,3.7216216752285933,2942.1039521694183
9500,295589487,0.4920161962509155,0.0002840684188333333,0.15,30.844675407104745,3.713152309736795,2947.3856902122498
9550,297139691,0.3921835422515869,0.00028381005149999997,0.15,30.907648137810032,3.718877103437275,3058.21067738533
9600,298697020,0.42008620500564575,0.00028355049666666665,0.15,30.888966023365136,3.7171787293968306,3063.4101917743683
9650,300257407,0.46146056056022644,0.00028329043216666666,0.15,30.949620167800543,3.722692742527322,3068.5967178344727
9700,301815044,0.38127630949020386,0.000283030826,0.15,30.89507507388381,3.717734097625801,3073.831755876541
9750,303362564,0.35703611373901367,0.000282772906,0.15,30.8541350984927,3.714012281681155,3078.953826189041
9800,304920971,0.42043888568878174,0.0002825131715,0.15,30.910347700180495,3.7191225181982266,3191.373334169388
9850,306481589,0.44376057386398315,0.0002822530685,0.15,30.95420195568955,3.7231092686990497,3196.675974369049
9900,308035684,0.35095933079719543,0.00028199405266666664,0.15,30.824820992919054,3.7113473629926417,3202.0435955524445
9950,309594630,0.37022697925567627,0.0002817342283333333,0.15,30.921038538588174,3.7200944125989253,3207.3132297992706
10000,311143921,0.4318625032901764,0.00028147601316666666,0.15,30.889444931812744,3.7172222665284314,3281.9124143123627
10050,312700821,0.3981764018535614,0.0002812165298333333,0.15,30.880456988714123,3.716405180792193,3286.9503214359283
10100,314259767,0.44523459672927856,0.00028095670549999996,0.15,30.921038538588174,3.7200944125989253,3292.0199999809265
10150,315817118,0.43219107389450073,0.000280697147,0.15,30.88940238411647,3.7172183985560423,3297.0983588695526
10200,317365716,0.39250215888023376,0.00028043904733333333,0.15,30.875628040513597,3.715966185501236,3370.8530066013336
10250,318926301,0.438547819852829,0.0002801789498333333,0.15,30.95354741456255,3.7230497649602317,3375.994013786316
10300,320483069,0.46700170636177063,0.00027991948849999995,0.15,30.877838824206123,3.71616716583692,3381.111911535263
10350,322038473,0.3333910405635834,0.00027966025449999995,0.15,30.85078445762342,3.713707677965765,3386.1909742355347
10400,323597342,0.3982231020927429,0.000279400443,0.15,30.919511275958506,3.7199555705416825,3391.279093980789
10450,325150098,0.3964453339576721,0.0002791416503333333,0.15,30.958529388308477,3.723502671664407,3477.910390138626
10500,326705260,0.38115113973617554,0.00027888245666666666,0.15,30.84598448935875,3.713271317214432,3483.1922857761383
10550,328263370,0.39550796151161194,0.0002786227716666666,0.15,30.90445683003749,3.7185869845488626,3488.467678785324
10600,329819687,0.4149959981441498,0.0002783633855,0.15,30.868893428803776,3.71535394807307,3493.579289674759
10650,331369165,0.39396893978118896,0.00027810513916666664,0.15,30.893173299306167,3.7175612090278336,3567.777960538864
10700,332922765,0.4153197109699249,0.0002778462058333333,0.15,30.81500287601404,3.7104548069103673,3572.8266019821167
10750,334479753,0.36317119002342224,0.0002775867078333333,0.15,30.88220243171946,3.7165638574290423,3577.8753769397736
10800,336038446,0.3839183449745178,0.00027732692566666663,0.15,30.916020389947835,3.7196382172679847,3582.9441814422607
10850,337583029,0.46692144870758057,0.00027706949516666663,0.15,30.79557779727251,3.7086888906611377,3588.0336096286774
10900,339140556,0.3517068922519684,0.00027680990733333334,0.15,30.89289327012714,3.71753575182974,3648.7496604919434
10950,340694662,0.39155155420303345,0.00027655088966666664,0.15,30.825039173294723,3.711367197572248,3653.7993590831757
11000,342252332,0.37657278776168823,0.000276291278,0.15,30.89572961501081,3.717793601364619,3658.8420419692993
11050,343811828,0.3534686267375946,0.00027603136199999995,0.15,30.931947557371522,3.7210861415792293,3663.8664541244507
11100,345360635,0.40634381771087646,0.00027577322749999995,0.15,30.879795039476832,3.716345003588803,3759.9489459991455
11150,346917018,0.4978739619255066,0.0002755138303333333,0.15,30.870202511057776,3.715472955550707,3765.187299013138
11200,348473841,0.4498474895954132,0.00027525435983333333,0.15,30.878929726084454,3.71626633873495,3770.382597208023
11250,350033062,0.4226585328578949,0.0002749944896666666,0.15,30.926493047979847,3.720590277089077,3775.628180742264
11300,351581066,0.41030269861221313,0.000274736489,0.15,30.863784990828616,3.7148895446207835,3854.8529601097107
11350,353139671,0.3816726803779602,0.0002744767215,0.15,30.9142749469425,3.719479540631136,3859.908509016037
11400,354693931,0.3881154954433441,0.00027421767816666664,0.15,30.82809369855406,3.7116448816867322,3864.9381699562073
11450,356251634,0.38209104537963867,0.000273958061,0.15,30.89638415613781,3.7178531051034374,3869.99324798584
11500,357809348,0.39459964632987976,0.000273698442,0.15,30.896602336513478,3.7178729396830437,3875.397946834564
11550,359360509,0.4262472689151764,0.0002734399151666666,0.15,30.92672860674695,3.72061169152245,3950.7565910816193
11600,360918355,0.413252055644989,0.0002731802741666666,0.15,30.89922050102148,3.7181109546383166,3956.0974504947662
11650,362474342,0.3904498815536499,0.000272920943,0.15,30.86234801753377,3.714758910684888,3961.2866311073303
11700,364034718,0.4387175142765045,0.00027266088033333334,0.15,30.949401987424878,3.7226729079477163,3966.379165172577
11750,365584757,0.35328856110572815,0.0002724025405,0.15,30.904358401786425,3.7185780365260386,4050.361893892288
11800,367141360,0.38466203212738037,0.00027214310666666663,0.15,30.874566118571117,3.7158696471428287,4055.537763595581
11850,368697380,0.3426245152950287,0.00027188377,0.15,30.86300255866077,3.714818414423706,4060.607273578644
11900,370252883,0.39278870820999146,0.00027162451949999997,0.15,30.852748081004425,3.71388618918222,4065.7267405986786
11950,371810993,0.44461309909820557,0.0002713648345,0.15,30.90445683003749,3.7185869845488626,4121.894144773483
12000,373363287,0.4136083126068115,0.0002711061188333333,0.15,30.94931812744238,3.722665284312944,4126.929285764694
12050,374921463,0.39298462867736816,0.00027084642283333333,0.15,30.90576591229149,3.7187059920264987,4131.956364154816
12100,376479254,0.4027511477470398,0.00027058679099999994,0.15,30.898129599143147,3.718011781740286,4137.000180482864
12150,378037782,0.4104793071746826,0.0002703270363333333,0.15,30.91274768431283,3.719340698573894,4142.150959253311
12200,379586831,0.397959440946579,0.00027006886149999996,0.15,30.88461998564479,3.716783635058617,4199.011970043182
12250,381143016,0.3301170766353607,0.0002698094973333333,0.15,30.866275264295773,3.7151159331177976,4204.054571151733
12300,382702127,0.416940301656723,0.00026954964549999997,0.15,30.92431124422318,3.720391931293016,4209.109454154968
12350,384258741,0.382493793964386,0.0002692902098333333,0.15,30.874784298946786,3.715889481722435,4214.153626203537
12400,385810364,0.3876866400241852,0.000269031606,0.15,30.935939867613047,3.721449078873913,4272.709857225418
12450,387366571,0.4288294315338135,0.00026877223816666664,0.15,30.866711625047106,3.7151556022770094,4277.758295536041
12500,388924285,0.4460238218307495,0.0002685126191666666,0.15,30.896602336513478,3.7178729396830437,4282.789872169495
12550,390478281,0.4315135180950165,0.0002682536198333333,0.15,30.822857369538053,3.7111688517761867,4287.820222616196
12600,392034895,0.39500492811203003,0.00026799418416666664,0.15,30.874784298946786,3.715889481722435,4346.284332275391
12650,393584879,0.4246598780155182,0.00026773585349999996,0.15,30.90326182311189,3.7184783475556262,4351.296859264374
12700,395142483,0.4361916184425354,0.0002674762528333333,0.15,30.894420532756808,3.717674593886983,4356.333110809326
12750,396700615,0.3899720311164856,0.00026721656416666664,0.15,30.904893190788822,3.718626653708075,4361.374879837036
12800,398260430,0.44950070977211,0.00026695659499999995,0.15,30.93827478826586,3.721661344387805,4366.548522472382
12850,399809875,0.37944531440734863,0.00026669835416666664,0.15,30.892515352101444,3.7175013956455856,4427.691492319107
12900,401368953,0.440229207277298,0.0002664385078333333,0.15,30.923656703096178,3.720332427554198,4432.720944404602
12950,402928801,0.38959982991218567,0.00026617853316666663,0.15,30.938929329392863,3.721720848126624,4437.765012741089
13000,404482874,0.36484748125076294,0.00026591952099999996,0.15,30.82438463216772,3.711307693833429,4442.857728481293
13050,406042436,0.3787529170513153,0.00026565959399999997,0.15,30.933256639625522,3.721205149056866,4506.867138147354
13100,407590374,0.3996065855026245,0.0002654016043333333,0.15,30.862469096419172,3.7147699178562887,4511.878474473953
13150,409146097,0.38054007291793823,0.00026514231716666663,0.15,30.85711168851776,3.7142828807743418,4516.894877433777
13200,410701919,0.39334365725517273,0.0002648830135,0.15,30.859075311898764,3.7144613919907967,4521.92987370491
13250,412258258,0.38600271940231323,0.0002646236236666666,0.15,30.86932978955511,3.715393617232283,4586.704708576202
13300,413806768,0.4517860412597656,0.00026436553866666663,0.15,30.87387351463434,3.7158066831485765,4591.720525026321
13350,415365659,0.3941245973110199,0.0002641057235,0.15,30.91994763670984,3.719995239700894,4596.744362592697
13400,416922526,0.42751407623291016,0.0002638462456666666,0.15,30.879802447587124,3.716345677053375,4601.781453609467
13450,418483441,0.42354241013526917,0.00026358609316666666,0.15,30.960092825832557,3.7236448023484146,4606.845486879349
13500,420037547,0.42700716853141785,0.00026332707549999996,0.15,30.825039173294723,3.711367197572248,4672.526689529419
13550,421588444,0.3435556888580322,0.00026306859266666665,0.15,30.92146502910918,3.720133184464471,4677.556332349777
13600,423145883,0.3422212302684784,0.0002628090195,0.15,30.891147827121806,3.7173770751928914,4682.608194112778
13650,424703432,0.4122023284435272,0.00026254942799999997,0.15,30.893329630878473,3.7175754209889518,4687.657696247101
13700,426261718,0.41142022609710693,0.00026228971366666664,0.15,30.90794771604816,3.7189043378225595,4753.590611457825
13750,427809293,0.3751675486564636,0.0002620317845,0.15,30.85523167716724,3.714111970651567,4758.610440254211
13800,429369460,0.3822481632232666,0.00026177175666666666,0.15,30.945256560287206,3.7222960509352006,4763.655978679657
13850,430922125,0.39051252603530884,0.0002615129791666666,0.15,30.796457544082354,3.7087688676438506,4768.68953037262
13900,432479311,0.44147157669067383,0.0002612534481666666,0.15,30.886129678481463,3.7169208798619517,4829.4185354709625
13950,434027887,0.4921623766422272,0.00026099535216666663,0.15,30.875189409043784,3.7159263099130713,4834.471179008484
14000,435584523,0.4106833338737488,0.00026073591283333334,0.15,30.87522065969812,3.7159291508816468,4839.486375808716
14050,437147781,0.39910778403282166,0.0002604753698333333,0.15,31.006565245849615,3.7278695678045106,4844.5610682964325
14100,438700413,0.4175865054130554,0.0002602165978333333,0.15,30.795803002955353,3.708709363905032,4849.680485963821
14150,440259007,0.42876988649368286,0.0002599568321666666,0.15,30.914056766566834,3.71945970605153,4905.681927680969
14200,441808694,0.432931512594223,0.00025969855099999996,0.15,30.8973402982694,3.7179400271153997,4910.709898233414
14250,443365000,0.38823723793029785,0.00025943916666666667,0.15,30.868675248428108,3.715334113493464,4915.753209352493
14300,444925134,0.4276343584060669,0.0002591791443333333,0.15,30.944602019160204,3.7222365471963816,4920.921092510223
14350,446481594,0.3867998421192169,0.0002589197343333333,0.15,30.871729773687445,3.71561179760795,4975.072349309921
14400,448027772,0.3907451927661896,0.00025866203799999995,0.15,30.827378578834036,3.711579870803094,4980.0758373737335
14450,449586102,0.40057259798049927,0.0002584023163333333,0.15,30.908820437550826,3.7189836761409847,4985.189357042313
14500,451144201,0.4388585388660431,0.0002581426331666666,0.15,30.90423864966182,3.7185671499692563,4990.331065893173
14550,452702201,0.3801608681678772,0.00025788296649999995,0.15,30.90227502628082,3.718388638752802,5034.977770090103
14600,454260179,0.4220810830593109,0.0002576233035,0.15,30.901838665529485,3.718348969593589,5040.036267995834
14650,455807985,0.3917916715145111,0.0002573653358333333,0.15,30.859837307600287,3.714530664327299,5045.189026355743
14700,457368845,0.4018000364303589,0.0002571051925,0.15,30.959001923954222,3.7235456294503835,5050.375519990921
14750,458926152,0.40040215849876404,0.0002568456413333333,0.15,30.888529662613802,3.717139060237619,5055.599562168121
14800,460484053,0.39120060205459595,0.00025658599116666663,0.15,30.900311402899817,3.718210127536347,5101.631770849228
14850,462031342,0.4369186758995056,0.00025632810966666665,0.15,30.849529468059654,3.7135935880054234,5106.686555862427
14900,463588429,0.41992273926734924,0.00025606859516666663,0.15,30.88416605510046,3.716742368645497,5111.785893440247
14950,465145626,0.3938504457473755,0.0002558090623333333,0.15,30.886347858857132,3.7169407144415576,5116.841246843338
15000,466703241,0.46815797686576843,0.0002555494598333333,0.15,30.894638713132476,3.717694428466589,5175.5840854644775
15050,468262374,0.41820546984672546,0.0002552896043333333,0.15,30.924747604974513,3.7204316004522284,5180.628627538681
15100,469810609,0.40108680725097656,0.00025503156516666663,0.15,30.868390621261664,3.7153082382965152,5185.626388549805
15150,471369214,0.3616877496242523,0.00025477179766666665,0.15,30.9142749469425,3.719479540631136,5190.62060213089
15200,472928402,0.35681551694869995,0.000254511933,0.15,30.92583850685285,3.720530773350259,5249.8794758319855
15250,474485434,0.3526409864425659,0.0002542524276666666,0.15,30.883075153222126,3.7166431957474657,5254.964980125427
15300,476037959,0.379530131816864,0.00025399367349999996,0.15,30.95392375787543,3.7230839779886753,5260.065968036652
15350,477595398,0.37592917680740356,0.0002537341003333333,0.15,30.891147827121806,3.7173770751928914,5265.11602473259
15400,479154377,0.3463711142539978,0.0002534742705,0.15,30.921693079715176,3.7201539163377433,5270.187212228775
15450,480712674,0.41620466113090515,0.00025321455433333334,0.15,30.908165896423824,3.7189241724021658,5335.535149812698
15500,482259809,0.4230418801307678,0.00025295669849999996,0.15,30.846459047770956,3.7133144588882687,5340.570932865143
15550,483818238,0.38291773200035095,0.0002526969603333333,0.15,30.910784060931828,3.719162187357439,5345.608693599701
15600,485375061,0.3934965133666992,0.0002524374898333333,0.15,30.878929726084454,3.71626633873495,5350.710028171539
15650,486934117,0.37021172046661377,0.00025217764716666663,0.15,30.923220342344845,3.720292758394986,5416.156639575958
15700,488490808,0.3973338007926941,0.0002519181986666666,0.15,30.876311561576454,3.716028323779678,5421.2481298446655
15750,490038350,0.43023622035980225,0.000251660275,0.15,30.854573729962517,3.71405215726932,5426.279644012451
15800,491597142,0.3968295753002167,0.00025140047633333333,0.15,30.917984013328837,3.7198167284844392,5431.381796598434
15850,493156374,0.4028901159763336,0.00025114060433333333,0.15,30.926711228355515,3.7206101116686834,5495.763164520264
15900,494714066,0.378269225358963,0.000250880989,0.15,30.896165975762145,3.7178332705238315,5500.800785303116
15950,496263082,0.38566508889198303,0.00025062281966666667,0.15,30.883962038440067,3.7167238216763696,5505.831458091736
16000,497820059,0.35869577527046204,0.0002503633235,0.15,30.88198425134379,3.716544022849436,5510.882416963577
16050,499377861,0.40266042947769165,0.0002501036898333333,0.15,30.89834777951881,3.7180316163198923,5516.008120059967
16100,500933507,0.35624226927757263,0.00024984441549999995,0.15,30.855584425888093,3.7141440387171,5580.743271827698
16150,502491595,0.3758600056171417,0.00024958473416666666,0.15,30.904020469286152,3.71854731538965,5585.845791101456
16200,504038851,0.36342403292655945,0.00024932685816666665,0.15,30.84887152085493,3.7135337746231754,5590.864538431168
16250,505598303,0.3797154426574707,0.0002490669495,0.15,30.931074835868852,3.721006803260805,5595.894331932068
16300,507155797,0.4216434359550476,0.0002488073671666666,0.15,30.892238729000137,3.717476248090922,5655.797301530838
16350,508711773,0.35135796666145325,0.00024854803783333333,0.15,30.8621298371581,3.714739076105282,5660.84038567543
16400,510261537,0.36343997716903687,0.0002482897438333333,0.15,30.89887550841375,3.7180795916739773,5665.8524260520935
16450,511818954,0.399158775806427,0.0002480301743333333,0.15,30.89071146637047,3.717337406033679,5671.263323068619
16500,513376415,0.35978779196739197,0.00024777059749999997,0.15,30.89158418787314,3.717416744352103,5742.7708568573
16550,514931302,0.37011605501174927,0.00024751144966666665,0.15,30.840529979967073,3.7127754527242796,5747.813392400742
16600,516488136,0.3728337585926056,0.00024725197733333333,0.15,30.879147906460123,3.7162861733145562,5752.867322444916
16650,518038175,0.36353471875190735,0.0002469936375,0.15,30.904358401786425,3.7185780365260386,5757.9967720508575
16700,519596010,0.4272061884403229,0.00024673399833333333,0.15,30.899002320645813,3.7180911200587103,5763.016521453857
16750,521149236,0.4333687126636505,0.00024647512733333334,0.15,30.807584743241367,3.7097804312037606,5825.252333402634
16800,522708655,0.4265218675136566,0.00024621522416666666,0.15,30.930420294741854,3.7209472995219866,5830.287541389465
16850,524257374,0.3618680536746979,0.0002459571043333333,0.15,30.878040513597576,3.716185501236143,5835.2944366931915
16900,525816958,0.4038253128528595,0.0002456971736666667,0.15,30.933693000376856,3.721244818216078,5840.417839765549
16950,527375827,0.3243951201438904,0.00024543736216666665,0.15,30.919511275958506,3.7199555705416825,5910.042395114899
17000,528934091,0.351115882396698,0.00024517765149999996,0.15,30.907511355296826,3.7188646686633478,5915.146647453308
17050,530483041,0.41350677609443665,0.00024491949316666665,0.15,30.882646144030623,3.716604194911875,5920.199457883835
17100,532041844,0.3688988983631134,0.00024465969266666664,0.15,30.918202193704506,3.7198365630640455,5925.202816724777
17150,533599107,0.3660794198513031,0.0002444001488333333,0.15,30.887656941111132,3.7170597219191936,5991.260089159012
17200,535154830,0.41994938254356384,0.0002441408616666667,0.15,30.85711168851776,3.7142828807743418,5996.36762046814
17250,536714469,0.41466647386550903,0.0002438809218333333,0.15,30.93478390225519,3.721343991114108,6001.427831172943
17300,538261527,0.3873375356197357,0.0002436230788333333,0.15,30.844923837626606,3.7131748943296916,6006.458208799362
17350,539820231,0.37465721368789673,0.00024336329483333333,0.15,30.9162385703235,3.719658051847591,6011.63617682457
17400,541376229,0.3943670094013214,0.00024310396183333332,0.15,30.862566197909434,3.7147787452644936,6088.409186124802
17450,542936220,0.3727824091911316,0.0002428439633333333,0.15,30.941765674276535,3.7219786976615037,6093.374804973602
17500,544486501,0.3644607365131378,0.00024258558316666662,0.15,30.909183347954382,3.7190166679958527,6098.321306705475
17550,546043665,0.4316866993904114,0.00024232605583333333,0.15,30.88569331773013,3.716881210702739,6103.2886073589325
17600,547602523,0.3404860496520996,0.00024206624616666665,0.15,30.91929309558284,3.7199357359620766,6218.4721846580505
17650,549156871,0.3833463191986084,0.00024180718816666665,0.15,30.829839141559393,3.711803558323581,6223.591215610504
17700,550716488,0.44498172402381897,0.00024154725199999997,0.15,30.934347541503858,3.721304321954896,6228.686342954636
17750,552264800,0.37304574251174927,0.00024128919999999996,0.15,30.869925831406015,3.7154478028550924,6233.7785630226135
17800,553823405,0.38327398896217346,0.00024102943249999998,0.15,30.9142749469425,3.719479540631136,6344.075070619583
17850,555380173,0.4056863784790039,0.00024076997116666664,0.15,30.877838824206123,3.71616716583692,6349.213547706604
17900,556937161,0.4355373978614807,0.00024051047316666664,0.15,30.88220243171946,3.7165638574290423,6354.332350969315
17950,558486793,0.37145987153053284,0.00024025220116666665,0.15,30.896243719594864,3.717840338144988,6359.297398328781
18000,560042417,0.42316681146621704,0.00023999293049999998,0.15,30.85514806513676,3.7141043695578873,6364.276832580566
18050,561599845,0.4038790464401245,0.00023973335916666665,0.15,30.890929646746137,3.717357240613285,6404.340406656265
18100,563159176,0.38432589173316956,0.00023947347066666664,0.15,30.928674851736517,3.720788622885138,6409.389923334122
18150,564715713,0.4241165220737457,0.0002392140478333333,0.15,30.873257036317113,3.7157506396651923,6414.56295633316
18200,566264905,0.39192917943000793,0.00023895584916666665,0.15,30.88747109019858,3.717042826381689,6419.709050178528
18250,567819594,0.38066351413726807,0.0002386967343333333,0.15,30.83660273320507,3.71241843029137,6458.0603313446045
18300,569375790,0.37196508049964905,0.00023843736833333332,0.15,30.86649344467144,3.715135767697404,6463.117675304413
18350,570935660,0.4136928617954254,0.00023817738999999997,0.15,30.939365690144196,3.7217605172858366,6468.138036727905
18400,572486018,0.40046408772468567,0.00023791899699999997,0.15,30.910718558098733,3.7191562325544307,6473.26339173317
18450,574043325,0.38051560521125793,0.0002376594458333333,0.15,30.888529662613802,3.717139060237619,6512.611371517181
18500,575599268,0.402007520198822,0.00023740012199999997,0.15,30.861475296031102,3.714679572366464,6517.660660982132
18550,577157070,0.3960234820842743,0.00023714048833333332,0.15,30.89834777951881,3.7180316163198923,6522.859845399857
18600,578706581,0.3009781241416931,0.0002368822365,0.15,30.893831246510885,3.7176210224100803,6527.869029283524
18650,580261050,0.4222071170806885,0.0002366231583333333,0.15,30.832239125691732,3.712021738699248,6532.847403049469
18700,581817037,0.3982138931751251,0.00023636382716666664,0.15,30.86234801753377,3.714758910684888,6562.984902381897
18750,583375598,0.35644248127937317,0.000236104067,0.15,30.91340222543983,3.719400202312712,6568.04083442688
18800,584932003,0.41251325607299805,0.00023584466616666664,0.15,30.870638871809113,3.7155126247099193,6573.092736005783
18850,586481052,0.4135165810585022,0.00023558649133333332,0.15,30.88461998564479,3.716783635058617,6578.110622406006
18900,588036346,0.3832862973213196,0.00023532727566666665,0.15,30.848602653866752,3.7135093321697044,6644.918454170227
18950,589595644,0.4142768085002899,0.00023506739266666664,0.15,30.928020310609515,3.7207291191463194,6649.995963811874
19000,591153457,0.38868027925491333,0.00023480775716666665,0.15,30.89856595989448,3.7180514508994986,6655.080821990967
19050,592703144,0.38374897837638855,0.00023454947599999996,0.15,30.8973402982694,3.7179400271153997,6660.286570310593
19100,594260605,0.36154961585998535,0.00023428989916666663,0.15,30.89158418787314,3.717416744352103,6710.149701833725
19150,595819452,0.3508981466293335,0.00023403009133333332,0.15,30.919074915207172,3.7199159013824707,6715.207261323929
19200,597373580,0.36261892318725586,0.00023377106999999999,0.15,30.825475534046056,3.7114068667314597,6720.328004598618
19250,598934044,0.4476996660232544,0.00023351099266666664,0.15,30.95114743043021,3.7228315845845645,6725.516856431961
19300,600480860,0.375140905380249,0.00023325319,0.15,30.84009889145865,3.7127362628598775,6730.893639326096
19350,602041214,0.39198940992355347,0.00023299313099999996,0.15,30.94896562667354,3.7226332387885037,6780.029536724091
19400,603599335,0.410444974899292,0.00023273344416666666,0.15,30.904675010413154,3.718606819128469,6785.106041908264
19450,605154607,0.4275750517845154,0.00023247423216666665,0.15,30.84816629311542,3.7134696630104926,6790.28845334053
19500,606705988,0.4629383087158203,0.00023221566866666666,0.15,30.93111492144509,3.721010447404099,6795.463680028915
19550,608263581,0.34176063537597656,0.0002319560698333333,0.15,30.894202352381143,3.7176547593073765,6840.385083198547
19600,609820129,0.4113881587982178,0.00023169664516666663,0.15,30.873475216692782,3.7157704742447986,6845.465800285339
19650,611375027,0.4011245369911194,0.00023143749549999997,0.15,30.84074816034274,3.7127952873038854,6850.671819925308
19700,612933489,0.37401172518730164,0.0002311777518333333,0.15,30.91143860205883,3.719221691096257,6855.85765004158
19750,614479733,0.39402472972869873,0.00023092004449999998,0.15,30.82869447324348,3.711699497567589,6896.274214982986
19800,616041374,0.38870811462402344,0.00023065977099999998,0.15,30.974492730626576,3.7249538846024164,6901.339109659195
19850,617599605,0.34775957465171814,0.0002304000658333333,0.15,30.906856814169824,3.7188051649245297,6906.392791032791
19900,619155493,0.4186798632144928,0.00023014075116666664,0.15,30.860384394152767,3.714580399468433,6911.524616718292
19950,620705103,0.3646998107433319,0.0002298824828333333,0.15,30.89580508812505,3.717800462556823,6916.62055182457
20000,622258241,0.4434050917625427,0.00022962362649999997,0.15,30.80583930023603,3.709621754566912,6977.160751581192
20050,623814426,0.4691770672798157,0.00022936426233333333,0.15,30.866275264295773,3.7151159331177976,6982.214863777161
20100,625376001,0.39504337310791016,0.00022910399983333332,0.15,30.973183648372572,3.724834877124779,6987.2550666332245
20150,626925193,0.3538101315498352,0.00022884580116666665,0.15,30.88747109019858,3.717042826381689,6992.289732456207
20200,628485305,0.36801525950431824,0.00022858578249999997,0.15,30.94416565840887,3.72219687803717,7062.152620077133
20250,630038355,0.3946460485458374,0.0002283269408333333,0.15,30.804093857230697,3.7094630779300632,7067.29247045517
20300,631596190,0.35611867904663086,0.00022806730166666665,0.15,30.899002320645813,3.7180911200587103,7072.340363502502
20350,633154069,0.3986133635044098,0.00022780765516666664,0.15,30.89987504214848,3.7181704583771347,7077.336493015289
20400,634706209,0.40341880917549133,0.00022754896516666664,0.15,30.94624770715368,3.7223861551957893,7103.132139921188
20450,636261217,0.3745093047618866,0.00022728979716666667,0.15,30.84292996409941,3.7129936330999467,7108.248217344284
20500,637822517,0.3710182011127472,0.0002270295805,0.15,30.9677291389809,3.724339012634627,7113.375903844833
20550,639380088,0.34078505635261536,0.0002267699853333333,0.15,30.893765991629806,3.7176150901481644,7118.559836626053
20600,640929841,0.3783724308013916,0.00022651169316666666,0.15,30.898656192678843,3.718059653879895,7123.660664319992
20650,642484057,0.4057433605194092,0.00022625265716666665,0.15,30.82722097705139,3.7115655433683084,7149.710478782654
20700,644040968,0.398664265871048,0.000225993172,0.15,30.88067516908979,3.716425015371799,7154.794746160507
20750,645600816,0.4518178701400757,0.00022573319733333334,0.15,30.938929329392863,3.721720848126624,7159.853585243225
20800,647157991,0.41310563683509827,0.00022547366816666665,0.15,30.8859114981058,3.7169010452823454,7164.936066389084
20850,648708767,0.36277827620506287,0.00022521520549999998,0.15,30.9190525560252,3.7199138687295634,7217.377886295319
20900,650268241,0.38941189646720886,0.00022495529316666663,0.15,30.93151119662019,3.7210464724200176,7222.429388046265
20950,651824679,0.4254312515258789,0.00022469588683333332,0.15,30.87129341293611,3.7155721284487373,7227.4906549453735
21000,653384109,0.41589924693107605,0.00022443598183333332,0.15,30.93063847511752,3.7209671341015924,7232.701513767242
21050,654932883,0.4053018093109131,0.00022417785283333335,0.15,30.87913709227211,3.7162851902065555,7315.655593633652
21100,656491246,0.4442380666732788,0.00022391812566666661,0.15,30.909474978677828,3.7190431798798027,7320.878710269928
21150,658048729,0.39296281337738037,0.00022365854516666667,0.15,30.892020548624473,3.7174564135113157,7325.996770620346
21200,659606663,0.330808162689209,0.0002233988895,0.15,30.900965944026815,3.718269631275165,7331.146022081375
21250,661164707,0.38759759068489075,0.00022313921549999994,0.15,30.903147747783485,3.718467977071226,7336.199982643127
21300,662713547,0.3246668577194214,0.00022288107549999997,0.15,30.880452986681554,3.71640481697105,7370.160423517227
21350,664272207,0.37371644377708435,0.00022262129883333332,0.15,30.915365848820834,3.7195787135291667,7375.321526527405
21400,665829206,0.3860226273536682,0.00022236179899999997,0.15,30.882420612095128,3.716583692008648,7380.4480147361755
21450,667387162,0.4044948220252991,0.00022210213966666664,0.15,30.90140230477815,3.718309300434377,7385.50979924202
21500,668938873,0.3853502869606018,0.00022184352116666665,0.15,30.937694393492304,3.7216085812265733,7421.261700391769
21550,670491824,0.2868848443031311,0.000221584696,0.15,30.802130233849695,3.7092845667136087,7426.3487248420715
21600,672051672,0.3673713207244873,0.0002213247213333333,0.15,30.938929329392863,3.721720848126624,7431.476295471191
21650,673607043,0.415120393037796,0.00022106549283333333,0.15,30.85012991649642,3.713648174226947,7436.632504463196
21700,675158578,0.3646464943885803,0.00022080690366666666,0.15,30.93418534173379,3.721289576521254,7441.669290304184
21750,676716732,0.3715095818042755,0.00022054721133333332,0.15,30.905329551540156,3.718666322867287,7470.352384805679
21800,678275436,0.39202529191970825,0.00022028742733333332,0.15,30.9162385703235,3.719658051847591,7475.360738039017
21850,679835526,0.3882572650909424,0.00022002741233333333,0.15,30.943729297657537,3.722157208877958,7480.374849081039
21900,681395968,0.33343425393104553,0.00021976733866666665,0.15,30.950711069678878,3.7227919154253524,7485.347921848297
21950,682945820,0.38851237297058105,0.00021950903,0.15,30.900630034293005,3.7182390940266363,7512.836208581924
22000,684505217,0.41849735379219055,0.00021924913049999997,0.15,30.92998393399052,3.7209076303627744,7517.826387643814
22050,686059917,0.3707313537597656,0.0002189900138333333,0.15,30.836820913580738,3.712438264870976,7522.78959774971
22100,687619072,0.3468695282936096,0.00021873015466666664,0.15,30.925183965725846,3.720471269611441,7527.756709575653
22150,689167802,0.3506501317024231,0.00021847203299999997,0.15,30.87825982933248,3.7162054390302255,7556.948568582535
22200,690725472,0.4024078845977783,0.0002182124213333333,0.15,30.89572961501081,3.717793601364619,7562.111633300781
22250,692283175,0.36431801319122314,0.00021795280416666662,0.15,30.89638415613781,3.7178531051034374,7567.212219238281
22300,693845223,0.34847214818000793,0.00021769246283333333,0.15,30.98256540452625,3.725687764047841,7572.275070428848
22350,695402178,0.4328916668891907,0.0002174329703333333,0.15,30.881547890592458,3.7165043536902234,7577.41188621521
22400,696950325,0.3756850063800812,0.00021717494583333333,0.15,30.866636095382407,3.715148735943855,7631.699552059174
22450,698507907,0.40077564120292664,0.00021691534883333332,0.15,30.893984172005474,3.7176349247277702,7636.921854496002
22500,700063883,0.4179195761680603,0.0002166560195,0.15,30.8621298371581,3.714739076105282,7642.163916349411
22550,701623709,0.37542295455932617,0.0002163960485,0.15,30.93849296864153,3.7216811789674114,7647.255049943924
22600,703171735,0.4055444598197937,0.00021613804416666666,0.15,30.86422362229843,3.714929420208948,7676.836802721024
22650,704732364,0.40326985716819763,0.00021587793933333332,0.15,30.954420136065217,3.723129103278656,7682.0403599739075
22700,706288054,0.38136836886405945,0.00021561865766666667,0.15,30.85645714739076,3.7142233770355233,7687.239016294479
22750,707847418,0.3744657635688782,0.00021535876366666665,0.15,30.92932939286352,3.7208481266239564,7692.316707611084
22800,709408014,0.4244040548801422,0.00021509866433333335,0.15,30.953765594938215,3.723069599539838,7723.016450881958
22850,710955919,0.38411232829093933,0.0002148406801666666,0.15,30.86181114921445,3.7147101044740407,7728.042755842209
22900,712512060,0.40540289878845215,0.00021458132333333332,0.15,30.865402542793106,3.7150365947993733,7733.112746953964
22950,714072238,0.4099188446998596,0.00021432129366666665,0.15,30.94547474066287,3.722315885514807,7738.161921977997
23000,715632383,0.4561915397644043,0.0002140612695,0.15,30.944820199535872,3.722256381775988,7743.1797688007355
23050,717181014,0.37474921345710754,0.0002138031643333333,0.15,30.87628598771832,3.7160259988834836,7778.3918607234955
23100,718739586,0.3511435091495514,0.0002135434023333333,0.15,30.9136204058155,3.719420036892318,7783.4350690841675
23150,720299621,0.36951595544815063,0.0002132833965,0.15,30.942638395779202,3.722058035979927,7788.437868833542
23200,721857962,0.42009565234184265,0.00021302367299999998,0.15,30.909038617926495,3.7190035107205905,7793.50812792778
23250,723405207,0.3769070506095886,0.00021276579883333332,0.15,30.848652205120025,3.7135138368290934,7826.800340414047
23300,724961722,0.38503846526145935,0.00021250637966666665,0.15,30.87282067556578,3.7157109705059796,7831.762665987015
23350,726518732,0.33763664960861206,0.000212246878,0.15,30.882638792470793,3.716603526588254,7836.770025968552
23400,728075555,0.3600168526172638,0.0002119874075,0.15,30.878929726084454,3.71626633873495,7841.788395881653
23450,729634314,0.41426968574523926,0.0002117276143333333,0.15,30.917329472201835,3.719757224745621,7868.467906713486
23500,731183055,0.4436877369880676,0.0002114694908333333,0.15,30.87847914506739,3.716225376824308,7873.4321830272675
23550,732739790,0.34668678045272827,0.000211210035,0.15,30.87718428307912,3.7161076620981017,7878.44429397583
23600,734296261,0.37837424874305725,0.00021095062316666666,0.15,30.871947954063113,3.715631632187556,7883.502099752426
23650,735854866,0.39036044478416443,0.00021069085566666665,0.15,30.9142749469425,3.719479540631136,7888.509641170502
23700,737403090,0.4014193117618561,0.0002104328183333333,0.15,30.868171305526758,3.7152883005024324,7913.923285961151
23750,738963213,0.3548218309879303,0.0002101727978333333,0.15,30.944383838784535,3.722216712616776,7918.921631813049
23800,740520267,0.422349214553833,0.0002099132888333333,0.15,30.88351151397346,3.7166828649066783,7923.921159029007
23850,742077442,0.4239914119243622,0.00020965375966666667,0.15,30.8859114981058,3.7169010452823454,7928.919159173965
23900,743635013,0.36992406845092773,0.00020939416449999997,0.15,30.893765991629806,3.7176150901481644,7954.2158761024475
23950,745184271,0.35374879837036133,0.0002091359548333333,0.15,30.88878698460802,3.7171624531461833,7959.159756422043
24000,746740511,0.31708794832229614,0.0002088765815,0.15,30.867366166174108,3.715215106015828,7964.157712221146
24050,748298896,0.376319020986557,0.00020861685066666667,0.15,30.90991133942916,3.7190828490390144,7969.1638007164
24100,749854564,0.3368552625179291,0.00020835757266666666,0.15,30.856020786639426,3.7141837078763116,7996.610647678375
24150,751404691,0.3834567070007324,0.00020809921816666665,0.15,30.90611292766568,3.7187375388786985,8001.572445631027
24200,752964231,0.34160006046295166,0.0002078392948333333,0.15,30.93282027887419,3.7211654798976537,8006.566056013107
24250,754521384,0.3570375442504883,0.00020757976933333334,0.15,30.885475137354465,3.716861376123133,8011.57347035408
24300,756079208,0.40672093629837036,0.000207320132,0.15,30.89878414027015,3.718071285479105,8016.5793788433075
24350,757638099,0.37246784567832947,0.00020706031683333332,0.15,30.91994763670984,3.719995239700894,8041.7923974990845
24400,759186576,0.4309489130973816,0.00020680223733333331,0.15,30.873215567429618,3.715746869766329,8046.763097286224
24450,760741870,0.45156317949295044,0.00020654302166666662,0.15,30.848602653866752,3.7135093321697044,8051.767623901367
24500,762299430,0.34540438652038574,0.00020628342833333332,0.15,30.89354781125414,3.717595255568558,8056.786429405212
24550,763860576,0.3712427616119385,0.0002060232373333333,0.15,30.964674613721563,3.724061328520142,8081.917073249817
24600,765410186,0.3817165791988373,0.00020576496899999997,0.15,30.89580508812505,3.717800462556823,8086.870447397232
24650,766966613,0.4078274369239807,0.00020550556449999997,0.15,30.871075232560447,3.715552293869131,8091.86722445488
24700,768525911,0.39204132556915283,0.00020524568149999996,0.15,30.928020310609515,3.7207291191463194,8096.87281370163
24750,770083790,0.4276672601699829,0.000204986035,0.15,30.89987504214848,3.7181704583771347,8122.070492744446
24800,771629429,0.3599117398262024,0.0002047284285,0.15,30.81663210782359,3.710602918893054,8127.033716201782
24850,773187858,0.45254063606262207,0.00020446869033333333,0.15,30.910784060931828,3.719162187357439,8131.99423956871
24900,774741524,0.37812677025794983,0.00020420974599999998,0.15,30.816311958268045,3.7105738143880043,8137.013335227966
24950,776299425,0.3319092392921448,0.00020395009583333332,0.15,30.900311402899817,3.718210127536347,8142.037744283676
25000,777856798,0.31833305954933167,0.00020369053366666665,0.15,30.889838744867802,3.717258067715255,8168.466875553131
25050,779406188,0.43668702244758606,0.00020343230199999999,0.15,30.891418773426906,3.7174017066751732,8173.429409503937
25100,780964287,0.36878153681755066,0.00020317261883333332,0.15,30.90423864966182,3.7185671499692563,8178.4295263290405
25150,782518613,0.3634110689163208,0.00020291356449999998,0.15,30.82940278080806,3.711763889164369,8183.460024595261
25200,784075854,0.3311167359352112,0.0002026540243333333,0.15,30.8872205803598,3.7170200527599815,8208.975979089737
25250,785624353,0.36005184054374695,0.00020239594116666664,0.15,30.873654198899434,3.7157867453544937,8213.946023225784
25300,787182408,0.3657209277153015,0.00020213626533333333,0.15,30.903365928159154,3.718487811650832,8218.943497657776
25350,788741035,0.3901149332523346,0.00020187649416666663,0.15,30.914711307693832,3.7195192097903487,8223.947007417679
25400,790299981,0.3828620910644531,0.00020161666983333333,0.15,30.921038538588174,3.7200944125989253,8250.234124660492
25450,791854439,0.3823450803756714,0.00020135759349999998,0.15,30.832020945316064,3.7120019041196417,8255.208935499191
25500,793405545,0.4096302092075348,0.0002010990758333333,0.15,30.925632028072414,3.7205120025520375,8260.183285713196
25550,794963116,0.4003288745880127,0.00020083948066666664,0.15,30.893765991629806,3.7176150901481644,8265.191509962082
25600,796518157,0.3924137353897095,0.00020058030716666665,0.15,30.843584505226413,3.713053136838765,8270.18987417221
25650,798076817,0.42493072152137756,0.00020032053049999997,0.15,30.915365848820834,3.7195787135291667,8296.289337873459
25700,799629199,0.3912513256072998,0.00020006180016666667,0.15,30.951072653321635,3.722824786665603,8301.390192985535
25750,801183657,0.4250308573246002,0.00019980272383333331,0.15,30.832020945316064,3.7120019041196417,8306.620298147202
25800,802743164,0.4159693419933319,0.00019954280599999999,0.15,30.932165737747187,3.7211059761588348,8311.815748214722
25850,804297006,0.45643335580825806,0.0001992838323333333,0.15,30.819802844278716,3.710891167661701,8341.543471813202
25900,805853752,0.4113702178001404,0.00019902437466666663,0.15,30.877402463454786,3.7161274966777076,8346.510110616684
25950,807404946,0.35625845193862915,0.00019876584233333332,0.15,30.92738655395167,3.7206715049046974,8351.46514749527
26000,808960438,0.38855454325675964,0.00019850659366666665,0.15,30.852529900628756,3.713866354602614,8356.452597379684
26050,810520110,0.37584054470062256,0.00019824664833333332,0.15,30.935438443382193,3.721403494852927,8381.925171136856
26100,812079243,0.3514232933521271,0.0001979867928333333,0.15,30.924747604974513,3.7204316004522284,8386.888283491135
26150,813628666,0.38517147302627563,0.00019772855566666667,0.15,30.89207672063163,3.717461520057421,8391.830026865005
26200,815186589,0.3147447109222412,0.0001974689018333333,0.15,30.90074776365115,3.7182497966955594,8396.814503908157
26250,816741014,0.40815070271492004,0.000197209831,0.15,30.831366404189062,3.7119424003808237,8401.799936294556
26300,818302501,0.3802241086959839,0.00019694958316666662,0.15,30.97143820536724,3.7246762004879304,8427.16412806511
26350,819851000,0.3789101243019104,0.00019669149999999999,0.15,30.873654198899434,3.7157867453544937,8432.129561901093
26400,821408978,0.3953310549259186,0.000196431837,0.15,30.901838665529485,3.718348969593589,8437.082954883575
26450,822965361,0.312833309173584,0.00019617243983333332,0.15,30.870202511057776,3.715472955550707,8442.072011470795
26500,824520083,0.4030638635158539,0.0001959133195,0.15,30.83725727433207,3.7124779340301886,8467.908041238785
26550,826078413,0.3259499669075012,0.0001956535978333333,0.15,30.908820437550826,3.7189836761409847,8472.882444381714
26600,827628672,0.36250290274620056,0.00019539522133333334,0.15,30.90874471648457,3.718976792407688,8477.830163002014
26650,829184296,0.3973088562488556,0.00019513595066666663,0.15,30.85514806513676,3.7141043695578873,8482.918357610703
26700,830740261,0.3754653036594391,0.00019487662316666665,0.15,30.861911656782436,3.7147192415256765,8544.578636169434
26750,832300461,0.40289580821990967,0.00019461658983333332,0.15,30.945911101414204,3.7223555546740186,8549.607028245926
26800,833850082,0.39091286063194275,0.00019435831966666664,0.15,30.896024403859958,3.717820400350905,8554.64156961441
26850,835406355,0.3624967336654663,0.0001940989408333333,0.15,30.86802070730111,3.7152746097546467,8559.65503501892
26900,836966566,0.4284919798374176,0.00019383890566666666,0.15,30.946129281789872,3.722375389253625,8564.631351709366
26950,838520881,0.39780500531196594,0.00019357985316666667,0.15,30.829184600432395,3.7117440545847633,8591.46932220459
27000,840077264,0.41616010665893555,0.00019332045599999997,0.15,30.870202511057776,3.715472955550707,8596.44373345375
27050,841625708,0.36696892976760864,0.000193062382,0.15,30.8725576202249,3.7156870563840814,8601.404900074005
27100,843185699,0.3102819621562958,0.00019280238349999996,0.15,30.941765674276535,3.7219786976615037,8606.393614530563
27150,844744942,0.37770211696624756,0.00019254250966666665,0.15,30.926929408731183,3.7206299462482892,8631.95833659172
27200,846303602,0.3505585491657257,0.00019228273299999997,0.15,30.915365848820834,3.7195787135291667,8636.922945022583
27250,847850385,0.40350860357284546,0.00019202493583333333,0.15,30.839440944253926,3.7126764494776294,8641.870507717133
27300,849409716,0.49479663372039795,0.00019176504733333334,0.15,30.928674851736517,3.720788622885138,8646.845402956009
27350,850968299,0.39292335510253906,0.0001915052835,0.15,30.913838586191165,3.719439871471924,8672.551930427551
27400,852521602,0.3781048357486725,0.00019124639966666663,0.15,30.809112005871036,3.7099192732610033,8677.539950847626
27450,854081054,0.3887860178947449,0.00019098649099999997,0.15,30.931074835868852,3.721006803260805,8682.521050214767
27500,855630532,0.4267660975456238,0.00019072824466666668,0.15,30.893173299306167,3.7175612090278336,8687.473781108856
27550,857187927,0.36613690853118896,0.00019046867883333333,0.15,30.890275105619136,3.717297736874467,8692.45411157608
27600,858746576,0.35338863730430603,0.000190208904,0.15,30.91514766844517,3.7195588789495613,8717.946202516556
27650,860302981,0.3394845426082611,0.00018994950316666664,0.15,30.870638871809113,3.7155126247099193,8723.130043268204
27700,861853031,0.34919533133506775,0.00018969116149999998,0.15,30.904577717521335,3.7185979743201214,8728.289652824402
27750,863411020,0.32961252331733704,0.00018943149666666664,0.15,30.90205684590515,3.7183688041731955,8733.384969472885
27800,864971253,0.38202834129333496,0.0001891714578333333,0.15,30.946565642541206,3.7224150584128366,8770.763714790344
27850,866527757,0.3669997751712799,0.00018891204049999998,0.15,30.872602495190115,3.7156911359263742,8775.902014255524
27900,868077180,0.3771326243877411,0.00018865380333333334,0.15,30.89207672063163,3.717461520057421,8781.012548446655
27950,869635587,0.37983497977256775,0.0001883940688333333,0.15,30.910347700180495,3.7191225181982266,8786.072533845901
28000,871191277,0.38922619819641113,0.00018813478716666666,0.15,30.85645714739076,3.7142233770355233,8822.034905672073
28050,872751642,0.40006500482559204,0.0001878747263333333,0.15,30.94918380704921,3.72265307336811,8827.12607383728
28100,874309180,0.42485031485557556,0.00018761513666666664,0.15,30.893111450502808,3.7175555864093464,8832.209483385086
28150,875855292,0.3828533887863159,0.0001873574513333333,0.15,30.826062684424596,3.7114602440385998,8837.262724399567
28200,877410476,0.4021838903427124,0.00018709825399999998,0.15,30.846420850110082,3.7133109863736435,8842.345166683197
28250,878966496,0.34380078315734863,0.00018683891733333333,0.15,30.86300255866077,3.714818414423706,8876.049174547195
28300,880527719,0.4017634391784668,0.00018657871349999998,0.15,30.96620187635123,3.724200170577385,8881.124228477478
28350,882074304,0.3896404504776001,0.00018632094933333332,0.15,30.8354932610256,3.7123175691841457,8886.184462547302
28400,883631677,0.41161754727363586,0.00018606138716666665,0.15,30.889838744867802,3.717258067715255,8891.268038511276
28450,885191151,0.3834315538406372,0.0001858014748333333,0.15,30.93151119662019,3.7210464724200176,8923.499772787094
28500,886747567,0.3463265597820282,0.00018554207216666665,0.15,30.87085705218478,3.715532459289525,8928.599664926529
28550,888304566,0.36471274495124817,0.0001852825723333333,0.15,30.882420612095128,3.716583692008648,8933.644736766815
28600,889855452,0.3268582224845886,0.0001850240913333333,0.15,30.921245713374272,3.7201132466703886,8938.647234916687
28650,891412792,0.36729055643081665,0.00018476453466666665,0.15,30.8891842037408,3.717198563976436,8968.513676404953
28700,892971298,0.35631126165390015,0.00018450478366666663,0.15,30.912311323561497,3.7193010294146815,8973.594752550125
28750,894529419,0.4648870527744293,0.00018424509683333333,0.15,30.904675010413154,3.718606819128469,8978.685463428497
28800,896077236,0.33824247121810913,0.0001839871273333333,0.15,30.860056623335193,3.7145506021213817,8983.752879619598
28850,897636941,0.4107619524002075,0.00018372717649999998,0.15,30.936092984509195,3.721462998591745,8988.823395729065
28900,899195502,0.315717488527298,0.00018346741633333332,0.15,30.91340222543983,3.719400202312712,9016.80729675293
28950,900750004,0.43738120794296265,0.00018320833266666665,0.15,30.83289366681873,3.712081242438067,9021.79304432869
29000,902308807,0.4605597257614136,0.00018294853216666666,0.15,30.918202193704506,3.7198365630640455,9026.78380393982
29050,903857581,0.45460012555122375,0.00018269040316666664,0.15,30.87913709227211,3.7162851902065555,9031.748000860214
29100,905418507,0.41150715947151184,0.0001824302488333333,0.15,30.960311006208222,3.7236646369280204,9060.003054618835
29150,906973592,0.3738709092140198,0.00018217106800000001,0.15,30.84445722672908,3.7131324751571886,9065.072359800339
29200,908531889,0.3718201816082001,0.00018191135183333334,0.15,30.908165896423824,3.7189241724021658,9070.049092292786
29250,910082093,0.34417304396629333,0.00018165298449999997,0.15,30.907648137810032,3.718877103437275,9075.019214391708
29300,911640665,0.40523967146873474,0.00018139322249999997,0.15,30.9136204058155,3.719420036892318,9100.329034805298
29350,913197719,0.39759495854377747,0.00018113371349999998,0.15,30.88351151397346,3.7166828649066783,9105.296974182129
29400,914752276,0.37976548075675964,0.00018087462066666667,0.15,30.833984568697065,3.7121804153360967,9110.286136388779
29450,916303030,0.3933773934841156,0.00018061616166666663,0.15,30.918613924555387,3.7198739931413987,9115.27537369728
29500,917858027,0.3606116771697998,0.00018035699549999999,0.15,30.842711783723743,3.7129737985203404,9120.245632886887
29550,919414971,0.40216004848480225,0.0001800975048333333,0.15,30.881329710216793,3.716484519110617,9151.518212080002
29600,920972102,0.440738320350647,0.000179837983,0.15,30.88503877660313,3.7168217069639202,9156.864929914474
29650,922526989,0.36802130937576294,0.00017957883516666668,0.15,30.840529979967073,3.7127754527242796,9162.208337545395
29700,924077644,0.4022011458873749,0.00017932039266666666,0.15,30.916640082941225,3.7196945529946572,9167.481647968292
29750,925637030,0.4499359428882599,0.00017906049499999998,0.15,30.929765753614852,3.7208877957831685,9227.003958940506
29800,927196284,0.40190696716308594,0.0001788006193333333,0.15,30.92714758910685,3.7206497808278955,9232.018876791
29850,928754240,0.3990446925163269,0.00017854096,0.15,30.90140230477815,3.718309300434377,9237.22254061699
29900,930303135,0.3943031132221222,0.00017828281083333332,0.15,30.88154956535609,3.7165045059414625,9242.506226062775
29950,931862466,0.4133110046386719,0.0001780229223333333,0.15,30.928674851736517,3.720788622885138,9335.156120061874
30000,933415989,0.3465275168418884,0.0001777640018333333,0.15,30.813475613384373,3.7103159648531245,9340.207439661026
30050,934979676,0.40494439005851746,0.00017750338733333332,0.15,31.015074280500624,3.728643116409148,9345.20450258255
30100,936535102,0.40626195073127747,0.00017724414966666666,0.15,30.851220818374756,3.713747347124978,9350.178457021713
30150,938082743,0.3871927261352539,0.0001769862095,0.15,30.85654757157668,3.7142315974160622,9355.253119945526
30200,939641513,0.48571908473968506,0.0001767264145,0.15,30.917547652577504,3.7197770593252275,9422.22450041771
30250,941199832,0.3992694318294525,0.00017646669466666662,0.15,30.908602257175158,3.7189638415613784,9427.335412025452
30300,942755863,0.4335390031337738,0.00017620735616666664,0.15,30.863220739036436,3.7148382490033125,9432.43754696846
30350,944305726,0.40033215284347534,0.00017594904566666663,0.15,30.90084935002791,3.718259031820719,9437.5705473423
30400,945864617,0.39375051856040955,0.00017568923049999998,0.15,30.91994763670984,3.719995239700894,9497.894518852234
30450,947423035,0.3253576457500458,0.00017542949416666663,0.15,30.910565880556163,3.719142352777833,9502.891064167023
30500,948980364,0.3960128128528595,0.00017516993933333331,0.15,30.888966023365136,3.7171787293968306,9507.89144539833
30550,950537187,0.4019487500190735,0.00017491046883333334,0.15,30.878929726084454,3.71626633873495,9512.90008854866
30600,952085433,0.4114450514316559,0.00017465242783333332,0.15,30.86860993699657,3.715328176090597,9539.31504535675
30650,953644632,0.40088585019111633,0.00017439256133333332,0.15,30.926056687228513,3.7205506079298645,9544.282012462616
30700,955202445,0.35949426889419556,0.00017413292583333333,0.15,30.89856595989448,3.7180514508994986,9549.258293628693
30750,956760060,0.3900677263736725,0.0001738733233333333,0.15,30.894638713132476,3.717694428466589,9554.29845237732
30800,958309142,0.40009966492652893,0.00017361514299999998,0.15,30.885277932849508,3.716843448440864,9559.29421544075
30850,959866141,0.37257421016693115,0.00017335564316666664,0.15,30.882420612095128,3.716583692008648,9587.165140628815
30900,961423173,0.43793773651123047,0.0001730961378333333,0.15,30.883075153222126,3.7166431957474657,9592.139154911041
30950,962983340,0.4338982403278351,0.00017283611,0.15,30.945256560287206,3.7222960509352006,9597.1644012928
31000,964534523,0.36280423402786255,0.0001725775795,0.15,30.927167238216764,3.720651567110615,9602.16294836998
31050,966093172,0.3571152091026306,0.00017231780466666667,0.15,30.91514766844517,3.7195588789495613,9628.614649057388
31100,967650556,0.4834069311618805,0.00017205824066666666,0.15,30.89005692524347,3.7172779022948608,9633.590282917023
31150,969205509,0.40843090415000916,0.0001717990818333333,0.15,30.841839062221077,3.712894460201916,9638.59205198288
31200,970763146,0.3930266797542572,0.00017153947566666666,0.15,30.89507507388381,3.717734097625801,9643.583982467651
31250,972308631,0.4075760841369629,0.00017128189483333332,0.15,30.81356168753489,3.7103237897758987,9670.4065721035
31300,973867830,0.44252845644950867,0.0001710220283333333,0.15,30.926056687228513,3.7205506079298645,9675.380997419357
31350,975425038,0.4059363603591919,0.00017076249366666666,0.15,30.886566039232797,3.7169605490211635,9680.386305570602
31400,976980640,0.4098621904850006,0.00017050322666666665,0.15,30.854711704385426,3.7140647003986746,9685.397689342499
31450,978529007,0.36838775873184204,0.00017024516549999998,0.15,30.87102241008055,3.7155474918255043,9690.36937904358
31500,980084961,0.37546199560165405,0.00016998583983333332,0.15,30.861693476406767,3.71469940694607,9716.952697753906
31550,981642961,0.35022008419036865,0.00016972617316666667,0.15,30.90227502628082,3.718388638752802,9721.936418533325
31600,983199245,0.370737761259079,0.00016946679249999996,0.15,30.868238887676775,3.715294444334252,9726.928913593292
31650,984757223,0.3901689052581787,0.00016920712949999996,0.15,30.901838665529485,3.718348969593589,9731.930435657501
31700,986305282,0.3562559485435486,0.00016894911966666666,0.15,30.86488156950315,3.714989233591196,9757.60664486885
31750,987860697,0.3578929305076599,0.0001686898838333333,0.15,30.851002637999088,3.7137275125453715,9762.589295625687
31800,989418081,0.3792848289012909,0.0001684303198333333,0.15,30.89005692524347,3.7172779022948608,9767.565366983414
31850,990974706,0.2872910499572754,0.0001681708823333333,0.15,30.87500247932245,3.7159093163020405,9772.563767671585
31900,992525878,0.36389458179473877,0.00016791235366666663,0.15,30.926947922481858,3.7206316293165327,9798.51822733879
31950,994082767,0.41875556111335754,0.00016765287216666667,0.15,30.880238808338458,3.7163853462125873,9803.493364095688
32000,995640767,0.4002705216407776,0.00016739320549999997,0.15,30.90227502628082,3.718388638752802,9808.488500356674
32050,997201561,0.4089416563510895,0.00016713307316666665,0.15,30.95769284170022,3.7234266219727474,9813.497173070908
32100,998757163,0.36523914337158203,0.00016687380616666663,0.15,30.854711704385426,3.7140647003986746,9818.50389456749
32150,1000305684,0.3363274037837982,0.00016661571933333333,0.15,30.874092830369246,3.715826620942659,9843.610304355621
32200,1001864740,0.3902193307876587,0.00016635587666666667,0.15,30.923220342344845,3.720292758394986,9848.602870464325
32250,1003424555,0.40634429454803467,0.00016609590749999998,0.15,30.93827478826586,3.721661344387805,9853.662209749222
32300,1004981070,0.40865567326545715,0.00016583648833333331,0.15,30.87282067556578,3.7157109705059796,9858.960944652557
32350,1006529448,0.33116355538368225,0.00016557842533333335,0.15,30.871241725815455,3.7155674296195866,9906.267567157745
32400,1008086359,0.42834168672561646,0.00016531894016666668,0.15,30.88067516908979,3.716425015371799,9911.318281412125
32450,1009643369,0.3347790539264679,0.00016505943849999996,0.15,30.882638792470793,3.716603526588254,9916.388620138168
32500,1011198399,0.3269628584384918,0.0001648002668333333,0.15,30.843366324850745,3.713033302259159,9921.475521087646
32550,1012748966,0.4805029332637787,0.000164541839,0.15,30.914885557061968,3.719535050641997,9926.525440216064
32600,1014308770,0.30623528361320496,0.00016428187166666667,0.15,30.938056607890196,3.7216415098081996,9953.690704345703
32650,1015866374,0.3628256916999817,0.00016402227099999997,0.15,30.894420532756808,3.717674593886983,9958.884981632233
32700,1017422658,0.40757668018341064,0.00016376289033333334,0.15,30.868238887676775,3.715294444334252,9964.103702783585
32750,1018982473,0.351264089345932,0.00016350292116666665,0.15,30.93827478826586,3.721661344387805,9969.352998495102
32800,1020532435,0.3662995398044586,0.00016324459416666666,0.15,30.902823191642078,3.7184384719674615,10042.943929672241
32850,1022087333,0.38409513235092163,0.0001629854445,0.15,30.84074816034274,3.7127952873038854,10048.045205831528
32900,1023646653,0.41386842727661133,0.00016272555783333333,0.15,30.928456671360852,3.7207687883055316,10053.154406785965
32950,1025203982,0.3523167371749878,0.00016246600299999996,0.15,30.888966023365136,3.7171787293968306,10058.270232439041
33000,1026754274,0.3108707368373871,0.00016220762099999997,0.15,30.90940266368929,3.7190366057899356,10084.74434018135
33050,1028307665,0.3920159935951233,0.0001619487225,0.15,30.81085744887637,3.7100779498978516,10089.862887620926
33100,1029870164,0.38369056582450867,0.000161688306,0.15,30.991510799928594,3.72650098181169,10094.952115535736
33150,1031428230,0.3603576123714447,0.00016142862833333333,0.15,30.90358410853482,3.718507646230438,10100.097294330597
33200,1032986406,0.45237693190574646,0.0001611689323333333,0.15,30.90576591229149,3.7187059920264987,10105.230710744858
33250,1034539679,0.388987272977829,0.00016091005349999998,0.15,30.96883722784911,3.7244397479862825,10166.892315626144
33300,1036097459,0.3253098428249359,0.0001606504235,0.15,30.897911418767478,3.7179919471606797,10172.055777788162
33350,1037656757,0.3737109303474426,0.0001603905405,0.15,30.928020310609515,3.7207291191463194,10177.184952020645
33400,1039211897,0.3450188934803009,0.00016013135049999997,0.15,30.845548128607415,3.71323164805522,10182.404720544815
33450,1040761672,0.3653164505958557,0.00015987305466666664,0.15,30.899094824148655,3.7180995294680597,10257.244416236877
33500,1042321784,0.3614565134048462,0.00015961303599999998,0.15,30.94416565840887,3.72219687803717,10262.339607000351
33550,1043877782,0.4589410424232483,0.000159353703,0.15,30.862566197909434,3.7147787452644936,10267.436123847961
33600,1045435133,0.4191924035549164,0.00015909414449999997,0.15,30.88940238411647,3.7172183985560423,10272.530752897263
33650,1046993573,0.3718380033969879,0.00015883440450000001,0.15,30.911002241307497,3.7191820219370455,10336.211233377457
33700,1048539245,0.4014948308467865,0.00015857679249999999,0.15,30.817290055028312,3.710662732275301,10341.27829694748
33750,1050100270,0.396157443523407,0.00015831662166666667,0.15,30.962274629589224,3.723843148144475,10346.3589053154
33800,1051657423,0.35159409046173096,0.00015805709616666664,0.15,30.885475137354465,3.716861376123133,10351.439039468765
33850,1053214609,0.3659331202507019,0.00015779756516666663,0.15,30.886129678481463,3.7169208798619517,10356.543447971344
33900,1054760743,0.3555973172187805,0.00015753987616666664,0.15,30.826501315894408,3.711500119626764,10415.65415930748
33950,1056318435,0.3713585436344147,0.00015728026083333332,0.15,30.896165975762145,3.7178332705238315,10420.74096918106
34000,1057873498,0.40869566798210144,0.00015702108366666664,0.15,30.844020865977747,3.713092805997977,10425.913675069809
34050,1059432983,0.4231560230255127,0.00015676116949999997,0.15,30.931729376995854,3.721066306999623,10431.092783927917
34100,1060982681,0.3595241606235504,0.0001565028865,0.15,30.897559614004308,3.7179599649094826,10495.472903490067
34150,1062538250,0.32368984818458557,0.000156243625,0.15,30.854057163258425,3.7140051966598566,10500.490503311157
34200,1064093632,0.3891696631908417,0.00015598439466666663,0.15,30.850348096872086,3.713668008806553,10505.602252483368
34250,1065656461,0.35656777024269104,0.00015572392316666665,0.15,30.998056211198605,3.7270960191998728,10510.757615566254
34300,1067212470,0.386112242937088,0.00015546458833333332,0.15,30.862784378285102,3.7147985798441,10550.297847747803
34350,1068764291,0.30964723229408264,0.00015520595149999997,0.15,30.939887550841377,3.721807959167398,10555.421618461609
34400,1070318573,0.4003306031227112,0.00015494690449999998,0.15,30.828530059305393,3.711684550845945,10560.547564983368
34450,1071877365,0.3702740967273712,0.0001546871058333333,0.15,30.917984013328837,3.7198167284844392,10565.667811393738
34500,1073433363,0.3854907155036926,0.00015442777283333333,0.15,30.862566197909434,3.7147787452644936,10570.820585727692
34550,1074983886,0.39331215620040894,0.0001541693523333333,0.15,30.91400829412234,3.7194552994656673,10607.934747219086
34600,1076538784,0.43365028500556946,0.00015391020266666667,0.15,30.84074816034274,3.7127952873038854,10613.200815439224
34650,1078095464,0.39638835191726685,0.00015365075599999998,0.15,30.876093381200786,3.7160084892000715,10618.404645681381
34700,1079655004,0.38580065965652466,0.00015339083266666662,0.15,30.93282027887419,3.7211654798976537,10623.484234809875
34750,1081210628,0.35926979780197144,0.00015313156199999999,0.15,30.85514806513676,3.7141043695578873,10684.246185302734
34800,1082757785,0.368302583694458,0.0001528737025,0.15,30.84689767924077,3.7133543344764335,10689.3313601017
34850,1084316731,0.3897586464881897,0.00015261387816666665,0.15,30.921038538588174,3.7200944125989253,10694.464943647385
34900,1085872795,0.3654882609844208,0.00015235453416666665,0.15,30.863875280163438,3.714897752742131,10699.596484661102
34950,1087430113,0.34803640842437744,0.00015209498116666663,0.15,30.888747842989467,3.7171588948172243,10758.737327814102
35000,1088982154,0.34709876775741577,0.00015183630766666664,0.15,30.944273865539518,3.722206715049047,10763.750481128693
35050,1090538669,0.38181424140930176,0.0001515768885,0.15,30.87282067556578,3.7157109705059796,10768.861567497253
35100,1092097835,0.393269419670105,0.00015131702749999996,0.15,30.925402146101515,3.7204911041910473,10773.973458766937
35150,1093656517,0.37390369176864624,0.00015105724716666665,0.15,30.915802209572167,3.7196183826883784,10779.102547168732
35200,1095213549,0.4161349833011627,0.0001507977418333333,0.15,30.883075153222126,3.7166431957474657,10830.511316776276
35250,1096762719,0.37063068151474,0.00015053954683333332,0.15,30.887032458728765,3.7170029507935243,10835.579926013947
35300,1098321027,0.3618031144142151,0.0001502798288333333,0.15,30.908384076799493,3.718944006981772,10840.675058841705
35350,1099875606,0.36375048756599426,0.00015002073233333333,0.15,30.8344209294484,3.712220084495309,10845.845841169357
35400,1101430933,0.38545024394989014,0.00014976151116666666,0.15,30.84925719499375,3.7135688359085233,10916.514152526855
35450,1102980169,0.35643985867500305,0.00014950330516666667,0.15,30.88834835313821,3.7171225775580194,10921.532797813416
35500,1104537608,0.310430109500885,0.00014924373199999997,0.15,30.891147827121806,3.7173770751928914,10926.578520536423
35550,1106094783,0.3754889965057373,0.0001489842028333333,0.15,30.8859114981058,3.7169010452823454,10931.689550638199
35600,1107650803,0.3775900900363922,0.00014872486616666664,0.15,30.86300255866077,3.714818414423706,10987.536270618439
35650,1109202426,0.46791499853134155,0.00014846626233333332,0.15,30.935939867613047,3.721449078873913,10992.638605594635
35700,1110760371,0.3989107012748718,0.0001482066048333333,0.15,30.901184124402484,3.718289465854771,10997.76038146019
35750,1112318701,0.33688271045684814,0.00014794688316666665,0.15,30.908820437550826,3.7189836761409847,11002.853360891342
35800,1113879572,0.4034840166568756,0.000147686738,0.15,30.959220104329887,3.72356546402999,11007.973524332047
35850,1115434657,0.42341455817222595,0.00014742755716666664,0.15,30.84445722672908,3.7131324751571886,11055.03142786026
35900,1116985059,0.3458220064640045,0.00014716915683333332,0.15,30.91159582103836,3.7192359837307603,11060.09229683876
35950,1118539561,0.40237802267074585,0.00014691007316666664,0.15,30.83289366681873,3.712081242438067,11065.212404966354
36000,1120096483,0.4032369554042816,0.00014665058616666665,0.15,30.88089334946546,3.7164448499514053,11070.347903490067
36050,1121656804,0.3877412676811218,0.00014639053266666665,0.15,30.948311085546543,3.7225737350496857,11106.2236161232
36100,1123207998,0.435115784406662,0.0001461320003333333,0.15,30.92738655395167,3.7206715049046974,11111.282925128937
36150,1124766141,0.391801118850708,0.00014587230983333332,0.15,30.905111371164487,3.7186464882876806,11116.413373708725
36200,1126322469,0.3837581276893616,0.00014561292183333331,0.15,30.869111609179445,3.7153737826526765,11121.548043489456
36250,1127880117,0.4111650586128235,0.00014535331383333332,0.15,30.895293254259474,3.7177539322054063,11150.778825759888
36300,1129438975,0.4234527349472046,0.00014509350416666667,0.15,30.91929309558284,3.7199357359620766,11155.808527231216
36350,1130987496,0.37109139561653137,0.00014483541733333332,0.15,30.874092830369246,3.715826620942659,11160.861201524734
36400,1132547289,0.3723137080669403,0.00014457545183333334,0.15,30.937838427514528,3.7216216752285933,11165.99079489708
36450,1134102407,0.399514377117157,0.00014431626549999996,0.15,30.845111767856082,3.7131919788960075,11171.111656665802
36500,1135659571,0.38446691632270813,0.00014405673816666664,0.15,30.88569331773013,3.716881210702739,11201.030032157898
36550,1137210259,0.3957061767578125,0.00014379829016666665,0.15,30.917298030145943,3.719754366376904,11205.98100233078
36600,1138766158,0.42283183336257935,0.00014353897366666665,0.15,30.860602574528432,3.714600234048039,11211.040968179703
36650,1140324455,0.3760885000228882,0.00014327925749999998,0.15,30.908165896423824,3.7189241724021658,11216.205688714981
36700,1141879188,0.3122931718826294,0.00014302013533333332,0.15,30.837475454707736,3.712497768609794,11242.984585762024
36750,1143435912,0.36001497507095337,0.0001427606813333333,0.15,30.876966102703452,3.7160878275184954,11247.974781274796
36800,1144985621,0.3589225113391876,0.00014250239649999999,0.15,30.897778929739214,3.7179799027035654,11252.918896436691
36850,1146543423,0.3808821141719818,0.00014224276283333334,0.15,30.89834777951881,3.7180316163198923,11257.917226314545
36900,1148100389,0.362124502658844,0.0001419832685,0.15,30.881766070968126,3.7165241882698297,11284.081150770187
36950,1149658873,0.36459052562713623,0.00014172352116666664,0.15,30.911874962810163,3.719261360255469,11289.048521518707
37000,1151207097,0.3687141239643097,0.00014146548383333333,0.15,30.868171305526758,3.7152883005024324,11293.991781711578
37050,1152763722,0.3548024594783783,0.00014120604633333333,0.15,30.87500247932245,3.7159093163020405,11298.98600101471
37100,1154321227,0.38029003143310547,0.00014094646216666667,0.15,30.892456909375806,3.7174960826705283,11303.992092370987
37150,1155877060,0.3563229739665985,0.00014068715666666666,0.15,30.859293492274432,3.714481226570403,11330.002054214478
37200,1157425548,0.3479156494140625,0.00014042907533333331,0.15,30.873434883164528,3.7157668075604118,11334.96869635582
37250,1158980358,0.3667607009410858,0.00014016994033333333,0.15,30.839002717337404,3.712636610667037,11339.913924694061
37300,1160537907,0.38326728343963623,0.00013991034883333332,0.15,30.893329630878473,3.7175754209889518,11344.895178079605
37350,1162095236,0.42546188831329346,0.00013965079399999998,0.15,30.888966023365136,3.7171787293968306,11371.15382528305
37400,1163650497,0.39101213216781616,0.00013939158383333332,0.15,30.84794811273975,3.7134498284308863,11376.122599363327
37450,1165204133,0.38935065269470215,0.0001391326445,0.15,30.976074647101044,3.7250976951910038,11381.064835309982
37500,1166763321,0.395023912191391,0.00013887277983333333,0.15,30.92583850685285,3.720530773350259,11386.04202246666
37550,1168317713,0.3639652729034424,0.0001386137145,0.15,30.830711863062064,3.7118828966420057,11415.043693065643
37600,1169874822,0.3915628492832184,0.0001383541963333333,0.15,30.884602415851795,3.7167820378047085,11420.039807796478
37650,1171423915,0.4213704764842987,0.00013809601416666663,0.15,30.885497248584418,3.7168633862349467,11425.018662929535
37700,1172983081,0.3463236689567566,0.00013783615316666665,0.15,30.925402146101515,3.7204911041910473,11430.008651256561
37750,1174537935,0.3895767331123352,0.00013757701083333334,0.15,30.839875438840075,3.7127159489854615,11434.983452320099
37800,1176096221,0.36046525835990906,0.00013731729649999998,0.15,30.90794771604816,3.7189043378225595,11463.722199678421
37850,1177653264,0.42014485597610474,0.00013705778933333331,0.15,30.883293333597795,3.716663030327072,11468.690745592117
37900,1179201257,0.38552752137184143,0.0001367997905,0.15,30.863565675093707,3.714869606826701,11473.650369644165
37950,1180758289,0.35949671268463135,0.00013654028516666667,0.15,30.883075153222126,3.7166431957474657,11478.65810751915
38000,1182317719,0.3883046805858612,0.00013628038016666664,0.15,30.93063847511752,3.7209671341015924,11504.729543924332
38050,1183877017,0.3439376652240753,0.00013602049716666666,0.15,30.928020310609515,3.7207291191463194,11509.718894481659
38100,1185426286,0.42637690901756287,0.00013576228566666666,0.15,30.88900630034293,3.717182390940266,11514.711285829544
38150,1186989940,0.3569120168685913,0.00013550167666666666,0.15,31.014419739373626,3.728583612670329,11519.734964847565
38200,1188545619,0.4297230541706085,0.00013524239683333333,0.15,30.856238967015095,3.714203542455918,11600.06186914444
38250,1190101276,0.3370189070701599,0.00013498312066666666,0.15,30.85580260626376,3.7141638732967057,11605.064785003662
38300,1191658913,0.4089150130748749,0.0001347235145,0.15,30.89507507388381,3.717734097625801,11610.077050447464
38350,1193209227,0.37267714738845825,0.00013446512883333333,0.15,30.909841295159104,3.7190764813781003,11615.0568857193
38400,1194766424,0.38929593563079834,0.00013420559599999998,0.15,30.886347858857132,3.7169407144415576,11620.064062833786
38450,1196325678,0.3633712828159332,0.0001339457203333333,0.15,30.92714758910685,3.7206497808278955,11709.542183637619
38500,1197883205,0.4055359363555908,0.0001336861325,0.15,30.89289327012714,3.71753575182974,11714.589746713638
38550,1199433618,0.41755765676498413,0.00013342773033333334,0.15,30.911815136773267,3.7192559215248426,11719.636904239655
38600,1200990562,0.3986656963825226,0.00013316823966666664,0.15,30.881329710216793,3.716484519110617,11724.731698036194
38650,1202545977,0.35789281129837036,0.00013290900383333332,0.15,30.851002637999088,3.7137275125453715,11788.912615537643
38700,1204103658,0.4357053339481354,0.00013264939033333332,0.15,30.895947795386476,3.717813435944225,11793.982583999634
38750,1205657294,0.3164714276790619,0.00013239045099999998,0.15,30.976074647101044,3.7250976951910038,11799.055762290955
38800,1207215547,0.3666607737541199,0.00013213074216666663,0.15,30.907293174921158,3.7188448340837414,11804.139737606049
38850,1208771622,0.3707091212272644,0.00013187139633333332,0.15,30.864093460539102,3.7149175873217364,11878.921045541763
38900,1210332383,0.3810977041721344,0.00013161126950000002,0.15,30.95703830057322,3.723367118233929,11884.086983203888
38950,1211893199,0.3704512119293213,0.00013135113349999996,0.15,30.958129202451556,3.72346629113196,11889.295668363571
39000,1213443326,0.3496434986591339,0.000131092779,0.15,30.90611292766568,3.7187375388786985,11894.461947917938
39050,1214999698,0.3729426860809326,0.00013083338366666665,0.15,30.86998433068211,3.7154531209711013,11899.72514462471
39100,1216559568,0.36763107776641846,0.00013057340533333332,0.15,30.939365690144196,3.7217605172858366,11932.544327259064
39150,1218116864,0.3806288242340088,0.000130313856,0.15,30.888311482238134,3.7171192256580126,11937.684429168701
39200,1219663790,0.3881126046180725,0.000130056035,0.15,30.84229204880772,3.7129356408007017,11942.749073028564
39250,1221220503,0.38665786385536194,0.00012979658283333333,0.15,30.876747922327787,3.7160679929388896,11947.79519033432
39300,1222781726,0.3298124670982361,0.000129536379,0.15,30.96620187635123,3.724200170577385,11977.832721233368
39350,1224336899,0.3819969594478607,0.0001292771835,0.15,30.846202669734414,3.7132911517940372,11982.979773521423
39400,1225897088,0.4087081551551819,0.000129017152,0.15,30.94569292103854,3.722335720094413,11988.22769522667
39450,1227446159,0.37572869658470154,0.0001287589735,0.15,30.885058617114602,3.716823510646782,11993.353919029236
39500,1229003543,0.3609992563724518,0.0001284994095,0.15,30.89005692524347,3.7172779022948608,12064.48397231102
39550,1230560366,0.36589786410331726,0.000128239939,0.15,30.878929726084454,3.71626633873495,12069.524609804153
39600,1232116936,0.4156392514705658,0.00012798051066666667,0.15,30.873911577444115,3.7158101434040107,12074.568647146225
39650,1233667162,0.340280145406723,0.00012772213966666667,0.15,30.908086769279848,3.718916979025441,12079.590764284134
39700,1235223435,0.3712545335292816,0.00012746276083333333,0.15,30.86802070730111,3.7152746097546467,12084.640070199966
39750,1236779037,0.37035682797431946,0.00012720349383333332,0.15,30.854711704385426,3.7140647003986746,12115.460542678833
39800,1238336564,0.47129377722740173,0.00012694390599999998,0.15,30.89289327012714,3.71753575182974,12120.53322982788
39850,1239897523,0.32475146651268005,0.00012668374616666667,0.15,30.960965547335224,3.7237241406668384,12125.631047964096
39900,1241449047,0.4672124683856964,0.0001264251588333333,0.15,30.933966025998885,3.7212696387271715,12130.780152320862
39950,1243005672,0.3603782653808594,0.0001261657213333333,0.15,30.87500247932245,3.7159093163020405,12205.022569417953
40000,1244563067,0.38954415917396545,0.00012590615549999999,0.15,30.890275105619136,3.717297736874467,12210.19193649292
40050,1246119406,0.38284212350845337,0.00012564676566666666,0.15,30.86932978955511,3.715393617232283,12215.29373550415
40100,1247667454,0.41083574295043945,0.00012538875766666667,0.15,30.864662253768245,3.714969295797113,12220.47044301033
40150,1249225498,0.3765430748462677,0.00012512908366666664,0.15,30.903147747783485,3.718467977071226,12264.012666463852
40200,1250788063,0.2895655035972595,0.00012486865616666664,0.15,30.992819882182598,3.7266199892893273,12269.081278562546
40250,1252340948,0.39905688166618347,0.000124609842,0.15,30.80082115159569,3.709165559235972,12274.23458147049
40300,1253891933,0.3880871534347534,0.00012435134449999998,0.15,30.923219554988435,3.7202926868171304,12279.430240392685
40350,1255451440,0.3361368775367737,0.00012409142666666665,0.15,30.932165737747187,3.7211059761588348,12284.608214378357
40400,1257007944,0.43091559410095215,0.00012383200933333333,0.15,30.872602495190115,3.7156911359263742,12326.365863323212
40450,1258566098,0.3896411955356598,0.000123572317,0.15,30.905329551540156,3.718666322867287,12331.46171116829
40500,1260122063,0.3721517324447632,0.0001233129895,0.15,30.861911656782436,3.7147192415256765,12336.600995540619
40550,1261673895,0.33593642711639404,0.00012305435083333335,0.15,30.940106866576283,3.7218278969614804,12341.733503580093
40600,1263231829,0.39432990550994873,0.00012279469516666665,0.15,30.900965944026815,3.718269631275165,12375.26755642891
40650,1264785935,0.3704330325126648,0.00012253567749999998,0.15,30.825039173294723,3.711367197572248,12380.464725017548
40700,1266346476,0.3466007113456726,0.0001222755873333333,0.15,30.95267469305988,3.722970426641807,12385.682993650436
40750,1267894524,0.3777381181716919,0.00012201757933333332,0.15,30.864662253768245,3.714969295797113,12390.854724645615
40800,1269453393,0.382099986076355,0.00012175776783333333,0.15,30.919511275958506,3.7199555705416825,12449.620037317276
40850,1271010920,0.3565855324268341,0.00012149818,0.15,30.89289327012714,3.71753575182974,12454.70253443718
40900,1272569514,0.4102463126182556,0.00012123841433333332,0.15,30.914056766566834,3.71945970605153,12459.763145208359
40950,1274129186,0.3261069059371948,0.00012097846899999998,0.15,30.935438443382193,3.721403494852927,12464.856242656708
41000,1275677190,0.37583115696907043,0.00012072046833333333,0.15,30.863784990828616,3.7148895446207835,12470.177305459976
41050,1277235388,0.30894845724105835,0.00012046076866666666,0.15,30.906202273042823,3.7187456611857113,12528.860746145248
41100,1278797645,0.45516303181648254,0.00012020039249999997,0.15,30.986710831663924,3.726064621060357,12533.928606987
41150,1280356217,0.37891632318496704,0.00011994063049999998,0.15,30.9136204058155,3.719420036892318,12538.997466564178
41200,1281901790,0.4702560305595398,0.00011968303499999998,0.15,30.81531621341415,3.710483292128559,12544.04376745224
41250,1283456127,0.43635961413383484,0.00011942397883333333,0.15,30.82962096118373,3.7117837237439755,12605.53473854065
41300,1285013621,0.3694683909416199,0.00011916439649999999,0.15,30.892238729000137,3.717476248090922,12610.56041932106
41350,1286572688,0.3676713705062866,0.00011890455199999999,0.15,30.92343852272051,3.720312592974592,12615.580035448074
41400,1288134197,0.36128735542297363,0.00011864430049999999,0.15,30.971874566118572,3.724715869647143,12620.620818138123
41450,1289679330,0.3533550202846527,0.00011838677833333333,0.15,30.806543584017863,3.70968578036526,12684.121531963348
41500,1291239068,0.4294991195201874,0.00011812682199999998,0.15,30.936747525636193,3.721522502330563,12689.174139261246
41550,1292796122,0.38057273626327515,0.000117867313,0.15,30.88351151397346,3.7166828649066783,12694.229555130005
41600,1294353165,0.37901386618614197,0.00011760780583333333,0.15,30.883293333597795,3.716663030327072,12699.278682947159
41650,1295904249,0.3522719442844391,0.00011734929183333331,0.15,30.9251933966026,3.7204721269638727,12704.435181617737
41700,1297461292,0.40224310755729675,0.00011708978466666665,0.15,30.883293333597795,3.716663030327072,12767.385999441147
41750,1299018093,0.35820701718330383,0.00011683031783333333,0.15,30.87849336533312,3.716226669575738,12772.449719667435
41800,1300574762,0.34844109416007996,0.000116570873,0.15,30.875875200825117,3.7159886546204657,12777.550088644028
41850,1302124724,0.4126123785972595,0.000116312546,0.15,30.902823191642078,3.7184384719674615,12782.754325151443
41900,1303685276,0.34786221385002136,0.00011605245400000001,0.15,30.952892873435548,3.722990261221413,12838.536834001541
41950,1305240350,0.39708903431892395,0.00011579327499999998,0.15,30.84423904635341,3.7131126405775827,12843.554688215256
42000,1306796051,0.39503759145736694,0.00011553399149999998,0.15,30.85667532776643,3.7142432116151296,12848.622077703476
42050,1308354689,0.323869526386261,0.0001152742185,0.15,30.9149294880695,3.719539044369955,12853.76825094223
42100,1309905938,0.3720417022705078,0.000115015677,0.15,30.928483132626205,3.7207711938751094,12882.90709900856
42150,1311461320,0.4121890962123871,0.00011475644666666666,0.15,30.850348096872086,3.713668008806553,12887.988916635513
42200,1313019617,0.3418794870376587,0.0001144967305,0.15,30.908165896423824,3.7189241724021658,12893.230202674866
42250,1314574790,0.3824293911457062,0.00011423753499999997,0.15,30.846202669734414,3.7132911517940372,12898.437507629395
42300,1316124587,0.35341936349868774,0.00011397923549999998,0.15,30.89953345561847,3.7181394050562244,12903.618459939957
42350,1317680849,0.3721471428871155,0.0001137198585,0.15,30.86780252692544,3.7152547751750404,12937.91192817688
42400,1319240070,0.43032169342041016,0.00011345998833333332,0.15,30.926493047979847,3.720590277089077,12943.017734527588
42450,1320794814,0.37284669280052185,0.00011320086433333331,0.15,30.837693635083404,3.7125176031894003,12948.112485408783
42500,1322350702,0.3568727970123291,0.00011294154966666666,0.15,30.860384394152767,3.714580399468433,12953.252723455429
42550,1323900983,0.4034585952758789,0.00011268316949999999,0.15,30.909183347954382,3.7190166679958527,12994.211466312408
42600,1325458224,0.38313478231430054,0.00011242362933333333,0.15,30.8872205803598,3.7170200527599815,12999.25625538826
42650,1327017852,0.38313183188438416,0.00011216369133333333,0.15,30.934565721879526,3.721324156534502,13004.53155374527
42700,1328573740,0.3631260395050049,0.00011190437666666668,0.15,30.860384394152767,3.714580399468433,13009.960330486298
42750,1330122756,0.3387566804885864,0.00011164620733333333,0.15,30.883962038440067,3.7167238216763696,13048.395884752274
42800,1331680756,0.34210923314094543,0.00011138654066666666,0.15,30.90227502628082,3.718388638752802,13053.457164287567
42850,1333238371,0.38759085536003113,0.00011112693816666667,0.15,30.894638713132476,3.717694428466589,13058.608016252518
42900,1334796283,0.3658842444419861,0.00011086728616666665,0.15,30.900529583275482,3.718229962115953,13063.74567437172
42950,1336352985,0.3913157284259796,0.00011060783583333333,0.15,30.87652974195212,3.7160481583592837,13068.865211486816
43000,1337904630,0.4435068666934967,0.00011034922833333333,0.15,30.93637849908286,3.7214889544620786,13097.026401281357
43050,1339461849,0.3522370457649231,0.00011008969183333333,0.15,30.886784219608465,3.7169803836007698,13102.137920379639
43100,1341017924,0.3349774181842804,0.000109830346,0.15,30.864093460539102,3.7149175873217364,13107.242374658585
43150,1342577783,0.42595526576042175,0.00010957036949999998,0.15,30.93914750976853,3.7217406827062303,13112.405903100967
43200,1344121838,0.43880495429039,0.000109313027,0.15,30.78505064199697,3.7077318765451794,13141.831995487213
43250,1345682489,0.3787171542644501,0.00010905291849999997,0.15,30.95485649681655,3.7231687724378677,13146.977167606354
43300,1347241875,0.39674443006515503,0.00010879302083333331,0.15,30.929765753614852,3.7208877957831685,13152.178305387497
43350,1348799105,0.3879825174808502,0.0001085334825,0.15,30.887002399984134,3.7170002181803756,13157.307037115097
43400,1350347527,0.4292639195919037,0.00010827541216666666,0.15,30.872118988755084,3.7156471807959166,13162.436545610428
43450,1351902788,0.38278767466545105,0.00010801620199999998,0.15,30.84794811273975,3.7134498284308863,13189.867256641388
43500,1353459028,0.3553195595741272,0.00010775682866666667,0.15,30.867366166174108,3.715215106015828,13194.86876988411
43550,1355018139,0.3798610270023346,0.00010749697683333334,0.15,30.92431124422318,3.720391931293016,13199.878168821335
43600,1356572817,0.36500295996665955,0.00010723786383333332,0.15,30.836384552829404,3.712398595711764,13204.90296459198
43650,1358121063,0.3487466275691986,0.00010697982283333332,0.15,30.86860993699657,3.715328176090597,13230.28346657753
43700,1359680053,0.35265856981277466,0.00010671999116666667,0.15,30.92191126009084,3.7201737509173487,13235.313853263855
43750,1361234907,0.34621477127075195,0.00010646084883333331,0.15,30.839875438840075,3.7127159489854615,13240.315826416016
43800,1362792731,0.4237320125102997,0.0001062012115,0.15,30.89878414027015,3.718071285479105,13245.333668231964
43850,1364343837,0.38926446437835693,0.00010594269383333331,0.15,30.925632028072414,3.7205120025520375,13270.520210981369
43900,1365900814,0.33147796988487244,0.00010568319766666667,0.15,30.88198425134379,3.716544022849436,13275.531520366669
43950,1367461245,0.3615357577800751,0.0001054231258333333,0.15,30.950492889303213,3.7227720808457465,13280.530677556992
44000,1369017419,0.3172076940536499,0.00010516376349999998,0.15,30.866057083920108,3.715096098538192,13285.53127360344
44050,1370573428,0.370532363653183,0.00010490442866666665,0.15,30.862784378285102,3.7147985798441,13290.525382995605
44100,1372123192,0.3333439528942108,0.00010464613466666665,0.15,30.89887550841375,3.7180795916739773,13315.883848667145
44150,1373681643,0.37279728055000305,0.00010438639283333333,0.15,30.91122042168316,3.719201856516651,13320.876277208328
44200,1375237993,0.4005313217639923,0.00010412700116666666,0.15,30.869547969930778,3.715413451811889,13325.891294240952
44250,1376795421,0.37995555996894836,0.00010386742983333331,0.15,30.890929646746137,3.717357240613285,13330.893054485321
44300,1378345735,0.3496533930301666,0.00010360904416666665,0.15,30.909841295159104,3.7190764813781003,13356.15479016304
44350,1379900589,0.3821907043457031,0.00010334990183333334,0.15,30.839875438840075,3.7127159489854615,13361.180409908295
44400,1381460855,0.44102367758750916,0.00010308985749999999,0.15,30.947220183668207,3.722474562151655,13366.193781614304
44450,1383017249,0.37498825788497925,0.00010283045849999999,0.15,30.870420691433445,3.715492790130313,13371.190533399582
44500,1384577053,0.42156460881233215,0.00010257049116666665,0.15,30.938056607890196,3.7216415098081996,13396.36822104454
44550,1386128610,0.36436590552330017,0.0001023118983333333,0.15,30.934623973203603,3.7213294521094182,13401.342208862305
44600,1387685796,0.30744531750679016,0.00010205236733333334,0.15,30.886129678481463,3.7169208798619517,13406.356338739395
44650,1389245171,0.39354413747787476,0.00010179247149999999,0.15,30.929547573239184,3.7208679612035622,13411.372301578522
44700,1390799640,0.38881635665893555,0.00010153339333333333,0.15,30.832239125691732,3.712021738699248,13416.359461784363
44750,1392349866,0.39381906390190125,0.00010127502233333331,0.15,30.908086769279848,3.718916979025441,13441.499547481537
44800,1393905501,0.39367756247520447,0.00010101574983333332,0.15,30.855366245512425,3.7141242041374936,13446.496043682098
44850,1395462643,0.34400010108947754,0.00010075622616666665,0.15,30.885256956978797,3.7168415415435265,13451.49145579338
44900,1397016463,0.35146796703338623,0.00010049725616666668,0.15,30.819366483527382,3.7108514985024894,13456.661257982254
44950,1398568196,0.3167511820793152,0.000100238634,0.15,30.938133024962116,3.7216484568147377,13536.187239646912
45000,1400126933,0.3827144503593445,9.997884449999998e-05,0.15,30.916893111450502,3.7197175555864095,13541.147783756256
45050,1401684339,0.38591644167900085,9.971927683333331e-05,0.15,30.890493285994804,3.7173175714540734,13546.129691123962
45100,1403244462,0.4062859117984772,9.945925633333331e-05,0.15,30.944383838784535,3.722216712616776,13551.218514442444
45150,1404801274,0.3801945447921753,9.919978766666664e-05,0.15,30.87871154570879,3.7162465041553445,13639.041636228561
45200,1406352017,0.38913822174072266,9.89413305e-05,0.15,30.91839460882048,3.7198540553473163,13644.01910328865
45250,1407911216,0.41284099221229553,9.868146399999997e-05,0.15,30.926056687228513,3.7205506079298645,13649.010618686676
45300,1409465663,0.31804877519607544,9.842238949999998e-05,0.15,30.8318027649404,3.7119820695400363,13653.99085521698
45350,1411022750,0.40924808382987976,9.816287500000001e-05,0.15,30.88416605510046,3.716742368645497,13658.962675094604
45400,1412572294,0.37533771991729736,9.790461766666668e-05,0.15,30.894489193715607,3.717680835792328,13731.108258008957
45450,1414128644,0.4592294692993164,9.764522599999998e-05,0.15,30.869547969930778,3.715413451811889,13736.165476322174
45500,1415686017,0.37392881512641907,9.738566383333333e-05,0.15,30.889838744867802,3.717258067715255,13741.210309028625
45550,1417244347,0.40142273902893066,9.712594216666667e-05,0.15,30.908820437550826,3.7189836761409847,13746.244321584702
45600,1418798420,0.3830964267253876,9.686693e-05,0.15,30.82438463216772,3.711307693833429,13814.550451278687
45650,1420348855,0.38677841424942017,9.660852416666666e-05,0.15,30.912253768243083,3.7192957971130074,13819.662334680557
45700,1421904072,0.3507091701030731,9.634932133333334e-05,0.15,30.847075391237084,3.713370490112462,13824.80113697052
45750,1423464327,0.40537312626838684,9.608927883333332e-05,0.15,30.94700200329254,3.722454727572049,13829.971973657608
45800,1425021381,0.3637309670448303,9.582976983333333e-05,0.15,30.88351151397346,3.7166828649066783,13856.960193872452
45850,1426575358,0.3312731087207794,9.557077366666666e-05,0.15,30.982873434883164,3.7257157668075602,13861.916530370712
45900,1428131939,0.3893386423587799,9.53113435e-05,0.15,30.874129757819784,3.715829977983617,13866.892374277115
45950,1429690830,0.37683892250061035,9.505152833333334e-05,0.15,30.91994763670984,3.719995239700894,13871.869927406311
46000,1431248709,0.41296035051345825,9.479188183333333e-05,0.15,30.89987504214848,3.7181704583771347,13876.848776817322
46050,1432804289,0.3898230195045471,9.45326185e-05,0.15,30.854275343634093,3.714025031239463,13903.389722108841
46100,1434351358,0.42679327726364136,9.427477366666666e-05,0.15,30.845143153361512,3.713194832123774,13908.460644960403
46150,1435909853,0.4027285575866699,9.40150245e-05,0.15,30.91209314318583,3.7192811948350752,13913.562951803207
46200,1437465653,0.36515405774116516,9.375572449999999e-05,0.15,30.85863895114743,3.714421722831584,13918.675961971283
46250,1439022201,0.3241328001022339,9.349629983333332e-05,0.15,30.873475216692782,3.7157704742447986,14000.17833185196
46300,1440570084,0.41587093472480774,9.323831933333331e-05,0.15,30.861372517744638,3.7146702288858764,14005.153415679932
46350,1442128799,0.3791292607784271,9.297853350000001e-05,0.15,30.91645675069917,3.7196778864271973,14010.13917016983
46400,1443689197,0.3499232530593872,9.271846716666664e-05,0.15,30.94983834817621,3.7227125771069285,14015.113685846329
46450,1445246493,0.38567450642585754,9.245891783333332e-05,0.15,30.888311482238134,3.7171192256580126,14091.793554782867
46500,1446796290,0.33753809332847595,9.220061833333333e-05,0.15,30.89953345561847,3.7181394050562244,14096.841902017593
46550,1448351936,0.369319885969162,9.194134399999999e-05,0.15,30.855584425888093,3.7141440387171,14101.87749171257
46600,1449907813,0.3692924380302429,9.168203116666665e-05,0.15,30.8601662137771,3.7145605648888274,14106.942639827728
46650,1451467408,0.43661245703697205,9.142209866666667e-05,0.15,30.933911180752524,3.721264652795684,14112.102891206741
46700,1453025804,0.4461793303489685,9.1162366e-05,0.15,30.910129519804826,3.7191026836186207,14188.559693574905
46750,1454574490,0.4432097375392914,9.090425166666667e-05,0.15,30.877382566392853,3.716125687853896,14193.58910894394
46800,1456133216,0.38541826605796814,9.064446399999998e-05,0.15,30.916674931074837,3.719697721006803,14198.649679899216
46850,1457691810,0.41026341915130615,9.038469833333332e-05,0.15,30.914056766566834,3.71945970605153,14203.699335575104
46900,1459249700,0.34593552350997925,9.012505e-05,0.15,30.90009322252415,3.718190292956741,14268.93255519867
46950,1460800850,0.34150585532188416,8.9866525e-05,0.15,30.926509291012042,3.720591753728367,14273.953163385391
47000,1462359290,0.4309013783931732,8.960678499999999e-05,0.15,30.911002241307497,3.7191820219370455,14278.99545097351
47050,1463916212,0.3650185167789459,8.9347298e-05,0.15,30.88089334946546,3.7164448499514053,14284.052050590515
47100,1465473321,0.350443035364151,8.908777983333333e-05,0.15,30.884602415851795,3.7167820378047085,14356.268552780151
47150,1467029352,0.4365289807319641,8.882844133333333e-05,0.15,30.863220739036436,3.7148382490033125,14361.325627326965
47200,1468579556,0.3759947121143341,8.857007399999999e-05,0.15,30.907648137810032,3.718877103437275,14366.357389450073
47250,1470137875,0.39993011951446533,8.831035416666666e-05,0.15,30.908602257175158,3.7189638415613784,14371.413432836533
47300,1471695567,0.4042791426181793,8.805073883333334e-05,0.15,30.896165975762145,3.7178332705238315,14376.474816322327
47350,1473252335,0.40697404742240906,8.77912775e-05,0.15,30.877838824206123,3.71616716583692,14451.450671672821
47400,1474802385,0.3234921395778656,8.753293583333331e-05,0.15,30.904577717521335,3.7185979743201214,14456.486535310745
47450,1476359868,0.34899720549583435,8.727335533333332e-05,0.15,30.892020548624473,3.7174564135113157,14461.546831130981
47500,1477916955,0.39722511172294617,8.701384083333331e-05,0.15,30.88416605510046,3.716742368645497,14466.601545333862
47550,1479475692,0.35630398988723755,8.675405133333334e-05,0.15,30.916893111450502,3.7197175555864095,14535.403408288956
47600,1481030469,0.3704582154750824,8.649492183333332e-05,0.15,30.838348176210406,3.7125771069282183,14540.492083787918
47650,1482578825,0.3606396019458771,8.623686249999997e-05,0.15,30.870803094345643,3.7155275540314223,14545.563618421555
47700,1484138145,0.3291541039943695,8.597697583333333e-05,0.15,30.928456671360852,3.7207687883055316,14550.676306247711
47750,1485695133,0.360840767621994,8.571747783333333e-05,0.15,30.88220243171946,3.7165638574290423,14615.947630167007
47800,1487251076,0.3834531009197235,8.545815399999997e-05,0.15,30.861475296031102,3.714679572366464,14620.994905233383
47850,1488801104,0.37426331639289856,8.5199816e-05,0.15,30.90413908605152,3.7185580987319558,14626.027815818787
47900,1490356222,0.3770517110824585,8.494062966666668e-05,0.15,30.845111767856082,3.7131919788960075,14631.094928979874
47950,1491912341,0.38887861371040344,8.468127649999999e-05,0.15,30.864966182041773,3.7149969256401607,14636.150557279587
48000,1493470836,0.3924214839935303,8.442152733333333e-05,0.15,30.91209314318583,3.7192811948350752,14699.517316579819
48050,1495021172,0.38238653540611267,8.416313799999999e-05,0.15,30.910279926628917,3.719116356966265,14704.574378728867
48100,1496577390,0.4170167148113251,8.390376833333332e-05,0.15,30.866929805422775,3.7151754368566157,14709.627278804779
48150,1498133729,0.395850270986557,8.36443785e-05,0.15,30.86932978955511,3.715393617232283,14714.682965517044
48200,1499689320,0.34664079546928406,8.338511333333332e-05,0.15,30.854493524009758,3.714044865819069,14768.899239063263
48250,1501246066,0.3857223689556122,8.312565566666666e-05,0.15,30.877402463454786,3.7161274966777076,14773.954369306564
48300,1502797106,0.4291735589504242,8.286714899999998e-05,0.15,30.924316133662973,3.720392375787543,14778.985185146332
48350,1504354424,0.3285226821899414,8.260759599999998e-05,0.15,30.888747842989467,3.7171588948172243,14784.087691307068
48400,1505912809,0.38862884044647217,8.234786516666668e-05,0.15,30.90991133942916,3.7190828490390144,14831.220221996307
48450,1507469445,0.3736569285392761,8.208842583333332e-05,0.15,30.87522065969812,3.7159291508816468,14836.261148929596
48500,1509018494,0.43043220043182373,8.1830251e-05,0.15,30.88461998564479,3.716783635058617,14841.264841079712
48550,1510576439,0.40578994154930115,8.157059349999998e-05,0.15,30.901184124402484,3.718289465854771,14846.283756494522
48600,1512129214,0.4298298954963684,8.131179766666665e-05,0.15,30.79863934783902,3.708967213439911,14851.308897018433
48650,1513687291,0.3631916344165802,8.105211816666666e-05,0.15,30.903802288910487,3.718527480810044,14918.767426013947
48700,1515244499,0.36712321639060974,8.079258349999998e-05,0.15,30.886566039232797,3.7169605490211635,14923.800228357315
48750,1516793383,0.3694894313812256,8.053443616666667e-05,0.15,30.881330249621183,3.7164845681473806,14928.810959339142
48800,1518350855,0.36810410022735596,8.027485749999997e-05,0.15,30.891802368248804,3.7174365789317094,14933.845258712769
48850,1519907051,0.4012381136417389,8.00154915e-05,0.15,30.86649344467144,3.715135767697404,14993.878903388977
48900,1521468384,0.4125446677207947,7.975526933333334e-05,0.15,30.9683836801079,3.724398516373446,14998.91826415062
48950,1523018005,0.42927977442741394,7.949699916666668e-05,0.15,30.896024403859958,3.717820400350905,15003.944427967072
49000,1524570582,0.3574471175670624,7.923823633333332e-05,0.15,30.794712101077018,3.7086101910070015,15008.973528862
49050,1526126624,0.38031819462776184,7.8978896e-05,0.15,30.863438919412104,3.7148580835829184,15068.693729877472
49100,1527683447,0.3654552698135376,7.871942549999998e-05,0.15,30.878929726084454,3.71626633873495,15073.682158231735
49150,1529240171,0.37856343388557434,7.845997149999998e-05,0.15,30.876966102703452,3.7160878275184954,15078.655022144318
49200,1530788703,0.32230454683303833,7.820188283333331e-05,0.15,30.874312146104156,3.7158465587367417,15083.600353240967
49250,1532349332,0.37324973940849304,7.7941778e-05,0.15,30.954420136065217,3.723129103278656,15088.57175898552
49300,1533907739,0.3844352960586548,7.768204349999998e-05,0.15,30.910347700180495,3.7191225181982266,15114.597388029099
49350,1535463484,0.32399970293045044,7.742275266666667e-05,0.15,30.857548049269095,3.7143225499335544,15119.57279419899
49400,1537010916,0.33679863810539246,7.716484733333331e-05,0.15,30.852380572613445,3.713852779328495,15124.522039175034
49450,1538569235,0.34843188524246216,7.69051275e-05,0.15,30.908602257175158,3.7189638415613784,15129.492337703705
49500,1540127356,0.4232966899871826,7.664544066666667e-05,0.15,30.904675010413154,3.718606819128469,15155.57060790062
49550,1541682947,0.37750980257987976,7.638617549999997e-05,0.15,30.854493524009758,3.714044865819069,15160.573815822601
49600,1543235043,0.3208124041557312,7.612749283333333e-05,0.15,30.945370444214053,3.722306404019459,15165.607011318207
49650,1544790645,0.35120251774787903,7.586822583333332e-05,0.15,30.854711704385426,3.7140647003986746,15170.59806227684
49700,1546353738,0.3806101679801941,7.560771033333333e-05,0.15,31.00329254021461,3.727572049110419,15199.024213075638
49750,1547908361,0.3876021206378937,7.53486065e-05,0.15,30.83529365095107,3.712299422813734,15204.038917303085
49800,1549464601,0.4016205370426178,7.508923316666665e-05,0.15,30.867366166174108,3.715215106015828,15209.0356695652
49850,1551016202,0.3782534897327423,7.483063299999999e-05,0.15,30.93550123614323,3.721409203285748,15214.006716966629
49900,1552575929,0.3127903938293457,7.457067849999999e-05,0.15,30.936529345260528,3.721502667750957,15218.994601011276
49950,1554129529,0.3727412223815918,7.431174516666665e-05,0.15,30.81500287601404,3.7104548069103673,15244.95612502098
50000,1555687221,0.4385089576244354,7.405212983333332e-05,0.15,30.896165975762145,3.7178332705238315,15249.94861650467
50050,1557235786,0.3688100576400757,7.379403566666667e-05,0.15,30.874970093308875,3.7159063721189884,15254.914147138596
50100,1558792356,0.37857773900032043,7.353460733333334e-05,0.15,30.873911577444115,3.7158101434040107,15259.910207509995
50150,1560345681,0.3661624789237976,7.327571983333333e-05,0.15,30.80954836662237,3.709958942420215,15287.610695123672
50200,1561903494,0.37616094946861267,7.301608433333333e-05,0.15,30.89856595989448,3.7180514508994986,15292.599183321
50250,1563459525,0.35319840908050537,7.275674583333335e-05,0.15,30.863220739036436,3.7148382490033125,15297.646201372147
50300,1565009619,0.4312492311000824,7.249839683333332e-05,0.15,30.905454980460963,3.718677725496451,15302.83528637886
50350,1566566904,0.3981512784957886,7.223884933333331e-05,0.15,30.888093301862465,3.7170993910784063,15379.58469748497
50400,1568124420,0.3999485373497009,7.197926333333333e-05,0.15,30.892675089751474,3.717515917250134,15384.580424308777
50450,1569683157,0.45001986622810364,7.171947383333332e-05,0.15,30.916893111450502,3.7197175555864095,15389.575814723969
50500,1571231722,0.37151092290878296,7.146137966666666e-05,0.15,30.874970093308875,3.7159063721189884,15394.694188117981
50550,1572788930,0.4315788745880127,7.1201845e-05,0.15,30.886566039232797,3.7169605490211635,15399.92838215828
50600,1574344840,0.4116833806037903,7.094252666666667e-05,0.15,30.8608207549041,3.7146200686276454,15485.516538143158
50650,1575903170,0.342306524515152,7.068280500000001e-05,0.15,30.908820437550826,3.7189836761409847,15490.567326068878
50700,1577460719,0.4068467617034912,7.04232135e-05,0.15,30.893329630878473,3.7175754209889518,15495.550923347473
50750,1579009438,0.3874463140964508,7.016509366666664e-05,0.15,30.878040513597576,3.716185501236143,15500.507428884506
50800,1580566591,0.36109861731529236,6.990556816666667e-05,0.15,30.885475137354465,3.716861376123133,15567.631214380264
50850,1582126296,0.355459600687027,6.964561733333334e-05,0.15,30.936092984509195,3.721462998591745,15572.754954576492
50900,1583681810,0.35713455080986023,6.938636500000001e-05,0.15,30.85296626138009,3.7139060237618264,15577.835002422333
50950,1585235457,0.38892388343811035,6.912742383333332e-05,0.15,30.976293962835953,3.7251176329850866,15582.947864294052
51000,1586792368,0.35871464014053345,6.886793866666664e-05,0.15,30.88067516908979,3.716425015371799,15634.427085876465
51050,1588347167,0.4484332501888275,6.860880549999998e-05,0.15,30.83878453696174,3.712616776087431,15639.591866731644
51100,1589907664,0.36608272790908813,6.834872266666665e-05,0.15,30.951801971557213,3.7228910883233834,15644.993837356567
51150,1591455965,0.462989866733551,6.80906725e-05,0.15,30.869706515671105,3.7154278650610095,15650.087403297424
51200,1593013338,0.40928035974502563,6.783111033333333e-05,0.15,30.889838744867802,3.717258067715255,15655.267191171646
51250,1594570557,0.397769570350647,6.757157383333334e-05,0.15,30.886784219608465,3.7169803836007698,15702.050292491913
51300,1596129767,0.35404956340789795,6.73117055e-05,0.15,30.92627486760418,3.7205704425094708,15707.097341060638
51350,1597688746,0.3612555265426636,6.705187566666665e-05,0.15,30.921693079715176,3.7201539163377433,15712.153258800507
51400,1599240611,0.4296301007270813,6.679323149999999e-05,0.15,30.940764813781005,3.7218877103437276,15717.197840929031
51450,1600796356,0.39125576615333557,6.653394066666668e-05,0.15,30.857548049269095,3.7143225499335544,15743.650022745132
51500,1602354455,0.3516353964805603,6.627425750000001e-05,0.15,30.90423864966182,3.7185671499692563,15748.79197525978
51550,1603911311,0.3640376925468445,6.601478149999999e-05,0.15,30.879584267211456,3.716325842473769,15753.943701982498
51600,1605459326,0.40916913747787476,6.575677899999999e-05,0.15,30.864004306563523,3.714909482414866,15759.1549680233
51650,1607018426,0.36250290274620056,6.549692900000001e-05,0.15,30.92409306384751,3.72037209671341,15830.969614744186
51700,1608575392,0.36046260595321655,6.523743466666667e-05,0.15,30.881766070968126,3.7165241882698297,15836.065767288208
51750,1610132985,0.3274170160293579,6.497783583333333e-05,0.15,30.894202352381143,3.7176547593073765,15841.138843536377
51800,1611691590,0.40284454822540283,6.471806833333334e-05,0.15,30.9142749469425,3.719479540631136,15846.199532985687
51850,1613238681,0.4318698048591614,6.446021983333333e-05,0.15,30.845581784831325,3.7132347077119388,15851.23111486435
51900,1614798386,0.3826516270637512,6.4200269e-05,0.15,30.936092984509195,3.721462998591745,15876.792818069458
51950,1616355407,0.3907437026500702,6.39407655e-05,0.15,30.88285697284646,3.7166233611678603,15881.867326498032
52000,1617913110,0.3526848256587982,6.368114833333333e-05,0.15,30.89638415613781,3.7178531051034374,15886.96123790741
52050,1619465184,0.38380277156829834,6.342246933333331e-05,0.15,30.944931812744237,3.722266528431294,15891.985169887543
52100,1621025461,0.37684008479118347,6.316242316666665e-05,0.15,30.947438364043872,3.7224943967312614,15933.794329166412
52150,1622580821,0.3727976083755493,6.290319649999999e-05,0.15,30.849911736120752,3.7136283396473413,15939.015837192535
52200,1624137655,0.35026198625564575,6.264372416666667e-05,0.15,30.879147906460123,3.7162861733145562,15944.237868785858
52250,1625694896,0.34796005487442017,6.238418399999999e-05,0.15,30.8872205803598,3.7170200527599815,15949.3350315094
52300,1627245221,0.35248053073883057,6.212579650000001e-05,0.15,30.91006061089401,3.7190964191721823,15993.793350219727
52350,1628798810,0.4211179316043854,6.1866865e-05,0.15,30.814784695638377,3.710434972330762,15999.104619979858
52400,1630359692,0.3335953950881958,6.1606718e-05,0.15,30.959438284705556,3.723585298609596,16004.329511404037
52450,1631918484,0.336512953042984,6.134691933333333e-05,0.15,30.917984013328837,3.7198167284844392,16009.63875079155
52500,1633467665,0.36732158064842224,6.108872250000001e-05,0.15,30.887251774463675,3.717022888587607,16014.771406173706
52550,1635025599,0.3610164523124695,6.082906683333332e-05,0.15,30.900965944026815,3.718269631275165,16043.61820602417
52600,1636583522,0.37459319829940796,6.056941300000001e-05,0.15,30.90074776365115,3.7182497966955594,16048.807698249817
52650,1638137595,0.3573066294193268,6.031040083333334e-05,0.15,30.82438463216772,3.711307693833429,16053.983754873276
52700,1639688074,0.39112186431884766,6.0051987666666664e-05,0.15,30.91313103118271,3.719375548289338,16059.119984865189
52750,1641245447,0.3350072205066681,5.9792425499999987e-05,0.15,30.889838744867802,3.717258067715255,16091.73961186409
52800,1642803293,0.41075727343559265,5.953278450000001e-05,0.15,30.89922050102148,3.7181109546383166,16096.95916390419
52850,1644360336,0.34507331252098083,5.9273277333333314e-05,0.15,30.883293333597795,3.716663030327072,16102.233386993408
52900,1645918600,0.3892490863800049,5.901356666666667e-05,0.15,30.907511355296826,3.7188646686633478,16107.503652095795
52950,1647470311,0.35664230585098267,5.875494816666666e-05,0.15,30.937694393492304,3.7216085812265733,16138.118619441986
53000,1649026166,0.35999831557273865,5.8495638999999996e-05,0.15,30.859729853025765,3.714520895729615,16143.177925825119
53050,1650587730,0.34967440366744995,5.823537833333334e-05,0.15,30.972965467996907,3.7248150425451736,16148.254275798798
53100,1652140945,0.382572740316391,5.7976509166666676e-05,0.15,30.8073665628657,3.7097605966241542,16153.382535219193
53150,1653691809,0.40927109122276306,5.7718031833333324e-05,0.15,30.920807081904456,3.7200733710822234,16158.50654888153
53200,1655249622,0.36990097165107727,5.745839633333333e-05,0.15,30.89856595989448,3.7180514508994986,16197.148149251938
53250,1656803761,0.4038477838039398,5.7199373166666654e-05,0.15,30.82569371442172,3.711426701311065,16202.40170121193
53300,1658363950,0.3462074100971222,5.693934166666667e-05,0.15,30.94569292103854,3.722335720094413,16207.644807815552
53350,1659922115,0.3828468918800354,5.667964749999999e-05,0.15,30.90554773191582,3.7186861574468923,16212.969136476517
53400,1661473100,0.4311596155166626,5.6421150000000004e-05,0.15,30.923219554988435,3.7202926868171304,16263.353067874908
53450,1663030902,0.3253841996192932,5.6161516333333334e-05,0.15,30.89834777951881,3.7180316163198923,16268.423054933548
53500,1664588319,0.38147401809692383,5.590194683333334e-05,0.15,30.89071146637047,3.717337406033679,16273.491090536118
53550,1666144878,0.32913902401924133,5.564252033333333e-05,0.15,30.87369339706845,3.7157903088244044,16278.541751623154
53600,1667696039,0.4101821780204773,5.538399349999998e-05,0.15,30.92672860674695,3.72061169152245,16338.652945280075
53650,1669250167,0.44049370288848877,5.512497216666665e-05,0.15,30.825475534046056,3.7114068667314597,16343.695006608963
53700,1670807155,0.3255167603492737,5.486547416666665e-05,0.15,30.88220243171946,3.7165638574290423,16348.750713348389
53750,1672366475,0.40577077865600586,5.4605587499999993e-05,0.15,30.928456671360852,3.7207687883055316,16353.895150899887
53800,1673923980,0.3737650513648987,5.434600333333332e-05,0.15,30.892456909375806,3.7174960826705283,16359.052151203156
53850,1675473403,0.3794555068016052,5.4087766166666656e-05,0.15,30.89207672063163,3.717461520057421,16402.648470401764
53900,1677028477,0.3684057295322418,5.382858716666667e-05,0.15,30.84423904635341,3.7131126405775827,16407.775775194168
53950,1678583507,0.3323928415775299,5.356941549999999e-05,0.15,30.843366324850745,3.713033302259159,16412.872002124786
54000,1680140594,0.3496280610561371,5.3309900999999985e-05,0.15,30.88416605510046,3.716742368645497,16418.111985206604
54050,1681690842,0.38698697090148926,5.305152633333334e-05,0.15,30.90852540074966,3.7189568546136056,16486.488743782043
54100,1683245982,0.36799588799476624,5.279233633333334e-05,0.15,30.845548128607415,3.71323164805522,16491.497429847717
54150,1684806798,0.37425288558006287,5.253220033333334e-05,0.15,30.958129202451556,3.72346629113196,16496.663784980774
54200,1686362477,0.4108903110027313,5.2272920500000005e-05,0.15,30.856238967015095,3.714203542455918,16501.79704761505
54250,1687916740,0.40296685695648193,5.2013876666666674e-05,0.15,30.98857564399075,3.7262341494537043,16506.825898885727
54300,1689473233,0.3617280423641205,5.175446116666667e-05,0.15,30.872384314814447,3.715671301346768,16534.230972528458
54350,1691032366,0.38072043657302856,5.1494605666666667e-05,0.15,30.924747604974513,3.7204316004522284,16539.356551647186
54400,1692590971,0.39830783009529114,5.1234838166666645e-05,0.15,30.9142749469425,3.719479540631136,16544.712448358536
54450,1694149202,0.2945007383823395,5.097513299999999e-05,0.15,30.906856814169824,3.7188051649245297,16549.82046675682
54500,1695697602,0.39440974593162537,5.0717066333333346e-05,0.15,30.87168035728527,3.715607305207752,16603.145565986633
54550,1697256086,0.37756356596946716,5.0457318999999994e-05,0.15,30.911874962810163,3.719261360255469,16608.319268226624
54600,1698816506,0.44800010323524475,5.0197248999999995e-05,0.15,30.950274708927545,3.72275224626614,16613.395778417587
54650,1700374990,0.31989943981170654,4.993750166666664e-05,0.15,30.911874962810163,3.719261360255469,16618.458379745483
54700,1701926151,0.3597295880317688,4.9678974833333326e-05,0.15,30.92672860674695,3.72061169152245,16659.67901825905
54750,1703482083,0.37865981459617615,4.9419652833333334e-05,0.15,30.861257115655434,3.7146597377868575,16664.824542999268
54800,1705036332,0.44395142793655396,4.916061133333333e-05,0.15,30.82787551817839,3.7116250471071264,16669.912189483643
54850,1706593760,0.3960920572280884,4.8901039999999994e-05,0.15,30.890929646746137,3.717357240613285,16674.93109369278
54900,1708148185,0.35858964920043945,4.864196916666666e-05,0.15,30.831366404189062,3.7119424003808237,16679.97071003914
54950,1709698081,0.4209952652454376,4.838365316666667e-05,0.15,30.901507297232634,3.7183188452029667,16728.547439575195
55000,1711256499,0.444717675447464,4.8123916833333333e-05,0.15,30.910565880556163,3.719142352777833,16733.55688214302
55050,1712815148,0.35888904333114624,4.7864142e-05,0.15,30.91514766844517,3.7195588789495613,16738.656423568726
55100,1714375557,0.38950487971305847,4.760407383333332e-05,0.15,30.950056528551876,3.7227324116865343,16743.687334299088
55150,1715925673,0.3911667764186859,4.734572116666666e-05,0.15,30.905893611930775,3.718717601084616,16778.351875782013
55200,1717482650,0.367523193359375,4.708622500000001e-05,0.15,30.88198425134379,3.716544022849436,16783.49395608902
55250,1719042377,0.3618597686290741,4.6826270500000005e-05,0.15,30.936529345260528,3.721502667750957,16788.607877016068
55300,1720597363,0.37109944224357605,4.656710616666667e-05,0.15,30.84249360334808,3.712953963940734,16793.666077136993
55350,1722154065,0.4198971390724182,4.630765583333335e-05,0.15,30.87652974195212,3.7160481583592837,16830.70945072174
55400,1723704764,0.34382393956184387,4.6049206e-05,0.15,30.917517345880853,3.7197743041709868,16835.83967614174
55450,1725260135,0.37496837973594666,4.578997749999999e-05,0.15,30.85012991649642,3.713648174226947,16840.991530656815
55500,1726814571,0.33889660239219666,4.553090483333334e-05,0.15,30.83158458456473,3.71196223496043,16846.042021274567
55550,1728373814,0.3988012373447418,4.527103099999998e-05,0.15,30.926929408731183,3.7206299462482892,16851.12599992752
55600,1729923611,0.41763976216316223,4.5012731499999986e-05,0.15,30.89953345561847,3.7181394050562244,16891.163224220276
55650,1731482513,0.42200925946235657,4.4752914500000006e-05,0.15,30.920165817085508,3.7200150742805005,16896.30090904236
55700,1733039754,0.39606210589408875,4.449337433333334e-05,0.15,30.8872205803598,3.7170200527599815,16901.40178155899
55750,1734595774,0.3574770987033844,4.4234037666666664e-05,0.15,30.86300255866077,3.714818414423706,16906.513617038727
55800,1736146066,0.3425493836402893,4.3975655666666676e-05,0.15,30.90940266368929,3.7190366057899356,16933.49818086624
55850,1737704946,0.39817526936531067,4.371584233333333e-05,0.15,30.919729456334174,3.7199754051212888,16938.499275922775
55900,1739261032,0.37911587953567505,4.3456494666666676e-05,0.15,30.86431164091477,3.7149374219013427,16943.530567884445
55950,1740816106,0.3983802795410156,4.3197315666666654e-05,0.15,30.84423904635341,3.7131126405775827,16948.60378551483
56000,1742376966,0.42344000935554504,4.293717233333331e-05,0.15,30.959001923954222,3.7235456294503835,16983.960315942764
56050,1743925630,0.3635033965110779,4.2679061666666655e-05,0.15,30.87694393492304,3.716085812265731,16989.05175256729
56100,1745481628,0.4474494457244873,4.241972866666665e-05,0.15,30.862566197909434,3.7147787452644936,16994.18593454361
56150,1747035833,0.4049099087715149,4.216069449999999e-05,0.15,30.827002796675725,3.7115457087887025,16999.18256545067
56200,1748595142,0.36809852719306946,4.1900809666666654e-05,0.15,30.928238490985184,3.7207489537259253,17004.148671388626
56250,1750144037,0.3729124665260315,4.164266049999998e-05,0.15,30.88154956535609,3.7165045059414625,17042.192465782166
56300,1751703643,0.3795836269855499,4.1382726166666645e-05,0.15,30.93412936112819,3.7212844873752897,17047.197082042694
56350,1753259036,0.4212537705898285,4.112349399999999e-05,0.15,30.850566277247754,3.7136878433861593,17052.190551280975
56400,1754818763,0.4044376611709595,4.0863539499999984e-05,0.15,30.936529345260528,3.721502667750957,17057.18485403061
56450,1756372704,0.36506086587905884,4.060454933333334e-05,0.15,30.821766467659717,3.7110696788781556,17082.87576651573
56500,1757918409,0.407855749130249,4.034693183333332e-05,0.15,30.817948002233035,3.710722545657549,17087.958181381226
56550,1759477146,0.3884624242782593,4.008714233333334e-05,0.15,30.916893111450502,3.7197175555864095,17092.9571890831
56600,1761033529,0.4079647362232208,3.9827745166666656e-05,0.15,30.870202511057776,3.715472955550707,17097.968929052353
56650,1762593399,0.37893369793891907,3.956776683333331e-05,0.15,30.939365690144196,3.7217605172858366,17124.09007191658
56700,1764142932,0.33897316455841064,3.9309511333333334e-05,0.15,30.8942698779807,3.717660897998246,17129.08032655716
56750,1765700008,0.34246549010276794,3.904999866666665e-05,0.15,30.883947874724797,3.7167225340658905,17134.057718992233
56800,1767255929,0.4028991162776947,3.8790678500000006e-05,0.15,30.861038935279765,3.7146399032072512,17139.025369644165
56850,1768818010,0.3931995630264282,3.853033166666665e-05,0.15,30.983219945653254,3.725747267786659,17143.998831033707
56900,1770373458,0.3297843635082245,3.827109033333333e-05,0.15,30.85165717912609,3.7137870162841904,17169.966938495636
56950,1771924520,0.3713863492012024,3.801257999999998e-05,0.15,30.924754765132786,3.720432251375708,17174.955977916718
57000,1773480617,0.3771386742591858,3.775323050000001e-05,0.15,30.86452982129044,3.714957256480949,17179.960140943527
57050,1775039552,0.364177942276001,3.7493408000000004e-05,0.15,30.92082035821251,3.720074578019319,17184.958624601364
57100,1776598377,0.4218323528766632,3.723360383333331e-05,0.15,30.91863855445584,3.719876232223258,17212.46483874321
57150,1778148064,0.39557915925979614,3.697532266666667e-05,0.15,30.8973402982694,3.7179400271153997,17217.436101913452
57200,1779707384,0.350216805934906,3.671543599999999e-05,0.15,30.928456671360852,3.7207687883055316,17222.439301729202
57250,1781259686,0.38610658049583435,3.645671899999999e-05,0.15,30.789257591685345,3.7081143265168492,17227.411564350128
57300,1782818764,0.4452052712440491,3.6196872666666675e-05,0.15,30.923656703096178,3.720332427554198,17253.312314510345
57350,1784369474,0.44200417399406433,3.5938420999999985e-05,0.15,30.91773666161576,3.719794241965069,17258.313982248306
57400,1785923877,0.36231347918510437,3.567935383333332e-05,0.15,30.83093004343773,3.711902731221612,17263.29488134384
57450,1787480931,0.3724936246871948,3.5419844833333344e-05,0.15,30.88351151397346,3.7166828649066783,17268.28624200821
57500,1789040614,0.3656488358974457,3.5159897666666646e-05,0.15,30.93565662375786,3.721423329432533,17273.253006458282
57550,1790598966,0.33181333541870117,3.490017233333332e-05,0.15,30.90925679830216,3.7190233453001964,17298.9117500782
57600,1792148829,0.39777278900146484,3.464186183333332e-05,0.15,30.90084935002791,3.718259031820719,17303.89548611641
57650,1793707192,0.3801089823246002,3.438213466666667e-05,0.15,30.909474978677828,3.7190431798798027,17308.881280899048
57700,1795266160,0.38721054792404175,3.412230666666668e-05,0.15,30.921474899339508,3.720134081758137,17313.914313793182
57750,1796822609,0.36637285351753235,3.386289850000001e-05,0.15,30.87151159331178,3.7155919630283436,17395.39698123932
57800,1798370756,0.3525104224681854,3.360487399999999e-05,0.15,30.866636095382407,3.715148735943855,17400.355068445206
57850,1799927018,0.38390079140663147,3.334549700000001e-05,0.15,30.86780252692544,3.7152547751750404,17405.32495522499
57900,1801484314,0.3491657078266144,3.3085947666666656e-05,0.15,30.888311482238134,3.7171192256580126,17410.2888071537
57950,1803038970,0.38673466444015503,3.2826838333333336e-05,0.15,30.835948192078067,3.712358926552551,17499.070370674133
58000,1804598620,0.3994722068309784,3.2566896666666663e-05,0.15,30.93500208263086,3.7213638256937145,17504.135655641556
58050,1806147713,0.41162410378456116,3.230871449999999e-05,0.15,30.885497248584418,3.7168633862349467,17509.13007903099
58100,1807703337,0.3589736521244049,3.2049443833333344e-05,0.15,30.85514806513676,3.7141043695578873,17514.113709449768
58150,1809262085,0.44831037521362305,3.1789652499999985e-05,0.15,30.91711129182617,3.719737390166016,17519.086486577988
58200,1810819876,0.444585919380188,3.1530020666666666e-05,0.15,30.898129599143147,3.718011781740286,17567.05634880066
58250,1812370938,0.4084233045578003,3.127151033333332e-05,0.15,30.924754765132786,3.720432251375708,17572.101188898087
58300,1813928465,0.3728047311306,3.1011922500000005e-05,0.15,30.89289327012714,3.71753575182974,17577.162255764008
58350,1815486014,0.4203498959541321,3.0752331e-05,0.15,30.893329630878473,3.7175754209889518,17582.21871972084
58400,1817044553,0.39517447352409363,3.049257449999999e-05,0.15,30.9129658646885,3.7193605331535,17658.461228132248
58450,1818602256,0.3818089962005615,3.023295733333332e-05,0.15,30.89638415613781,3.7178531051034374,17663.66512799263
58500,1820151899,0.3801442086696625,2.9974683499999984e-05,0.15,30.89646303532977,3.71786027593907,17668.649589300156
58550,1821709019,0.371087908744812,2.9715163499999993e-05,0.15,30.884820596227463,3.716801872384315,17673.757135152817
58600,1823264720,0.4070640802383423,2.945587999999999e-05,0.15,30.85667532776643,3.7142432116151296,17725.534333229065
58650,1824823798,0.40967464447021484,2.9196033666666673e-05,0.15,30.923656703096178,3.720332427554198,17730.512364387512
58700,1826375784,0.3691795766353607,2.8937369333333337e-05,0.15,30.94317728686498,3.7221070260786346,17735.48014330864
58750,1827933069,0.34740474820137024,2.8677821833333337e-05,0.15,30.888093301862465,3.7170993910784063,17740.472138643265
58800,1829488748,0.37675148248672485,2.8418542e-05,0.15,30.856238967015095,3.714203542455918,17745.469357728958
58850,1831045615,0.4236332178115845,2.8159064166666666e-05,0.15,30.879802447587124,3.716345677053375,17821.871476888657
58900,1832594345,0.3286062777042389,2.7900942500000002e-05,0.15,30.87825982933248,3.7162054390302255,17827.01284623146
58950,1834152037,0.337568998336792,2.7641327166666648e-05,0.15,30.896165975762145,3.7178332705238315,17832.123319625854
59000,1835709509,0.3598814308643341,2.7381748500000002e-05,0.15,30.891802368248804,3.7174365789317094,17837.162622213364
59050,1837269390,0.3272525668144226,2.7121768333333337e-05,0.15,30.939583870519865,3.7217803518654424,17868.925231456757
59100,1838827940,0.4192495048046112,2.6862010000000012e-05,0.15,30.913184045064163,3.719380367733106,17873.909693717957
59150,1840377154,0.3678573668003082,2.6603807666666666e-05,0.15,30.887909721668393,3.717082701969854,17878.879373311996
59200,1841936518,0.33960533142089844,2.6343913666666672e-05,0.15,30.92932939286352,3.7208481266239564,17883.94633960724
59250,1843488798,0.37282174825668335,2.6085200333333346e-05,0.15,30.788821230934012,3.7080746573576375,17946.512654304504
59300,1845049009,0.3699699342250824,2.582516516666666e-05,0.15,30.946129281789872,3.722375389253625,17951.58522772789
59350,1846596287,0.3988302946090698,2.5567285500000002e-05,0.15,30.849310152324747,3.7135736502113406,17956.623309373856
59400,1848154331,0.4270833134651184,2.5307611499999993e-05,0.15,30.903147747783485,3.718467977071226,17961.6855199337
59450,1849713222,0.3286114037036896,2.5047796333333326e-05,0.15,30.91994763670984,3.719995239700894,17966.848976373672
59500,1851269440,0.33352068066596985,2.478842666666665e-05,0.15,30.866929805422775,3.7151754368566157,18029.88286781311
59550,1852824789,0.3525260090827942,2.4529201833333333e-05,0.15,30.849693555745088,3.7136085050677354,18034.94166994095
59600,1854375411,0.43775179982185364,2.4270764833333324e-05,0.15,30.915982135736503,3.719634739612409,18039.98463821411
59650,1855930804,0.3617680072784424,2.4011532666666666e-05,0.15,30.850566277247754,3.7136878433861593,18045.00723218918
59700,1857488364,0.39202818274497986,2.3751939333333335e-05,0.15,30.89354781125414,3.717595255568558,18107.053547143936
59750,1859046364,0.4366629421710968,2.349227266666667e-05,0.15,30.90227502628082,3.718388638752802,18112.09647345543
59800,1860594258,0.37637418508529663,2.3234290333333338e-05,0.15,30.861591833479544,3.7146901666799583,18117.135232448578
59850,1862150025,0.3236881494522095,2.297499583333332e-05,0.15,30.85798441002043,3.714362219092766,18122.17764377594
59900,1863706397,0.33703476190567017,2.2715600499999988e-05,0.15,30.86998433068211,3.7154531209711013,18186.361165761948
59950,1865268676,0.42691493034362793,2.2455220666666662e-05,0.15,30.987147192415257,3.7261042902195687,18191.40273332596
60000,1866825345,0.3641799986362457,2.2195775833333328e-05,0.15,30.875875200825117,3.7159886546204657,18196.455808401108
60050,1868373272,0.38443881273269653,2.1937788000000013e-05,0.15,30.862249780684266,3.714749980062206,18201.499183416367
60100,1869928720,0.3939131498336792,2.1678546666666665e-05,0.15,30.85165717912609,3.7137870162841904,18206.569274187088
60150,1871486698,0.39981094002723694,2.1418883666666666e-05,0.15,30.901838665529485,3.718348969593589,18277.090402841568
60200,1873046557,0.3585764467716217,2.1158907166666672e-05,0.15,30.93914750976853,3.7217406827062303,18282.149238586426
60250,1874595243,0.35217389464378357,2.0900792833333348e-05,0.15,30.877382566392853,3.716125687853896,18287.18779850006
60300,1876154497,0.4002273678779602,2.064091716666667e-05,0.15,30.92714758910685,3.7206497808278955,18292.31793665886
60350,1877712376,0.39656367897987366,2.0381270666666672e-05,0.15,30.89987504214848,3.7181704583771347,18349.981353521347
60400,1879269749,0.43123626708984375,2.012170849999999e-05,0.15,30.889838744867802,3.717258067715255,18355.0417740345
60450,1880817698,0.41217100620269775,1.9863717e-05,0.15,30.86268841215408,3.7147898556503707,18360.23376941681
60500,1882378261,0.4047878682613373,1.960362316666666e-05,0.15,30.953111053811213,3.7230100958010195,18365.240602970123
60550,1883934952,0.36836275458335876,1.9344174666666655e-05,0.15,30.876311561576454,3.716028323779678,18475.820259571075
60600,1885489663,0.385426789522171,1.908505616666668e-05,0.15,30.837039093956403,3.7124580994505822,18481.069224834442
60650,1887047234,0.3696604073047638,1.8825460999999998e-05,0.15,30.893765991629806,3.7176150901481644,18486.19642329216
60700,1888599121,0.41968730092048645,1.856681316666666e-05,0.15,30.941203445250817,3.7219275859318928,18491.28337597847
60750,1890161268,0.3644312024116516,1.8306455333333325e-05,0.15,30.984529027907254,3.725866275264296,18496.395492076874
60800,1891719202,0.3958120048046112,1.8046799666666668e-05,0.15,30.900965944026815,3.718269631275165,18576.76720571518
60850,1893279050,0.392824649810791,1.7786824999999992e-05,0.15,30.938929329392863,3.721720848126624,18581.881093502045
60900,1894828220,0.3990049660205841,1.752862999999999e-05,0.15,30.887032458728765,3.7170029507935243,18586.95843887329
60950,1896386253,0.3670315444469452,1.726895783333333e-05,0.15,30.902929567407817,3.71844814249162,18592.089749336243
61000,1897944671,0.4103492796421051,1.7009221499999992e-05,0.15,30.910565880556163,3.719142352777833,18684.027801275253
61050,1899498337,0.39990928769111633,1.675027716666667e-05,0.15,30.816311958268045,3.7105738143880043,18689.12316250801
61100,1901056425,0.38817134499549866,1.649059583333332e-05,0.15,30.904020469286152,3.71854731538965,18694.217469215393
61150,1902605012,0.32066699862480164,1.6232497999999995e-05,0.15,30.87540872477869,3.715946247707154,18699.25122666359
61200,1904160009,0.38341405987739563,1.5973331833333334e-05,0.15,30.842711783723743,3.7129737985203404,18786.51329088211
61250,1905720528,0.3586203157901764,1.5713245333333337e-05,0.15,30.952238332308546,3.722930757482595,18791.594794511795
61300,1907276471,0.3748137056827545,1.545392149999999e-05,0.15,30.861475296031102,3.714679572366464,18796.65541791916
61350,1908827181,0.40339013934135437,1.5195469833333328e-05,0.15,30.91773666161576,3.719794241965069,18801.703894376755
61400,1910385676,0.3507935404777527,1.4935720666666663e-05,0.15,30.91209314318583,3.7192811948350752,18806.877711057663
61450,1911942653,0.3818381130695343,1.467622450000001e-05,0.15,30.88198425134379,3.716544022849436,18875.627469539642
61500,1913498156,0.38314297795295715,1.4416974000000003e-05,0.15,30.852748081004425,3.71388618918222,18880.619548797607
61550,1915057377,0.3679184019565582,1.4157103833333316e-05,0.15,30.926493047979847,3.720590277089077,18885.638941049576
61600,1916606349,0.40427637100219727,1.3898941833333344e-05,0.15,30.88308477550044,3.7166440705000396,18890.654583454132
61650,1918163689,0.37936729192733765,1.363938516666665e-05,0.15,30.8891842037408,3.717198563976436,18930.35428071022
61700,1919721073,0.3877962827682495,1.3379821166666683e-05,0.15,30.89005692524347,3.7172779022948608,18935.384297847748
61750,1921281669,0.34954965114593506,1.311972183333332e-05,0.15,30.953765594938215,3.723069599539838,18940.350467205048
61800,1922830333,0.3755798041820526,1.2861611166666664e-05,0.15,30.87694393492304,3.716085812265731,18945.442085504532
61850,1924392029,0.35968050360679626,1.2601328499999985e-05,0.15,30.975583632504907,3.725053057500446,18990.95253276825
61900,1925950810,0.3887035846710205,1.2341531666666671e-05,0.15,30.91776583295317,3.7197968939048334,18995.993147611618
61950,1927505895,0.3578283190727234,1.2082350833333332e-05,0.15,30.84445722672908,3.7131324751571886,19001.04655265808
62000,1929056748,0.4103405773639679,1.1823875333333332e-05,0.15,30.92058776616955,3.7200534332881405,19006.092049121857
62050,1930615056,0.38508322834968567,1.1564157333333346e-05,0.15,30.908384076799493,3.718944006981772,19011.08035135269
62100,1932172440,0.4289681315422058,1.1304593333333344e-05,0.15,30.89005692524347,3.7172779022948608,19057.935775518417
62150,1933730671,0.3381403684616089,1.1044888166666655e-05,0.15,30.906856814169824,3.7188051649245297,19062.987937927246
62200,1935289309,0.37803375720977783,1.078511516666668e-05,0.15,30.9149294880695,3.719539044369955,19068.040108919144
62250,1936838941,0.38590767979621887,1.0526843166666665e-05,0.15,30.896243719594864,3.717840338144988,19073.04291820526
62300,1938397997,0.371208131313324,1.026700049999999e-05,0.15,30.923220342344845,3.720292758394986,19126.015501976013
62350,1939952719,0.3334110379219055,1.000788016666666e-05,0.15,30.83725727433207,3.7124779340301886,19131.0523955822
62400,1941514283,0.38355347514152527,9.747619500000003e-06,0.15,30.972965467996907,3.7248150425451736,19136.10106444359
62450,1943061979,0.40438294410705566,9.489670166666675e-06,0.15,30.857644150251215,3.7143312863864746,19141.08081483841
62500,1944621585,0.3442438244819641,9.229735833333341e-06,0.15,30.93412936112819,3.7212844873752897,19192.123408794403
62550,1946178298,0.3269857168197632,8.970283666666666e-06,0.15,30.876747922327787,3.7160679929388896,19197.156823158264
62600,1947736419,0.3115762770175934,8.710596833333328e-06,0.15,30.904675010413154,3.718606819128469,19202.206011772156
62650,1949290921,0.41118288040161133,8.451513166666667e-06,0.15,30.83289366681873,3.712081242438067,19207.236845254898
62700,1950841466,0.3748639225959778,8.193088999999986e-06,0.15,30.914446925592152,3.719495175053832,19212.327318668365
62750,1952400819,0.37045279145240784,7.933196833333344e-06,0.15,30.92911121248785,3.7208282920443505,19257.364236831665
62800,1953958346,0.32298851013183594,7.673609000000004e-06,0.15,30.89289327012714,3.71753575182974,19262.40598320961
62850,1955518150,0.4042491018772125,7.41364166666667e-06,0.15,30.938056607890196,3.7216415098081996,19267.42022395134
62900,1957066814,0.4178159534931183,7.1555310000000146e-06,0.15,30.87694393492304,3.716085812265731,19272.4137570858
62950,1958624055,0.37174251675605774,6.89599083333332e-06,0.15,30.8872205803598,3.7170200527599815,19308.14693236351
63000,1960185344,0.327033668756485,6.635775999999993e-06,0.15,30.96751095860523,3.724319178055021,19313.196774482727
63050,1961743179,0.3594318628311157,6.376136833333334e-06,0.15,30.899002320645813,3.7180911200587103,19318.235892772675
63100,1963300145,0.3887869417667389,6.116642500000002e-06,0.15,30.881766070968126,3.7165241882698297,19323.25430727005
63150,1964848974,0.44061607122421265,5.858504333333336e-06,0.15,30.880233670946648,3.7163848791769682,19364.02526473999
63200,1966409988,0.36714377999305725,5.598335333333337e-06,0.15,30.96205644921356,3.7238233135648695,19369.080003976822
63250,1967965964,0.3607277274131775,5.3390060000000015e-06,0.15,30.8621298371581,3.714739076105282,19374.1245970726
63300,1969522094,0.4151381850242615,5.079651000000007e-06,0.15,30.865184362417438,3.715016760219767,19379.15982890129
63350,1971069988,0.4235101342201233,4.821668666666678e-06,0.15,30.861591833479544,3.7146901666799583,19384.171184539795
63400,1972626646,0.3674774467945099,4.562225666666663e-06,0.15,30.875657020449452,3.7159688200408594,19416.51939558983
63450,1974189662,0.37098222970962524,4.301723000000001e-06,0.15,31.00176527758494,3.727433207053176,19421.563841819763
63500,1975744098,0.35806313157081604,4.04265033333332e-06,0.15,30.83158458456473,3.71196223496043,19426.69835782051
63550,1977291464,0.3598572015762329,3.784756000000011e-06,0.15,30.851064678204004,3.7137331525640005,19431.70169568062
63600,1978847462,0.3835074305534363,3.525423000000005e-06,0.15,30.862566197909434,3.7147787452644936,19467.61530828476
63650,1980405022,0.40705037117004395,3.265829666666675e-06,0.15,30.89354781125414,3.717595255568558,19472.65355348587
63700,1981962714,0.36439990997314453,3.0062143333333235e-06,0.15,30.896165975762145,3.7178332705238315,19477.691206932068
63750,1983519438,0.3421906530857086,2.746760333333331e-06,0.15,30.876966102703452,3.7160878275184954,19482.710112333298
63800,1985068806,0.3289864659309387,2.4885323333333264e-06,0.15,30.890980141957094,3.7173618310870085,19520.189386844635
63850,1986626949,0.37838175892829895,2.228841833333317e-06,0.15,30.905111371164487,3.7186464882876806,19525.239569187164
63900,1988185730,0.36222416162490845,1.9690450000000024e-06,0.15,30.91776583295317,3.7197968939048334,19530.28440928459
63950,1989739055,0.37116387486457825,1.7101574999999868e-06,0.15,30.80954836662237,3.709958942420215,19535.403273820877
64000,1991289292,0.3707943260669708,1.4517846666666555e-06,0.15,30.908306085014754,3.718936916819523,19540.52577805519
64050,1992846170,0.34107425808906555,1.1923050000000046e-06,0.15,30.88002062796279,3.716365511632981,19607.21981739998
64100,1994403906,0.3583158850669861,9.326823333333455e-07,0.15,30.89703869726481,3.7179126088422554,19612.378843784332
64150,1995962918,0.37504640221595764,6.728470000000097e-07,0.15,30.922347620842178,3.7202134200765613,19617.519510269165
64200,1997521292,0.38367345929145813,4.1311800000001226e-07,0.15,30.909693159053493,3.719063014459408,19622.73039007187
64250,1999069989,0.38491401076316833,1.550018333333347e-07,0.15,30.877601882127763,3.7161456256479783,19656.635021686554
