7.017884254455566,2,42270,0.49529480934143066
7.01865816116333,3,84479,0.07366037368774414
7.017605781555176,4,126427,0.13863086700439453
7.017169952392578,5,168370,0.10056161880493164
7.012335300445557,6,210385,0.10142898559570312
7.012281894683838,7,252515,0.10308957099914551
7.006124973297119,8,294556,0.09391617774963379
7.005073070526123,9,336721,0.09994006156921387
7.001241683959961,10,379050,0.10527229309082031
6.993651390075684,11,421307,0.10543942451477051
6.997269630432129,12,463568,0.1015777587890625
6.986750602722168,13,505683,0.0983734130859375
6.983855724334717,14,547741,0.09905362129211426
6.9780049324035645,15,589524,0.10027527809143066
6.96550178527832,16,631899,0.10021185874938965
6.95716667175293,17,673963,0.09658193588256836
6.952264308929443,18,715911,0.09857296943664551
6.935083389282227,19,758440,0.09807753562927246
6.9314069747924805,20,800597,0.0964200496673584
6.919548988342285,21,842550,0.09167098999023438
6.9085822105407715,22,884649,0.09997200965881348
6.9013991355896,23,926435,0.08876967430114746
6.886434078216553,24,968433,0.10294532775878906
6.87339448928833,25,1010767,0.09977412223815918
6.860340118408203,26,1052926,0.10156774520874023
6.842268466949463,27,1095287,0.1054840087890625
6.834134578704834,28,1137551,0.09999752044677734
6.815866947174072,29,1179786,0.10537934303283691
6.8020524978637695,30,1222047,0.10283541679382324
6.786396503448486,31,1263935,0.09758949279785156
6.769165992736816,32,1306205,0.09814906120300293
6.757753372192383,33,1348139,0.1012730598449707
6.741066932678223,34,1390306,0.10128641128540039
6.72013521194458,35,1432527,0.09636545181274414
6.696669578552246,36,1474848,0.08799052238464355
6.67622184753418,37,1517157,0.1054232120513916
6.66123628616333,38,1559131,0.08532595634460449
6.638628005981445,39,1601504,0.10768866539001465
6.62398624420166,40,1643759,0.1000676155090332
6.608654022216797,41,1685905,0.10382461547851562
6.578531742095947,42,1728230,0.10785984992980957
6.565428733825684,43,1770216,0.10429191589355469
6.548936367034912,44,1812455,0.10536050796508789
6.519786357879639,45,1854844,0.10066580772399902
6.513137340545654,46,1896897,0.09974217414855957
6.48309850692749,47,1939284,0.10032463073730469
6.451981067657471,48,1981213,0.10925030708312988
6.433749198913574,49,2023427,0.10628437995910645
6.421585559844971,50,2065323,0.09299278259277344
6.391419410705566,51,2107463,0.10851907730102539
6.372897624969482,52,2149552,0.08709430694580078
6.368020534515381,53,2191677,0.10101103782653809
6.329940319061279,54,2233550,0.10746574401855469
6.322547912597656,55,2275755,0.10160589218139648
6.298947334289551,56,2317983,0.10777568817138672
6.2876434326171875,57,2360354,0.10578727722167969
6.255444526672363,58,2402564,0.10863423347473145
6.226176738739014,59,2444129,0.10672378540039062
6.239596843719482,60,2486124,0.10582637786865234
6.1978068351745605,61,2528347,0.10665035247802734
6.155755043029785,62,2570658,0.1045675277709961
6.1458563804626465,63,2612490,0.10555362701416016
6.143772125244141,64,2654487,0.1024010181427002
6.117105484008789,65,2696864,0.09951114654541016
6.079030513763428,66,2739067,0.09543323516845703
6.044625759124756,67,2781228,0.0994405746459961
6.057151794433594,68,2823275,0.09995651245117188
6.025501251220703,69,2865156,0.09733939170837402
5.993795871734619,70,2907031,0.09745407104492188
6.01803731918335,71,2949354,0.10753226280212402
5.956445693969727,72,2991893,0.1077113151550293
5.954880714416504,73,3033955,0.10817480087280273
5.890493869781494,74,3076183,0.1024327278137207
5.935661315917969,75,3118163,0.09963440895080566
5.8447771072387695,76,3160441,0.10128140449523926
5.865843772888184,77,3202708,0.09453439712524414
5.851385593414307,78,3244776,0.096435546875
5.801197528839111,79,3286885,0.10729074478149414
5.773869037628174,80,3329040,0.08521699905395508
5.773904323577881,81,3371319,0.09874153137207031
5.74817419052124,82,3413288,0.1050407886505127
5.725386619567871,83,3455607,0.09971475601196289
5.705597400665283,84,3497551,0.0981597900390625
5.667398929595947,85,3539647,0.10098862648010254
5.652551651000977,86,3581806,0.10135412216186523
5.635215759277344,87,3623855,0.10799622535705566
5.6334052085876465,88,3666140,0.10266542434692383
5.591775894165039,89,3708403,0.09805130958557129
5.55107307434082,90,3750782,0.09917140007019043
5.562461853027344,91,3792662,0.09778285026550293
5.537171840667725,92,3834871,0.09786510467529297
5.499248027801514,93,3877155,0.08793067932128906
5.454387187957764,94,3919074,0.09153985977172852
5.4551191329956055,95,3961085,0.08730125427246094
5.3851237297058105,96,4003240,0.09981751441955566
5.401939392089844,97,4045179,0.1058039665222168
5.380290985107422,98,4087250,0.10212898254394531
5.37819242477417,99,4129136,0.11474204063415527
5.311933994293213,100,4171210,0.11468982696533203
5.341335773468018,101,4213436,0.11065220832824707
5.264032363891602,102,4255436,0.1107015609741211
5.2753214836120605,103,4297646,0.10411310195922852
5.226853370666504,104,4339994,0.10449361801147461
5.196958541870117,105,4382203,0.10828375816345215
5.1934661865234375,106,4424425,0.10709309577941895
5.158897399902344,107,4466582,0.10835480690002441
5.15849494934082,108,4508922,0.11066269874572754
5.112032890319824,109,4550791,0.10228204727172852
5.076900482177734,110,4593114,0.11275386810302734
5.065197944641113,111,4635378,0.1103663444519043
5.033105373382568,112,4677805,0.11675882339477539
5.002588748931885,113,4719747,0.10762548446655273
4.970550537109375,114,4761774,0.10827374458312988
4.948144435882568,115,4803925,0.10555195808410645
4.906757354736328,116,4845898,0.11169719696044922
4.896620273590088,117,4887846,0.10890555381774902
4.821727275848389,118,4929945,0.11441254615783691
4.844037055969238,119,4972240,0.10376191139221191
4.8537702560424805,120,5014215,0.11003828048706055
4.767621040344238,121,5056328,0.10809707641601562
4.724889755249023,122,5098477,0.10383486747741699
4.750945568084717,123,5140317,0.10567069053649902
4.703929424285889,124,5182700,0.11083197593688965
4.687428951263428,125,5224971,0.11292552947998047
4.666210174560547,126,5267137,0.10618257522583008
4.609654903411865,127,5309275,0.10701203346252441
4.594362258911133,128,5351262,0.10481643676757812
4.583252429962158,129,5393237,0.10342979431152344
4.528608798980713,130,5435054,0.10508179664611816
4.520139694213867,131,5477493,0.10647201538085938
4.481714725494385,132,5519728,0.11452817916870117
4.485976219177246,133,5561925,0.10688495635986328
4.434999942779541,134,5604161,0.10702204704284668
4.39086389541626,135,5646336,0.10281062126159668
4.393421649932861,136,5688361,0.10966920852661133
4.357109069824219,137,5730622,0.10615181922912598
4.363191604614258,138,5772439,0.11400079727172852
4.321658611297607,139,5814668,0.11381840705871582
4.279240608215332,140,5856739,0.09938621520996094
4.267317771911621,141,5899012,0.11178350448608398
4.26376485824585,142,5941337,0.09444832801818848
4.21318244934082,143,5983084,0.10123538970947266
4.167034149169922,144,6025481,0.10582685470581055
4.14608097076416,145,6067756,0.1120908260345459
4.119012355804443,146,6109907,0.10629415512084961
4.090681552886963,147,6152022,0.11898183822631836
4.114953517913818,148,6194118,0.10825800895690918
4.090414047241211,149,6236216,0.10630512237548828
4.043824672698975,150,6278378,0.1090996265411377
4.025731086730957,151,6320266,0.11635661125183105
3.9970920085906982,152,6362474,0.11166787147521973
4.001983165740967,153,6404462,0.11084198951721191
3.908864974975586,154,6446796,0.10632872581481934
3.9133663177490234,155,6488847,0.10092449188232422
3.9095747470855713,156,6531236,0.10085511207580566
3.868257761001587,157,6573049,0.10161328315734863
3.8918066024780273,158,6615041,0.10175967216491699
3.8145031929016113,159,6657198,0.10347914695739746
3.8052163124084473,160,6699415,0.1113440990447998
3.820507764816284,161,6741536,0.10981607437133789
3.735031843185425,162,6783861,0.1172792911529541
3.6958765983581543,163,6825913,0.11252498626708984
3.695206642150879,164,6867754,0.10597419738769531
3.671609401702881,165,6910143,0.11008882522583008
3.7134857177734375,166,6952074,0.11423325538635254
3.6332640647888184,167,6993975,0.10810446739196777
3.5984528064727783,168,7036138,0.112091064453125
3.6592023372650146,169,7077984,0.10101938247680664
3.5574474334716797,170,7119983,0.1109304428100586
3.5621562004089355,171,7161778,0.11861991882324219
3.5528202056884766,172,7203890,0.09894418716430664
3.5364344120025635,173,7245969,0.10686159133911133
3.5109667778015137,174,7287945,0.10037112236022949
3.526646852493286,175,7330213,0.1031491756439209
3.5051701068878174,176,7372474,0.1027536392211914
3.468262195587158,177,7414519,0.11084485054016113
3.4488415718078613,178,7456123,0.10742759704589844
3.421485185623169,179,7498382,0.11208319664001465
3.4315905570983887,180,7540346,0.09911370277404785
3.3871889114379883,181,7582498,0.10069727897644043
3.376225471496582,182,7624457,0.10207056999206543
3.349674940109253,183,7666418,0.10309553146362305
3.3362081050872803,184,7708370,0.10995626449584961
3.309392213821411,185,7750097,0.09221124649047852
3.363229274749756,186,7792256,0.11685967445373535
3.2847330570220947,187,7834457,0.11194944381713867
3.2752792835235596,188,7876552,0.10905718803405762
3.293909788131714,189,7918529,0.10657334327697754
3.2548656463623047,190,7960788,0.11216259002685547
3.220127820968628,191,8002983,0.11420297622680664
3.1705853939056396,192,8045038,0.11487102508544922
3.14762020111084,193,8087257,0.1075749397277832
3.12646484375,194,8129512,0.10557794570922852
3.099985361099243,195,8171843,0.10984420776367188
3.1554136276245117,196,8214017,0.09053492546081543
3.105652093887329,197,8256230,0.1050105094909668
3.1290969848632812,198,8298235,0.10883355140686035
3.0528039932250977,199,8340444,0.1084897518157959
3.0545384883880615,200,8382825,0.11093425750732422
3.036430597305298,201,8424836,0.10576820373535156
3.028923273086548,202,8466831,0.09920167922973633
2.986396312713623,203,8508882,0.10980033874511719
2.968536615371704,204,8550946,0.11034965515136719
2.9518377780914307,205,8593212,0.10618925094604492
2.9519662857055664,206,8635108,0.09899735450744629
2.926828145980835,207,8677103,0.1055755615234375
2.9530272483825684,208,8719178,0.10094666481018066
2.865215301513672,209,8761551,0.1093454360961914
2.8746719360351562,210,8803678,0.09870529174804688
2.8862714767456055,211,8845538,0.10481643676757812
2.843080997467041,212,8887494,0.1142740249633789
2.819472074508667,213,8929598,0.112945556640625
2.882685422897339,214,8972017,0.10003352165222168
2.809418201446533,215,9014344,0.11116623878479004
2.7446255683898926,216,9056657,0.10765624046325684
2.7558908462524414,217,9098826,0.10126638412475586
2.7737319469451904,218,9140938,0.10403132438659668
2.6917500495910645,219,9183149,0.10232162475585938
2.7131948471069336,220,9225168,0.1029052734375
2.6490859985351562,221,9267341,0.1036689281463623
2.691995143890381,222,9309406,0.09672379493713379
2.647463798522949,223,9351408,0.10437297821044922
2.7079591751098633,224,9393652,0.10201239585876465
2.6624181270599365,225,9436070,0.10632872581481934
2.5202748775482178,226,9478155,0.10398077964782715
2.6452460289001465,227,9520414,0.11206293106079102
2.5650315284729004,228,9562481,0.10477423667907715
2.598768711090088,229,9604543,0.10463070869445801
2.512568712234497,230,9646638,0.1126861572265625
2.5502281188964844,231,9688905,0.10170555114746094
2.53418231010437,232,9730958,0.1115109920501709
2.498440980911255,233,9773385,0.10211634635925293
2.489114761352539,234,9815724,0.11070370674133301
2.47989559173584,235,9857723,0.10831356048583984
2.389221429824829,236,9899768,0.11073517799377441
2.50645112991333,237,9941806,0.10207271575927734
2.4360220432281494,238,9984021,0.09540772438049316
2.414748191833496,239,10026065,0.10966086387634277
2.3992815017700195,240,10068281,0.10971307754516602
2.4120066165924072,241,10110228,0.10374689102172852
2.372119188308716,242,10152377,0.09841704368591309
2.2929396629333496,243,10194317,0.10372638702392578
2.3560221195220947,244,10236282,0.10365962982177734
2.2864975929260254,245,10278556,0.10708928108215332
2.3288652896881104,246,10320925,0.11126995086669922
2.27488112449646,247,10363135,0.11325621604919434
2.2536251544952393,248,10405578,0.10503268241882324
2.256718873977661,249,10447906,0.10431432723999023
2.2207956314086914,250,10490048,0.10188794136047363
2.1506528854370117,251,10532193,0.11277270317077637
2.1902353763580322,252,10574156,0.10457801818847656
2.183551788330078,253,10616165,0.10225558280944824
2.211808204650879,254,10658223,0.0972137451171875
2.1677770614624023,255,10700267,0.10641622543334961
2.134445905685425,256,10742483,0.09807896614074707
2.182602643966675,257,10784449,0.09671282768249512
2.1605899333953857,258,10826502,0.11232900619506836
2.1738805770874023,259,10868392,0.10612106323242188
2.1985528469085693,260,10910660,0.10422253608703613
2.1027259826660156,261,10952805,0.11197876930236816
2.081777334213257,262,10995256,0.11682295799255371
2.067708730697632,263,11037149,0.11193156242370605
2.0942277908325195,264,11079404,0.10611915588378906
2.005378484725952,265,11121442,0.11321187019348145
1.9919236898422241,266,11163761,0.11590147018432617
2.04575252532959,267,11205889,0.11432242393493652
1.9603655338287354,268,11247894,0.10990619659423828
1.9962509870529175,269,11290233,0.11136460304260254
2.0301218032836914,270,11332293,0.0919029712677002
2.032721519470215,271,11374003,0.10673999786376953
1.9940426349639893,272,11415986,0.1113440990447998
1.9177807569503784,273,11458210,0.10657453536987305
1.9910117387771606,274,11500211,0.10848355293273926
1.9739248752593994,275,11542226,0.11455583572387695
1.91266667842865,276,11584267,0.11304116249084473
1.8792866468429565,277,11626379,0.11268830299377441
1.8606679439544678,278,11668498,0.10408830642700195
1.9293774366378784,279,11710662,0.10700607299804688
1.9215905666351318,280,11752777,0.11213517189025879
1.912245512008667,281,11794888,0.1135551929473877
1.8397938013076782,282,11837045,0.10256075859069824
1.8383619785308838,283,11879330,0.09527063369750977
1.7887122631072998,284,11921436,0.1136171817779541
1.8337340354919434,285,11963543,0.11767792701721191
1.7432771921157837,286,12005573,0.09583044052124023
1.805194616317749,287,12047682,0.10998201370239258
1.8272823095321655,288,12090013,0.11031293869018555
1.8078157901763916,289,12132238,0.11193466186523438
1.7993308305740356,290,12174617,0.10071349143981934
1.7649670839309692,291,12216718,0.10747623443603516
1.7597355842590332,292,12258556,0.1156156063079834
1.7944849729537964,293,12300720,0.11013174057006836
1.7017792463302612,294,12342821,0.10681366920471191
1.7146666049957275,295,12385047,0.11016154289245605
1.6755414009094238,296,12427164,0.0980081558227539
1.716648817062378,297,12469345,0.10178112983703613
1.763903260231018,298,12511334,0.10437273979187012
1.6868269443511963,299,12553705,0.1147470474243164
1.6994649171829224,300,12595882,0.10477876663208008
1.6488479375839233,301,12637995,0.10788393020629883
1.6339560747146606,302,12680350,0.08514261245727539
1.6005589962005615,303,12722490,0.08416104316711426
1.6645616292953491,304,12764388,0.09389424324035645
1.5931463241577148,305,12806551,0.11023402214050293
1.5718125104904175,306,12849034,0.10672426223754883
1.6336654424667358,307,12891245,0.09631609916687012
1.5572550296783447,308,12933570,0.11083245277404785
1.5950162410736084,309,12975811,0.08469152450561523
1.546486496925354,310,13017984,0.07927489280700684
1.6102904081344604,311,13059932,0.07717442512512207
1.5713523626327515,312,13102047,0.0791018009185791
1.5836704969406128,313,13143992,0.07893252372741699
1.5770336389541626,314,13186285,0.08012938499450684
1.5255961418151855,315,13228724,0.07973575592041016
1.5407050848007202,316,13270891,0.07972121238708496
1.505927324295044,317,13312922,0.07890677452087402
1.5359179973602295,318,13355244,0.07699728012084961
1.5042816400527954,319,13397572,0.08698439598083496
1.504944086074829,320,13439672,0.10428571701049805
1.537042260169983,321,13481754,0.1044468879699707
1.5183157920837402,322,13523896,0.09483957290649414
1.5356043577194214,323,13566064,0.10332036018371582
1.4622104167938232,324,13608259,0.1091609001159668
1.4457294940948486,325,13650364,0.09106230735778809
1.5474318265914917,326,13692188,0.08016490936279297
1.5038480758666992,327,13734569,0.08228874206542969
1.5118746757507324,328,13776456,0.08829641342163086
1.471527338027954,329,13818515,0.08054924011230469
1.4885351657867432,330,13860658,0.08511567115783691
1.459579348564148,331,13902947,0.08587527275085449
1.4082205295562744,332,13945209,0.08234143257141113
1.4514538049697876,333,13986968,0.08378481864929199
1.4082235097885132,334,14029323,0.08485937118530273
1.393303394317627,335,14071369,0.07260823249816895
1.3550407886505127,336,14113530,0.10285282135009766
1.407131552696228,337,14155482,0.10475349426269531
1.3682228326797485,338,14197599,0.09942126274108887
1.3890429735183716,339,14239758,0.10135436058044434
1.3999024629592896,340,14281790,0.08121204376220703
1.3503283262252808,341,14323960,0.10184788703918457
1.3939220905303955,342,14366279,0.0990452766418457
1.3803777694702148,343,14408342,0.09942150115966797
1.3494758605957031,344,14450265,0.10756111145019531
1.3360761404037476,345,14492100,0.10529184341430664
1.3861641883850098,346,14533872,0.10822033882141113
1.321101427078247,347,14575815,0.10600733757019043
1.3640522956848145,348,14617920,0.09312176704406738
1.352528691291809,349,14660078,0.10260653495788574
1.3126448392868042,350,14701736,0.09120845794677734
1.3917287588119507,351,14743884,0.10116171836853027
1.378502607345581,352,14785792,0.10772037506103516
1.2936534881591797,353,14827969,0.10040163993835449
1.2960528135299683,354,14870041,0.09454131126403809
1.3141906261444092,355,14912024,0.09321784973144531
1.3142508268356323,356,14954218,0.10395312309265137
1.3081834316253662,357,14996597,0.10876584053039551
1.3380295038223267,358,15038710,0.10422492027282715
1.2854869365692139,359,15080915,0.10361337661743164
1.255804181098938,360,15123044,0.09990096092224121
1.2687029838562012,361,15165468,0.0943915843963623
1.250478982925415,362,15207801,0.0816502571105957
1.3200889825820923,363,15250286,0.10396027565002441
1.299005150794983,364,15292611,0.10140252113342285
1.2216863632202148,365,15334816,0.10645294189453125
1.292798638343811,366,15377257,0.10025644302368164
1.2498588562011719,367,15419379,0.09728503227233887
1.2470917701721191,368,15461535,0.10603547096252441
1.216465711593628,369,15503584,0.10346794128417969
1.2469631433486938,370,15545568,0.10839390754699707
1.2341288328170776,371,15587514,0.10283732414245605
1.192993402481079,372,15629783,0.10666537284851074
1.2136541604995728,373,15671831,0.10016846656799316
1.1832983493804932,374,15714102,0.10506010055541992
1.2265428304672241,375,15755933,0.09875655174255371
1.206037998199463,376,15798476,0.09430193901062012
1.2076034545898438,377,15840468,0.09040522575378418
1.249240517616272,378,15882703,0.10052752494812012
1.210292935371399,379,15924693,0.0967264175415039
1.1918606758117676,380,15966507,0.10668325424194336
1.2477223873138428,381,16008618,0.10263395309448242
1.2760118246078491,382,16050987,0.10847210884094238
1.2359157800674438,383,16093256,0.10747456550598145
1.1980878114700317,384,16135353,0.1002645492553711
1.190953254699707,385,16177460,0.096160888671875
1.172046422958374,386,16219585,0.09617209434509277
1.140586256980896,387,16261908,0.1060183048248291
1.1978579759597778,388,16303633,0.09843182563781738
1.2145743370056152,389,16345658,0.11117243766784668
1.1436494588851929,390,16387799,0.10108208656311035
1.1949247121810913,391,16429848,0.09766554832458496
1.165321946144104,392,16472118,0.1068572998046875
1.2115001678466797,393,16514125,0.10089492797851562
1.1582611799240112,394,16556395,0.09326791763305664
1.1982485055923462,395,16598542,0.10449099540710449
1.196907639503479,396,16640708,0.09988832473754883
1.2035417556762695,397,16683039,0.09943485260009766
1.1800252199172974,398,16725212,0.1089773178100586
1.162287712097168,399,16767547,0.10160446166992188
1.1848829984664917,400,16809931,0.10049962997436523
1.1764554977416992,401,16852012,0.1029965877532959
1.1823246479034424,402,16894179,0.11028695106506348
1.1633042097091675,403,16936720,0.10019636154174805
1.1776782274246216,404,16978791,0.09941220283508301
1.1396626234054565,405,17021116,0.1065053939819336
1.175313115119934,406,17063315,0.1096036434173584
1.1594218015670776,407,17105701,0.10774064064025879
1.133726954460144,408,17148078,0.10351037979125977
1.1469868421554565,409,17190295,0.1050267219543457
1.1686216592788696,410,17232139,0.08562898635864258
1.1472055912017822,411,17274188,0.08478546142578125
1.1725009679794312,412,17316558,0.10572504997253418
1.1205909252166748,413,17358709,0.10665321350097656
1.1359466314315796,414,17400743,0.09637641906738281
1.1178354024887085,415,17443117,0.09488463401794434
1.1259289979934692,416,17485496,0.10918283462524414
1.0683473348617554,417,17527433,0.10762763023376465
1.2043704986572266,418,17569145,0.09997320175170898
1.112087607383728,419,17611518,0.09508013725280762
1.1359894275665283,420,17653442,0.10713076591491699
1.109171986579895,421,17695515,0.1004486083984375
1.1536996364593506,422,17737576,0.0942542552947998
1.1024272441864014,423,17779787,0.09404563903808594
1.150633692741394,424,17821732,0.09881353378295898
1.0764042139053345,425,17863897,0.0713193416595459
1.120516061782837,426,17906234,0.10010242462158203
1.0965478420257568,427,17948313,0.1083061695098877
1.1337804794311523,428,17990085,0.09965801239013672
1.1679085493087769,429,18032298,0.09563875198364258
1.079948902130127,430,18074228,0.1037588119506836
1.1288608312606812,431,18116441,0.10213065147399902
1.1105787754058838,432,18158523,0.09885573387145996
1.1025803089141846,433,18200790,0.09987688064575195
1.121512770652771,434,18242898,0.09638571739196777
1.1385645866394043,435,18285323,0.10029339790344238
1.102478265762329,436,18327754,0.10006356239318848
1.1037856340408325,437,18370127,0.09968185424804688
1.0974061489105225,438,18412285,0.09894204139709473
1.0956802368164062,439,18454402,0.09950780868530273
1.1004921197891235,440,18496072,0.09080958366394043
1.1166929006576538,441,18538178,0.08459997177124023
1.1116303205490112,442,18580444,0.10461258888244629
1.068173885345459,443,18622416,0.1012883186340332
1.129997730255127,444,18664461,0.09658479690551758
1.068501591682434,445,18706714,0.10296487808227539
1.1168123483657837,446,18748887,0.09881353378295898
1.08920156955719,447,18791089,0.09238004684448242
1.0564484596252441,448,18833413,0.09565234184265137
1.0453938245773315,449,18875463,0.09400820732116699
1.0978918075561523,450,18917476,0.09454965591430664
1.086200475692749,451,18959851,0.09960722923278809
1.0480505228042603,452,19001746,0.09880709648132324
1.126159429550171,453,19044175,0.09906125068664551
1.0998365879058838,454,19086266,0.10833311080932617
1.0640946626663208,455,19128423,0.09403419494628906
1.0743427276611328,456,19170398,0.0988624095916748
1.0745487213134766,457,19212605,0.10602140426635742
1.0347017049789429,458,19254896,0.11463046073913574
1.1071909666061401,459,19296818,0.09959745407104492
1.085871696472168,460,19339097,0.09495401382446289
1.1175668239593506,461,19381109,0.09601855278015137
1.0856235027313232,462,19423427,0.1091461181640625
1.049805760383606,463,19465451,0.10757017135620117
1.079271674156189,464,19507540,0.09994935989379883
1.0727880001068115,465,19549809,0.1019754409790039
1.0420349836349487,466,19591603,0.1056830883026123
1.0814907550811768,467,19633759,0.10790753364562988
1.0618946552276611,468,19675774,0.1094663143157959
1.0771446228027344,469,19717869,0.08548092842102051
1.0567448139190674,470,19760193,0.11044764518737793
1.0806609392166138,471,19802417,0.10776114463806152
1.068595290184021,472,19844366,0.10817456245422363
1.1243295669555664,473,19886381,0.10361194610595703
1.0757306814193726,474,19928758,0.1104271411895752
1.0604419708251953,475,19970806,0.10541915893554688
1.0640724897384644,476,20012627,0.10791540145874023
1.0452438592910767,477,20054726,0.10376429557800293
1.0474216938018799,478,20096820,0.10558700561523438
1.0915879011154175,479,20138811,0.10767030715942383
1.0514943599700928,480,20180693,0.11378955841064453
1.016847014427185,481,20222933,0.07804584503173828
1.0567296743392944,482,20265150,0.10100245475769043
1.0340102910995483,483,20307572,0.10813760757446289
1.0608558654785156,484,20349954,0.10793089866638184
1.0137653350830078,485,20392129,0.10488033294677734
1.0891627073287964,486,20434284,0.10860538482666016
1.0551306009292603,487,20476330,0.11448192596435547
1.036766767501831,488,20518519,0.10890650749206543
1.090990662574768,489,20561046,0.10688638687133789
1.069634199142456,490,20603339,0.10259485244750977
1.0305724143981934,491,20645205,0.10375714302062988
1.02693510055542,492,20687434,0.1002352237701416
1.0019968748092651,493,20729730,0.10678291320800781
1.055100679397583,494,20771888,0.08359551429748535
1.0437648296356201,495,20814113,0.09985089302062988
1.039257287979126,496,20856028,0.108367919921875
1.0628960132598877,497,20898087,0.10347604751586914
1.0759421586990356,498,20940412,0.1059732437133789
1.0512042045593262,499,20982741,0.10115504264831543
1.018194556236267,500,21024914,0.1078188419342041
1.010756492614746,501,21067403,0.10375070571899414
1.0271552801132202,502,21109348,0.10369753837585449
1.075782060623169,503,21151525,0.10512733459472656
1.0502116680145264,504,21193676,0.09828424453735352
1.0206094980239868,505,21235851,0.10646367073059082
1.0191224813461304,506,21278078,0.10707712173461914
1.030836582183838,507,21320359,0.10161709785461426
1.0525076389312744,508,21362472,0.10948419570922852
1.0557976961135864,509,21404364,0.10155868530273438
0.9815245866775513,510,21446624,0.09660530090332031
0.9843891263008118,511,21488932,0.10358452796936035
1.0199178457260132,512,21530989,0.10804224014282227
1.0567213296890259,513,21572800,0.10417890548706055
1.013396143913269,514,21615239,0.08222675323486328
1.0685726404190063,515,21657432,0.09536290168762207
1.039252519607544,516,21699335,0.10736918449401855
1.0346471071243286,517,21741448,0.09999918937683105
1.0082154273986816,518,21783455,0.10097503662109375
1.0260701179504395,519,21825578,0.0997154712677002
1.073108196258545,520,21867573,0.09644126892089844
1.0077896118164062,521,21909740,0.09577345848083496
1.0443592071533203,522,21951851,0.0939643383026123
1.0058133602142334,523,21993840,0.09715843200683594
1.0408610105514526,524,22035851,0.10903477668762207
1.0184597969055176,525,22078179,0.10777401924133301
0.9806200265884399,526,22120538,0.10390305519104004
1.0371230840682983,527,22162719,0.10253024101257324
1.0223073959350586,528,22204825,0.0802302360534668
1.044546365737915,529,22246816,0.08322715759277344
1.036147117614746,530,22288772,0.1049342155456543
0.9988300204277039,531,22330958,0.10103297233581543
1.039719581604004,532,22373235,0.10264921188354492
0.9881465435028076,533,22415556,0.09379839897155762
1.0501819849014282,534,22457717,0.10133624076843262
1.0148613452911377,535,22500048,0.1080625057220459
0.997194230556488,536,22542311,0.11549139022827148
1.0543750524520874,537,22584596,0.09996485710144043
1.0180692672729492,538,22626843,0.0948328971862793
1.0010682344436646,539,22669004,0.09383010864257812
1.04779052734375,540,22711171,0.10725140571594238
1.001636028289795,541,22753386,0.10849976539611816
1.0278409719467163,542,22795323,0.09006381034851074
0.9653264880180359,543,22837523,0.09896135330200195
1.032457709312439,544,22879690,0.1073613166809082
0.9715545177459717,545,22921841,0.09840989112854004
0.999504804611206,546,22964154,0.09537649154663086
1.0182390213012695,547,23006213,0.10712456703186035
1.0414385795593262,548,23048365,0.09937763214111328
1.033441424369812,549,23090672,0.0978696346282959
0.9861630201339722,550,23132947,0.09589719772338867
1.0223517417907715,551,23175162,0.09626531600952148
1.0242009162902832,552,23217378,0.10789608955383301
0.9917604327201843,553,23259580,0.10705828666687012
1.020708680152893,554,23301817,0.09865617752075195
1.019679307937622,555,23344082,0.10824990272521973
1.0045839548110962,556,23386293,0.09288311004638672
0.973459005355835,557,23428342,0.08452296257019043
1.0187715291976929,558,23470617,0.10260367393493652
1.0185047388076782,559,23512659,0.0987391471862793
0.9797728657722473,560,23554910,0.10314774513244629
1.0140742063522339,561,23597027,0.09784817695617676
1.000622034072876,562,23638986,0.09341025352478027
0.991502046585083,563,23681365,0.09423565864562988
0.9456930756568909,564,23723586,0.0973212718963623
1.0734686851501465,565,23765734,0.0958249568939209
0.9562503099441528,566,23807731,0.09460186958312988
1.0048340559005737,567,23850052,0.10662341117858887
1.0063365697860718,568,23892153,0.10857367515563965
1.0058196783065796,569,23934266,0.11481428146362305
1.0009424686431885,570,23976051,0.1000056266784668
1.0370762348175049,571,24018276,0.07182621955871582
1.0347200632095337,572,24060134,0.09639739990234375
1.0263895988464355,573,24102233,0.10753607749938965
1.0628468990325928,574,24144150,0.10588288307189941
0.9825415015220642,575,24186199,0.0990290641784668
1.0058094263076782,576,24228470,0.0936434268951416
0.998210072517395,577,24270288,0.09412717819213867
0.9366572499275208,578,24312721,0.09371805191040039
1.0138710737228394,579,24354864,0.09552717208862305
1.00277578830719,580,24397076,0.09272313117980957
0.9914126992225647,581,24439179,0.09550213813781738
0.9789178371429443,582,24481434,0.09640836715698242
0.9870243668556213,583,24523486,0.092742919921875
1.048248529434204,584,24565623,0.09356880187988281
0.9918234348297119,585,24607578,0.09261345863342285
1.010324478149414,586,24649495,0.08445954322814941
0.9891219139099121,587,24691659,0.08219623565673828
0.9808602929115295,588,24733832,0.10427427291870117
0.947421669960022,589,24776079,0.09694910049438477
0.9412311315536499,590,24818149,0.10737872123718262
1.0008575916290283,591,24860357,0.09766888618469238
0.9755446910858154,592,24902468,0.10092353820800781
1.0291857719421387,593,24944609,0.09656310081481934
1.0050346851348877,594,24986334,0.0931234359741211
1.0242592096328735,595,25028713,0.09734916687011719
1.0015478134155273,596,25070820,0.1071937084197998
0.9404253959655762,597,25113181,0.10413837432861328
1.0016863346099854,598,25155386,0.0972447395324707
0.9984069466590881,599,25197545,0.09833192825317383
0.960088849067688,600,25239815,0.10393929481506348
0.9522377252578735,601,25282099,0.07189106941223145
0.9850931763648987,602,25324139,0.10856342315673828
1.0092799663543701,603,25366362,0.10746502876281738
0.9774982333183289,604,25408602,0.10190606117248535
0.9823208451271057,605,25450859,0.10724472999572754
0.9641400575637817,606,25492912,0.10401749610900879
0.9610143899917603,607,25535133,0.10358476638793945
0.9908862113952637,608,25577178,0.07816243171691895
0.9932711720466614,609,25619177,0.10579156875610352
0.9921795725822449,610,25661337,0.10399842262268066
0.9583166241645813,611,25703330,0.09944891929626465
1.0073955059051514,612,25745427,0.09624099731445312
0.977896511554718,613,25787804,0.10668563842773438
0.9842042922973633,614,25830062,0.09825634956359863
0.9754930138587952,615,25872287,0.10020852088928223
1.0592705011367798,616,25914554,0.10024881362915039
0.9597212672233582,617,25956885,0.09796500205993652
1.0328242778778076,618,25999054,0.09802746772766113
0.9729370474815369,619,26041150,0.09374451637268066
0.9709795713424683,620,26083401,0.10863542556762695
1.016908884048462,621,26125620,0.10722684860229492
0.9708681702613831,622,26167775,0.09334135055541992
1.0424898862838745,623,26209553,0.09767007827758789
1.0024665594100952,624,26251540,0.1007850170135498
0.9452970027923584,625,26293599,0.10440707206726074
0.948840320110321,626,26335853,0.10725116729736328
0.9851191639900208,627,26378000,0.09950017929077148
0.9367926120758057,628,26420156,0.09880924224853516
1.0113723278045654,629,26462425,0.09827613830566406
0.9716716408729553,630,26504687,0.09344649314880371
0.9787601828575134,631,26546425,0.09495091438293457
0.9645968675613403,632,26588578,0.09489083290100098
0.9777784943580627,633,26630575,0.09579062461853027
0.9907228946685791,634,26672676,0.10715746879577637
0.9771443009376526,635,26714914,0.10791921615600586
0.9396243095397949,636,26757169,0.09722733497619629
0.9645551443099976,637,26799654,0.09272909164428711
1.0297290086746216,638,26841937,0.10259699821472168
0.9800812005996704,639,26884128,0.10081028938293457
0.9217241406440735,640,26926431,0.10622739791870117
0.9486809372901917,641,26968478,0.09989762306213379
0.9818673729896545,642,27010423,0.09704828262329102
0.9797595739364624,643,27052579,0.09630227088928223
0.966845691204071,644,27094646,0.10715603828430176
0.9906954169273376,645,27136538,0.10235762596130371
0.9878120422363281,646,27178805,0.10717129707336426
0.9458884596824646,647,27221028,0.10436725616455078
0.9344319701194763,648,27263186,0.10101866722106934
1.0233155488967896,649,27305427,0.10731220245361328
0.9721168279647827,650,27347479,0.10108375549316406
0.9777238965034485,651,27389495,0.08824801445007324
1.002540946006775,652,27431627,0.09311461448669434
0.9640032649040222,653,27473774,0.10044336318969727
0.9535678029060364,654,27516000,0.10014677047729492
0.9748699069023132,655,27557939,0.10158538818359375
1.0635632276535034,656,27599991,0.09758520126342773
0.9791728854179382,657,27641780,0.10116338729858398
0.9794939160346985,658,27683945,0.10346794128417969
0.9635027050971985,659,27726196,0.09883809089660645
0.9488131999969482,660,27768531,0.09846138954162598
0.972117006778717,661,27810596,0.09883952140808105
0.9735576510429382,662,27852588,0.09975433349609375
0.9564040899276733,663,27894864,0.10225224494934082
0.9709213376045227,664,27936877,0.10821008682250977
0.9705380797386169,665,27978927,0.10310244560241699
0.9973215460777283,666,28020662,0.09363031387329102
0.9907193183898926,667,28062813,0.10272645950317383
0.9593469500541687,668,28104912,0.10049748420715332
1.0007933378219604,669,28147029,0.10673165321350098
0.9639291167259216,670,28189158,0.10046601295471191
0.9688842296600342,671,28231531,0.09593605995178223
0.9581416845321655,672,28273475,0.09935545921325684
0.9697481393814087,673,28315572,0.10573291778564453
1.0036948919296265,674,28357578,0.10829639434814453
0.9442532062530518,675,28400001,0.10666584968566895
0.9605355262756348,676,28441892,0.10031533241271973
0.9410297870635986,677,28484237,0.1047666072845459
0.9501439332962036,678,28526297,0.10191178321838379
0.9437199831008911,679,28568408,0.09609222412109375
0.911853015422821,680,28610540,0.09052419662475586
0.9704645872116089,681,28652551,0.09658074378967285
0.9938192963600159,682,28694982,0.10081815719604492
0.9710655212402344,683,28737083,0.10437822341918945
0.9310330152511597,684,28779501,0.09975194931030273
0.9428374767303467,685,28821552,0.09942865371704102
0.9857359528541565,686,28863392,0.0986933708190918
0.9333104491233826,687,28905514,0.10573363304138184
0.9370220899581909,688,28947537,0.10106539726257324
0.9606331586837769,689,28989821,0.10805726051330566
0.9645609855651855,690,29031987,0.10751986503601074
0.9372405409812927,691,29074254,0.10168957710266113
0.9656931757926941,692,29116532,0.09983468055725098
0.9640354514122009,693,29158746,0.0997934341430664
0.9809741377830505,694,29201123,0.0921168327331543
0.9373549818992615,695,29243407,0.09381341934204102
0.9464561343193054,696,29285640,0.10573053359985352
0.9874041676521301,697,29327756,0.10156416893005371
0.9198001623153687,698,29369959,0.10010600090026855
0.9889793395996094,699,29411759,0.09921431541442871
0.9610986709594727,700,29454152,0.09605169296264648
0.9556825757026672,701,29496443,0.09481287002563477
0.9832746982574463,702,29538548,0.10572290420532227
1.002394437789917,703,29580462,0.10485172271728516
0.9545326232910156,704,29622794,0.10044717788696289
0.9291744232177734,705,29665010,0.10670304298400879
0.9720784425735474,706,29707068,0.10261702537536621
0.9830570816993713,707,29748791,0.09668254852294922
0.9593991637229919,708,29790856,0.09741330146789551
0.9468722939491272,709,29833065,0.1071012020111084
0.9574110507965088,710,29875238,0.10188555717468262
0.9672622680664062,711,29917186,0.10074067115783691
0.9693348407745361,712,29959342,0.09281635284423828
0.9736872911453247,713,30001811,0.09067273139953613
0.9668898582458496,714,30043914,0.10033559799194336
0.968776524066925,715,30086066,0.10038280487060547
0.9453993439674377,716,30128318,0.1002204418182373
0.9648084044456482,717,30170373,0.10064005851745605
0.9705246686935425,718,30212506,0.10082292556762695
0.9362425208091736,719,30254464,0.10166120529174805
0.9663981795310974,720,30296593,0.1004645824432373
0.9185701012611389,721,30338804,0.09732460975646973
0.9324433207511902,722,30380912,0.09464454650878906
0.947256326675415,723,30423125,0.10836648941040039
0.9386083483695984,724,30465154,0.10805892944335938
0.9558176398277283,725,30507364,0.10255742073059082
0.9415179491043091,726,30549356,0.09442949295043945
0.9130575656890869,727,30591677,0.08246660232543945
1.009296178817749,728,30633850,0.09697508811950684
0.9126265048980713,729,30675981,0.10771942138671875
0.9353955984115601,730,30718086,0.10021662712097168
0.9672793745994568,731,30759918,0.1008760929107666
0.9213774800300598,732,30801878,0.10199189186096191
0.9732657074928284,733,30844099,0.10055923461914062
0.994036853313446,734,30886140,0.09587860107421875
0.9742662906646729,735,30928437,0.09515595436096191
0.9389995336532593,736,30970692,0.09595537185668945
0.9534850716590881,737,31012849,0.09391617774963379
0.9117616415023804,738,31054908,0.09320926666259766
0.909221351146698,739,31097078,0.09784936904907227
0.9628646373748779,740,31139300,0.09258294105529785
0.9333615899085999,741,31181406,0.09405255317687988
0.9834384322166443,742,31223504,0.08689618110656738
0.9415590167045593,743,31265665,0.08347749710083008
0.9294077754020691,744,31307917,0.1049034595489502
0.9542189240455627,745,31350085,0.10389375686645508
0.9300081133842468,746,31392528,0.09868550300598145
0.9354916214942932,747,31434793,0.09385395050048828
0.9454538822174072,748,31477013,0.09725451469421387
0.9602647423744202,749,31518586,0.10825300216674805
0.9543892741203308,750,31560561,0.10774874687194824
0.9664174914360046,751,31602843,0.09829211235046387
0.9765915274620056,752,31645018,0.10158443450927734
0.9540137052536011,753,31686819,0.1024773120880127
0.9449028372764587,754,31729100,0.09360527992248535
0.9374407529830933,755,31771265,0.09715485572814941
0.9621607661247253,756,31813530,0.10104918479919434
0.9108062982559204,757,31855845,0.07764840126037598
0.9452845454216003,758,31898103,0.09530878067016602
0.934424877166748,759,31939867,0.10808181762695312
1.0264803171157837,760,31982044,0.10822296142578125
0.9941332936286926,761,32024121,0.10053539276123047
0.968804657459259,762,32066497,0.09528875350952148
0.9356452226638794,763,32108496,0.09745383262634277
0.9462637901306152,764,32150698,0.10785603523254395
0.9796722531318665,765,32192745,0.09973359107971191
0.9306961894035339,766,32234960,0.09804415702819824
0.943436324596405,767,32277014,0.09915828704833984
0.9478965997695923,768,32319342,0.09672141075134277
0.9459726810455322,769,32361559,0.10816478729248047
0.9264633059501648,770,32403550,0.10783267021179199
0.9764215350151062,771,32445382,0.08406972885131836
0.9386362433433533,772,32487351,0.10743880271911621
0.9378585815429688,773,32529473,0.09602212905883789
0.9298486113548279,774,32571685,0.10043907165527344
0.9231296181678772,775,32613945,0.10341715812683105
0.9938604235649109,776,32655849,0.09837102890014648
0.9285303354263306,777,32697741,0.09826850891113281
0.9507073760032654,778,32739919,0.09398674964904785
0.8946312665939331,779,32782004,0.0942544937133789
0.9571219086647034,780,32824116,0.09364509582519531
0.9315751791000366,781,32866218,0.09594011306762695
0.9515806436538696,782,32908363,0.09771966934204102
0.9475472569465637,783,32950400,0.09333992004394531
0.915185272693634,784,32992471,0.0952298641204834
0.892573356628418,785,33034813,0.0993201732635498
0.9761569499969482,786,33077208,0.08675527572631836
0.9306989908218384,787,33119467,0.10163450241088867
0.9467951655387878,788,33161279,0.10268592834472656
0.9246535301208496,789,33203255,0.10809493064880371
0.9240885972976685,790,33245400,0.10175251960754395
0.9414310455322266,791,33287619,0.10762238502502441
0.9754706025123596,792,33329825,0.0995795726776123
0.9239766001701355,793,33371969,0.1000204086303711
0.9488682150840759,794,33413719,0.1031031608581543
0.9443129301071167,795,33455756,0.09794878959655762
0.9854987859725952,796,33497744,0.09782576560974121
0.9420761466026306,797,33539322,0.09781956672668457
0.9459412693977356,798,33581540,0.0933842658996582
0.9789754748344421,799,33623436,0.0937643051147461
0.9442545175552368,800,33665965,0.08406257629394531
0.9594789147377014,801,33707920,0.08445096015930176
0.939691960811615,802,33750231,0.10947680473327637
0.9388538002967834,803,33792460,0.10260844230651855
0.9377219676971436,804,33834949,0.10383343696594238
0.939957857131958,805,33877051,0.08433747291564941
0.8962880373001099,806,33919302,0.10883259773254395
0.9458538889884949,807,33961411,0.10352754592895508
0.9158860445022583,808,34003518,0.11033487319946289
0.9353750944137573,809,34045811,0.10697460174560547
0.9656372666358948,810,34088187,0.10578608512878418
0.9450098276138306,811,34130453,0.10612678527832031
0.8944126963615417,812,34172626,0.09976744651794434
0.9473648071289062,813,34214481,0.10055327415466309
0.9425637722015381,814,34256584,0.09119248390197754
0.949725329875946,815,34298514,0.092926025390625
0.9107183814048767,816,34340786,0.09591341018676758
0.9508310556411743,817,34383217,0.09396958351135254
0.9397382736206055,818,34425534,0.09144234657287598
0.946310818195343,819,34467330,0.07327437400817871
0.97356116771698,820,34509418,0.09954261779785156
0.9153643250465393,821,34551625,0.10754919052124023
0.9250985980033875,822,34593964,0.10594391822814941
0.8908244967460632,823,34635892,0.09945917129516602
0.9019008278846741,824,34677833,0.09782075881958008
0.9560723900794983,825,34719962,0.09906744956970215
0.9151511788368225,826,34762070,0.09935855865478516
0.9443231225013733,827,34804447,0.09523367881774902
0.9684624075889587,828,34846680,0.0949704647064209
0.9225612878799438,829,34888800,0.0957345962524414
0.9033266305923462,830,34931057,0.09665656089782715
0.9320622682571411,831,34973383,0.09916043281555176
1.0005136728286743,832,35015429,0.09591794013977051
0.9269660115242004,833,35057247,0.09909725189208984
0.9273313283920288,834,35099310,0.08562374114990234
0.9391820430755615,835,35141378,0.08498454093933105
0.9135364890098572,836,35183641,0.10231828689575195
0.9239568114280701,837,35225710,0.09635376930236816
0.9433447122573853,838,35267966,0.10647439956665039
0.9187334179878235,839,35309954,0.09947919845581055
0.9448384642601013,840,35351737,0.0991523265838623
0.9469082355499268,841,35393842,0.09820294380187988
0.9159263372421265,842,35435952,0.09533119201660156
0.9354214668273926,843,35477927,0.09850692749023438
0.9054149389266968,844,35519877,0.10030722618103027
0.914322555065155,845,35562098,0.0983285903930664
0.9308351278305054,846,35604460,0.09346413612365723
0.9514033198356628,847,35646957,0.09301352500915527
0.9260411262512207,848,35689017,0.09453964233398438
0.9360241889953613,849,35731127,0.0927283763885498
0.8979935646057129,850,35773290,0.07179093360900879
0.9157894849777222,851,35815288,0.09841680526733398
0.9358121156692505,852,35857369,0.10801148414611816
0.8987234830856323,853,35899536,0.10573673248291016
0.9491822719573975,854,35941691,0.10286641120910645
0.9750736355781555,855,35983736,0.09825587272644043
0.9650764465332031,856,36025941,0.09754323959350586
0.92057204246521,857,36068080,0.09372162818908691
0.9300090074539185,858,36110300,0.09357690811157227
0.8817045092582703,859,36152785,0.09488654136657715
0.972383975982666,860,36195178,0.09176516532897949
0.9591798782348633,861,36237072,0.09398078918457031
0.925940990447998,862,36279335,0.09269571304321289
0.8954822421073914,863,36321717,0.08240222930908203
0.9526960849761963,864,36363870,0.10799646377563477
0.9393373727798462,865,36406083,0.09920954704284668
0.875831663608551,866,36448394,0.09746837615966797
0.9207913279533386,867,36490725,0.10191679000854492
0.9129930138587952,868,36532981,0.10336184501647949
0.8879963159561157,869,36575012,0.10257649421691895
0.887370765209198,870,36617263,0.1027977466583252
0.9482234120368958,871,36659530,0.10021638870239258
0.9104142785072327,872,36701691,0.09869742393493652
0.9173571467399597,873,36743726,0.09414505958557129
0.8834376335144043,874,36785846,0.09702467918395996
0.8970707058906555,875,36828108,0.10811448097229004
0.8984370231628418,876,36870000,0.10752725601196289
0.954992949962616,877,36912043,0.10349869728088379
0.9310965538024902,878,36954312,0.10354137420654297
0.9541590809822083,879,36996423,0.08184385299682617
0.9770738482475281,880,37038328,0.10510921478271484
0.9640083909034729,881,37080443,0.10362553596496582
0.9343366026878357,882,37122812,0.10105609893798828
0.9300780296325684,883,37164967,0.10148835182189941
0.9148382544517517,884,37207188,0.10656857490539551
0.8791095018386841,885,37249362,0.10220217704772949
0.910290002822876,886,37291559,0.09386205673217773
0.9487833380699158,887,37333707,0.09379792213439941
0.9242751598358154,888,37375920,0.09349870681762695
0.8931069374084473,889,37418037,0.09737801551818848
0.9455188512802124,890,37460316,0.1092829704284668
0.9055385589599609,891,37502460,0.1082918643951416
0.8955099582672119,892,37544444,0.09865856170654297
0.9338362216949463,893,37586642,0.10001635551452637
0.9232718348503113,894,37629021,0.08324289321899414
0.9366452097892761,895,37671401,0.10200071334838867
0.9160826206207275,896,37713444,0.10381317138671875
0.9187391400337219,897,37755487,0.1019892692565918
0.9096754193305969,898,37797754,0.09767007827758789
0.9042438268661499,899,37839699,0.10187578201293945
0.887370228767395,900,37881842,0.10825347900390625
0.9159245491027832,901,37924385,0.10733461380004883
0.9369553327560425,902,37966440,0.10546278953552246
0.9174806475639343,903,38008482,0.10434103012084961
0.920008659362793,904,38050682,0.0995335578918457
0.9357937574386597,905,38092824,0.09470510482788086
0.9471896886825562,906,38135043,0.09356522560119629
0.8907636404037476,907,38176990,0.09598040580749512
0.9439955353736877,908,38219367,0.09631896018981934
0.9252046942710876,909,38261306,0.09658694267272949
0.8878092169761658,910,38303354,0.10703086853027344
0.899779200553894,911,38345319,0.10048413276672363
0.9064977765083313,912,38387588,0.0994572639465332
0.9353702068328857,913,38429878,0.0998375415802002
0.9385241270065308,914,38472034,0.0993812084197998
0.9217244982719421,915,38514341,0.09599494934082031
0.9154565334320068,916,38556558,0.07438325881958008
0.8933652639389038,917,38598605,0.10197639465332031
0.9224789142608643,918,38641039,0.10226869583129883
0.8893201351165771,919,38683301,0.10103797912597656
0.9422702789306641,920,38725481,0.10828590393066406
0.9290682673454285,921,38767660,0.10847830772399902
0.9119448065757751,922,38809758,0.10602140426635742
0.8813112378120422,923,38851876,0.1087489128112793
0.8927919864654541,924,38893927,0.1112065315246582
0.9154810905456543,925,38935911,0.10438704490661621
0.9313982129096985,926,38978246,0.10503458976745605
0.9195812344551086,927,39020327,0.10105466842651367
0.8958914279937744,928,39062659,0.10379934310913086
0.9375154972076416,929,39104868,0.10179615020751953
0.88993901014328,930,39146975,0.10257554054260254
0.9500765204429626,931,39188908,0.09467220306396484
0.9134796857833862,932,39230817,0.10445117950439453
0.9328175187110901,933,39272849,0.1062004566192627
0.9042751789093018,934,39315162,0.1047813892364502
0.9130382537841797,935,39357475,0.10650181770324707
0.9623292088508606,936,39399392,0.09403872489929199
0.9230949282646179,937,39441437,0.10645890235900879
0.8870581984519958,938,39483544,0.09504270553588867
0.9182265996932983,939,39525551,0.10732245445251465
0.8941826224327087,940,39567678,0.11590933799743652
0.9048701524734497,941,39609773,0.11208629608154297
0.9301944375038147,942,39651728,0.1095285415649414
0.8747398853302002,943,39693934,0.1020209789276123
0.8916620016098022,944,39736242,0.10199522972106934
0.9782176613807678,945,39778245,0.0934140682220459
0.8749098181724548,946,39820229,0.11316823959350586
0.9259597659111023,947,39862250,0.10107016563415527
0.9290415644645691,948,39904511,0.10352849960327148
0.9383852481842041,949,39946340,0.1103522777557373
0.8797008395195007,950,39988616,0.10631608963012695
0.9224002361297607,951,40030533,0.10166788101196289
0.9232814311981201,952,40072694,0.10459399223327637
0.9428403973579407,953,40114764,0.10164570808410645
0.9317061305046082,954,40156973,0.1055154800415039
0.9074200987815857,955,40199137,0.11123132705688477
0.937967836856842,956,40241197,0.10770034790039062
0.9098013639450073,957,40283575,0.10215973854064941
0.9255465269088745,958,40325688,0.10381722450256348
0.9659218788146973,959,40367965,0.10182905197143555
0.9629833102226257,960,40409626,0.09575629234313965
0.9069435000419617,961,40451853,0.10095763206481934
0.9037936925888062,962,40494045,0.10533976554870605
0.8655446767807007,963,40536264,0.10816526412963867
0.8861484527587891,964,40578745,0.10609173774719238
0.8702428340911865,965,40620950,0.10509204864501953
0.8796346783638,966,40663158,0.1050117015838623
0.8965410590171814,967,40705148,0.10886788368225098
0.9740546345710754,968,40747315,0.10971689224243164
0.9346174597740173,969,40789317,0.1126708984375
0.8744306564331055,970,40831410,0.10725545883178711
0.9263003468513489,971,40873532,0.10579347610473633
0.9032717943191528,972,40915659,0.10678625106811523
0.9151638150215149,973,40957539,0.105010986328125
0.9454147219657898,974,40999579,0.08844637870788574
0.8945789337158203,975,41041883,0.10712099075317383
0.9083541035652161,976,41084157,0.1077878475189209
0.9571813344955444,977,41126588,0.10923051834106445
0.9194116592407227,978,41168816,0.1093442440032959
0.9053541421890259,979,41211152,0.10699272155761719
0.9404845833778381,980,41253250,0.10104632377624512
0.9320330619812012,981,41295474,0.1031804084777832
0.935363233089447,982,41337566,0.10308980941772461
0.9520441293716431,983,41379893,0.10323047637939453
0.8988214135169983,984,41422093,0.1070704460144043
0.8974467515945435,985,41464144,0.1072537899017334
0.9314109683036804,986,41506521,0.09981942176818848
0.914411187171936,987,41548528,0.10185074806213379
0.8964967131614685,988,41590306,0.11488604545593262
0.9170104265213013,989,41632566,0.10885477066040039
0.8508009910583496,990,41674605,0.09819388389587402
0.9531809091567993,991,41716560,0.105316162109375
0.8785660266876221,992,41758799,0.10720705986022949
0.9078608751296997,993,41801130,0.10025143623352051
0.9471907019615173,994,41843011,0.10750174522399902
0.9169650673866272,995,41885211,0.10308146476745605
0.9282983541488647,996,41927260,0.10274291038513184
0.9001412987709045,997,41969035,0.1032724380493164
0.865990400314331,998,42011242,0.10134124755859375
0.9010736346244812,999,42053163,0.10322213172912598
0.8913871645927429,1000,42095066,0.1095881462097168
0.8986902832984924,1001,42137014,0.10363507270812988
0.918903112411499,1002,42179111,0.11263322830200195
0.9513275623321533,1003,42221023,0.10779500007629395
0.9213218092918396,1004,42263047,0.11302661895751953
0.9287240505218506,1005,42305218,0.09497308731079102
0.9069169759750366,1006,42347486,0.10476016998291016
0.9428684115409851,1007,42389676,0.10000181198120117
0.8770774602890015,1008,42431928,0.09784936904907227
0.8633841872215271,1009,42474293,0.09700417518615723
0.8520899415016174,1010,42516598,0.10796117782592773
0.9043504595756531,1011,42558764,0.11333799362182617
0.9172196984291077,1012,42600753,0.0945425033569336
0.932573139667511,1013,42642808,0.1036384105682373
0.9166507124900818,1014,42685234,0.09492683410644531
0.8757007718086243,1015,42726967,0.10221028327941895
0.8978675603866577,1016,42769345,0.09672689437866211
0.9227177500724792,1017,42811453,0.10892152786254883
0.9168674945831299,1018,42853390,0.10720682144165039
0.9180412888526917,1019,42895833,0.10570621490478516
0.9250019788742065,1020,42937808,0.10535216331481934
0.8794827461242676,1021,42980299,0.10134077072143555
0.9056767225265503,1022,43022448,0.10925698280334473
0.8825936913490295,1023,43064613,0.11249399185180664
0.9157084822654724,1024,43106450,0.10770010948181152
0.9596098065376282,1025,43148771,0.10913896560668945
0.9191845059394836,1026,43190693,0.10239863395690918
0.8855259418487549,1027,43232810,0.10466957092285156
0.9322341680526733,1028,43275115,0.10299372673034668
0.8966873288154602,1029,43317538,0.09780478477478027
0.9043657779693604,1030,43359537,0.10994243621826172
0.8626205921173096,1031,43401706,0.10715484619140625
0.8982306122779846,1032,43443914,0.10724878311157227
0.8949757814407349,1033,43485939,0.1121056079864502
0.9294244050979614,1034,43528195,0.10405588150024414
0.8996982574462891,1035,43570087,0.11112546920776367
0.9716053009033203,1036,43612043,0.10601973533630371
0.8754872679710388,1037,43653899,0.09702444076538086
0.8933558464050293,1038,43696241,0.09576296806335449
0.9066184163093567,1039,43738138,0.1047520637512207
0.8842568397521973,1040,43780471,0.1145632266998291
0.8954029679298401,1041,43822443,0.10181856155395508
0.8940063118934631,1042,43864661,0.09579634666442871
0.8827807307243347,1043,43906994,0.10375761985778809
0.9150570034980774,1044,43948975,0.10190844535827637
0.919049859046936,1045,43991066,0.09584355354309082
0.9197100400924683,1046,44033338,0.10526919364929199
0.876069962978363,1047,44075673,0.1114349365234375
0.8895499110221863,1048,44117950,0.09818720817565918
0.8812553286552429,1049,44159730,0.10863256454467773
0.916507363319397,1050,44201906,0.10711288452148438
0.9296631813049316,1051,44244087,0.09832525253295898
0.9103824496269226,1052,44286212,0.10561919212341309
0.9231464266777039,1053,44328303,0.09532356262207031
0.9164104461669922,1054,44370526,0.10065293312072754
0.889845609664917,1055,44412534,0.10396265983581543
0.8895800113677979,1056,44454905,0.09748363494873047
0.8675733804702759,1057,44497274,0.10698986053466797
0.9100612998008728,1058,44539225,0.10823464393615723
0.9345669150352478,1059,44581359,0.10631465911865234
0.8929897546768188,1060,44623627,0.1082000732421875
0.9021302461624146,1061,44665726,0.11137866973876953
0.9116812944412231,1062,44707989,0.09650230407714844
0.8814007639884949,1063,44749850,0.1117715835571289
0.920029878616333,1064,44791937,0.10797810554504395
0.9260787963867188,1065,44834166,0.09590864181518555
0.937038004398346,1066,44876205,0.10527396202087402
0.9483314752578735,1067,44918204,0.10745477676391602
0.9216936230659485,1068,44960319,0.08569860458374023
0.8652536869049072,1069,45002193,0.10977339744567871
0.9049896001815796,1070,45044351,0.1092066764831543
0.907409131526947,1071,45086462,0.09196734428405762
0.8785838484764099,1072,45128710,0.10349488258361816
0.8885680437088013,1073,45170704,0.11330604553222656
0.9099957942962646,1074,45212967,0.10578632354736328
0.8853894472122192,1075,45255178,0.1103982925415039
0.8894118070602417,1076,45297257,0.10718512535095215
0.8602273464202881,1077,45339301,0.11774897575378418
0.8534639477729797,1078,45381609,0.10742974281311035
0.9124157428741455,1079,45423547,0.10057830810546875
0.9228801727294922,1080,45465812,0.10736966133117676
0.8918072581291199,1081,45507917,0.11147952079772949
0.8474917411804199,1082,45549784,0.10734796524047852
0.9453704357147217,1083,45591679,0.10469412803649902
0.8968697190284729,1084,45633920,0.10468935966491699
0.9037386775016785,1085,45675940,0.11072707176208496
0.8838914036750793,1086,45718151,0.11235165596008301
0.9172027111053467,1087,45760521,0.10785222053527832
0.8772685527801514,1088,45802666,0.10768914222717285
0.8848580718040466,1089,45844923,0.11408686637878418
0.9104394912719727,1090,45887147,0.10979175567626953
0.9092811346054077,1091,45929314,0.10905957221984863
0.9187934398651123,1092,45971474,0.10974717140197754
0.9058162569999695,1093,46013574,0.11475992202758789
0.8874332904815674,1094,46055747,0.10483074188232422
0.8827292323112488,1095,46097776,0.11092519760131836
0.8796501755714417,1096,46139986,0.10529828071594238
0.8955022096633911,1097,46182132,0.10736894607543945
0.897523820400238,1098,46224565,0.1081840991973877
0.8681187033653259,1099,46266836,0.10622620582580566
0.8774878978729248,1100,46308876,0.09477543830871582
0.8982961773872375,1101,46351033,0.10877704620361328
0.9186633229255676,1102,46392990,0.11481022834777832
0.9162130951881409,1103,46435268,0.10840487480163574
0.874053955078125,1104,46477413,0.10196900367736816
0.8972792625427246,1105,46519583,0.10750818252563477
0.8816146850585938,1106,46561647,0.10674881935119629
0.934090793132782,1107,46603813,0.11045575141906738
0.9061663746833801,1108,46645920,0.11196398735046387
0.8727312088012695,1109,46687909,0.10024666786193848
0.9187533259391785,1110,46729794,0.09997034072875977
0.8903574347496033,1111,46772159,0.10776734352111816
0.93804931640625,1112,46814419,0.10503029823303223
0.8784792423248291,1113,46856644,0.10498285293579102
0.8661527633666992,1114,46898857,0.10068988800048828
0.9089027643203735,1115,46940856,0.10822153091430664
0.9083291292190552,1116,46983183,0.1007530689239502
0.8646611571311951,1117,47025460,0.10070538520812988
0.9077610969543457,1118,47067350,0.09658265113830566
0.9016621708869934,1119,47109381,0.11133098602294922
0.8802282214164734,1120,47151477,0.10477447509765625
0.8952454328536987,1121,47193550,0.10350847244262695
0.8654004335403442,1122,47235647,0.10477709770202637
0.8755993247032166,1123,47277712,0.10423970222473145
0.8989400267601013,1124,47319660,0.10573220252990723
0.885685920715332,1125,47361930,0.10216307640075684
0.8982473611831665,1126,47404187,0.11661958694458008
0.8795257210731506,1127,47446547,0.10173439979553223
0.868007481098175,1128,47488695,0.10911870002746582
0.8819820880889893,1129,47531174,0.10752058029174805
0.8742066025733948,1130,47573042,0.11029887199401855
0.8939178586006165,1131,47615317,0.08073139190673828
0.907265841960907,1132,47657470,0.07681560516357422
0.8957138061523438,1133,47699556,0.09623384475708008
0.8824763894081116,1134,47741428,0.09979414939880371
0.9012033939361572,1135,47783695,0.10371732711791992
0.857183039188385,1136,47825801,0.10485267639160156
0.877856433391571,1137,47867849,0.11346602439880371
0.8950584530830383,1138,47910172,0.10114598274230957
0.8724644780158997,1139,47952475,0.10379552841186523
0.8878421783447266,1140,47994520,0.09341001510620117
0.8657457232475281,1141,48036739,0.10876345634460449
0.8926700353622437,1142,48078917,0.10811376571655273
0.8741679191589355,1143,48121088,0.09724760055541992
0.9124062061309814,1144,48163137,0.10113668441772461
0.9008601307868958,1145,48205462,0.10669755935668945
0.9325704574584961,1146,48247596,0.10912752151489258
0.9194268584251404,1147,48289895,0.10251617431640625
0.865763247013092,1148,48331888,0.1035456657409668
0.894597589969635,1149,48373651,0.0992581844329834
0.8956331610679626,1150,48415882,0.10372209548950195
0.9026876091957092,1151,48458059,0.10050272941589355
0.8729393482208252,1152,48500378,0.10334420204162598
0.9106941223144531,1153,48542523,0.10247421264648438
0.9033071994781494,1154,48584480,0.10192036628723145
0.8992891907691956,1155,48626801,0.09842896461486816
0.9061676859855652,1156,48669064,0.11068081855773926
0.9036961793899536,1157,48710958,0.10528421401977539
0.8786749839782715,1158,48753341,0.11666536331176758
0.8679561018943787,1159,48795482,0.11119437217712402
0.9060474038124084,1160,48837631,0.1000986099243164
0.8849563598632812,1161,48879757,0.1104283332824707
0.8907404541969299,1162,48921550,0.09545516967773438
0.9181931614875793,1163,48963431,0.10269641876220703
0.8661823868751526,1164,49005577,0.1092081069946289
0.8811389803886414,1165,49047630,0.1050577163696289
0.888744056224823,1166,49089690,0.10033869743347168
0.9242920279502869,1167,49131708,0.10413098335266113
0.8532924056053162,1168,49173853,0.10210347175598145
0.9115031361579895,1169,49215899,0.10395622253417969
0.8969547748565674,1170,49257985,0.1014254093170166
0.9265273213386536,1171,49300000,0.09641361236572266
0.9013522267341614,1172,49341775,0.10411763191223145
0.8685187101364136,1173,49383974,0.10030698776245117
0.8867340087890625,1174,49426313,0.10208606719970703
0.9128042459487915,1175,49468444,0.1118154525756836
0.9196458458900452,1176,49510560,0.1140587329864502
0.8908719420433044,1177,49552989,0.10786724090576172
0.9061423540115356,1178,49595105,0.11668038368225098
0.8931196331977844,1179,49637394,0.10677838325500488
0.8714273571968079,1180,49679737,0.10474252700805664
0.858583390712738,1181,49721844,0.09956932067871094
0.8987932801246643,1182,49764219,0.10182929039001465
0.8867819309234619,1183,49806434,0.10030436515808105
0.8891938924789429,1184,49848814,0.10125327110290527
0.893126368522644,1185,49891313,0.10751843452453613
0.8741888403892517,1186,49933537,0.11157870292663574
0.9061334729194641,1187,49975722,0.1116790771484375
0.8815629482269287,1188,50017621,0.10314226150512695
0.898261547088623,1189,50059878,0.0995934009552002
0.9213058948516846,1190,50102293,0.10929036140441895
0.8974995613098145,1191,50144502,0.10334920883178711
0.870969295501709,1192,50186657,0.10243535041809082
0.8820682764053345,1193,50228591,0.10424065589904785
0.9093400239944458,1194,50271066,0.10874056816101074
0.8583117723464966,1195,50313010,0.10564064979553223
0.8591305017471313,1196,50355497,0.11031746864318848
0.8401021957397461,1197,50397657,0.1064603328704834
0.8598943948745728,1198,50439654,0.10298705101013184
0.9036416411399841,1199,50481905,0.09540057182312012
0.8604313731193542,1200,50524327,0.10253047943115234
0.9279689192771912,1201,50566513,0.10236406326293945
0.9046611785888672,1202,50608620,0.10693597793579102
0.9093464016914368,1203,50651045,0.10730481147766113
0.8706795573234558,1204,50693315,0.10387539863586426
0.849320650100708,1205,50735522,0.09640765190124512
0.9101080298423767,1206,50777307,0.09664607048034668
0.9076007008552551,1207,50819252,0.10414648056030273
0.8971795439720154,1208,50861519,0.08184194564819336
0.8440554141998291,1209,50903460,0.10746574401855469
0.9121578931808472,1210,50945610,0.10936427116394043
0.8610824346542358,1211,50987699,0.10182642936706543
0.906105637550354,1212,51030030,0.09218120574951172
0.8877225518226624,1213,51072505,0.0993947982788086
0.8939375281333923,1214,51114711,0.0999603271484375
0.9234746098518372,1215,51157098,0.0961771011352539
0.9028725624084473,1216,51199166,0.10257244110107422
0.9051406979560852,1217,51241100,0.10460519790649414
0.9237256646156311,1218,51283100,0.10776495933532715
0.9182037711143494,1219,51325641,0.10284018516540527
0.8895571827888489,1220,51367914,0.10703039169311523
0.8948904871940613,1221,51410245,0.10434198379516602
0.8964795470237732,1222,51452568,0.09799814224243164
0.8890909552574158,1223,51494778,0.09272217750549316
0.8833547830581665,1224,51536979,0.10538411140441895
0.8808952569961548,1225,51579021,0.10404276847839355
0.8963780403137207,1226,51621222,0.10349893569946289
0.915384829044342,1227,51663665,0.10716795921325684
0.8751577138900757,1228,51705602,0.10122418403625488
0.8537232875823975,1229,51748111,0.10408663749694824
0.8443772196769714,1230,51790410,0.1006002426147461
0.8613983392715454,1231,51832692,0.10751867294311523
0.8786198496818542,1232,51874900,0.10702085494995117
0.8806408643722534,1233,51916810,0.10734176635742188
0.853854238986969,1234,51959233,0.10202670097351074
0.8529894948005676,1235,52001234,0.10686326026916504
0.8575637936592102,1236,52043557,0.09512662887573242
0.8582689166069031,1237,52085775,0.10710000991821289
0.8734045624732971,1238,52127871,0.09457731246948242
0.9119917750358582,1239,52169846,0.09050869941711426
0.8804119229316711,1240,52212175,0.10334348678588867
0.8952521085739136,1241,52254174,0.09868025779724121
0.8731492757797241,1242,52296137,0.10748958587646484
0.8747696876525879,1243,52338530,0.10240030288696289
0.9054484963417053,1244,52380628,0.107757568359375
0.8749571442604065,1245,52422539,0.10698080062866211
0.8756849765777588,1246,52464742,0.1051938533782959
0.8597398400306702,1247,52506997,0.09891128540039062
0.8562638163566589,1248,52549003,0.10681462287902832
0.9304008483886719,1249,52590960,0.10133552551269531
0.9095413684844971,1250,52632626,0.0927433967590332
0.8725689053535461,1251,52674852,0.10233020782470703
0.8569472432136536,1252,52716841,0.09857559204101562
0.8707018494606018,1253,52759168,0.10617423057556152
0.8925301432609558,1254,52801383,0.10339617729187012
0.8996355533599854,1255,52843263,0.10691452026367188
0.8950186967849731,1256,52885198,0.10669922828674316
0.8796795010566711,1257,52927241,0.09753561019897461
0.8754503130912781,1258,52969265,0.09940862655639648
0.8451228141784668,1259,53011114,0.10015249252319336
0.8815675973892212,1260,53053223,0.09421634674072266
0.8708216547966003,1261,53095440,0.10672855377197266
0.89665687084198,1262,53137531,0.10770583152770996
0.859851598739624,1263,53179809,0.10208868980407715
0.8674407005310059,1264,53222074,0.09151673316955566
0.8880792260169983,1265,53264067,0.1001424789428711
0.8824748396873474,1266,53306454,0.1002655029296875
0.8980926871299744,1267,53348403,0.0949561595916748
0.8939898014068604,1268,53390670,0.10251379013061523
0.8804461359977722,1269,53432830,0.09954571723937988
0.8685185313224792,1270,53475312,0.10666012763977051
0.8567686676979065,1271,53517336,0.09986162185668945
0.8847973942756653,1272,53559549,0.10815930366516113
0.9144922494888306,1273,53601816,0.10644078254699707
0.8378576040267944,1274,53644024,0.10567855834960938
0.8540483117103577,1275,53685951,0.104034423828125
0.8491199016571045,1276,53728189,0.10094046592712402
0.8697382211685181,1277,53770454,0.10700106620788574
0.8385649919509888,1278,53812327,0.08485651016235352
0.8635529279708862,1279,53854632,0.1002964973449707
0.8973633646965027,1280,53896808,0.10049319267272949
0.9145368337631226,1281,53939139,0.10067033767700195
0.9065911769866943,1282,53981282,0.10034823417663574
0.8701156973838806,1283,54023435,0.10744190216064453
0.8794515132904053,1284,54065399,0.10553383827209473
0.8829832673072815,1285,54107242,0.10360598564147949
0.8458998799324036,1286,54149623,0.09995651245117188
0.8985145688056946,1287,54191790,0.09865260124206543
0.87087082862854,1288,54233692,0.10700392723083496
0.8731673359870911,1289,54275696,0.09925651550292969
0.8836473822593689,1290,54317623,0.1067819595336914
0.8941765427589417,1291,54359536,0.1057579517364502
0.8881530165672302,1292,54401742,0.09815526008605957
0.9213075041770935,1293,54444116,0.10048103332519531
0.8340969681739807,1294,54486325,0.09557366371154785
0.8739727139472961,1295,54528460,0.09416627883911133
0.8841707110404968,1296,54570606,0.1053626537322998
0.8774816989898682,1297,54612753,0.09745025634765625
0.8870412707328796,1298,54654622,0.10707855224609375
0.9143362045288086,1299,54696875,0.10531783103942871
0.8934482932090759,1300,54738912,0.10779404640197754
0.8997148871421814,1301,54780854,0.10296845436096191
0.8413378000259399,1302,54823231,0.10858321189880371
0.9079817533493042,1303,54865344,0.10257625579833984
0.8682762384414673,1304,54907680,0.100738525390625
0.8557753562927246,1305,54949813,0.10697555541992188
0.8812615871429443,1306,54991583,0.09987950325012207
0.8933097720146179,1307,55033648,0.10529828071594238
0.8715887069702148,1308,55075807,0.0991051197052002
0.9193658232688904,1309,55117752,0.09891009330749512
0.8625039458274841,1310,55159869,0.0954434871673584
0.8829329609870911,1311,55201762,0.09057831764221191
0.8589096069335938,1312,55243945,0.09945106506347656
0.8734552264213562,1313,55285951,0.08768463134765625
0.8887231349945068,1314,55328220,0.10312056541442871
0.8421604633331299,1315,55370228,0.10264372825622559
0.8785519599914551,1316,55412129,0.10731959342956543
0.8417447209358215,1317,55454293,0.10185432434082031
0.8773793578147888,1318,55496342,0.09984087944030762
0.8979814648628235,1319,55538446,0.10126566886901855
0.9015247225761414,1320,55580553,0.09620833396911621
0.857416033744812,1321,55622656,0.10722851753234863
0.8954607844352722,1322,55664941,0.09934306144714355
0.8743137717247009,1323,55707266,0.1078798770904541
0.9000357985496521,1324,55749660,0.10058450698852539
0.8432947993278503,1325,55791557,0.09918737411499023
0.8282486200332642,1326,55833304,0.1068110466003418
0.8919690251350403,1327,55875411,0.09757757186889648
0.8806577324867249,1328,55917286,0.09257960319519043
0.8381016254425049,1329,55959495,0.10365772247314453
0.814470648765564,1330,56001710,0.10300707817077637
0.8729684352874756,1331,56043926,0.09980273246765137
0.8879163265228271,1332,56086041,0.0996851921081543
0.8970794081687927,1333,56128364,0.09985208511352539
0.8562031984329224,1334,56170449,0.09778404235839844
0.9162281155586243,1335,56212728,0.09270071983337402
0.8753088116645813,1336,56255063,0.0919957160949707
0.8873422741889954,1337,56297160,0.09592294692993164
0.8840559124946594,1338,56339478,0.09455227851867676
0.8901258111000061,1339,56381367,0.09346222877502441
0.9086775779724121,1340,56423304,0.09116744995117188
0.8673940896987915,1341,56465361,0.10009336471557617
0.9163846373558044,1342,56507366,0.0998845100402832
0.8769275546073914,1343,56549789,0.08524155616760254
0.8525627255439758,1344,56592159,0.09892892837524414
0.9019120335578918,1345,56634414,0.10023355484008789
0.8692184686660767,1346,56676519,0.1005403995513916
0.9291127920150757,1347,56718691,0.10023283958435059
0.8668163418769836,1348,56760926,0.10323524475097656
0.8415194749832153,1349,56803140,0.10209155082702637
0.887782871723175,1350,56845128,0.0948948860168457
0.8617264032363892,1351,56887026,0.09528946876525879
0.8696908354759216,1352,56929347,0.0959322452545166
0.832596480846405,1353,56971239,0.0988318920135498
0.8632526397705078,1354,57013559,0.09631180763244629
0.8580525517463684,1355,57055784,0.08550143241882324
0.8704197406768799,1356,57097969,0.1091911792755127
0.8431816697120667,1357,57140148,0.10249733924865723
0.8736849427223206,1358,57182476,0.10242128372192383
0.8622144460678101,1359,57224819,0.09816932678222656
0.8562813401222229,1360,57267093,0.09713029861450195
0.877038300037384,1361,57309644,0.09933328628540039
0.8919687271118164,1362,57351853,0.09950995445251465
0.8769504427909851,1363,57393838,0.0987858772277832
0.8749020099639893,1364,57436099,0.09766125679016113
0.834016740322113,1365,57478002,0.09862136840820312
0.8609108328819275,1366,57520347,0.0991051197052002
0.9053657054901123,1367,57562615,0.09450197219848633
0.8759920597076416,1368,57604575,0.0953218936920166
0.8947067260742188,1369,57646654,0.09939384460449219
0.870487630367279,1370,57688923,0.0945134162902832
0.8895072937011719,1371,57731034,0.09107255935668945
0.9051697254180908,1372,57773033,0.09971237182617188
0.8970160484313965,1373,57815035,0.08429217338562012
0.9163135886192322,1374,57857100,0.09996294975280762
0.904888391494751,1375,57899248,0.10509610176086426
0.8474300503730774,1376,57941467,0.09827160835266113
0.8051859140396118,1377,57983838,0.09533309936523438
0.9143432974815369,1378,58025902,0.09855246543884277
0.8478027582168579,1379,58067657,0.09997344017028809
0.8802289366722107,1380,58109830,0.10040473937988281
0.8684653043746948,1381,58151737,0.10214972496032715
0.865581750869751,1382,58193862,0.09882664680480957
0.8706085085868835,1383,58236077,0.09503364562988281
0.8770114183425903,1384,58278227,0.09552216529846191
0.835022509098053,1385,58320394,0.09876489639282227
0.8723650574684143,1386,58362231,0.0852499008178711
0.923882007598877,1387,58404304,0.10858678817749023
0.8177903890609741,1388,58446517,0.09731507301330566
0.9031530618667603,1389,58488467,0.10265588760375977
0.8386880159378052,1390,58530599,0.10409832000732422
0.8820754885673523,1391,58572965,0.10127425193786621
0.8707661032676697,1392,58614919,0.09723567962646484
0.905613899230957,1393,58657098,0.09334015846252441
0.8515855669975281,1394,58699132,0.09380936622619629
0.8462267518043518,1395,58741509,0.10916614532470703
0.9231116771697998,1396,58783337,0.10798430442810059
0.8519600629806519,1397,58825718,0.10090327262878418
0.8710562586784363,1398,58868152,0.09479761123657227
0.8971660137176514,1399,58910213,0.09547257423400879
0.9007883667945862,1400,58952429,0.09606790542602539
0.8520184755325317,1401,58994439,0.09395432472229004
0.862546980381012,1402,59036552,0.10921239852905273
0.8915259838104248,1403,59078557,0.10751533508300781
0.8800336718559265,1404,59120666,0.09858131408691406
0.8604626059532166,1405,59162910,0.10317063331604004
0.8380991816520691,1406,59205237,0.09301233291625977
0.9198097586631775,1407,59247607,0.10780715942382812
0.8962363004684448,1408,59289677,0.10203766822814941
0.8687534928321838,1409,59331913,0.10207962989807129
0.8904181122779846,1410,59374124,0.10885000228881836
0.8645243644714355,1411,59416438,0.09738588333129883
0.8799836039543152,1412,59458753,0.09819579124450684
0.865715742111206,1413,59500748,0.0943608283996582
0.8828269243240356,1414,59542828,0.09436678886413574
0.8960527181625366,1415,59585031,0.09548640251159668
0.8993192315101624,1416,59627188,0.10860943794250488
0.8821361064910889,1417,59669577,0.1044626235961914
0.8763828873634338,1418,59711467,0.09342074394226074
0.8382105231285095,1419,59753724,0.09796500205993652
0.9237613081932068,1420,59796103,0.0915231704711914
0.8919936418533325,1421,59838114,0.10340714454650879
0.8566933870315552,1422,59880327,0.10852718353271484
0.8522508144378662,1423,59922411,0.11613917350769043
0.8749661445617676,1424,59964626,0.10716962814331055
0.872081995010376,1425,60006938,0.11056804656982422
0.8647324442863464,1426,60049099,0.10559725761413574
0.9236857891082764,1427,60091311,0.11351394653320312
0.8927637934684753,1428,60133417,0.10464358329772949
0.9124546647071838,1429,60175462,0.10654211044311523
0.8528490662574768,1430,60217680,0.10967874526977539
0.8213040828704834,1431,60259991,0.10695552825927734
0.8743276000022888,1432,60301924,0.10422396659851074
0.8447855114936829,1433,60344177,0.1100616455078125
0.8772525191307068,1434,60386223,0.1098630428314209
0.8554812073707581,1435,60428386,0.10449457168579102
0.8680348992347717,1436,60470535,0.10819888114929199
0.8834381699562073,1437,60512651,0.11024880409240723
0.8764317631721497,1438,60555018,0.09410786628723145
0.8962064385414124,1439,60597337,0.10774636268615723
0.9084216356277466,1440,60639609,0.10373139381408691
0.8774091601371765,1441,60681774,0.10627245903015137
0.8716806769371033,1442,60724109,0.10240364074707031
0.8834803700447083,1443,60766372,0.11247754096984863
0.8826719522476196,1444,60808510,0.11261105537414551
0.9004056453704834,1445,60850478,0.1044008731842041
0.8807225227355957,1446,60892571,0.10785579681396484
0.884242594242096,1447,60934552,0.10190296173095703
0.9082644581794739,1448,60976698,0.10362529754638672
0.8305848240852356,1449,61018870,0.10219001770019531
0.8569599390029907,1450,61060913,0.10189318656921387
0.8440951108932495,1451,61102966,0.11116313934326172
0.8526094555854797,1452,61145238,0.1062171459197998
0.8656312823295593,1453,61187612,0.1013796329498291
0.8778351545333862,1454,61229771,0.09882092475891113
0.8850289583206177,1455,61272093,0.10376143455505371
0.8324035406112671,1456,61314467,0.1142723560333252
0.8673224449157715,1457,61357002,0.10930299758911133
0.8483495116233826,1458,61399169,0.10593056678771973
0.8345765471458435,1459,61441261,0.10134601593017578
0.8277326226234436,1460,61483486,0.09592533111572266
0.8821948170661926,1461,61525591,0.10748958587646484
0.8753364682197571,1462,61567872,0.09709405899047852
0.9100630283355713,1463,61610195,0.11735010147094727
0.8994472622871399,1464,61652682,0.1066277027130127
0.8426111340522766,1465,61694891,0.10547423362731934
0.8554607629776001,1466,61736729,0.09883403778076172
0.8835862874984741,1467,61778944,0.11482644081115723
0.840950071811676,1468,61821314,0.11036992073059082
0.8725742697715759,1469,61863621,0.10280084609985352
0.8907746076583862,1470,61905790,0.10109615325927734
0.8667125105857849,1471,61948103,0.11053180694580078
0.8948820233345032,1472,61990097,0.10019636154174805
0.8848378658294678,1473,62031920,0.11286044120788574
0.8643431067466736,1474,62074069,0.11172366142272949
0.8569917678833008,1475,62116132,0.10555434226989746
0.8711382746696472,1476,62158401,0.09587287902832031
0.8442452549934387,1477,62200826,0.11373043060302734
0.8681097030639648,1478,62243091,0.11173629760742188
0.8749274015426636,1479,62285247,0.09755182266235352
0.8675785064697266,1480,62327304,0.10930395126342773
0.8706634044647217,1481,62369211,0.11075472831726074
0.870656430721283,1482,62411316,0.10791277885437012
0.8795880675315857,1483,62453295,0.11014103889465332
0.8252468109130859,1484,62495604,0.10182857513427734
0.8455846905708313,1485,62537862,0.10165143013000488
0.8377485275268555,1486,62579705,0.11243033409118652
0.8852194547653198,1487,62621974,0.10706043243408203
0.8667976260185242,1488,62663962,0.11205768585205078
0.854648232460022,1489,62705442,0.09586548805236816
0.8716994524002075,1490,62747695,0.11159586906433105
0.8601477742195129,1491,62789687,0.10151839256286621
0.8725313544273376,1492,62831771,0.11328577995300293
0.8784224987030029,1493,62873876,0.1056814193725586
0.8196753859519958,1494,62915987,0.1109170913696289
0.8782886862754822,1495,62958096,0.11210322380065918
0.8764393925666809,1496,63000373,0.10897660255432129
0.8638743162155151,1497,63042370,0.10785770416259766
0.8950385451316833,1498,63084274,0.10146641731262207
0.8659663796424866,1499,63126422,0.10675168037414551
0.8562256097793579,1500,63168639,0.10411310195922852
0.8658677339553833,1501,63210905,0.10574531555175781
0.8608259558677673,1502,63252828,0.10842752456665039
0.8378589749336243,1503,63294826,0.10521602630615234
0.8644227385520935,1504,63336745,0.10408544540405273
0.9145347476005554,1505,63378884,0.10953617095947266
0.8521302342414856,1506,63421170,0.10446596145629883
0.9092805981636047,1507,63463337,0.09204316139221191
0.9048999547958374,1508,63505504,0.10181427001953125
0.8413288593292236,1509,63547786,0.10348653793334961
0.8947873711585999,1510,63589464,0.11196017265319824
0.9114602208137512,1511,63631363,0.10581135749816895
0.8452470302581787,1512,63673350,0.1106877326965332
0.8904708027839661,1513,63715549,0.10206127166748047
0.8816444277763367,1514,63757763,0.11260318756103516
0.8066469430923462,1515,63799818,0.11280465126037598
0.833354115486145,1516,63841978,0.09928464889526367
0.9011853933334351,1517,63884020,0.1085667610168457
0.8651759028434753,1518,63925797,0.10944962501525879
0.872589647769928,1519,63967553,0.10635828971862793
0.8330787420272827,1520,64009782,0.11142611503601074
0.9113430380821228,1521,64051797,0.10557866096496582
0.8628219962120056,1522,64093691,0.10721707344055176
0.850602924823761,1523,64136182,0.11289095878601074
0.8692148923873901,1524,64178438,0.09888982772827148
0.9559253454208374,1525,64220263,0.10586667060852051
0.8736329674720764,1526,64262426,0.10680675506591797
0.8861543536186218,1527,64304489,0.10764479637145996
0.9236237406730652,1528,64346603,0.11219096183776855
0.8944394588470459,1529,64388618,0.10444760322570801
0.858821451663971,1530,64430937,0.10493946075439453
0.8348177075386047,1531,64472935,0.10554242134094238
0.9103296995162964,1532,64514885,0.10780930519104004
0.841438353061676,1533,64557115,0.10149621963500977
0.8732442259788513,1534,64598898,0.11091327667236328
0.8814457058906555,1535,64641027,0.10615158081054688
0.8887115120887756,1536,64683238,0.11089086532592773
0.8650656342506409,1537,64725237,0.0949859619140625
0.8680792450904846,1538,64767456,0.10146355628967285
0.885282039642334,1539,64809581,0.10575151443481445
0.8280280232429504,1540,64851966,0.1113886833190918
0.869408905506134,1541,64893983,0.10858583450317383
0.8898919224739075,1542,64936328,0.10895895957946777
0.8786824345588684,1543,64978553,0.10747241973876953
0.8792177438735962,1544,65020795,0.11181831359863281
0.8609977960586548,1545,65062738,0.10698890686035156
0.8669031858444214,1546,65104887,0.1123054027557373
0.8717332482337952,1547,65146821,0.10065960884094238
0.8718429803848267,1548,65188753,0.09562110900878906
0.8872684240341187,1549,65230829,0.0914607048034668
0.8511962890625,1550,65272870,0.10661125183105469
0.8596811890602112,1551,65315365,0.10411405563354492
0.9003727436065674,1552,65357426,0.10998916625976562
0.881059467792511,1553,65399863,0.10594797134399414
0.8688923716545105,1554,65442078,0.0976250171661377
0.8535757660865784,1555,65484289,0.1118614673614502
0.8389137983322144,1556,65526494,0.10598468780517578
0.8534830212593079,1557,65568278,0.1132357120513916
0.8708600401878357,1558,65610653,0.09894990921020508
0.87071293592453,1559,65652701,0.11159038543701172
0.8732059597969055,1560,65694626,0.10878467559814453
0.8546096086502075,1561,65736730,0.11081099510192871
0.8745309114456177,1562,65778838,0.1066133975982666
0.8711724877357483,1563,65820837,0.0964365005493164
0.8373503684997559,1564,65862995,0.11162686347961426
0.862791895866394,1565,65904944,0.10774922370910645
0.8881884813308716,1566,65947385,0.10253667831420898
0.861872136592865,1567,65989594,0.10645031929016113
0.8662083745002747,1568,66031918,0.11240386962890625
0.8401978611946106,1569,66074408,0.1103048324584961
0.8394706845283508,1570,66116733,0.10300421714782715
0.8506181240081787,1571,66158744,0.10787844657897949
0.8743447065353394,1572,66200912,0.0979921817779541
0.8841642141342163,1573,66243241,0.1091301441192627
0.8475908637046814,1574,66285351,0.1062936782836914
0.8669381141662598,1575,66327541,0.10838174819946289
0.8232499361038208,1576,66369623,0.10941791534423828
0.8163555264472961,1577,66411780,0.10797715187072754
0.8802818059921265,1578,66453967,0.10362458229064941
0.8300304412841797,1579,66496142,0.09880566596984863
0.838008463382721,1580,66538527,0.11127543449401855
0.8744748830795288,1581,66580801,0.10644054412841797
0.8611235618591309,1582,66622905,0.10620760917663574
0.8763822913169861,1583,66664944,0.11191487312316895
0.8755183815956116,1584,66707099,0.10949158668518066
0.8892582058906555,1585,66748820,0.11339139938354492
0.8471577763557434,1586,66790827,0.10412836074829102
0.861985981464386,1587,66832916,0.09739518165588379
0.8787948489189148,1588,66875281,0.09942984580993652
0.8484429717063904,1589,66917536,0.09912800788879395
0.8471366763114929,1590,66960018,0.09982466697692871
0.8523605465888977,1591,67002031,0.09973001480102539
0.8672353029251099,1592,67044359,0.10387778282165527
0.8683980107307434,1593,67086291,0.1026766300201416
0.8793197274208069,1594,67128343,0.10704159736633301
0.8591940402984619,1595,67170493,0.10994672775268555
0.8603258728981018,1596,67212452,0.10591292381286621
0.8741721510887146,1597,67254589,0.11365032196044922
0.8591790199279785,1598,67296628,0.11096763610839844
0.8437491059303284,1599,67338694,0.10021257400512695
0.8432710766792297,1600,67380137,0.10937738418579102
0.9107667207717896,1601,67422218,0.09972572326660156
0.8742800951004028,1602,67464507,0.10625910758972168
0.877539336681366,1603,67506946,0.10704350471496582
0.8605753183364868,1604,67548788,0.10488438606262207
0.8718274831771851,1605,67590828,0.10072994232177734
0.8464904427528381,1606,67632845,0.10747909545898438
0.8815352916717529,1607,67675260,0.10588312149047852
0.8751561641693115,1608,67717206,0.11226010322570801
0.8666821122169495,1609,67759348,0.11503124237060547
0.8570589423179626,1610,67801719,0.09123086929321289
0.862542450428009,1611,67843912,0.10796785354614258
0.821618378162384,1612,67886393,0.10650753974914551
0.8420385122299194,1613,67928326,0.10404324531555176
0.8833960294723511,1614,67970441,0.10715103149414062
0.8597829937934875,1615,68012461,0.11351871490478516
0.8795343637466431,1616,68054835,0.10190510749816895
0.8746164441108704,1617,68096948,0.11044096946716309
0.8626314401626587,1618,68139103,0.101409912109375
0.883882462978363,1619,68181363,0.10875511169433594
0.8948104381561279,1620,68223756,0.10763025283813477
0.8749741911888123,1621,68266079,0.10976338386535645
0.866138219833374,1622,68308090,0.09936666488647461
0.8474814295768738,1623,68350141,0.1065666675567627
0.8817523121833801,1624,68391969,0.10803914070129395
0.8700069189071655,1625,68434288,0.10420441627502441
0.8744534850120544,1626,68476034,0.10733747482299805
0.8931242823600769,1627,68518200,0.10982823371887207
0.8827352523803711,1628,68560383,0.11342191696166992
0.8764559626579285,1629,68602372,0.09934854507446289
0.8790093064308167,1630,68644635,0.09870696067810059
0.8603747487068176,1631,68686689,0.09943056106567383
0.8710854053497314,1632,68728851,0.10483598709106445
0.8411030769348145,1633,68771441,0.10692453384399414
0.8622443675994873,1634,68813649,0.10736656188964844
0.8708322644233704,1635,68855935,0.0932919979095459
0.8617507219314575,1636,68897920,0.1074686050415039
0.8885947465896606,1637,68940025,0.10257816314697266
0.8841317892074585,1638,68982180,0.11035442352294922
0.8569052815437317,1639,69024366,0.1047215461730957
0.8555583357810974,1640,69066108,0.10457897186279297
0.8281528949737549,1641,69108335,0.10084939002990723
0.8227633833885193,1642,69150499,0.09298944473266602
0.8757527470588684,1643,69192834,0.10158705711364746
0.8523067235946655,1644,69234587,0.10313844680786133
0.8704874515533447,1645,69276801,0.1096956729888916
0.8873999714851379,1646,69318865,0.10938262939453125
0.8834201097488403,1647,69361174,0.10846972465515137
0.8950764536857605,1648,69403159,0.11100625991821289
0.881360650062561,1649,69445282,0.10566282272338867
0.8848015069961548,1650,69487287,0.10193824768066406
0.8619853258132935,1651,69529023,0.1050102710723877
0.8585435748100281,1652,69571196,0.11422538757324219
0.8576827049255371,1653,69613296,0.10241150856018066
0.8616042137145996,1654,69655235,0.1111135482788086
0.8517172932624817,1655,69697457,0.1128242015838623
0.835534393787384,1656,69739652,0.10530996322631836
0.8297595977783203,1657,69781744,0.1053018569946289
0.8525863289833069,1658,69823953,0.11526656150817871
0.836727499961853,1659,69866048,0.1040194034576416
0.8546311259269714,1660,69908131,0.11333250999450684
0.8412405252456665,1661,69950242,0.10823273658752441
0.8480255603790283,1662,69992529,0.10401630401611328
0.8689842820167542,1663,70034764,0.0957481861114502
0.88466876745224,1664,70077090,0.10992193222045898
0.8344259858131409,1665,70119089,0.10918140411376953
0.8300448656082153,1666,70160938,0.11008000373840332
0.8650151491165161,1667,70202940,0.10336494445800781
0.8587501049041748,1668,70245065,0.1039419174194336
0.859660804271698,1669,70287120,0.11198639869689941
0.8520765900611877,1670,70329501,0.11513042449951172
0.8431340456008911,1671,70371723,0.1083369255065918
0.8439822196960449,1672,70413952,0.09520697593688965
0.8760175108909607,1673,70456056,0.1068122386932373
0.8731739521026611,1674,70498171,0.11123347282409668
0.8572121858596802,1675,70540534,0.10445547103881836
0.8790364861488342,1676,70582932,0.09546017646789551
0.8846839070320129,1677,70625101,0.09772276878356934
0.8356702923774719,1678,70667382,0.10509681701660156
0.880713701248169,1679,70709594,0.11547160148620605
0.8787383437156677,1680,70751646,0.10536527633666992
0.851163387298584,1681,70793635,0.10198378562927246
0.892682671546936,1682,70835904,0.10366559028625488
0.8356305956840515,1683,70878334,0.10395359992980957
0.8180169463157654,1684,70920208,0.1113128662109375
0.8594108819961548,1685,70961969,0.10952377319335938
0.8746998906135559,1686,71003955,0.10871648788452148
0.893982470035553,1687,71046089,0.10439229011535645
0.8666675090789795,1688,71087991,0.0982353687286377
0.8786644339561462,1689,71130035,0.11031889915466309
0.9061911702156067,1690,71172137,0.10065126419067383
0.8047220706939697,1691,71214344,0.1032874584197998
0.8505980968475342,1692,71256679,0.08656716346740723
0.858759343624115,1693,71298614,0.10891127586364746
0.8369657397270203,1694,71340775,0.10471892356872559
0.871623694896698,1695,71382844,0.10904622077941895
0.8689425587654114,1696,71424950,0.1006317138671875
0.8656643033027649,1697,71467333,0.10730242729187012
0.8797555565834045,1698,71509314,0.11302900314331055
0.8693342208862305,1699,71551300,0.10634374618530273
0.8692236542701721,1700,71593197,0.09696292877197266
0.8822638392448425,1701,71635010,0.10469651222229004
0.8522194623947144,1702,71677221,0.1049802303314209
0.897283673286438,1703,71719542,0.09652376174926758
0.8368673324584961,1704,71761959,0.09728169441223145
0.8701080083847046,1705,71804124,0.1085515022277832
0.855884313583374,1706,71846453,0.09992289543151855
0.873993456363678,1707,71888655,0.1002037525177002
0.8661249876022339,1708,71930740,0.10122275352478027
0.8555076718330383,1709,71973000,0.09951114654541016
0.8842231631278992,1710,72015132,0.09583735466003418
0.8532667756080627,1711,72057125,0.10303401947021484
0.8457180261611938,1712,72099332,0.10269784927368164
0.8614429831504822,1713,72141661,0.09523415565490723
0.8904539942741394,1714,72183697,0.09747815132141113
0.8843631148338318,1715,72225540,0.09930968284606934
0.8797234892845154,1716,72267363,0.0837709903717041
0.8591366410255432,1717,72309576,0.10743093490600586
0.816601574420929,1718,72351840,0.10283756256103516
0.9209418296813965,1719,72393821,0.10043597221374512
0.8432972431182861,1720,72435936,0.10232114791870117
0.8355423212051392,1721,72478061,0.10218310356140137
0.840341329574585,1722,72520372,0.10811090469360352
0.8863142132759094,1723,72562444,0.1032717227935791
0.8952504992485046,1724,72604452,0.10366368293762207
0.8415254354476929,1725,72646223,0.1044766902923584
0.843194305896759,1726,72688276,0.09934473037719727
0.8527249097824097,1727,72730011,0.10055065155029297
0.8692596554756165,1728,72772245,0.1039268970489502
0.8615320324897766,1729,72814510,0.0997772216796875
0.852254331111908,1730,72856385,0.09361457824707031
0.8578217625617981,1731,72898768,0.09054327011108398
0.8920382857322693,1732,72940809,0.09965753555297852
0.8878382444381714,1733,72982871,0.09772515296936035
0.8358993530273438,1734,73024927,0.0949411392211914
0.8786886930465698,1735,73067075,0.09214282035827637
0.8663513660430908,1736,73108905,0.09504508972167969
0.8544595241546631,1737,73150656,0.09956860542297363
0.8559301495552063,1738,73192818,0.09852290153503418
0.8824050426483154,1739,73234865,0.09842729568481445
0.8711407780647278,1740,73276974,0.09701275825500488
0.8513535261154175,1741,73319187,0.0960397720336914
0.8709170818328857,1742,73360922,0.09679388999938965
0.8704652190208435,1743,73402972,0.09337449073791504
0.8403894305229187,1744,73445229,0.09267497062683105
0.8533928394317627,1745,73487383,0.09288287162780762
0.9063043594360352,1746,73529535,0.08299016952514648
0.8815774321556091,1747,73571589,0.09973669052124023
0.8841269612312317,1748,73613748,0.10023975372314453
0.8406440019607544,1749,73655732,0.10100722312927246
0.8480887413024902,1750,73697929,0.100494384765625
0.8784589171409607,1751,73739823,0.09657740592956543
0.835932731628418,1752,73781876,0.0991826057434082
0.8504198789596558,1753,73823984,0.10062360763549805
0.8865553736686707,1754,73865709,0.10045313835144043
0.8637303113937378,1755,73907581,0.10021352767944336
0.8412651419639587,1756,73949576,0.10010385513305664
0.8003955483436584,1757,73991674,0.10131645202636719
0.9095675945281982,1758,74033993,0.10167503356933594
0.8427854776382446,1759,74076072,0.10042715072631836
0.8354455828666687,1760,74118276,0.0950019359588623
0.8347887992858887,1761,74160419,0.09607887268066406
0.842018187046051,1762,74202334,0.09827995300292969
0.855318546295166,1763,74244480,0.09980034828186035
0.8640308380126953,1764,74286710,0.09907793998718262
0.8562143445014954,1765,74328821,0.10068845748901367
0.8401088714599609,1766,74371059,0.09465813636779785
0.8565630316734314,1767,74412927,0.09979104995727539
0.8727667927742004,1768,74454871,0.10068607330322266
0.8894352912902832,1769,74496926,0.09764528274536133
0.8413309454917908,1770,74539238,0.09372711181640625
0.8573415875434875,1771,74581341,0.09507536888122559
0.8157708048820496,1772,74623453,0.09306955337524414
0.8374279737472534,1773,74665778,0.09345340728759766
0.8866754770278931,1774,74707929,0.09617090225219727
0.8379693627357483,1775,74750260,0.09707856178283691
0.8672495484352112,1776,74792376,0.09461116790771484
0.8194258213043213,1777,74834761,0.10733222961425781
0.8691741228103638,1778,74876804,0.10110139846801758
0.861126720905304,1779,74918907,0.0994272232055664
0.8497217297554016,1780,74960953,0.10071277618408203
0.8648400902748108,1781,75003237,0.09859657287597656
0.844475269317627,1782,75045019,0.08198881149291992
0.8414555191993713,1783,75087174,0.10026931762695312
0.8461343050003052,1784,75129343,0.10647964477539062
0.8670060634613037,1785,75171708,0.09977483749389648
0.8819711804389954,1786,75213740,0.09656572341918945
0.8976748585700989,1787,75255617,0.09359550476074219
0.8877782821655273,1788,75297873,0.10496377944946289
0.8436798453330994,1789,75339956,0.09979701042175293
0.8304624557495117,1790,75382119,0.09966635704040527
0.8528867959976196,1791,75424292,0.09605598449707031
0.8648883700370789,1792,75466419,0.10040855407714844
0.861312210559845,1793,75508407,0.09643030166625977
0.8505458235740662,1794,75550301,0.09299015998840332
0.8946000337600708,1795,75592346,0.10404253005981445
0.8335903882980347,1796,75634341,0.09697866439819336
0.8390100002288818,1797,75676561,0.0914449691772461
0.8490657806396484,1798,75718769,0.09946680068969727
0.8642955422401428,1799,75760726,0.09764528274536133
0.8239958882331848,1800,75802860,0.09618186950683594
0.8502162098884583,1801,75845083,0.10520029067993164
0.8238610029220581,1802,75887302,0.10833740234375
0.8460649251937866,1803,75929667,0.09958767890930176
0.8777967691421509,1804,75971874,0.09390902519226074
0.8443613052368164,1805,76014086,0.10106968879699707
0.8710312247276306,1806,76056152,0.10141134262084961
0.8514506816864014,1807,76098305,0.09534764289855957
0.8884117007255554,1808,76140526,0.0944218635559082
0.8429509997367859,1809,76182787,0.08146810531616211
0.8556410670280457,1810,76224956,0.10764575004577637
0.8691388964653015,1811,76267169,0.10213828086853027
0.8364537358283997,1812,76309259,0.10096502304077148
0.8784743547439575,1813,76351106,0.10423636436462402
0.8951839208602905,1814,76393107,0.10470294952392578
0.8629840016365051,1815,76435324,0.08705663681030273
0.8588958978652954,1816,76477423,0.10783076286315918
0.836180567741394,1817,76519552,0.10314130783081055
0.8169193267822266,1818,76561873,0.10086250305175781
0.8185458779335022,1819,76603841,0.10428047180175781
0.8872642517089844,1820,76646010,0.10316324234008789
0.8414686918258667,1821,76688378,0.09949398040771484
0.8533505201339722,1822,76730435,0.09812736511230469
0.8579011559486389,1823,76772418,0.0906829833984375
0.8524091839790344,1824,76814469,0.09059500694274902
0.848365843296051,1825,76856790,0.10046982765197754
0.8359839916229248,1826,76898909,0.09725093841552734
0.8382057547569275,1827,76941183,0.1003110408782959
0.8742181062698364,1828,76983246,0.10095405578613281
0.8423759341239929,1829,77025342,0.099822998046875
0.7997186779975891,1830,77067655,0.08920717239379883
0.8829875588417053,1831,77109822,0.09061717987060547
0.8893103003501892,1832,77151822,0.09967947006225586
0.850615918636322,1833,77193827,0.09958791732788086
0.8704904317855835,1834,77235782,0.09795117378234863
0.9017471075057983,1835,77277879,0.10747647285461426
0.8753277063369751,1836,77319982,0.10150504112243652
0.8870373964309692,1837,77362307,0.10025763511657715
0.8270807862281799,1838,77404588,0.0964667797088623
0.8549086451530457,1839,77446685,0.09914636611938477
0.8060027360916138,1840,77488349,0.1066293716430664
0.8667575716972351,1841,77530014,0.1047520637512207
0.8390326499938965,1842,77572379,0.10099220275878906
0.8665372729301453,1843,77614326,0.10288000106811523
0.8828455805778503,1844,77656379,0.10011148452758789
0.8076967000961304,1845,77698870,0.09312868118286133
0.8353652954101562,1846,77740664,0.10718488693237305
0.8632774949073792,1847,77782771,0.09981036186218262
0.8594354391098022,1848,77824611,0.09720754623413086
0.8264602422714233,1849,77866942,0.10751152038574219
0.856616199016571,1850,77909041,0.09730219841003418
0.8724772334098816,1851,77951178,0.1005411148071289
0.848617672920227,1852,77993038,0.08928394317626953
0.8152028322219849,1853,78035464,0.09085941314697266
0.8674567341804504,1854,78077717,0.09930109977722168
0.8608483672142029,1855,78119558,0.09850335121154785
0.8177726864814758,1856,78161731,0.09624814987182617
0.8484209179878235,1857,78203998,0.1071770191192627
0.8246762156486511,1858,78246063,0.10191464424133301
0.8179816007614136,1859,78288224,0.1074979305267334
0.8477734327316284,1860,78330497,0.09795165061950684
0.8554473519325256,1861,78372707,0.09981489181518555
0.8172413110733032,1862,78414875,0.09575510025024414
0.8633617758750916,1863,78456987,0.10065555572509766
0.8846863508224487,1864,78498834,0.10219335556030273
0.8953956365585327,1865,78541035,0.0981149673461914
0.877716064453125,1866,78583395,0.0965726375579834
0.8786582350730896,1867,78625093,0.0866243839263916
0.8577932715415955,1868,78667298,0.10785055160522461
0.8660101890563965,1869,78709529,0.10191488265991211
0.8646609783172607,1870,78751473,0.10022974014282227
0.8333186507225037,1871,78793752,0.1071004867553711
0.8760559558868408,1872,78836027,0.09935998916625977
0.8564431667327881,1873,78878246,0.09925007820129395
0.9008589386940002,1874,78920473,0.0953972339630127
0.8277962803840637,1875,78962751,0.10742354393005371
0.8389601707458496,1876,79004543,0.10027837753295898
0.8666937351226807,1877,79046709,0.10685348510742188
0.840325653553009,1878,79088864,0.09904050827026367
0.854061484336853,1879,79131197,0.09850549697875977
0.8829177618026733,1880,79173418,0.09525299072265625
0.8599090576171875,1881,79215759,0.09401988983154297
0.8652058839797974,1882,79258065,0.09052538871765137
0.8605298399925232,1883,79300176,0.09943199157714844
0.8254855275154114,1884,79342440,0.09975743293762207
0.8069608807563782,1885,79384659,0.09461665153503418
0.8593538403511047,1886,79426921,0.10551881790161133
0.8686001300811768,1887,79469074,0.10217118263244629
0.850115180015564,1888,79510983,0.10493779182434082
0.9083731770515442,1889,79553206,0.10473942756652832
0.8578983545303345,1890,79595264,0.1040956974029541
0.8660127520561218,1891,79637173,0.0988774299621582
0.8706647753715515,1892,79679123,0.0966634750366211
0.8047592639923096,1893,79721286,0.1067192554473877
0.8443812727928162,1894,79763497,0.10008096694946289
0.8696186542510986,1895,79805441,0.09621548652648926
0.8485557436943054,1896,79847614,0.08650350570678711
0.8803805708885193,1897,79889712,0.10787725448608398
0.8372131586074829,1898,79931808,0.10112571716308594
0.8573979735374451,1899,79973860,0.1003115177154541
0.8242655992507935,1900,80016009,0.1024017333984375
0.8565431833267212,1901,80057773,0.10020279884338379
0.8626837134361267,1902,80099654,0.10697460174560547
0.8813542723655701,1903,80141859,0.10454821586608887
0.8392995595932007,1904,80184240,0.09986519813537598
0.8467270135879517,1905,80226521,0.10075187683105469
0.8572866916656494,1906,80268807,0.09988665580749512
0.8621088266372681,1907,80310957,0.10037827491760254
0.8590251207351685,1908,80352846,0.09326934814453125
0.8949187994003296,1909,80394691,0.09929013252258301
0.8441823720932007,1910,80437117,0.10133218765258789
0.871231734752655,1911,80479411,0.10703682899475098
0.8745228052139282,1912,80521520,0.09902167320251465
0.8150522112846375,1913,80563879,0.09639525413513184
0.8596622347831726,1914,80605890,0.09760212898254395
0.8690592050552368,1915,80648157,0.09681177139282227
0.8551323413848877,1916,80690039,0.09444451332092285
0.8690822720527649,1917,80732165,0.09188985824584961
0.8189424872398376,1918,80774454,0.10161995887756348
0.870705783367157,1919,80816729,0.10649800300598145
0.8485485911369324,1920,80858732,0.10041594505310059
0.9037288427352905,1921,80901111,0.10099601745605469
0.8549501895904541,1922,80943303,0.10265421867370605
0.871047854423523,1923,80985203,0.0944986343383789
0.852439820766449,1924,81027214,0.09075379371643066
0.8324531316757202,1925,81069501,0.10010528564453125
0.8813062906265259,1926,81111506,0.09798336029052734
0.8688330054283142,1927,81153737,0.09453535079956055
0.8459656238555908,1928,81196016,0.09301304817199707
0.7936202883720398,1929,81238268,0.09527111053466797
0.8151248693466187,1930,81280260,0.09794259071350098
0.845839262008667,1931,81322498,0.09989261627197266
0.8292279243469238,1932,81364779,0.08684611320495605
0.81867915391922,1933,81406885,0.09944605827331543
0.8749072551727295,1934,81448878,0.10031270980834961
0.8544523119926453,1935,81491151,0.10044050216674805
0.8628503084182739,1936,81533430,0.10021448135375977
0.836638331413269,1937,81575587,0.10160088539123535
0.8631803393363953,1938,81617890,0.10341167449951172
0.8520945310592651,1939,81660134,0.08648562431335449
0.8397281169891357,1940,81702126,0.09942889213562012
0.8555355072021484,1941,81744162,0.10670208930969238
0.8668633103370667,1942,81786187,0.10097956657409668
0.8178712725639343,1943,81828501,0.09736323356628418
0.8644404411315918,1944,81870830,0.09899377822875977
0.8370640873908997,1945,81912952,0.10687851905822754
0.8427983522415161,1946,81955045,0.10067248344421387
0.838947594165802,1947,81997059,0.08532404899597168
0.8529901504516602,1948,82039598,0.09811830520629883
0.8458904027938843,1949,82081817,0.09291243553161621
0.8247766494750977,1950,82123663,0.09499311447143555
0.840583860874176,1951,82166038,0.09428739547729492
0.8670400381088257,1952,82207880,0.1089179515838623
0.8772170543670654,1953,82249929,0.10788822174072266
0.8469372391700745,1954,82292237,0.0950624942779541
0.9080794453620911,1955,82334566,0.10734963417053223
0.8105728626251221,1956,82376669,0.09805703163146973
0.8472128510475159,1957,82418820,0.09755158424377441
0.8495913743972778,1958,82460873,0.0997467041015625
0.8274825811386108,1959,82502970,0.10196852684020996
0.8571227192878723,1960,82545176,0.10409998893737793
0.8184782266616821,1961,82587385,0.09646153450012207
0.8377710580825806,1962,82629291,0.09853410720825195
0.8716995716094971,1963,82671340,0.10042214393615723
0.8674789071083069,1964,82713596,0.10757088661193848
0.881106436252594,1965,82755441,0.10178422927856445
0.8452245593070984,1966,82797340,0.10206985473632812
0.8423252701759338,1967,82839343,0.10416650772094727
0.872867226600647,1968,82881494,0.09004354476928711
0.8676422834396362,1969,82923713,0.10692477226257324
0.846217155456543,1970,82966056,0.10041046142578125
0.8965398073196411,1971,83008135,0.09423303604125977
0.8175383806228638,1972,83050130,0.09621167182922363
0.8430081605911255,1973,83091857,0.10689544677734375
0.8706540465354919,1974,83134067,0.10053777694702148
0.8688703179359436,1975,83175895,0.0936896800994873
0.833084762096405,1976,83218032,0.09078764915466309
0.8769519925117493,1977,83260247,0.0984644889831543
0.8818809986114502,1978,83302239,0.09893083572387695
0.8158342838287354,1979,83344188,0.10387659072875977
0.8523591756820679,1980,83386565,0.09362030029296875
0.84968101978302,1981,83428652,0.09644627571105957
0.8575981259346008,1982,83470651,0.09459161758422852
0.8635032773017883,1983,83512808,0.08887147903442383
0.8582338094711304,1984,83554873,0.09062314033508301
0.8640287518501282,1985,83597154,0.09999203681945801
0.8504515886306763,1986,83639101,0.10076045989990234
0.9001787304878235,1987,83681098,0.10007095336914062
0.8639405369758606,1988,83723209,0.09770631790161133
0.8392988443374634,1989,83765238,0.09955430030822754
0.808781087398529,1990,83807153,0.09680724143981934
0.8634214997291565,1991,83849375,0.09139204025268555
0.8252233862876892,1992,83891683,0.0992593765258789
0.8324190974235535,1993,83933794,0.10328030586242676
0.883129358291626,1994,83975790,0.10253524780273438
0.837152898311615,1995,84018067,0.09809017181396484
0.8550971150398254,1996,84059980,0.09580779075622559
0.8565016388893127,1997,84102293,0.09821033477783203
0.8580566048622131,1998,84144400,0.10001754760742188
0.8176695108413696,1999,84186615,0.08685564994812012
0.8458718657493591,2000,84228618,0.10716366767883301
0.8822265267372131,2001,84270897,0.10225987434387207
0.8233519196510315,2002,84313066,0.10106873512268066
0.8475870490074158,2003,84355158,0.09971308708190918
0.8626347780227661,2004,84397435,0.1045222282409668
0.8499534130096436,2005,84439598,0.10037660598754883
0.8107170462608337,2006,84481857,0.09561276435852051
0.8737520575523376,2007,84524047,0.09982490539550781
0.8710001111030579,2008,84566086,0.10396599769592285
0.8522617220878601,2009,84608254,0.109344482421875
0.8827846050262451,2010,84650091,0.10371279716491699
0.8469656705856323,2011,84692212,0.10046601295471191
0.8894679546356201,2012,84734387,0.09571576118469238
0.8679206967353821,2013,84776560,0.10355162620544434
0.8298331499099731,2014,84818679,0.09687542915344238
0.8418779969215393,2015,84861026,0.10734033584594727
0.8611136674880981,2016,84903081,0.1004791259765625
0.8663806319236755,2017,84944874,0.10610747337341309
0.8535166382789612,2018,84986766,0.10635542869567871
0.8647580742835999,2019,85028906,0.0995476245880127
0.834392786026001,2020,85071265,0.09319901466369629
0.8340938091278076,2021,85113468,0.09374547004699707
0.8742755651473999,2022,85155473,0.09454989433288574
0.8493971228599548,2023,85197316,0.09575939178466797
0.850689172744751,2024,85239371,0.08051252365112305
0.8535447120666504,2025,85281587,0.10816574096679688
0.8706982731819153,2026,85323559,0.10140562057495117
0.8656033277511597,2027,85365384,0.10088443756103516
0.8944337964057922,2028,85407289,0.10028862953186035
0.9010905027389526,2029,85449602,0.09820032119750977
0.883842945098877,2030,85491806,0.0884857177734375
0.8657691478729248,2031,85533998,0.10753464698791504
0.8708927631378174,2032,85575937,0.10207176208496094
0.83804851770401,2033,85618083,0.09976363182067871
0.8477926254272461,2034,85660270,0.09862971305847168
0.843028724193573,2035,85702331,0.0974729061126709
0.8372896909713745,2036,85744491,0.09423589706420898
0.867024838924408,2037,85786436,0.09392213821411133
0.8602928519248962,2038,85828551,0.09461402893066406
0.8623583912849426,2039,85870741,0.09786319732666016
0.8881191611289978,2040,85912755,0.102020263671875
0.8731642365455627,2041,85955035,0.09659600257873535
0.8472802639007568,2042,85997184,0.09666895866394043
0.846603512763977,2043,86039255,0.09844422340393066
0.8525450229644775,2044,86081508,0.10678935050964355
0.8730422258377075,2045,86123565,0.08517885208129883
0.8833995461463928,2046,86165778,0.10100030899047852
0.8309569954872131,2047,86207930,0.10142993927001953
0.8533386588096619,2048,86250019,0.10022926330566406
0.8140892386436462,2049,86291975,0.1035926342010498
0.8427731990814209,2050,86333796,0.09601712226867676
0.8193307518959045,2051,86376083,0.09566140174865723
0.8528005480766296,2052,86418079,0.09605097770690918
0.8123769760131836,2053,86460264,0.08878755569458008
0.8513854146003723,2054,86502417,0.10800862312316895
0.8369786143302917,2055,86544566,0.10274362564086914
0.8544642329216003,2056,86586615,0.09847807884216309
0.8316066861152649,2057,86628927,0.10109329223632812
0.7972185611724854,2058,86671415,0.09874129295349121
0.8825960159301758,2059,86713467,0.09529852867126465
0.8633942604064941,2060,86755434,0.08257913589477539
0.8608037233352661,2061,86797543,0.10750746726989746
0.8508279919624329,2062,86839862,0.10367369651794434
0.8395278453826904,2063,86881738,0.10112428665161133
0.8714587688446045,2064,86923779,0.10308694839477539
0.8353680968284607,2065,86966064,0.09831500053405762
0.8526183366775513,2066,87007990,0.09976768493652344
0.8441759943962097,2067,87050141,0.10256743431091309
0.8640162348747253,2068,87092148,0.09779644012451172
0.8650383949279785,2069,87134201,0.10246706008911133
0.8507204055786133,2070,87176369,0.10794472694396973
0.813349723815918,2071,87218468,0.09803056716918945
0.8611413240432739,2072,87260467,0.09392738342285156
0.8244619965553284,2073,87302793,0.09746289253234863
0.8035265207290649,2074,87344920,0.09346747398376465
0.8791334629058838,2075,87386933,0.09767532348632812
0.8914291262626648,2076,87429109,0.09620308876037598
0.8594828844070435,2077,87471105,0.10698199272155762
0.8830927610397339,2078,87513184,0.09703516960144043
0.8623581528663635,2079,87555582,0.09817147254943848
0.8608853220939636,2080,87597591,0.09828352928161621
0.8619793653488159,2081,87639423,0.0983741283416748
0.879695475101471,2082,87681844,0.08575010299682617
0.8584975004196167,2083,87723687,0.1072235107421875
0.8150513768196106,2084,87765855,0.10190653800964355
0.8645405769348145,2085,87808107,0.09974169731140137
0.8554819822311401,2086,87850190,0.09957742691040039
0.8559863567352295,2087,87892491,0.09558868408203125
0.8468377590179443,2088,87934604,0.10099315643310547
0.85784512758255,2089,87976761,0.08535623550415039
0.8410519361495972,2090,88019077,0.10705304145812988
0.8694839477539062,2091,88061184,0.10363960266113281
0.8355758786201477,2092,88103381,0.10056519508361816
0.8676256537437439,2093,88145657,0.09933853149414062
0.8427512645721436,2094,88187678,0.09977579116821289
0.8379017114639282,2095,88229763,0.09522271156311035
0.8733306527137756,2096,88271815,0.09894871711730957
0.8793214559555054,2097,88313742,0.09451603889465332
0.8644079566001892,2098,88356008,0.09949564933776855
0.8679741024971008,2099,88398220,0.10127973556518555
0.8576284050941467,2100,88439854,0.10745382308959961
0.8484575748443604,2101,88481897,0.10324764251708984
0.8568495512008667,2102,88524213,0.10782051086425781
0.8178770542144775,2103,88566379,0.10736966133117676
0.8601520657539368,2104,88608308,0.10344624519348145
0.834965169429779,2105,88650082,0.09993529319763184
0.893674910068512,2106,88691884,0.09375739097595215
0.8474081754684448,2107,88734059,0.09412741661071777
0.8273488283157349,2108,88776440,0.09431982040405273
0.8333612084388733,2109,88818703,0.09943723678588867
0.8211057782173157,2110,88860844,0.0999751091003418
0.8452271223068237,2111,88902826,0.09983420372009277
0.8241536021232605,2112,88945154,0.09818863868713379
0.8379017114639282,2113,88987519,0.09706974029541016
0.8284687995910645,2114,89029626,0.09627342224121094
0.8751608729362488,2115,89071507,0.10081124305725098
0.867804765701294,2116,89113565,0.10062956809997559
0.8299344778060913,2117,89155703,0.09951305389404297
0.842285692691803,2118,89197979,0.10724902153015137
0.8028401136398315,2119,89240346,0.10657954216003418
0.8240504860877991,2120,89282183,0.10352873802185059
0.8370368480682373,2121,89324017,0.10180115699768066
0.8368123173713684,2122,89366332,0.09221839904785156
0.8807219862937927,2123,89408176,0.10766077041625977
0.9016342759132385,2124,89450442,0.09961342811584473
0.851610541343689,2125,89492608,0.1061093807220459
0.8729237914085388,2126,89534530,0.09934020042419434
0.8387332558631897,2127,89576900,0.09425783157348633
0.8490681052207947,2128,89619551,0.08875441551208496
0.8746567368507385,2129,89661876,0.09156012535095215
0.870818555355072,2130,89703761,0.09973645210266113
0.8585202693939209,2131,89745588,0.10309958457946777
0.8308524489402771,2132,89787689,0.10382843017578125
0.7966042160987854,2133,89829870,0.10020661354064941
0.8571200370788574,2134,89872205,0.10034060478210449
0.8738009929656982,2135,89914305,0.10799598693847656
0.8475673794746399,2136,89956281,0.10021090507507324
0.8308355808258057,2137,89998190,0.09296846389770508
0.8603128790855408,2138,90040172,0.10211443901062012
0.8524953722953796,2139,90082602,0.10186886787414551
0.8678430318832397,2140,90124858,0.10730528831481934
0.8442630171775818,2141,90167247,0.10111212730407715
0.8640982508659363,2142,90209250,0.09580540657043457
0.8776997923851013,2143,90251457,0.10308647155761719
0.8776233792304993,2144,90293784,0.10763764381408691
0.9176053404808044,2145,90335991,0.10915017127990723
0.8510957360267639,2146,90378424,0.10030913352966309
0.8270599842071533,2147,90420409,0.10286808013916016
0.8580535650253296,2148,90462114,0.09778976440429688
0.8942756056785583,2149,90504365,0.09766054153442383
0.8145797252655029,2150,90546305,0.09834432601928711
0.8499903678894043,2151,90588311,0.08118915557861328
0.8470445871353149,2152,90630522,0.10753989219665527
0.8365103006362915,2153,90672638,0.10253548622131348
0.8512150049209595,2154,90714956,0.10124492645263672
0.87396240234375,2155,90757175,0.10428166389465332
0.9039671421051025,2156,90799618,0.09818720817565918
0.8499540686607361,2157,90841965,0.09290122985839844
0.8377642631530762,2158,90884118,0.10399651527404785
0.8521893620491028,2159,90926215,0.10783934593200684
0.798617959022522,2160,90968431,0.09952116012573242
0.849019467830658,2161,91010481,0.10274839401245117
0.8552629351615906,2162,91052585,0.09544754028320312
0.821060299873352,2163,91094856,0.10668373107910156
0.8581817150115967,2164,91137115,0.1042332649230957
0.853078305721283,2165,91179370,0.10264182090759277
0.8168218731880188,2166,91221373,0.10196352005004883
0.8623905181884766,2167,91263479,0.10315394401550293
0.8686509132385254,2168,91305376,0.10311007499694824
0.8547640442848206,2169,91347450,0.09881377220153809
0.8334913849830627,2170,91389133,0.10019803047180176
0.8570356965065002,2171,91431323,0.09926319122314453
0.8377604484558105,2172,91473496,0.10026192665100098
0.8574592471122742,2173,91515549,0.1078031063079834
0.8471855521202087,2174,91557762,0.1076362133026123
0.8369532227516174,2175,91599913,0.10178756713867188
0.8465279340744019,2176,91642070,0.09560036659240723
0.8086023926734924,2177,91684437,0.10569143295288086
0.8304376602172852,2178,91726444,0.10055232048034668
0.8405590057373047,2179,91768572,0.0823066234588623
0.8604130148887634,2180,91810521,0.1078176498413086
0.8270242810249329,2181,91852677,0.10280728340148926
0.8516855835914612,2182,91894762,0.10593152046203613
0.8770968914031982,2183,91936957,0.09987139701843262
0.8510888814926147,2184,91979285,0.0979306697845459
0.8773604035377502,2185,92021221,0.09868526458740234
0.8610454201698303,2186,92063435,0.1038370132446289
0.8508387804031372,2187,92105648,0.1009969711303711
0.8451715111732483,2188,92147713,0.10646939277648926
0.8692009449005127,2189,92189662,0.10244393348693848
0.8437142372131348,2190,92231674,0.09919261932373047
0.8400800228118896,2191,92273589,0.09998226165771484
0.8789037466049194,2192,92315732,0.10688543319702148
0.8485018014907837,2193,92358121,0.0963735580444336
0.8249620795249939,2194,92400295,0.09358549118041992
0.8812131285667419,2195,92442358,0.10723733901977539
0.852764904499054,2196,92484575,0.0998682975769043
0.8522973656654358,2197,92526441,0.09928703308105469
0.8277014493942261,2198,92568828,0.09607696533203125
0.8680404424667358,2199,92610971,0.08515691757202148
0.8460660576820374,2200,92653183,0.10364484786987305
0.8187188506126404,2201,92695259,0.10035014152526855
0.8443804383277893,2202,92737464,0.08996772766113281
0.8852182626724243,2203,92779433,0.10027694702148438
0.8568973541259766,2204,92821620,0.10148739814758301
0.8658386468887329,2205,92864100,0.09925627708435059
0.8444969058036804,2206,92906070,0.10424685478210449
0.8586627840995789,2207,92948277,0.10805416107177734
0.8622004985809326,2208,92990190,0.10732603073120117
0.8426620960235596,2209,93032285,0.09986281394958496
0.8611482381820679,2210,93074468,0.10402798652648926
0.8357475399971008,2211,93116579,0.10065460205078125
0.8830804228782654,2212,93159024,0.09508347511291504
0.8496958017349243,2213,93201137,0.08044767379760742
0.8553221821784973,2214,93243465,0.10735321044921875
0.8667110800743103,2215,93285831,0.10243463516235352
0.8729944229125977,2216,93327938,0.09559035301208496
0.8343820571899414,2217,93369940,0.10707592964172363
0.8538742661476135,2218,93412107,0.10077595710754395
0.8600138425827026,2219,93453847,0.10084080696105957
0.874421238899231,2220,93496153,0.09940242767333984
0.9030960202217102,2221,93538341,0.09882736206054688
0.8622654676437378,2222,93580386,0.09888029098510742
0.8498097062110901,2223,93622711,0.09769940376281738
0.8253282308578491,2224,93664827,0.0958552360534668
0.8340678215026855,2225,93706735,0.09317517280578613
0.8347075581550598,2226,93748900,0.09836149215698242
0.8385591506958008,2227,93790995,0.09807729721069336
0.8210446238517761,2228,93833086,0.09526872634887695
0.8757923245429993,2229,93875189,0.0908041000366211
0.8739742040634155,2230,93916973,0.09979534149169922
0.8445733189582825,2231,93959184,0.08626151084899902
0.8535513281822205,2232,94001553,0.09993791580200195
0.8526630401611328,2233,94043668,0.10657787322998047
0.8447275161743164,2234,94085787,0.10314083099365234
0.8465503454208374,2235,94127733,0.09965157508850098
0.8790763020515442,2236,94169948,0.09962916374206543
0.8159549832344055,2237,94212019,0.09942936897277832
0.8532864451408386,2238,94253951,0.09935998916625977
0.8525551557540894,2239,94296176,0.09821295738220215
0.8700987696647644,2240,94337954,0.0975341796875
0.8517631888389587,2241,94380073,0.09573626518249512
0.8334561586380005,2242,94421953,0.09876179695129395
0.84880131483078,2243,94463782,0.09345149993896484
0.850288987159729,2244,94506111,0.10186100006103516
0.8226286768913269,2245,94548442,0.10193800926208496
0.8496103882789612,2246,94590663,0.09221720695495605
0.9022663235664368,2247,94632784,0.10005521774291992
0.8553464412689209,2248,94674957,0.0997922420501709
0.8636288642883301,2249,94717055,0.09823179244995117
0.8618379831314087,2250,94759157,0.09297633171081543
0.8446645736694336,2251,94801428,0.09993529319763184
0.8638460040092468,2252,94843709,0.0994563102722168
0.8667930960655212,2253,94886029,0.09394097328186035
0.812583327293396,2254,94928444,0.09491801261901855
0.8644869923591614,2255,94970439,0.09328985214233398
0.8414974212646484,2256,95012541,0.09228730201721191
0.8681723475456238,2257,95054637,0.09358906745910645
0.8288837671279907,2258,95096742,0.08768105506896973
0.789788007736206,2259,95138987,0.09940814971923828
0.8263791799545288,2260,95181362,0.0896916389465332
0.8377646207809448,2261,95223675,0.10806703567504883
0.8502307534217834,2262,95265734,0.0998849868774414
0.8587225079536438,2263,95308069,0.10673236846923828
0.8663467168807983,2264,95350054,0.10051631927490234
0.8080940246582031,2265,95392214,0.10321211814880371
0.8408351540565491,2266,95434370,0.10318756103515625
0.8482280969619751,2267,95476507,0.10282325744628906
0.8377865552902222,2268,95518410,0.1009213924407959
0.8222564458847046,2269,95560743,0.1076204776763916
0.877696692943573,2270,95602588,0.10238981246948242
0.8676286339759827,2271,95644929,0.09970426559448242
0.8675999641418457,2272,95687194,0.10048699378967285
0.849780797958374,2273,95729089,0.10696554183959961
0.8298024535179138,2274,95771025,0.095123291015625
0.8521063923835754,2275,95812859,0.10035085678100586
0.886601984500885,2276,95854805,0.1000821590423584
0.81650310754776,2277,95896974,0.10402393341064453
0.8390226364135742,2278,95939244,0.09946346282958984
0.8239477276802063,2279,95981346,0.09551000595092773
0.8076924681663513,2280,96023397,0.09743547439575195
0.8619421124458313,2281,96065544,0.1087961196899414
0.8351342678070068,2282,96107721,0.10588932037353516
0.8255690932273865,2283,96149879,0.1002662181854248
0.8319164514541626,2284,96192162,0.10067915916442871
0.8061515092849731,2285,96234307,0.10273218154907227
0.8540529012680054,2286,96276692,0.09353470802307129
0.8300217390060425,2287,96319121,0.09014296531677246
0.9125832319259644,2288,96361397,0.08726739883422852
0.8724818229675293,2289,96403525,0.10062813758850098
0.8502582907676697,2290,96445513,0.10536766052246094
0.8169036507606506,2291,96487778,0.10420870780944824
0.822684109210968,2292,96530209,0.10029149055480957
0.8842962384223938,2293,96572294,0.10065889358520508
0.837676465511322,2294,96614658,0.09982061386108398
0.8586090803146362,2295,96657091,0.10713791847229004
0.872337818145752,2296,96699266,0.10122299194335938
0.887279748916626,2297,96741349,0.10676097869873047
0.8804833889007568,2298,96783770,0.09959959983825684
0.8394504189491272,2299,96826142,0.10006022453308105
0.8551480174064636,2300,96868110,0.09974336624145508
0.8296645879745483,2301,96910273,0.08619165420532227
0.8378878235816956,2302,96952329,0.10029840469360352
0.8404484987258911,2303,96994492,0.1000208854675293
0.8872207999229431,2304,97036636,0.10826659202575684
0.8470037579536438,2305,97079011,0.11177325248718262
0.8511736989021301,2306,97121003,0.10053420066833496
0.8007609248161316,2307,97163253,0.10538411140441895
0.8191526532173157,2308,97205532,0.10753488540649414
0.8573890924453735,2309,97247687,0.1027984619140625
0.8658635020256042,2310,97289902,0.10420823097229004
0.8693615198135376,2311,97332111,0.10367870330810547
0.8718880414962769,2312,97374390,0.10412764549255371
0.8651262521743774,2313,97416607,0.10301899909973145
0.828323245048523,2314,97458875,0.10555434226989746
0.843690812587738,2315,97500747,0.09974884986877441
0.8134689331054688,2316,97542920,0.10526156425476074
0.8450810313224792,2317,97585137,0.10392451286315918
0.8716417551040649,2318,97627450,0.10179591178894043
0.8595186471939087,2319,97669831,0.10544538497924805
0.8479933142662048,2320,97712142,0.11331343650817871
0.8537910580635071,2321,97754391,0.10316824913024902
0.8561119437217712,2322,97796346,0.10017085075378418
0.841657817363739,2323,97838609,0.10522055625915527
0.8373252153396606,2324,97880655,0.10406494140625
0.8886780142784119,2325,97922926,0.11055183410644531
0.8696767091751099,2326,97964961,0.11173677444458008
0.8453750014305115,2327,98007013,0.09995436668395996
0.8510869145393372,2328,98049110,0.10170841217041016
0.8248610496520996,2329,98091226,0.09773969650268555
0.8538178205490112,2330,98133387,0.10028815269470215
0.8424152135848999,2331,98175103,0.1061716079711914
0.8410016298294067,2332,98217246,0.1066439151763916
0.8867408037185669,2333,98259184,0.09101128578186035
0.8544261455535889,2334,98301224,0.11222004890441895
0.8512231707572937,2335,98343335,0.11522316932678223
0.8622474074363708,2336,98385120,0.09737086296081543
0.8396216630935669,2337,98427400,0.10489654541015625
0.8089299201965332,2338,98469534,0.0938262939453125
0.8293246030807495,2339,98511523,0.10547161102294922
0.9020006060600281,2340,98553545,0.11466860771179199
0.8597164750099182,2341,98595708,0.11208176612854004
0.8636912703514099,2342,98637720,0.10725188255310059
0.8516358733177185,2343,98679867,0.1056966781616211
0.8386653661727905,2344,98721895,0.10134625434875488
0.8630163669586182,2345,98763954,0.10569572448730469
0.8501946926116943,2346,98806161,0.10425448417663574
0.853508472442627,2347,98848320,0.09626173973083496
0.8291218280792236,2348,98890692,0.10668349266052246
0.871914803981781,2349,98932633,0.10857701301574707
0.8675366044044495,2350,98974748,0.10459470748901367
0.8339554071426392,2351,99016905,0.11064386367797852
0.8574303388595581,2352,99059123,0.11714839935302734
0.8553858399391174,2353,99101170,0.10329151153564453
0.8658782243728638,2354,99143343,0.10991477966308594
0.8606088757514954,2355,99185280,0.10559248924255371
0.866381049156189,2356,99227600,0.09930729866027832
0.8341765403747559,2357,99269552,0.10487031936645508
0.8630713820457458,2358,99311765,0.10296773910522461
0.8601061701774597,2359,99353902,0.09668564796447754
0.8442345261573792,2360,99396117,0.11396360397338867
0.8453707098960876,2361,99438336,0.10696911811828613
0.8593688011169434,2362,99480499,0.10482573509216309
0.9096296429634094,2363,99522649,0.1065826416015625
0.8485779762268066,2364,99564702,0.1094815731048584
0.8704121708869934,2365,99606871,0.10650300979614258
0.8560517430305481,2366,99649244,0.09467315673828125
0.860956609249115,2367,99691583,0.11023926734924316
0.8521003723144531,2368,99733514,0.10966372489929199
0.8860153555870056,2369,99775782,0.09757065773010254
0.8315107226371765,2370,99818035,0.10360527038574219
0.8680970072746277,2371,99860238,0.1071162223815918
0.8450812697410583,2372,99902275,0.10949420928955078
0.8180067539215088,2373,99944606,0.11054015159606934
0.8147580623626709,2374,99986229,0.10564756393432617
0.8662886023521423,2375,100028220,0.10300588607788086
