updates,tokens,loss,lr,mask_rate,seq_len,walk_len,seconds
50,933497,9.508400917053223,1.4002454999999998e-06,0.6999847502086423,18.515520558541763,2.592320050776524,5.884339332580566
100,1866180,9.416084289550781,2.7992699999999996e-06,0.699939054013633,18.499375210742407,2.5908522918856733,11.123939514160156
150,2798027,9.26382827758789,4.1970405e-06,0.6998629932858772,18.482793502191722,2.589344863835611,16.320136547088623
200,3728411,9.056489944458008,5.592616499999999e-06,0.6997567316497639,18.453775512228017,2.5867068647480016,21.542760372161865
250,4657049,8.809036254882812,6.9855735e-06,0.699620458155703,18.51499322115001,2.5922721110136373,140.00338220596313
300,5583649,8.518366813659668,8.375473499999999e-06,0.699454400117284,18.37872146299859,2.579883769363508,145.22083377838135
350,6514803,8.221166610717773,9.772204499999998e-06,0.6992572534827458,18.469048138524705,2.5880952853204278,150.60824823379517
400,7449367,7.936302661895752,1.1174050499999998e-05,0.6990288712977379,18.536684054981453,2.594244004998314,155.897118806839
450,8371339,7.698189735412598,1.25570085e-05,0.6987736119585738,18.382087885796317,2.5801898077996652,229.9412784576416
500,9306156,7.479801177978516,1.3959234e-05,0.6984844205588141,18.541702203621796,2.594700200329254,235.01081895828247
550,10235495,7.283157825469971,1.53532425e-05,0.698166606236837,18.43304837653966,2.5848225796854236,240.0819709300995
600,11168794,7.0690693855285645,1.6753191e-05,0.6978170157102473,18.511593311779755,2.591963028343614,245.16347527503967
650,12101246,6.905672550201416,1.8151869e-05,0.697437297291831,18.4947934228534,2.5904357657139454,250.38308215141296
700,13026551,6.669804573059082,1.9539826499999998e-05,0.6970304069582769,18.448540553473165,2.5862309594066515,323.76011180877686
750,13959982,6.437419891357422,2.0939973e-05,0.6965895807947943,18.51421147628776,2.5922010432988873,328.7567250728607
800,14891268,6.200557708740234,2.2336902000000002e-05,0.696119377403663,18.471666303032706,2.5883333002757003,333.740606546402
850,15823467,5.941381931304932,2.3735200499999997e-05,0.6956183131117484,18.489775274213063,2.5899795703830057,338.74039006233215
900,16746396,5.633025169372559,2.5119593999999996e-05,0.6950922688676956,18.401168354733233,2.5819243958848395,381.53208112716675
950,17680751,5.3102827072143555,2.6521126499999995e-05,0.6945293432713299,18.53253862784378,2.593867147985798,386.58185958862305
1000,18608396,4.98538875579834,2.7912593999999998e-05,0.6939402329703757,18.399448598686952,2.5817680544260866,391.6386339664459
1050,19542069,4.707359790802002,2.93131035e-05,0.6933168819359867,18.519011444552433,2.592637404050221,396.6725115776062
1100,20473982,4.38242769241333,3.0710973e-05,0.6926642810686143,18.484102584445722,2.5894638713132476,444.76816177368164
1150,21402906,4.042698383331299,3.2104359e-05,0.6919835232582153,18.520695430257597,2.5927904936597814,449.79214096069336
1200,22337041,3.655316114425659,3.35055615e-05,0.6912684904888755,18.528175020330444,2.5934704563936766,454.85454964637756
1250,23266611,3.3930859565734863,3.4899916499999996e-05,0.6905266342200568,18.437630164428665,2.5852391058571516,459.93615889549255
1300,24199811,2.977036952972412,3.6299716499999996e-05,0.6897514600823749,18.509629688398753,2.5917845171271594,465.08533573150635
1350,25126458,2.699974298477173,3.7689687e-05,0.6889515693965491,18.475297073131827,2.5886633702847117,515.0179312229156
1400,26054906,2.4350640773773193,3.9082359e-05,0.6881199827832953,18.41537576611064,2.5832159787373308,520.0652060508728
1450,26985312,2.1393816471099854,4.0477967999999993e-05,0.6872563763845965,18.454211872979354,2.5867465339072138,525.1182808876038
1500,27922967,1.9008245468139648,4.1884450499999996e-05,0.6863553884935459,18.597992740543866,2.599817521867624,530.159220457077
1550,28850087,1.7632259130477905,4.3275130499999995e-05,0.6854342684016175,18.484727649732832,2.5895206954302576,581.4665434360504
1600,29785509,1.588169813156128,4.467826349999999e-05,0.6844744104381911,18.553702124283475,2.595791102207589,586.4968166351318
1650,30714727,1.47041916847229,4.607209049999999e-05,0.6834905970430207,18.430648392407324,2.584604399309757,591.5523300170898
1700,31649203,1.5304603576660156,4.7473804499999995e-05,0.6824707391156338,18.53493861197612,2.5940853283614653,596.6010937690735
1750,32578421,1.4287281036376953,4.8867631499999996e-05,0.6814263134900682,18.430648392407324,2.584604399309757,650.9259617328644
1800,33507312,1.380958080291748,5.026096799999999e-05,0.6803520507443565,18.520037483052874,2.592730680277534,655.9488451480865
1850,34437300,1.3715622425079346,5.165594999999999e-05,0.6792462664524249,18.44592101870401,2.5859928198821827,661.0002615451813
1900,35373360,1.2536990642547607,5.306004e-05,0.678102694540432,18.566356586072157,2.5969415078247415,666.0518641471863
1950,36304162,1.196866750717163,5.445624299999999e-05,0.6769351368758607,18.46206636650336,2.5874605787730327,671.0993454456329
2000,37231205,1.1395984888076782,5.584680749999999e-05,0.6757421540493396,18.483192439588485,2.5893811308716805,728.739146232605
2050,38159532,1.1206324100494385,5.7239298e-05,0.674517377056967,18.4129757819783,2.5829977983616637,733.7718660831451
2100,39092160,1.289682149887085,5.863823999999999e-05,0.6732565529643519,18.498284308864072,2.5907531189876427,738.8239784240723
2150,40023072,1.1232789754867554,6.0034608e-05,0.6719676898844492,18.46424817026003,2.587658924569094,743.8731861114502
2200,40955898,1.0307012796401978,6.1433847e-05,0.6706457523327378,18.50221155562608,2.5911101414205526,799.5589900016785
2250,41886494,1.0138556957244873,6.2829741e-05,0.6692966283567893,18.554031421963472,2.5958210383603157,804.56201171875
2300,42817428,1.0109754800796509,6.422614199999999e-05,0.6679166875406343,18.464684531011365,2.5876985937283057,809.5989394187927
2350,43746877,1.0168108940124512,6.56203155e-05,0.6665086881730702,18.43523018029633,2.5850209254814844,814.653710603714
2400,44678999,0.9967411160469055,6.70184985e-05,0.6650662733462649,18.488248011583394,2.589840728325763,868.7990212440491
2450,45604084,1.010987639427185,6.840612599999999e-05,0.6636046816441165,18.44415423877502,2.5858322035250016,873.8167579174042
2500,46536866,1.0050029754638672,6.9805299e-05,0.6621006018007157,18.50133883412341,2.5910308031021283,878.8653042316437
2550,47470198,0.9530248641967773,7.120529699999999e-05,0.6605651552822139,18.512247852906757,2.5920225320824324,883.9157211780548
2600,48402738,1.0040621757507324,7.260410699999999e-05,0.6590005616968087,18.49653886585874,2.5905944423507945,888.9743790626526
2650,49332770,0.9746916890144348,7.3999155e-05,0.6574098615722243,18.446793740206676,2.586072158200607,945.8137464523315
2700,50259010,0.9269724488258362,7.538851499999999e-05,0.6557955584918482,18.467182390940266,2.5879256719036605,950.8361883163452
2750,51192188,0.9909782409667969,7.6788282e-05,0.6541387980360215,18.50919332764742,2.5917448479679472,955.8890824317932
2800,52122517,0.9183393716812134,7.81837755e-05,0.6524567563777324,18.452684610349685,2.5866076918499714,960.9353125095367
2850,53050679,0.9516206979751587,7.957601849999999e-05,0.6507484455086817,18.4097030763433,2.5827002796675727,1013.1960849761963
2900,53973476,0.964789628982544,8.0960214e-05,0.6490201180483549,18.39853656591435,2.58168514235585,1018.2237846851349
2950,54906665,0.8890988826751709,8.235999749999999e-05,0.647242017425111,18.50941150802309,2.5917646825475535,1023.2735772132874
3000,55838864,0.9005932807922363,8.375829599999999e-05,0.6454353721758163,18.489775274213063,2.5899795703830057,1028.3157494068146
3050,56770491,0.9444479942321777,8.515573649999998e-05,0.6435994486533311,18.47842989467838,2.588948172243489,1081.269145488739
3100,57698535,0.9411742091178894,8.65478025e-05,0.641740383529941,18.50315017146503,2.5911954701331847,1086.3140020370483
3150,58630525,0.9332300424575806,8.794578749999998e-05,0.6398430769189265,18.48562984707539,2.58960271337049,1091.3316824436188
3200,59559358,0.907130241394043,8.9339037e-05,0.6379219503059871,18.42301207925898,2.583910189023544,1096.3768999576569
3250,60493064,0.8041054606437683,9.073959599999998e-05,0.6359603111381082,18.519665985679435,2.5926969077890396,1101.423668384552
3300,61423426,1.0363383293151855,9.2135139e-05,0.6339753479223942,18.453339151476683,2.5866671955887894,1155.767600774765
3350,62349743,0.9352655410766602,9.352461449999999e-05,0.6319689170870941,18.468717601084617,2.588065236462238,1160.9969782829285
3400,63280325,0.8204944729804993,9.49204875e-05,0.6299230081881515,18.457702758990024,2.587063887180911,1166.2347831726074
3450,64212986,0.8938207030296326,9.6319479e-05,0.6278421175068665,18.498938849991074,2.590812622726461,1171.4770402908325
3500,65145889,0.8888077139854431,9.771883349999998e-05,0.6257302300619944,18.503738818255748,2.5912489834777954,1257.6606049537659
3550,66069357,0.9006119966506958,9.910403549999999e-05,0.6236097011481145,18.41191482574368,2.58290134779488,1262.8349809646606
3600,67002590,0.8918291330337524,0.000100503885,0.6214364263326082,18.510284229525755,2.591844020865978,1268.044542312622
3650,67935526,0.8353857398033142,0.00010190328899999999,0.6192333753743081,18.50439335938275,2.5913084872166134,1273.2160229682922
3700,68864986,0.9164090156555176,0.00010329747899999998,0.6170082398063466,18.435448360671995,2.5850407600610903,1401.4517908096313
3750,69796646,0.8596987128257751,0.00010469496899999999,0.6147474936251369,18.479084435805383,2.5890076759823075,1406.6402740478516
3800,70724965,0.8764296174049377,0.0001060874475,0.6124646382006036,18.508633064837706,2.591693914985246,1411.7953457832336
3850,71657659,0.9515077471733093,0.0001074864885,0.6101406483661951,18.499593391118076,2.5908721264652796,1416.929533958435
3900,72591035,0.8375122547149658,0.0001088865525,0.6077844786585035,18.513120574409424,2.5921018704008567,1422.1048140525818
3950,73526622,0.865190327167511,0.00011028993299999999,0.6053921275022095,18.55697482991848,2.5960886209016802,1551.0263357162476
4000,74451762,0.8195796608924866,0.00011167764299999999,0.6029963648641687,18.44525081744956,2.5859318924954144,1556.1815094947815
4050,75382949,0.8089993000030518,0.0001130744235,0.6005546925011094,18.469702679651704,2.588154789059246,1561.4364144802094
4100,76315863,0.7911667227745056,0.00011447379449999998,0.5980780584548916,18.503956998631413,2.5912688180574013,1566.6006548404694
4150,77249107,0.8487988114356995,0.00011587366049999998,0.5955700706847946,18.510502409901424,2.591863855445584,1634.701507806778
4200,78178864,0.8442233204841614,0.00011726829599999999,0.5930411414142163,18.441339230815004,2.5855762937104547,1639.756148815155
4250,79108107,0.8387544751167297,0.00011866216049999999,0.5904833796203396,18.5270555865699,2.5933686896881727,1644.7812550067902
4300,80041241,0.8179433941841125,0.0001200618615,0.5878844954356486,18.508320606144753,2.591665509649523,1649.816458940506
4350,80969590,0.8838927149772644,0.00012145438499999999,0.5852686961665582,18.413412142729634,2.583037467520876,1691.1223108768463
4400,81899303,0.8139892220497131,0.00012284895449999998,0.5826188229419983,18.440466509312333,2.5854969553920304,1696.159417629242
4450,82822650,0.8213725090026855,0.000124233975,0.5799571513221062,18.4095023526597,2.5826820320599726,1701.1607728004456
4500,83753606,0.8164494633674622,0.000125630409,0.5772433359349433,18.465120891762698,2.587738262887518,1706.2029507160187
4550,84683539,0.8255622386932373,0.0001270253085,0.5745022188926208,18.444830116825674,2.585893646984152,1711.2413902282715
4600,85617069,0.8086418509483337,0.0001284256035,0.5717200561773617,18.51617509966876,2.592379554515342,1751.049723148346
4650,86543463,0.8180937170982361,0.00012981519449999998,0.5689290077094336,18.470252811228967,2.588204801020815,1756.0889065265656
4700,87475299,0.7601545453071594,0.0001312129485,0.5660912611350605,18.482575321816054,2.589325029256005,1761.1058595180511
4750,88408994,0.8075006604194641,0.000132613491,0.5632173711483893,18.519447805303766,2.5926770732094333,1766.1603021621704
4800,89343789,0.8209312558174133,0.0001340156835,0.5603095289246609,18.54126584287046,2.594660531170042,1807.3417747020721
4850,90277187,0.8260974884033203,0.00013541578049999997,0.557375516378923,18.51355693516076,2.5921415395600693,1812.4869196414948
4900,91203933,0.7758520841598511,0.0001368058995,0.5544322455933014,18.477270914745993,2.588842810431454,1817.5171179771423
4950,92132689,0.8310586810112,0.00013819903349999998,0.5514524333085123,18.421484816629313,2.583771346966301,1822.535940170288
5000,93065724,0.8003810048103333,0.000139598586,0.5484284927862269,18.50635698276375,2.5914869984330684,1864.3526260852814
5050,93998187,0.8318170309066772,0.00014099728049999998,0.5453759647124781,18.49501160322907,2.5904556002935517,1869.3878881931305
5100,94925692,0.7630630731582642,0.00014238853799999998,0.5423094774706199,18.49240370045458,2.5902185182231436,1874.38849568367
5150,95855724,0.7709683179855347,0.000143783586,0.5392044030876268,18.446793740206676,2.586072158200607,1879.4080367088318
5200,96793060,0.7663954496383667,0.00014518959,0.536044311877137,18.591665509649523,2.5992423190590475,1884.4416012763977
5250,97727338,0.7686813473701477,0.00014659100699999998,0.5328639296300908,18.531011365214113,2.593728305928556,1923.9893894195557
5300,98658371,0.8128911256790161,0.0001479875565,0.5296642020534612,18.466648154392367,2.5878771049447606,1929.0208129882812
5350,99586503,0.757377028465271,0.0001493797545,0.5264442473540423,18.504904697344287,2.5913549724858442,1934.0214836597443
5400,100514203,0.7565351724624634,0.00015077130449999999,0.5231956624173089,18.400539500565287,2.581867227324117,1939.0450932979584
5450,101446633,0.7724454402923584,0.0001521699495,0.5199001614268579,18.49435706210207,2.5903960965547337,1977.0033173561096
5500,102377930,0.783359944820404,0.00015356689499999997,0.5165782903560142,18.471884483408374,2.5883531348553066,1982.025868177414
5550,103306898,0.8008177280426025,0.000154960347,0.5132344844483079,18.521572693197225,2.5928702448361114,1987.0326519012451
5600,104238382,0.8165271282196045,0.000156357573,0.5098512950653863,18.475593549794713,2.58869032270861,1992.088624715805
5650,105163409,0.8216902017593384,0.0001577451135,0.5064615046312275,18.34752166927822,2.5770474244798383,2028.9354765415192
5700,106092825,0.8228283524513245,0.00015913923749999998,0.503025468461589,18.434575639169328,2.584961421742666,2033.9688913822174
5750,107025343,0.7403261661529541,0.0001605380145,0.49954757922531606,18.496102505107405,2.5905547731915823,2038.986545085907
5800,107953178,0.8301617503166199,0.000161929767,0.4960569487947555,18.498983172501795,2.5908166520456177,2044.0079169273376
5850,108886103,0.7332816123962402,0.0001633291545,0.49251679003578436,18.50417517900708,2.5912886526370076,2049.0378148555756
5900,109816014,0.7490406632423401,0.000164724021,0.48895775371015654,18.44439375607434,2.58585397782494,2085.650134563446
5950,110747201,0.7534284591674805,0.00016612080149999998,0.48536350573664794,18.469702679651704,2.588154789059246,2090.6699657440186
6000,111670746,0.7294703125953674,0.000167506119,0.4817687785365609,18.41345003588803,2.5830409123534572,2095.684514284134
6050,112602626,0.7281152606010437,0.000168903939,0.4781113508133222,18.48344804331872,2.589404367574429,2100.7229466438293
6100,113536310,0.7344106435775757,0.00017030446499999999,0.47441636045271823,18.519229624928098,2.592657238629827,2135.1707854270935
6150,114465352,0.7349326610565186,0.00017169802799999996,0.47070945585153157,18.42715750639665,2.584287046036059,2140.2289962768555
6200,115390591,0.7589158415794373,0.00017308588649999997,0.4669877014017375,18.44722465906372,2.5861113326421563,2145.260689973831
6250,116324418,0.7272974252700806,0.00017448662699999997,0.4632010210968223,18.52206596981177,2.5929150881647063,2150.272063970566
6300,117249984,0.7091445922851562,0.000175874976,0.45941772190999547,18.3582125076859,2.578019318880536,2184.9985728263855
6350,118182194,0.707423210144043,0.00017727329099999998,0.4555769578735613,18.48999345458873,2.589999404962612,2190.0113134384155
6400,119112941,0.6976105570793152,0.0001786694115,0.451711877510784,18.460975464625026,2.5873614058750025,2195.012899160385
6450,120041315,0.6920640468597412,0.00018006197249999999,0.44782644712873854,18.50972964351224,2.5917936039556584,2200.0043847560883
6500,120972964,0.7009034752845764,0.00018145944599999998,0.4438969846684573,18.478866255429715,2.588987841402701,2205.031302213669
6550,121904195,0.6786189675331116,0.00018285629249999998,0.4399389267245345,18.470575401154374,2.5882341273776706,2238.491362810135
6600,122839177,0.7493219971656799,0.00018425876549999997,0.4359343903943468,18.544974909256798,2.594997719023345,2243.5048661231995
6650,123767243,0.7121886014938354,0.0001856508645,0.4319292173031316,18.503588802934843,2.5912353457213495,2248.512471675873
6700,124697055,0.7153562903404236,0.00018704558249999997,0.427886278300722,18.44243013269334,2.5856754666084854,2253.560448408127
6750,125629254,0.7331169247627258,0.000188443881,0.4238025844395609,18.489775274213063,2.5899795703830057,2287.514844894409
6800,126558428,0.6799237132072449,0.00018983764199999997,0.41970187528795433,18.429775670904654,2.584525060991332,2292.543710231781
6850,127488229,0.7785964012145996,0.00019123234349999998,0.4155681506627622,18.44221195231767,2.585655632028879,2297.57346868515
6900,128414007,0.6989626288414001,0.00019262101049999998,0.41142224910856906,18.457971130074167,2.587088284552197,2302.5722069740295
6950,129347526,0.6917939186096191,0.000194021289,0.4072113065593882,18.515956919293096,2.592359719935736,2337.052770137787
7000,130279274,0.7225423455238342,0.00019541891099999998,0.4029779384055762,18.48082987881072,2.589166352619156,2342.0603654384613
7050,131204807,0.7429071664810181,0.00019680721049999996,0.3987427258516232,18.3575579665589,2.577959815141718,2347.0710797309875
7100,132136525,0.6928303241729736,0.00019820478749999997,0.39444892831617656,18.576401626923996,2.597854693356727,2352.1007363796234
7150,133069802,0.6576656699180603,0.00019960470299999996,0.3901174864244139,18.511156951028422,2.591923359184402,2357.1373426914215
7200,134002914,0.7349517345428467,0.000201004371,0.38575633319140057,18.50788424539342,2.5916258404903108,2390.4403443336487
7250,134934596,0.7542611360549927,0.00020240189399999998,0.3813714590405437,18.479520796556717,2.5890473451415197,2395.491721391678
7300,135866135,0.6614707112312317,0.00020379920249999998,0.37695688380283104,18.476684451673048,2.588789495606641,2400.491579055786
7350,136789801,0.7095091938972473,0.00020518470149999998,0.37254963099165694,18.41586250897201,2.5832602280883643,2405.4921448230743
7400,137722209,0.6873413324356079,0.00020658331349999998,0.36807038009280546,18.493920701350735,2.5903564273955215,2438.881721973419
7450,138655563,0.652584433555603,0.0002079833445,0.36355610986017806,18.51268421365809,2.5920622012416445,2443.895824432373
7500,139589764,0.6791201829910278,0.00020938464599999998,0.3590072112624253,18.529484102584444,2.593589463871313,2448.99573469162
7550,140515399,0.6311677098274231,0.00021077309849999997,0.35446989626773895,18.455120025520376,2.586829093229125,2453.991698026657
7600,141443737,0.7306622862815857,0.0002121656055,0.3498892121108096,18.41319396235397,2.58301763294127,2487.4901978969574
7650,142374748,0.661074697971344,0.00021356212199999999,0.34526504480888864,18.466211793641033,2.5878374357855485,2492.5085513591766
7700,143302360,0.6613554358482361,0.00021495354,0.340627588322532,18.39879405755995,2.581708550687268,2497.512959241867
7750,144227368,0.7338754534721375,0.00021634105199999998,0.33597316059637006,18.442619028630673,2.585692638966425,2502.5217452049255
7800,145160931,0.7222861647605896,0.00021774139649999996,0.33124532194623163,18.516829640795763,2.5924390582541603,2507.529623270035
7850,146089753,0.6314529776573181,0.00021913462949999998,0.32651122119698234,18.422793898883313,2.5838903544439376,2542.0857214927673
7900,147021457,0.6156836152076721,0.00022053218549999997,0.32173209567795014,18.47995715730805,2.589087014300732,2547.2246141433716
7950,147949773,0.6712400317192078,0.0002219246595,0.31694013171184815,18.412757601602635,2.582977963782058,2552.280147790909
8000,148875958,0.656557023525238,0.00022331393699999996,0.3121291097676891,18.46608581226573,2.587825982933248,2557.270601272583
8050,149809092,0.7547521591186523,0.000224713638,0.3072516291973718,18.508320606144753,2.591665509649523,2591.412622451782
8100,150742644,0.6154455542564392,0.00022611396599999997,0.30234146739806217,18.516611460420098,2.5924192236745545,2596.4145917892456
8150,151675481,0.6453088521957397,0.00022751322149999997,0.2974045981098262,18.502429736001744,2.5911299760001585,2601.404043197632
8200,152600500,0.7077311873435974,0.00022890074999999996,0.29247902949562493,18.44283834436558,2.5857125767605074,2606.372312068939
8250,153531940,0.6967522501945496,0.00023029790999999996,0.287489009497137,18.474720828292046,2.588610984390186,2641.829431295395
8300,154462379,0.5953642129898071,0.00023169356849999997,0.2824740357890563,18.454866414106352,2.586806037646032,2646.820090532303
8350,155395964,0.6733356714248657,0.000233093946,0.27741165151893726,18.517266001547096,2.5924787274133725,2651.8165607452393
8400,156329681,0.6613147258758545,0.00023449452149999997,0.2723180396726692,18.5198841660551,2.5927167423686455,2656.810997247696
8450,157257175,0.5944450497627258,0.00023588576249999998,0.26722816594283905,18.492184384719675,2.5901985804290613,2661.785432100296
8500,158189044,0.6968052983283997,0.00023728356599999999,0.2620839612714061,18.483229862943055,2.5893845329948233,2699.0642325878143
8550,159124026,0.6819913387298584,0.00023868603899999998,0.2568920261171482,18.544974909256798,2.594997719023345,2704.0819923877716
8600,160055587,0.7024150490760803,0.00024008338049999998,0.25168865872649504,18.47712081242438,2.588829164765853,2709.1016252040863
8650,160984027,0.677086353302002,0.0002414760405,0.2464725033901072,18.511045537921685,2.591913230720153,2714.0914647579193
8700,161914070,0.6918370723724365,0.00024287110499999999,0.24121709388061427,18.447011920582344,2.5860919927802133,2748.7184302806854
8750,162845191,0.6562109589576721,0.00024426778649999994,0.23592526594303667,18.468393597397704,2.5880357815816093,2753.888811349869
8800,163775190,0.7207120060920715,0.00024566278499999996,0.23060952495811823,18.446139199079674,2.5860126544617885,2758.9598364830017
8850,164706047,0.7411727905273438,0.0002470590705,0.22525856642859135,18.463157268381696,2.5875597516710633,2763.983954668045
8900,165633728,0.5937663316726685,0.00024845059199999996,0.21989569260438524,18.495912752213094,2.590537522928463,2799.426508665085
8950,166566389,0.617463231086731,0.00024984958349999996,0.21447366597126183,18.498938849991074,2.590812622726461,2804.443681716919
9000,167499292,0.6000468730926514,0.00025124893799999997,0.20901977564122784,18.503738818255748,2.5912489834777954,2809.450629234314
9050,168430039,0.6349639892578125,0.0002526450585,0.2035481343430234,18.460975464625026,2.5873614058750025,2814.459967851639
9100,169357544,0.649929940700531,0.00025403631599999995,0.19806539008004106,18.49240370045458,2.5902185182231436,2819.4614968299866
9150,170291734,0.5743870735168457,0.000255437601,0.19251269329728177,18.52926592220878,2.593569629291707,2854.364921569824
9200,171219764,0.6726984977722168,0.000256829646,0.1869663672762253,18.407084911835295,2.5824622647122997,2859.371446609497
9250,172154812,0.5365114808082581,0.000258232218,0.18134761234178148,18.5462839915108,2.595116726500982,2864.3857741355896
9300,173082834,0.521920382976532,0.000259624251,0.1757408200542478,18.502711539995214,2.5911555945450195,2869.4056165218353
9350,174015737,0.5071345567703247,0.00026102360549999995,0.17007415733606962,18.503738818255748,2.5912489834777954,2906.003660440445
9400,174952688,0.5991761088371277,0.000262429032,0.1643522468275565,18.58402919650118,2.598548108772835,2911.0120215415955
9450,175880058,0.6165767908096313,0.000263820087,0.15865859096354112,18.393994089295276,2.5812721899359343,2916.041273355484
9500,176810728,0.7930804491043091,0.000265216092,0.15291441312192527,18.459448201995357,2.5872225638177597,2921.1647443771362
9550,177734196,0.675402820110321,0.00026660129399999995,0.15,18.41191482574368,2.58290134779488,3030.8836903572083
9600,178664965,0.6305213570594788,0.00026799744749999996,0.15,18.461411825376363,2.5874010750342147,3036.0326640605927
9650,179599287,0.7201122641563416,0.0002693989305,0.15,18.531884086716783,2.59380764424698,3041.228739976883
9700,180529187,0.6107069849967957,0.0002707937805,0.15,18.444175575698672,2.585834143245334,3046.4173753261566
9750,181458155,0.6041598916053772,0.0002721872325,0.15,18.521572693197225,2.5928702448361114,3051.573800086975
9800,182391267,0.5910152196884155,0.00027358690049999996,0.15,18.50788424539342,2.5916258404903108,3158.7468671798706
9850,183319044,0.6665533781051636,0.000274978566,0.15,18.402066763194956,2.5820060693813596,3163.943981409073
9900,184246788,0.6341022253036499,0.000276370182,0.15,18.401412222067954,2.581946565642541,3169.584558725357
9950,185182573,0.5926393866539001,0.00027777385949999997,0.15,18.560902076680485,2.5964456433345897,3175.1485636234283
10000,186103841,0.6900700926780701,0.00027915576149999995,0.15,18.36805167876226,2.578913788978387,3260.2938554286957
10050,187035798,0.5567595362663269,0.000280553697,0.15,18.48497530594839,2.5895432096316715,3265.289183139801
10100,187968657,0.690895676612854,0.00028195298549999994,0.15,18.502866096753078,2.5911696451593706,3270.3470525741577
10150,188900438,0.6329849362373352,0.000283350657,0.15,18.48148441993772,2.589225856357974,3275.383513212204
10200,189830154,0.615795910358429,0.000284745231,0.15,18.536486163170906,2.5942260148337186,3347.592455148697
10250,190764025,0.6850884556770325,0.0002861460375,0.15,18.522938691314437,2.5929944264831306,3352.730949640274
10300,191697995,0.7200478911399841,0.00028754699249999995,0.15,18.52490231469544,2.593172937699585,3357.851119995117
10350,192629721,0.5980234146118164,0.00028894458149999997,0.15,18.480393518059383,2.589126683459944,3362.920018672943
10400,193562767,0.6206756830215454,0.00029034415049999994,0.15,18.506575163139416,2.5915068330126743,3367.9731919765472
10450,194490811,0.6416273713111877,0.00029173621649999996,0.15,18.50315017146503,2.5911954701331847,3446.6548969745636
10500,195420557,0.6330149173736572,0.0002931308355,0.15,18.441121050439335,2.585556459130849,3451.720749616623
10550,196350556,0.6083260774612427,0.00029452583399999994,0.15,18.446139199079674,2.5860126544617885,3456.909186601639
10600,197281567,0.662929356098175,0.00029592235049999996,0.15,18.466211793641033,2.5878374357855485,3462.125881910324
10650,198209281,0.701134204864502,0.00029731392149999995,0.15,18.496570699417816,2.5905973363107107,3544.72750043869
10700,199143064,0.6081743240356445,0.000298714596,0.15,18.521193248309103,2.592835749846282,3549.8209841251373
10750,200076638,0.5716418027877808,0.000299987227,0.15,18.51704782117143,2.5924588928337666,3554.8702759742737
10800,201010476,0.615095853805542,0.0002998315873333333,0.15,18.52228415018744,2.5929349227443126,3559.9246900081635
10850,201936540,0.6383357644081116,0.0002996772433333333,0.15,18.463673339181753,2.587606667198341,3564.981223344803
10900,202864174,0.5447357296943665,0.00029952263766666663,0.15,18.399230418311284,2.5817482198464803,3624.974916934967
10950,203793689,0.651051938533783,0.0002993677185,0.15,18.43653926255033,2.585139932959121,3630.015243291855
11000,204725789,0.6153883337974548,0.00029921236849999997,0.15,18.48781165083206,2.589801059166551,3635.044465780258
11050,205654589,0.5230631232261658,0.0002990575685,0.15,18.42235753813198,2.5838506852847254,3640.0875341892242
11100,206584173,0.6482581496238708,0.0002989026378333333,0.15,18.53385437435202,2.593986761304729,3723.7887904644012
11150,207517395,0.7971855998039246,0.0002987471008333333,0.15,18.510066049150087,2.5918241862863716,3728.9545278549194
11200,208451673,0.7018210887908936,0.00029859138783333333,0.15,18.531011365214113,2.593728305928556,3734.129895925522
11250,209381848,0.6367342472076416,0.00029843635866666664,0.15,18.449630085090348,2.5863300077354863,3739.3155987262726
11300,210309595,0.5843491554260254,0.00029828173416666666,0.15,18.49722864662254,2.5906571496929582,3831.1162831783295
11350,211240837,0.6073394417762756,0.0002981265271666666,0.15,18.47079358153004,2.5882539619572764,3836.20729637146
11400,212175137,0.5604090094566345,0.00029797081049999995,0.15,18.53144772596545,2.593767975087768,3841.2608053684235
11450,213107908,0.6033005714416504,0.00029781534866666666,0.15,18.501120653747744,2.591010968522522,3846.289603948593
11500,214037665,0.6043862104415894,0.0002976603891666666,0.15,18.441339230815004,2.5855762937104547,3851.3258481025696
11550,214961892,0.6494973301887512,0.0002975063513333333,0.15,18.42704761145227,2.58427705558657,3920.318575143814
11600,215894355,0.6259378790855408,0.0002973509408333333,0.15,18.49501160322907,2.5904556002935517,3925.8280177116394
11650,216830140,0.5891733765602112,0.0002971949766666667,0.15,18.560902076680485,2.5964456433345897,3931.291890859604
11700,217763241,0.6396142244338989,0.00029703945983333333,0.15,18.50766606501775,2.591606005910705,3936.829895734787
11750,218690647,0.6452924013137817,0.00029688489216666663,0.15,18.490429858840418,2.5900390780764018,4026.6375880241394
11800,219623726,0.6417959332466125,0.000296729379,0.15,18.50722970426642,2.5915663367514927,4031.638190984726
11850,220556343,0.5730280876159668,0.00029657394283333333,0.15,18.498066128488407,2.590733284408037,4036.8113672733307
11900,221489576,0.5853079557418823,0.00029641840399999996,0.15,18.510284229525755,2.591844020865978,4041.886861562729
11950,222424547,0.68479984998703,0.00029626257549999997,0.15,18.544756728881133,2.5949778844437392,4097.334797143936
12000,223353922,0.6296561360359192,0.00029610767966666663,0.15,18.529687375388786,2.593607943217162,4102.391309976578
12050,224289322,0.6095818281173706,0.00029595177966666665,0.15,18.553265763532142,2.5957514330483766,4107.432213544846
12100,225222390,0.6428037285804749,0.0002957962683333333,0.15,18.50701152389075,2.5915465021718864,4112.486605882645
12150,226156085,0.6598289608955383,0.0002956406525,0.15,18.519447805303766,2.5926770732094333,4117.513182878494
12200,227081126,0.6114683747291565,0.00029548647899999995,0.15,18.443276975835392,2.585752452348672,4174.602168798447
12250,228011147,0.4883439242839813,0.00029533147549999997,0.15,18.44657555983101,2.586052323621001,4179.618477106094
12300,228941806,0.684849739074707,0.0002951763656666666,0.15,18.459230021619693,2.587202729238154,4184.649863958359
12350,229876315,0.5410359501838684,0.00029502061416666664,0.15,18.53559315310312,2.594144832100284,4189.695608854294
12400,230803072,0.6661888957023621,0.00029486615466666665,0.15,18.4774902304809,2.5888627482255364,4249.424567461014
12450,231737163,0.6716727614402771,0.0002947104728333333,0.15,18.527302298827777,2.5933911180752527,4254.431105852127
12500,232664643,0.726801335811615,0.0002945558928333333,0.15,18.396175893051947,2.581470535731995,4259.46590924263
12550,233599603,0.6200188994407654,0.00029440006616666666,0.15,18.544538548505464,2.594958049864133,4264.499120950699
12600,234531692,0.6075847148895264,0.00029424471799999993,0.15,18.487593470456392,2.589781224586945,4323.759187698364
12650,235457624,0.6211531162261963,0.000294090396,0.15,18.461041550362868,2.5873674136693516,4328.760478973389
12700,236389878,0.6843600869178772,0.00029393502033333327,0.15,18.490866176091398,2.5900787432810364,4333.785269021988
12750,237323529,0.6009303331375122,0.0002937794118333333,0.15,18.5185750838011,2.592597734891009,4338.836132287979
12800,238255860,0.7340525388717651,0.0002936240233333333,0.15,18.492393438721066,2.5902175853382787,4343.879275083542
12850,239183090,0.5798071026802063,0.000293469485,0.15,18.486920807081905,2.5897200733710823,4406.069301843643
12900,240114090,0.6283043026924133,0.0002933143183333333,0.15,18.46599361326537,2.5878176012059426,4411.097925186157
12950,241043946,0.6201467514038086,0.0002931593423333333,0.15,18.443302854196006,2.5857548049269097,4416.142790555954
13000,241975463,0.5164094567298889,0.0002930040895,0.15,18.476248090921715,2.5887498264474287,4421.19172501564
13050,242904307,0.5866191983222961,0.00029284928216666663,0.15,18.423230259634646,2.5839300236031497,4486.245973587036
13100,243830107,0.6698783040046692,0.00029269498216666665,0.15,18.458409761543983,2.587128160140362,4491.252427339554
13150,244761668,0.5731023550033569,0.00029253972199999996,0.15,18.47712081242438,2.588829164765853,4496.293078184128
13200,245696914,0.6471641063690186,0.00029238384766666663,0.15,18.550211238272805,2.5954737489338915,4501.312042474747
13250,246627408,0.5779908299446106,0.0002922287653333333,0.15,18.455957315984687,2.5869052105440624,4566.962807178497
13300,247553230,0.6605385541915894,0.0002920744616666666,0.15,18.458848393013795,2.587168035728527,4571.971132516861
13350,248482195,0.592039942741394,0.00029191963416666663,0.15,18.42563024376698,2.5841482039788164,4576.987506151199
13400,249417364,0.6152161955833435,0.00029176377266666666,0.15,18.548683975643137,2.5953349068766487,4582.015980005264
13450,250346395,0.6946848630905151,0.00029160893416666666,0.15,18.426939326020985,2.5842672114564533,4587.04327750206
13500,251277802,0.7232249975204468,0.0002914536996666666,0.15,18.474066287165044,2.588551480651368,4652.096282958984
13550,252205439,0.5693081021308899,0.00029129909349999997,0.15,18.495035489273466,2.590457771752133,4657.111791372299
13600,253135548,0.5524662733078003,0.00029114407533333334,0.15,18.448321002836344,2.5862110002578493,4662.150958061218
13650,254067560,0.6301971673965454,0.00029098873999999997,0.15,18.486066207826724,2.589642382529702,4667.178693771362
13700,254993929,0.648780345916748,0.00029083434516666664,0.15,18.374139675109586,2.5794672431917807,4733.479683876038
13750,255919366,0.6503843665122986,0.00029068010566666663,0.15,18.45117234229205,2.586470212935641,4738.493708372116
13800,256854326,0.6420691609382629,0.000290524279,0.15,18.544538548505464,2.594958049864133,4743.533836841583
13850,257787031,0.665434718132019,0.00029036882816666664,0.15,18.49981157149374,2.5908919610448855,4748.562823057175
13900,258720671,0.6993764638900757,0.0002902132215,0.15,18.51835690342543,2.5925779003114027,4804.2180116176605
13950,259650673,0.6026983857154846,0.0002900582211666666,0.15,18.542188372278492,2.5947443974798627,4809.272369384766
14000,260583818,0.6368631720542908,0.000289902697,0.15,18.50853878652042,2.5916853442291288,4814.284536123276
14050,261517359,0.6271724104881287,0.0002897471068333333,0.15,18.51639328004443,2.592399389094948,4819.330083608627
14100,262449569,0.7519583106040955,0.0002895917385,0.15,18.48999345458873,2.589999404962612,4824.374849081039
14150,263381977,0.6968145966529846,0.0002894363371666666,0.15,18.493920701350735,2.5903564273955215,4880.7476642131805
14200,264309383,0.6361610293388367,0.00028928176949999997,0.15,18.490429858840418,2.5900390780764018,4885.755182504654
14250,265238865,0.6217716336250305,0.0002891268558333333,0.15,18.435884721423328,2.5850804292203025,4890.803003787994
14300,266169337,0.6766303181648254,0.00028897177716666664,0.15,18.455520955233354,2.5868655413848503,4895.84285569191
14350,267099094,0.5908142924308777,0.00028881681766666664,0.15,18.441339230815004,2.5855762937104547,4945.214571237564
14400,268022991,0.5366226434707642,0.0002886628348333333,0.15,18.420468139405056,2.583678921764096,4950.291388273239
14450,268955113,0.6898267865180969,0.00028850748116666664,0.15,18.488248011583394,2.589840728325763,4955.355349779129
14500,269891074,0.7586284279823303,0.00028835148766666666,0.15,18.564392962691155,2.596762996608287,4960.3776042461395
14550,270822481,0.6558838486671448,0.00028819625316666667,0.15,18.474066287165044,2.588551480651368,5004.045339822769
14600,271758475,0.6584815382957458,0.00028804025416666665,0.15,18.565047503818157,2.596822500347105,5009.257360219955
14650,272689313,0.6613597869873047,0.00028788511449999996,0.15,18.55885636813143,2.59625966983013,5014.455576181412
14700,273621512,0.6294820308685303,0.00028772974799999996,0.15,18.489775274213063,2.5899795703830057,5019.537266731262
14750,274552171,0.5796971321105957,0.00028757463816666667,0.15,18.459230021619693,2.587202729238154,5024.627054929733
14800,275483160,0.6369659900665283,0.0002874194733333333,0.15,18.4657754328897,2.5877977666263363,5072.364465713501
14850,276409620,0.6718710660934448,0.0002872650633333333,0.15,18.471568705638408,2.58832442778531,5077.51079750061
14900,277339762,0.7075883150100708,0.00028711003966666663,0.15,18.448975543963346,2.586270503996668,5082.549856901169
14950,278270773,0.6058551669120789,0.00028695487116666665,0.15,18.466211793641033,2.5878374357855485,5087.586853504181
15000,279199122,0.6640778183937073,0.0002868001463333333,0.15,18.413412142729634,2.583037467520876,5153.076669931412
15050,280130177,0.5783271193504333,0.0002866449705,0.15,18.4670845151437,2.587916774103973,5158.087206840515
15100,281059981,0.6804731488227844,0.0002864900031666666,0.15,18.538240689050163,2.5943855171863786,5163.109470367432
15150,281992070,0.5548363924026489,0.000286334655,0.15,18.487593470456392,2.589781224586945,5168.131950378418
15200,282923609,0.5763942003250122,0.0002861793985,0.15,18.476684451673048,2.588789495606641,5226.801739692688
15250,283856831,0.5477860569953918,0.00028602386149999997,0.15,18.510066049150087,2.5918241862863716,5231.876039981842
15300,284781828,0.6409095525741577,0.0002858696953333333,0.15,18.442399712895764,2.585672701172342,5236.924179553986
15350,285713235,0.5659554600715637,0.0002857144608333333,0.15,18.474066287165044,2.588551480651368,5242.0478515625
15400,286642651,0.6040565371513367,0.00028555955816666665,0.15,18.434575639169328,2.584961421742666,5247.078814506531
15450,287574388,0.7011134624481201,0.00028540426866666667,0.15,18.48061169843505,2.5891465180395503,5312.005819559097
15500,288499418,0.6276051998138428,0.00028525009699999996,0.15,18.443057660100486,2.5857325145545897,5317.075932264328
15550,289432904,0.5096866488456726,0.00028509451599999995,0.15,18.515302378166094,2.5923002161969175,5322.097167015076
15600,290364619,0.600381076335907,0.00028493923016666665,0.15,18.48017533768372,2.589106848880338,5327.162562608719
15650,291297929,0.5250027775764465,0.0002847836785,0.15,18.511811492155424,2.59198286292322,5391.8855521678925
15700,292230810,0.6684854626655579,0.0002846281983333333,0.15,18.503302457504414,2.5912093143185833,5396.997189998627
15750,293159052,0.6626996397972107,0.0002844734913333333,0.15,18.507097854693356,2.591554350426669,5402.021044015884
15800,294093462,0.585748553276062,0.00028431775633333333,0.15,18.533629529722116,2.593966320883829,5407.092361688614
15850,295026728,0.5850492119789124,0.000284162212,0.15,18.510938770652757,2.591903524604796,5471.794304847717
15900,295958432,0.5550786256790161,0.000284006928,0.15,18.47995715730805,2.589087014300732,5476.813111305237
15950,296884914,0.5602535009384155,0.00028385251433333327,0.15,18.472007337108224,2.5883643033734747,5481.806782484055
16000,297816475,0.5671973824501038,0.0002836972541666666,0.15,18.47712081242438,2.588829164765853,5486.865103006363
16050,298751259,0.6887797713279724,0.0002835414568333333,0.15,18.541047662494794,2.5946406965904356,5491.911958456039
16100,299681401,0.567333459854126,0.00028338643316666665,0.15,18.448975543963346,2.586270503996668,5556.514154911041
16150,300610465,0.621902346611023,0.0002832315891666666,0.15,18.427593867147987,2.5843267151952714,5561.533332824707
16200,301538399,0.5503197908401489,0.00028307693349999995,0.15,18.500957014115958,2.5909960921923596,5566.6125338077545
16250,302471940,0.5863239765167236,0.0002829213433333333,0.15,18.51639328004443,2.592399389094948,5571.652055263519
16300,303402346,0.5917685627937317,0.00028276627566666663,0.15,18.454211872979354,2.5867465339072138,5631.178871870041
16350,304329045,0.6191020607948303,0.0002826118258333333,0.15,18.380685086379593,2.580062280579963,5636.3224239349365
16400,305256011,0.5982359647750854,0.0002824573315,0.15,18.481657229444135,2.589241566313103,5641.343178510666
16450,306189453,0.6186351776123047,0.0002823017578333333,0.15,18.514429656663427,2.592220877878493,5646.383627414703
16500,307124248,0.6350241899490356,0.00028214595866666664,0.15,18.54126584287046,2.594660531170042,5720.177980422974
16550,308058361,0.5266408324241638,0.00028199027316666667,0.15,18.52773865957911,2.5934307872344644,5725.293947935104
16600,308986259,0.608698844909668,0.0002818356235,0.15,18.40446674732729,2.5822242497570262,5730.315860509872
16650,309912488,0.5457859039306641,0.00028168125199999996,0.15,18.46696307520536,2.587905734109578,5735.349988222122
16700,310847679,0.7639778256416321,0.0002815253868333333,0.15,18.54912033639447,2.595374576035861,5740.491552591324
16750,311777711,0.7124921083450317,0.00028137038149999996,0.15,18.446793740206676,2.586072158200607,5800.662070035934
16800,312709008,0.6496331095695496,0.0002812151653333333,0.15,18.471884483408374,2.5883531348553066,5805.707246303558
16850,313634764,0.568112850189209,0.00028106087266666665,0.15,18.457532498604355,2.587048408964032,5810.721743345261
16900,314569988,0.5877611041069031,0.00028090500199999996,0.15,18.54977487752147,2.5954340797746793,5815.7364501953125
16950,315499624,0.5468965172767639,0.00028075006266666664,0.15,18.438939246682665,2.5853581133347876,5884.916760921478
17000,316430723,0.5516811609268188,0.00028059487949999996,0.15,18.46795723664637,2.587996112422397,5890.010625839233
17050,317351892,0.7314888834953308,0.0002804413513333333,0.15,18.366077837148097,2.578734348831645,5895.129873752594
17100,318282518,0.6388819217681885,0.00028028624699999997,0.15,18.45857548049269,2.5871432254993354,5900.167114496231
17150,319211868,0.6073163151741028,0.0002801313553333333,0.15,18.433266556915328,2.58484241426503,5965.9297959804535
17200,320144452,0.6442204713821411,0.00027997592466666666,0.15,18.497411587361405,2.590673780669219,5971.068253993988
17250,321080787,0.6202648878097534,0.0002798198688333333,0.15,18.571811095463833,2.597437372314894,5976.274544477463
17300,322008578,0.5955144166946411,0.000279665237,0.15,18.498105909562167,2.5907369008692878,5981.339773178101
17350,322941239,0.5972346067428589,0.00027950979349999997,0.15,18.498938849991074,2.590812622726461,5986.405851364136
17400,323872976,0.5976871252059937,0.000279354504,0.15,18.48061169843505,2.5891465180395503,6068.692430019379
17450,324803052,0.6004174947738647,0.00027919949133333333,0.15,18.447666461709343,2.5861514965190313,6073.658169746399
17500,325730667,0.49805864691734314,0.0002790448888333333,0.15,18.494596857803653,2.5904178961639683,6078.600606203079
17550,326659940,0.6417454481124878,0.00027889000999999997,0.15,18.43173929428566,2.584703572207787,6083.567210674286
17600,327593030,0.5502074360847473,0.00027873449499999996,0.15,18.507447884642087,2.5915861713310986,6195.204607248306
17650,328522237,0.6269805431365967,0.0002785796271666666,0.15,18.430430212031656,2.5845845647301506,6200.353964328766
17700,329453688,0.6354230046272278,0.0002784243853333333,0.15,18.47493900866771,2.5886308189697917,6205.474074840546
17750,330382843,0.5965986251831055,0.00027826952616666665,0.15,18.525301060690644,2.593209187335513,6210.56183385849
17800,331317341,0.5852975249290466,0.00027811377649999996,0.15,18.535374972727453,2.5941249975206775,6311.137717485428
17850,332247450,0.6899418830871582,0.00027795875833333333,0.15,18.448321002836344,2.5862110002578493,6316.244218111038
17900,333179418,0.626275360584259,0.00027780343033333334,0.15,18.485193486324057,2.589563044211278,6321.468777179718
17950,334106219,0.5854533314704895,0.00027764896349999997,0.15,18.478367493420528,2.5889424994018664,6326.567730665207
18000,335040761,0.7050986886024475,0.00027749320649999996,0.15,18.53624769423012,2.594204335839102,6331.715541124344
18050,335977514,0.6327559947967529,0.00027733708099999995,0.15,18.580101949739174,2.598191086339925,6373.941720247269
18100,336909999,0.6125434637069702,0.00027718166683333333,0.15,18.495447963980403,2.590495269452764,6378.934142589569
18150,337838403,0.6591729521751404,0.00027702693283333335,0.15,18.41450304460797,2.5831366404189064,6383.997683286667
18200,338764907,0.5605680346488953,0.00027687251549999995,0.15,18.472445968578036,2.5884041789616394,6389.008909702301
18250,339699614,0.6223039627075195,0.000276716731,0.15,18.539520399865125,2.5945018545331933,6426.795727968216
18300,340631912,0.5878312587738037,0.000276561348,0.15,18.491738897594065,2.5901580815994603,6431.902747869492
18350,341564287,0.6845775842666626,0.00027640595216666666,0.15,18.493266160223733,2.590296923656703,6437.056005239487
18400,342490472,0.6065928936004639,0.00027625158799999996,0.15,18.46608581226573,2.587825982933248,6442.065566778183
18450,343428523,0.607054591178894,0.0002760952461666666,0.15,18.605847234067873,2.600531566733443,6478.401659727097
18500,344361327,0.6312353610992432,0.00027593977883333333,0.15,18.501775194874746,2.5910704722613405,6483.430698871613
18550,345294604,0.5967972874641418,0.00027578423266666664,0.15,18.511156951028422,2.591923359184402,6488.570132255554
18600,346221174,0.4722040593624115,0.00027562980433333334,0.15,18.47376186298748,2.5885238057261346,6493.705915927887
18650,347149974,0.6590310335159302,0.0002754750043333333,0.15,18.42235753813198,2.5838506852847254,6498.727919340134
18700,348080864,0.6115477085113525,0.000275319856,0.15,18.463811809508698,2.587619255409882,6529.2167048454285
18750,349013954,0.5441542267799377,0.000275164341,0.15,18.507447884642087,2.5915861713310986,6534.352345705032
18800,349945174,0.604172945022583,0.00027500913766666664,0.15,18.470357220778705,2.5882142927980643,6539.516037940979
18850,350873614,0.599800169467926,0.0002748543976666666,0.15,18.511045537921685,2.591913230720153,6544.55050611496
18900,351804647,0.5657024383544922,0.00027469922549999996,0.15,18.466648154392367,2.5878771049447606,6608.498219251633
18950,352737198,0.68295818567276,0.00027454380033333333,0.15,18.496757046234404,2.5906142769304004,6613.687038183212
19000,353667186,0.7110738754272461,0.00027438880233333327,0.15,18.44592101870401,2.5859928198821827,6618.759716510773
19050,354596033,0.6090800762176514,0.0002742339945,0.15,18.519160220113246,2.5926509291012043,6623.845879793167
19100,355531235,0.579168975353241,0.00027407812749999995,0.15,18.54933851677014,2.595394410615467,6675.1562395095825
19150,356462763,0.5628518462181091,0.0002739228728333333,0.15,18.47646627129738,2.5887696610270345,6680.241352081299
19200,357393917,0.5901090502738953,0.00027376768049999995,0.15,18.469048138524705,2.5880952853204278,6685.28516626358
19250,358325478,0.6471015214920044,0.0002736124203333333,0.15,18.47712081242438,2.588829164765853,6690.5336236953735
19300,359252752,0.6075968146324158,0.00027345787466666663,0.15,18.487798070021533,2.5897998245474123,6695.576660633087
19350,360182388,0.677891731262207,0.0002733029353333333,0.15,18.438939246682665,2.5853581133347876,6748.985858678818
19400,361116171,0.5857122540473938,0.0002731473048333333,0.15,18.521193248309103,2.592835749846282,6753.958409547806
19450,362047281,0.7110745906829834,0.0002729921198333333,0.15,18.468175417022035,2.588015947002003,6758.978764533997
19500,362974478,0.6736904382705688,0.00027283758699999993,0.15,18.486262859877183,2.5896602599888348,6764.0001475811005
19550,363908228,0.5285621285438538,0.000272681962,0.15,18.5205387071821,2.592776246107464,6808.50372004509
19600,364842737,0.5725398659706116,0.00027252621049999996,0.15,18.53559315310312,2.594144832100284,6813.532102108002
19650,365775673,0.6491316556930542,0.00027237072116666666,0.15,18.50439335938275,2.5913084872166134,6818.532258749008
19700,366707333,0.5293459296226501,0.0002722154445,0.15,18.479084435805383,2.5890076759823075,6823.586960554123
19750,367635245,0.5739951729774475,0.0002720607925,0.15,18.500518382646145,2.590956216604195,6864.0680050849915
19800,368565706,0.5595718026161194,0.00027190571566666663,0.15,18.455302774857685,2.586845706805244,6869.090312242508
19850,369501084,0.5379342436790466,0.0002717498193333333,0.15,18.55282940278081,2.5957117638891645,6874.486850738525
19900,370429499,0.6364012360572815,0.0002715950835,0.15,18.414721224983637,2.5831564749985123,6879.57764005661
19950,371359743,0.5541582703590393,0.0002714400428333333,0.15,18.547013318446446,2.595183028949677,6884.605444431305
20000,372291722,0.645736038684845,0.00027128471299999997,0.15,18.485411666699726,2.589582878790884,6953.706172943115
20050,373223371,0.7025545239448547,0.00027112943816666663,0.15,18.478866255429715,2.588987841402701,6958.742829084396
20100,374156241,0.5971896052360535,0.0002709739598333333,0.15,18.503084277128746,2.591189479738977,6963.789963245392
20150,375084813,0.6040381789207458,0.0002708191978333333,0.15,18.51367732674057,2.5921524842491426,6968.838921785355
20200,376020147,0.6131176948547363,0.0002706633088333333,0.15,18.551956681278142,2.59563242557074,7023.895438671112
20250,376947044,0.6755478978157043,0.000270508826,0.15,18.3846123331416,2.5804193030128726,7028.980038166046
20300,377876933,0.5565003156661987,0.0002703538445,0.15,18.443957395323007,2.585814308665728,7034.0541479587555
20350,378810661,0.6318773627281189,0.00027019822316666666,0.15,18.520102346430768,2.5927365769482518,7039.15198636055
20400,379737517,0.5777412056922913,0.0002700437471666666,0.15,18.479464072095062,2.5890421883722783,7065.009229421616
20450,380668583,0.6642373204231262,0.0002698885695,0.15,18.46730269551937,2.587936608683579,7070.195339679718
20500,381599066,0.6515570282936096,0.00026973348899999997,0.15,18.455739135609022,2.5868853759644566,7075.372669935226
20550,382527184,0.5833914279937744,0.00026957880266666667,0.15,18.408830354840628,2.582620941349148,7080.55851483345
20600,383460266,0.5675692558288574,0.00026942328899999996,0.15,18.603596778052477,2.6003269798229525,7085.643125534058
20650,384388692,0.7048718333244324,0.0002692685513333333,0.15,18.414939405359302,2.583176309578118,7111.394011497498
20700,385318284,0.5962507128715515,0.00026911361933333334,0.15,18.438066525179998,2.5852787750163633,7116.555609226227
20750,386249559,0.6704292893409729,0.0002689584068333333,0.15,18.47144812265704,2.5883134656960944,7121.7385993003845
20800,387180966,0.6294193863868713,0.0002688031723333333,0.15,18.474066287165044,2.588551480651368,7126.911825418472
20850,388103928,0.564039945602417,0.0002686493453333333,0.15,18.401826301937955,2.581984209267087,7189.751455545425
20900,389035522,0.6586151719093323,0.00026849407966666664,0.15,18.477775353551383,2.588888668504671,7194.950216770172
20950,389974442,0.5809427499771118,0.00026833759299999996,0.15,18.62308348374556,2.6020984985223237,7200.020657777786
21000,390907928,0.6697947382926941,0.000268182012,0.15,18.515302378166094,2.5923002161969175,7205.066076993942
21050,391838073,0.6079333424568176,0.0002680269878333333,0.15,18.545039476832283,2.595003588802935,7260.119293451309
21100,392774639,0.6945669054985046,0.0002678708935,0.15,18.57639288335284,2.5978538984866217,7265.231642007828
21150,393704605,0.6052976846694946,0.0002677158991666666,0.15,18.445484657952676,2.5859531507229705,7270.430595636368
21200,394635847,0.5224503874778748,0.0002675606921666666,0.15,18.47079358153004,2.5882539619572764,7275.667019367218
21250,395569014,0.6374451518058777,0.0002674051643333333,0.15,18.508975147271755,2.5917250133883414,7280.827236652374
21300,396498686,0.5102547407150269,0.000267250219,0.15,18.535608900231278,2.594146263657389,7317.25409245491
21350,397426496,0.506528913974762,0.00026709558399999996,0.15,18.402721304321954,2.5820655731201776,7322.28573012352
21400,398358277,0.5954418778419495,0.00026694028716666666,0.15,18.48148441993772,2.589225856357974,7327.286352157593
21450,399290036,0.6685459613800049,0.000266784994,0.15,18.481048059186385,2.5891861871987625,7332.291726589203
21500,400214043,0.626792311668396,0.0002666309928333333,0.15,18.42266129675413,2.5838782997049208,7366.271194934845
21550,401147309,0.45255956053733826,0.00026647544849999996,0.15,18.510938770652757,2.591903524604796,7371.312799453735
21600,402082093,0.5259008407592773,0.00026631965116666664,0.15,18.541047662494794,2.5946406965904356,7376.334609508514
21650,403015480,0.6717125177383423,0.0002661640866666666,0.15,18.513338754785092,2.592121704980463,7381.335191726685
21700,403940334,0.5012586712837219,0.0002660099443333333,0.15,18.439548608341973,2.5854135098492703,7386.334142446518
21750,404874964,0.5633273124694824,0.00026585417266666666,0.15,18.537993137235457,2.5943630124759505,7420.6881375312805
21800,405807647,0.5397615432739258,0.0002656987255,0.15,18.499375210742407,2.5908522918856733,7425.665835618973
21850,406740385,0.6337267160415649,0.00026554326916666663,0.15,18.500466112620742,2.590951464783704,7430.733840465546
21900,407668844,0.5316915512084961,0.000265388526,0.15,18.415593946486304,2.5832358133169366,7435.714679718018
21950,408597229,0.5529268383979797,0.00026523379516666664,0.15,18.50994895924715,2.5918135417497408,7464.051155090332
22000,409532860,0.6242068409919739,0.00026507785666666665,0.15,18.557847551421148,2.596167959220104,7469.018662452698
22050,410462606,0.5999420285224915,0.00026492289899999994,0.15,18.441121050439335,2.585556459130849,7474.000062704086
22100,411394420,0.5079670548439026,0.00026476759666666666,0.15,18.48213896106472,2.5892853600967927,7479.01726937294
22150,412324367,0.5273397564888,0.00026461260549999997,0.15,18.541091793603957,2.594644708509451,7504.675245285034
22200,413258546,0.5487455129623413,0.000264456909,0.15,18.52904774183311,2.593549794712101,7509.658349990845
22250,414193649,0.5079160332679749,0.00026430105849999997,0.15,18.547374893389133,2.595215899399012,7514.643575429916
22300,415120227,0.6154695749282837,0.0002641466288333333,0.15,18.378285102247258,2.579844100204296,7519.647025585175
22350,416054956,0.6454440355300903,0.0002639908406666666,0.15,18.53995676061646,2.5945415236924054,7524.646907567978
22400,416980822,0.6052578687667847,0.00026383652966666663,0.15,18.459725655953424,2.587247786904857,7563.374253034592
22450,417913835,0.596279501914978,0.0002636810275,0.15,18.505920622012418,2.5914473292738562,7568.605007171631
22500,418843493,0.6042009592056274,0.00026352608449999997,0.15,18.439375607434002,2.585397782494,7573.686419010162
22550,419775538,0.6131098866462708,0.0002633707436666667,0.15,18.486720748953726,2.5897018862685206,7578.798371076584
22600,420700150,0.6623798608779907,0.0002632166416666666,0.15,18.43472366217402,2.584974878379456,7630.358467340469
22650,421631612,0.58323734998703,0.00026306139799999996,0.15,18.47515718904338,2.588650653549398,7635.443758010864
22700,422566198,0.6126973628997803,0.00026290563366666663,0.15,18.53712041573279,2.5942836741575266,7640.647433519363
22750,423501840,0.5713042616844177,0.00026274969333333335,0.15,18.558065731796816,2.5961877937997104,7645.773726463318
22800,424436195,0.6292400360107422,0.00026259396749999997,0.15,18.53253862784378,2.593867147985798,7674.896156311035
22850,425362677,0.5436512231826782,0.0002624395538333333,0.15,18.472007337108224,2.5883643033734747,7679.954303979874
22900,426296889,0.603032648563385,0.0002622838518333333,0.15,18.529702282960113,2.5936092984509194,7685.13126039505
22950,427225920,0.6688849925994873,0.0002621290133333333,0.15,18.426939326020985,2.5842672114564533,7690.1780128479
23000,428158801,0.754479169845581,0.0002619735331666666,0.15,18.503302457504414,2.5912093143185833,7695.339415073395
23050,429085041,0.5740645527839661,0.0002618191598333333,0.15,18.467182390940266,2.5879256719036605,7746.875516414642
23100,430015392,0.6054741740226746,0.0002616641013333333,0.15,18.45312097110102,2.5866473610091836,7752.056885719299
23150,430947580,0.5256360769271851,0.00026150873666666666,0.15,18.489557093837398,2.5899597358034,7757.142106294632
23200,431878360,0.5735052227973938,0.00026135360666666664,0.15,18.461630005752028,2.5874209096138205,7762.174636125565
23250,432805931,0.6031820774078369,0.00026119901149999994,0.15,18.493719594864025,2.590338144987639,7795.06293964386
23300,433736535,0.5953842997550964,0.0002610439108333333,0.15,18.458139119741357,2.5871035563401232,7800.020104885101
23350,434671572,0.5652254223823547,0.0002608880713333333,0.15,18.546065811135133,2.5950968919213757,7805.025009393692
23400,435601087,0.5478821396827698,0.00026073315216666666,0.15,18.43653926255033,2.585139932959121,7810.005648612976
23450,436532197,0.5597867965698242,0.00026057796716666664,0.15,18.468175417022035,2.588015947002003,7835.841102361679
23500,437459680,0.5669121146202087,0.00026042338666666665,0.15,18.49196506898477,2.590178642634979,7840.800025463104
23550,438393100,0.550236701965332,0.00026026781666666664,0.15,18.513993295912094,2.5921812087192815,7845.780512332916
23600,439325233,0.6291716694831848,0.00026011246116666665,0.15,18.488466191959063,2.5898605629053693,7850.755833148956
23650,440254671,0.5604709982872009,0.0002599575548333333,0.15,18.43501199992066,2.585001090901878,7855.738370656967
23700,441182154,0.6146106719970703,0.0002598029743333333,0.15,18.49196506898477,2.590178642634979,7881.633202075958
23750,442114771,0.6208313703536987,0.0002596475381666666,0.15,18.498066128488407,2.590733284408037,7886.638223409653
23800,443047597,0.6121891736984253,0.00025949206716666665,0.15,18.50221155562608,2.5911101414205526,7891.638220310211
23850,443978850,0.6331037282943726,0.0002593368583333333,0.15,18.471011761905707,2.5882737965368823,7896.6280789375305
23900,444915152,0.5760853290557861,0.000259180808,0.15,18.57115655433683,2.5973778685760753,7922.07044172287
23950,445839885,0.5695785284042358,0.0002590266858333333,0.15,18.437136135257994,2.5851941941143632,7927.044563770294
24000,446773558,0.49436718225479126,0.00025887107366666666,0.15,18.519011444552433,2.592637404050221,7932.054803133011
24050,447702259,0.5718403458595276,0.00025871629016666666,0.15,18.420393914750978,2.583672174068271,7937.0383360385895
24100,448632148,0.5705896615982056,0.00025856130866666664,0.15,18.443957395323007,2.585814308665728,7963.484224796295
24150,449563965,0.5554560422897339,0.0002584060058333333,0.15,18.578375468538162,2.5980341335034693,7968.455465078354
24200,450496098,0.5094261765480042,0.0002582506503333333,0.15,18.488466191959063,2.5898605629053693,7973.4606902599335
24250,451430948,0.5659074783325195,0.000258094842,0.15,18.542356744748794,2.594759704068072,7978.451102018356
24300,452368801,0.6484324336051941,0.00025793853316666667,0.15,18.60191998730587,2.6001745443005335,7983.434890985489
24350,453300230,0.590958833694458,0.000257783295,0.15,18.474502647916378,2.5885911498105796,8008.648682594299
24400,454228725,0.6156205534934998,0.0002576285458333333,0.15,18.51214211659622,2.5920129196905655,8013.631033658981
24450,455161166,0.6392975449562073,0.000257473139,0.15,18.494575242477737,2.5904159311343395,8018.6200296878815
24500,456092045,0.5088208317756653,0.00025731799249999995,0.15,18.46359362913303,2.5875994208302755,8023.605391025543
24550,457025388,0.5721191763877869,0.0002571624353333333,0.15,18.512466033282426,2.5920423666620387,8049.0525414943695
24600,457951606,0.49469321966171265,0.00025700806566666663,0.15,18.466743759470454,2.5878857963154958,8054.026701450348
24650,458881913,0.698218584060669,0.00025685301449999997,0.15,18.452248249598348,2.586568022690759,8059.015302181244
24700,459816312,0.6449973583221436,0.00025669728133333327,0.15,18.53341134934645,2.593946486304223,8064.004926681519
24750,460745299,0.6197006702423096,0.00025654245016666665,0.15,18.42606660451832,2.584187873138029,8089.478635072708
24800,461673112,0.5849733352661133,0.0002563878146666666,0.15,18.49854454103198,2.5907767764574525,8094.47416305542
24850,462606081,0.7171844840049744,0.0002562323198333333,0.15,18.505047900509748,2.5913679909554315,8099.448930263519
24900,463539061,0.5764952898025513,0.00025607682316666666,0.15,18.505266080885416,2.5913878255350378,8104.433658123016
24950,464470776,0.4982603192329407,0.0002559215373333333,0.15,18.48017533768372,2.589106848880338,8109.416184902191
25000,465401622,0.49376291036605835,0.00025576639633333333,0.15,18.46293908800603,2.5875399170914575,8135.91464805603
25050,466329457,0.6204315423965454,0.00025561175716666665,0.15,18.498983172501795,2.5908166520456177,8140.881408691406
25100,467265759,0.5940364599227905,0.0002554557068333333,0.15,18.57115655433683,2.5973778685760753,8145.8678324222565
25150,468198816,0.5709688067436218,0.0002553001973333333,0.15,18.506793343515085,2.5915266675922806,8150.854367733002
25200,469133886,0.5540937185287476,0.0002551443523333333,0.15,18.546720352262135,2.595156395660194,8176.1249458789825
25250,470060302,0.555870532989502,0.00025498994966666666,0.15,18.47069144269878,2.58824467660898,8181.0812175273895
25300,470994492,0.5264620780944824,0.00025483425133333333,0.15,18.52926592220878,2.593569629291707,8186.070287227631
25350,471927307,0.6092947125434875,0.00025467878216666666,0.15,18.50199337525041,2.5910903068409463,8191.038943529129
25400,472859627,0.6005667448043823,0.0002545233955,0.15,18.492175258345398,2.5901977507586724,8216.206752061844
25450,473792002,0.47847163677215576,0.00025436799966666664,0.15,18.493266160223733,2.590296923656703,8221.191668748856
25500,474721575,0.6335663199424744,0.0002542130708333333,0.15,18.533635058617115,2.593966823510647,8226.144300937653
25550,475651992,0.6053319573402405,0.00025405800133333333,0.15,18.45443005335502,2.58676636848682,8231.117010593414
25600,476584708,0.6099202632904053,0.00025390254866666665,0.15,18.50002975186941,2.590911795624492,8236.086971521378
25650,477518469,0.6320374011993408,0.0002537469218333333,0.15,18.52075688755777,2.59279608068707,8261.911709308624
25700,478442850,0.6895748972892761,0.0002535928583333333,0.15,18.430118031740967,2.5845561847037244,8266.871133804321
25750,479376622,0.6680902242660522,0.0002534372296666666,0.15,18.520975067933435,2.592815915266676,8271.846933364868
25800,480312055,0.5997840166091919,0.00025328132416666666,0.15,18.553920304659144,2.595810936787195,8276.841425657272
25850,481246025,0.6315122246742249,0.0002531256625,0.15,18.52490231469544,2.593172937699585,8313.919325828552
25900,482174704,0.6028343439102173,0.00025297088266666663,0.15,18.419957553999645,2.5836325049090587,8318.926610946655
25950,483106037,0.5650858879089355,0.00025281566049999995,0.15,18.568725576202247,2.5971568705638406,8323.892921924591
26000,484041085,0.5418461561203003,0.00025265981916666665,0.15,18.5462839915108,2.595116726500982,8328.878063440323
26050,484970820,0.6161954402923584,0.00025250486333333334,0.15,18.44090287006367,2.5855366245512426,8354.627705574036
26100,485905549,0.5133663415908813,0.00025234907516666664,0.15,18.53995676061646,2.5945415236924054,8359.618488073349
26150,486834044,0.5080363154411316,0.00025219432599999996,0.15,18.51214211659622,2.5920129196905655,8364.58187174797
26200,487762382,0.5093161463737488,0.000252039603,0.15,18.41319396235397,2.58301763294127,8369.566124677658
26250,488695406,0.6477523446083069,0.00025188409899999995,0.15,18.506138802388083,2.591467163853462,8374.557917833328
26300,489624668,0.5926654934883118,0.000251729222,0.15,18.43152111390999,2.584683737628181,8400.59422326088
26350,490552547,0.5683351159095764,0.0002515745755,0.15,18.499860435441423,2.5908964032219477,8405.579216957092
26400,491483173,0.628929078578949,0.0002514194711666666,0.15,18.45857548049269,2.5871432254993354,8410.54198384285
26450,492413128,0.48492980003356934,0.00025126447866666665,0.15,18.445266477577007,2.585933316143364,8415.539075136185
26500,493347120,0.643797755241394,0.0002511088133333333,0.15,18.525338675446775,2.5932126068587977,8442.235733509064
26550,494275557,0.5359221696853638,0.00025095407383333334,0.15,18.41515758573497,2.5831961441577245,8447.228163957596
26600,495201907,0.5628330707550049,0.00025079968216666664,0.15,18.46937554828934,2.588125049844485,8452.204139709473
26650,496131785,0.6181357502937317,0.00025064470249999997,0.15,18.44373921494734,2.585794474086122,8457.174105167389
26700,497062422,0.6151284575462341,0.0002504895963333333,0.15,18.45879366086836,2.5871630600789417,8511.600550889969
26750,497993719,0.6454516649246216,0.0002503343801666666,0.15,18.471884483408374,2.5883531348553066,8516.80502462387
26800,498921774,0.5853803753852844,0.0002501797043333333,0.15,18.503369487199937,2.591215407927267,8521.91425871849
26850,499851993,0.5484363436698914,0.0002500246678333333,0.15,18.450502806593015,2.5864093460539106,8527.092257261276
26900,500786370,0.6452834010124207,0.00024986893833333333,0.15,18.532974988595118,2.593906817145011,8532.13354086876
26950,501716941,0.6262374520301819,0.0002497138431666666,0.15,18.457484578614356,2.587044052601305,8560.55824971199
27000,502647886,0.6711638569831848,0.00024955868566666666,0.15,18.464902711387033,2.587718428307912,8565.551790714264
27050,503574588,0.6243201494216919,0.0002494042353333333,0.15,18.476393651806365,2.588763059255124,8570.528057098389
27100,504509658,0.4190969467163086,0.0002492483903333333,0.15,18.546720352262135,2.595156395660194,8575.53196978569
27150,505446422,0.5280358195304871,0.000249092263,0.15,18.580320130114842,2.598210920919531,8601.284763097763
27200,506380898,0.5963347554206848,0.000248936517,0.15,18.53493861197612,2.5940853283614653,8606.290462732315
27250,507309921,0.5489469170570374,0.00024878167983333335,0.15,18.52266927187176,2.5929699338065237,8611.262454748154
27300,508248038,0.6774662137031555,0.000248625327,0.15,18.607156316321877,2.60065057421108,8616.255881786346
27350,509176640,0.541344165802002,0.00024847055999999997,0.15,18.418430291369976,2.583493662851816,8642.025299310684
27400,510106364,0.6208493709564209,0.000248315606,0.15,18.440684689688002,2.5855167899716367,8647.024403810501
27450,511033998,0.5995408892631531,0.00024816100033333335,0.15,18.399230418311284,2.5817482198464803,8652.067710399628
27500,511961943,0.6103844046592712,0.0002480063428333333,0.15,18.501176329850864,2.591016029986442,8657.008896827698
27550,512890204,0.6159631609916687,0.00024785163266666666,0.15,18.4116666997243,2.582878790884027,8661.970601797104
27600,513821875,0.5314951539039612,0.00024769635416666664,0.15,18.47930261618105,2.589027510561914,8687.296374797821
27650,514753865,0.5182256102561951,0.00024754102249999996,0.15,18.48562984707539,2.58960271337049,8692.330487728119
27700,515678994,0.47973376512527466,0.0002473868343333333,0.15,18.44503150171465,2.5859119547013316,8697.30602812767
27750,516610720,0.5347142219543457,0.0002472315466666666,0.15,18.480393518059383,2.589126683459944,8702.279871463776
27800,517539300,0.58368980884552,0.0002470767833333333,0.15,18.41799393061864,2.5834539936926038,8738.862742185593
27850,518470201,0.665841817855835,0.00024692163316666666,0.15,18.464029989884363,2.5876390899894877,8744.001453876495
27900,519395759,0.6865560412406921,0.0002467673735,0.15,18.453584815376026,2.5866895286705476,8749.10127544403
27950,520328849,0.5971168875694275,0.00024661185849999997,0.15,18.507447884642087,2.5915861713310986,8754.153429031372
28000,521260300,0.6170982122421265,0.00024645661666666666,0.15,18.47493900866771,2.5886308189697917,8789.602507591248
28050,522191476,0.6295335292816162,0.00024630142066666663,0.15,18.46948449927604,2.58813495447964,8794.698511838913
28100,523123917,0.663994550704956,0.0002461460138333333,0.15,18.494575242477737,2.5904159311343395,8799.815390348434
28150,524053413,0.5705561637878418,0.0002459910978333333,0.15,18.532099848472765,2.5938272589520697,8804.872845888138
28200,524985150,0.5705075263977051,0.00024583580833333334,0.15,18.48061169843505,2.5891465180395503,8809.953082799911
28250,525913818,0.569631040096283,0.0002456810303333333,0.15,18.419739373623976,2.5836126703294524,8841.776044368744
28300,526846061,0.6089422106742859,0.0002455256565,0.15,18.49064799571573,2.59005890870143,8846.897532701492
28350,527773269,0.6130762696266174,0.0002453711218333333,0.15,18.48648217561209,2.589680197782917,8851.987747430801
28400,528705457,0.6469677090644836,0.0002452157571666667,0.15,18.489557093837398,2.5899597358034,8857.0524995327
28450,529636281,0.5714587569236755,0.0002450606198333333,0.15,18.462502727254694,2.587500247932245,8887.561671257019
28500,530567105,0.5580617189407349,0.0002449054825,0.15,18.462502727254694,2.587500247932245,8892.655233860016
28550,531500987,0.5683306455612183,0.00024474983549999997,0.15,18.523156871690105,2.593014261062737,8897.742438077927
28600,532424081,0.5113279223442078,0.0002445959865,0.15,18.40445809075684,2.5822234627960765,8902.776332855225
28650,533350219,0.6500094532966614,0.00024444163016666665,0.15,18.36955788722058,2.5790507170200527,8933.80257487297
28700,534287324,0.5363537669181824,0.00024428544599999996,0.15,18.587083721760518,2.59882579288732,8938.899654626846
28750,535221239,0.6653516292572021,0.00024412979349999997,0.15,18.523811412817107,2.5930737648015554,8943.989653587341
28800,536148689,0.5636162757873535,0.00024397521849999998,0.15,18.491307121780046,2.5901188292527313,8949.066900730133
28850,537080877,0.6461028456687927,0.0002438198538333333,0.15,18.489557093837398,2.5899597358034,8954.157785654068
28900,538005937,0.538922905921936,0.00024366567716666663,0.15,18.34817621040522,2.5771069282186563,8983.066866159439
28950,538936123,0.6800661683082581,0.00024351064616666665,0.15,18.449848265466013,2.586349842315092,8988.052620887756
29000,539863592,0.6426822543144226,0.00024335606799999996,0.15,18.395957712676278,2.581450701152389,8993.048076152802
29050,540786081,0.6906084418296814,0.0002432023198333333,0.15,18.39239572533695,2.581126884121541,8998.03802728653
29100,541718302,0.6325480937957764,0.00024304694966666664,0.15,18.490211634964396,2.590019239542218,9026.060351848602
29150,542650787,0.5707272291183472,0.0002428915355,0.15,18.495447963980403,2.590495269452764,9031.056184768677
29200,543583250,0.5718423128128052,0.00024273612499999998,0.15,18.49501160322907,2.5904556002935517,9036.038746356964
29250,544512999,0.5501248836517334,0.00024258116683333332,0.15,18.53714411037563,2.594285828215966,9040.99179148674
29300,545451424,0.6477100849151611,0.00024242476266666665,0.15,18.61326536684055,2.60120594244005,9066.857290744781
29350,546380752,0.5196793079376221,0.00024226987466666663,0.15,18.43283019616399,2.5848027451058173,9071.851440191269
29400,547314271,0.5422351956367493,0.00024211428816666664,0.15,18.515956919293096,2.592359719935736,9076.85365819931
29450,548243272,0.5588757991790771,0.00024195945466666665,0.15,18.522230640401947,2.592930058218359,9081.843660593033
29500,549174470,0.5587885975837708,0.00024180425499999996,0.15,18.469920860027372,2.588174623638852,9086.805092096329
29550,550111311,0.6164923906326294,0.00024164811483333331,0.15,18.58184739274451,2.5983497629767736,9112.134125947952
29600,551043235,0.6294723749160767,0.00024149279416666664,0.15,18.48432076482139,2.5894837058928535,9117.13105559349
29650,551974642,0.542617678642273,0.00024133755966666663,0.15,18.474066287165044,2.588551480651368,9122.37000322342
29700,552903082,0.5750203728675842,0.00024118281966666665,0.15,18.511045537921685,2.591913230720153,9127.58066034317
29750,553832641,0.6865397691726685,0.00024102789316666665,0.15,18.437411984052996,2.5852192712775452,9200.998361110687
29800,554764818,0.6203593611717224,0.0002408725303333333,0.15,18.48933891346173,2.5899399012237936,9205.98198056221
29850,555694223,0.6432534456253052,0.0002407176295,0.15,18.43435745879366,2.58494158716306,9210.962592124939
29900,556622355,0.5707088708877563,0.00024056294083333332,0.15,18.504904697344287,2.5913549724858442,9215.952843904495
29950,557556941,0.6289957165718079,0.00024040717649999996,0.15,18.53712041573279,2.5942836741575266,9313.509361982346
30000,558491252,0.5296679735183716,0.00024025145799999996,0.15,18.531665906341114,2.593787809667374,9318.583671092987
30050,559423671,0.7403993606567383,0.0002400960548333333,0.15,18.494138881726403,2.5903762619751274,9323.602535009384
30100,560354671,0.5648618340492249,0.00023994088816666663,0.15,18.46599361326537,2.5878176012059426,9328.576561450958
30150,561282330,0.507497251033783,0.0002397862783333333,0.15,18.495474120743282,2.5904976473402983,9333.557067871094
30200,562211845,0.6761142611503601,0.00023963135916666665,0.15,18.43653926255033,2.585139932959121,9396.150428771973
30250,563146013,0.5888045430183411,0.00023947566449999998,0.15,18.528829561457446,2.593529960132495,9401.206791639328
30300,564078938,0.6081005334854126,0.000239320177,0.15,18.50417517900708,2.5912886526370076,9406.286698102951
30350,565008412,0.6052370071411133,0.00023916526466666663,0.15,18.531661217002952,2.593787383363905,9411.336031675339
30400,565937256,0.6088152527809143,0.00023901045733333332,0.15,18.423230259634646,2.5839300236031497,9467.591345787048
30450,566873910,0.5623391270637512,0.00023885434833333333,0.15,18.57813832635817,2.59801257512347,9472.694499254227
30500,567807044,0.5914982557296753,0.00023869882599999998,0.15,18.508320606144753,2.591665509649523,9477.886038303375
30550,568736867,0.6385006308555603,0.0002385438555,0.15,18.442648313069004,2.585695301188091,9482.874084234238
30600,569666132,0.6098707318305969,0.00023838897799999996,0.15,18.527494218039717,2.593408565276338,9508.786330223083
30650,570597495,0.5806513428688049,0.00023823375083333333,0.15,18.473193565662374,2.588472142332943,9513.77050113678
30700,571530981,0.5538004636764526,0.00023807816983333332,0.15,18.515302378166094,2.5923002161969175,9518.766577243805
30750,572465336,0.6135272979736328,0.00023792244399999996,0.15,18.53253862784378,2.593867147985798,9523.741117238998
30800,573392401,0.6317058801651001,0.00023776793316666666,0.15,18.483631071058298,2.5894210064598453,9528.699851512909
30850,574321707,0.6477392315864563,0.0002376130488333333,0.15,18.432393835412658,2.584763075946605,9554.291877508163
30900,575256040,0.687466025352478,0.00023745732666666664,0.15,18.532102267092448,2.593827478826586,9559.292297124863
30950,576189141,0.683720052242279,0.00023730180983333332,0.15,18.50766606501775,2.591606005910705,9564.284603834152
31000,577112840,0.5342533588409424,0.00023714785999999998,0.15,18.416520456176727,2.5833200414706115,9569.298025131226
31050,578039495,0.5102076530456543,0.00023699341749999997,0.15,18.379812364876926,2.579982942261539,9595.527198076248
31100,578973487,0.7127541303634644,0.00023683775216666665,0.15,18.525338675446775,2.5932126068587977,9600.518557071686
31150,579906104,0.6979041695594788,0.00023668231599999998,0.15,18.498066128488407,2.590733284408037,9605.500961303711
31200,580839722,0.5852140784263611,0.000236526713,0.15,18.517920542674098,2.5925382311521905,9610.468558073044
31250,581768547,0.5643427968025208,0.00023637190883333333,0.15,18.518721588643434,2.5926110535130396,9636.797921180725
31300,582700680,0.6601373553276062,0.0002362165533333333,0.15,18.488466191959063,2.5898605629053693,9641.789397478104
31350,583634903,0.681075394153595,0.00023606084949999998,0.15,18.52992046333578,2.5936291330305257,9646.784202575684
31400,584563516,0.6394123435020447,0.00023590608066666663,0.15,18.41864847174564,2.583513497431422,9651.77141404152
31450,585488920,0.4965924918651581,0.00023575184666666665,0.15,18.45051439508733,2.5864103995533934,9656.742900371552
31500,586419876,0.6123261451721191,0.0002355966873333333,0.15,18.465120891762698,2.587738262887518,9682.25012087822
31550,587352922,0.5236358046531677,0.00023544117966666663,0.15,18.506575163139416,2.5915068330126743,9687.237873792648
31600,588282844,0.5488438010215759,0.00023528619266666663,0.15,18.444611936450006,2.585873812404546,9692.225334644318
31650,589217551,0.6099914908409119,0.00023513040816666665,0.15,18.539520399865125,2.5945018545331933,9697.21678853035
31700,590142053,0.5505079627037048,0.0002349763245,0.15,18.432530504824946,2.5847755004386315,9722.443034648895
31750,591074032,0.5552716255187988,0.00023482099466666666,0.15,18.485411666699726,2.589582878790884,9727.446179628372
31800,592002964,0.6892174482345581,0.00023466617266666666,0.15,18.424975702639983,2.5840887002399984,9732.438284158707
31850,592938353,0.4108337461948395,0.0002345102745,0.15,18.553047583156474,2.5957315984687703,9737.41826081276
31900,593861854,0.5953162312507629,0.00023435635766666665,0.15,18.4125727729484,2.5829611611771273,9762.995394945145
31950,594795681,0.6376427412033081,0.0002342007198333333,0.15,18.52206596981177,2.5929150881647063,9768.010167598724
32000,595728529,0.6670467853546143,0.00023404524516666664,0.15,18.502647916377413,2.591149810579765,9773.007223367691
32050,596656471,0.6406556963920593,0.00023389058816666663,0.15,18.405339468829958,2.5823035880754506,9778.004380226135
32100,597590199,0.5218261480331421,0.0002337349668333333,0.15,18.520102346430768,2.5927365769482518,9782.995561361313
32150,598515251,0.5647543668746948,0.00023358079149999998,0.15,18.443496291570302,2.5857723901427545,9808.320548534393
32200,599444271,0.5926200747489929,0.00023342595483333333,0.15,18.426721145645317,2.584247376876847,9813.311468839645
32250,600379066,0.6000643968582153,0.00023327015566666667,0.15,18.54126584287046,2.594660531170042,9818.304945230484
32300,601313421,0.641543984413147,0.0002331144298333333,0.15,18.53253862784378,2.593867147985798,9823.29605960846
32350,602236724,0.5670161843299866,0.00023296054599999998,0.15,18.408625089720072,2.582602280883643,9874.471147060394
32400,603166536,0.6578447818756104,0.00023280557733333329,0.15,18.44243013269334,2.5856754666084854,9879.535098075867
32450,604097602,0.5145455002784729,0.00023265039966666664,0.15,18.46730269551937,2.587936608683579,9884.592762947083
32500,605031968,0.5837206244468689,0.00023249467199999997,0.15,18.53275680821945,2.5938869825654045,9889.637723684311
32550,605957537,0.7732021808624268,0.00023234041049999997,0.15,18.453804131110935,2.5867094664646304,9894.682003974915
32600,606890033,0.4788379669189453,0.00023218499449999995,0.15,18.495666144356072,2.59051510403237,9920.499568939209
32650,607822892,0.6497791409492493,0.000232029518,0.15,18.502866096753078,2.5911696451593706,9925.505960226059
32700,608751725,0.6403231620788574,0.0002318747125,0.15,18.42301207925898,2.583910189023544,9930.58191871643
32750,609686586,0.5384353995323181,0.0002317189023333333,0.15,18.542574925124462,2.5947795386476784,9935.674890756607
32800,610613090,0.5935513377189636,0.00023156448499999998,0.15,18.472445968578036,2.5884041789616394,10002.947284460068
32850,611546774,0.5414112210273743,0.000231408871,0.15,18.519229624928098,2.592657238629827,10008.07674407959
32900,612481063,0.6395359039306641,0.00023125315616666665,0.15,18.53122954558978,2.5937481405081617,10013.187649965286
32950,613410281,0.6285651922225952,0.0002310982865,0.15,18.430648392407324,2.584604399309757,10018.263907194138
33000,614334244,0.49406856298446655,0.00023094429266666666,0.15,18.4217840338145,2.583798548528591,10043.512181520462
33050,615264628,0.5794166922569275,0.00023078922866666665,0.15,18.453775512228017,2.5867068647480016,10048.536578655243
33100,616192515,0.6311926245689392,0.00023063458083333332,0.15,18.404248566951622,2.5822044151774204,10053.556602954865
33150,617124560,0.5924690961837769,0.00023047923999999998,0.15,18.486720748953726,2.5897018862685206,10058.565665006638
33200,618053426,0.651026725769043,0.00023032442899999998,0.15,18.42366662038598,2.583969692762362,10063.583994626999
33250,618983648,0.6596287488937378,0.000230169392,0.15,18.546574686976633,2.595143153361512,10089.515634536743
33300,619914989,0.4668583571910858,0.00023001416849999996,0.15,18.47275720491104,2.588432473173731,10094.711499452591
33350,620847111,0.6068606972694397,0.00022985881483333331,0.15,18.488248011583394,2.589840728325763,10099.910202980042
33400,621777891,0.5844407677650452,0.00022970368483333332,0.15,18.461630005752028,2.5874209096138205,10105.067180633545
33450,622708036,0.6589996218681335,0.00022954866066666663,0.15,18.545039476832283,2.595003588802935,10157.748254537582
33500,623639355,0.6016830205917358,0.00022939344083333332,0.15,18.472320844159707,2.5883928040145188,10162.86221075058
33550,624569266,0.6742660403251648,0.00022923845566666663,0.15,18.44439375607434,2.58585397782494,10168.045635461807
33600,625502697,0.6403765082359314,0.00022908288383333334,0.15,18.51421147628776,2.5922010432988873,10173.286934137344
33650,626433004,0.5982604026794434,0.00022892783266666665,0.15,18.452248249598348,2.586568022690759,10237.405073165894
33700,627362456,0.5274975299835205,0.000228772924,0.15,18.531222585533136,2.5937475077757397,10242.454961299896
33750,628294974,0.5714450478553772,0.0002286175043333333,0.15,18.496102505107405,2.5905547731915823,10247.520045280457
33800,629225776,0.5370227694511414,0.00022846237066666663,0.15,18.46206636650336,2.5874605787730327,10252.577831029892
33850,630156446,0.5798887610435486,0.00022830725899999996,0.15,18.459448201995357,2.5872225638177597,10257.640722513199
33900,631079771,0.5595378279685974,0.0002281533715,0.15,18.409063721189888,2.582642156471808,10317.65664601326
33950,632009033,0.5706093311309814,0.00022799849449999998,0.15,18.43152111390999,2.584683737628181,10322.720251321793
34000,632943828,0.5609246492385864,0.00022784269533333333,0.15,18.54126584287046,2.594660531170042,10327.78111410141
34050,633879734,0.6222518682479858,0.000227686711,0.15,18.56330206081282,2.5966638237102564,10332.830749034882
34100,634805710,0.5519322752952576,0.00022753238166666666,0.15,18.461918813302496,2.5874471648456816,10385.323755025864
34150,635738822,0.45223161578178406,0.000227376863,0.15,18.50788424539342,2.5916258404903108,10390.361772537231
34200,636669349,0.57919842004776,0.00022722177516666667,0.15,18.45661185711169,2.586964714282881,10395.421579837799
34250,637598677,0.5281686782836914,0.00022706688716666665,0.15,18.43283019616399,2.5848027451058173,10400.483056545258
34300,638529919,0.5629000663757324,0.00022691168016666664,0.15,18.47079358153004,2.5882539619572764,10449.525179624557
34350,639459360,0.5309042930603027,0.00022675677333333332,0.15,18.53100326979823,2.5937275699816573,10454.65342760086
34400,640391515,0.6884214282035828,0.00022660141416666664,0.15,18.488902552710396,2.5899002320645814,10459.863871335983
34450,641323307,0.6549748778343201,0.0002264461155,0.15,18.481702600313387,2.5892456909375805,10465.001107215881
34500,642252690,0.5779685974121094,0.0002262912183333333,0.15,18.433921098042326,2.584901918003848,10470.08769416809
34550,643177753,0.5819995999336243,0.00022613704116666665,0.15,18.443715607305208,2.585792327936837,10497.327250003815
34600,644110689,0.6790857315063477,0.0002259815518333333,0.15,18.50439335938275,2.5913084872166134,10502.409270048141
34650,645047057,0.5304980874061584,0.00022582549049999996,0.15,18.57246563659083,2.597496876053712,10507.470879554749
34700,645972832,0.6059129238128662,0.00022567119466666664,0.15,18.36235793482357,2.578396175893052,10512.541957616806
34750,646902688,0.5109057426452637,0.00022551621866666663,0.15,18.443302854196006,2.5857548049269097,10547.951040029526
34800,647832393,0.5691381692886353,0.00022536126783333332,0.15,18.536266847436,2.5942060770396362,10552.987529277802
34850,648761457,0.5345883369445801,0.0002252064238333333,0.15,18.427593867147987,2.5843267151952714,10558.05390572548
34900,649693524,0.5530116558074951,0.00022505107933333332,0.15,18.48715710970506,2.5897415554277328,10563.138751029968
34950,650625129,0.5016109347343445,0.00022489581183333333,0.15,18.477993533927048,2.588908503084277,10604.980463027954
35000,651554471,0.5561571717262268,0.00022474092149999997,0.15,18.529029428184067,2.593548129834915,10610.042949676514
35050,652490168,0.6003714203834534,0.00022458497199999997,0.15,18.559156633675148,2.5962869666977406,10615.27461886406
35100,653422433,0.5343167781829834,0.0002244295945,0.15,18.491084356467066,2.5900985778606422,10620.479088068008
35150,654353290,0.5992338061332703,0.00022427445166666666,0.15,18.463157268381696,2.5875597516710633,10625.700485944748
35200,655286996,0.667783260345459,0.00022411883399999999,0.15,18.519665985679435,2.5926969077890396,10677.01677107811
35250,656212323,0.6376281380653381,0.00022396461283333334,0.15,18.448979184942978,2.5862708349948162,10682.060435771942
35300,657141860,0.5216852426528931,0.00022380968999999998,0.15,18.436975623301663,2.585179602118333,10687.145689249039
35350,658072574,0.5365375280380249,0.00022365457099999997,0.15,18.460320923498028,2.5873019021361845,10692.268636226654
35400,659005829,0.6602725982666016,0.00022349902849999996,0.15,18.51072059027709,2.59188369002519,10749.276492834091
35450,659933774,0.6152255535125732,0.00022334437099999998,0.15,18.501176329850864,2.591016029986442,10754.311351537704
35500,660868415,0.5417287349700928,0.00022318859749999998,0.15,18.538211317611122,2.5943828470555563,10759.376270771027
35550,661799888,0.6009745597839355,0.00022303335199999995,0.15,18.475375369419044,2.588670488129004,10764.454611063004
35600,662728754,0.6247623562812805,0.000222878541,0.15,18.42366662038598,2.583969692762362,10818.355517864227
35650,663657645,0.6417452096939087,0.00022272372583333333,0.15,18.520037483052874,2.592730680277534,10823.406213760376
35700,664592132,0.6107591986656189,0.00022256797799999998,0.15,18.535156792351785,2.594105162941071,10828.503842830658
35750,665523924,0.49261975288391113,0.00022241267933333333,0.15,18.481702600313387,2.5892456909375805,10833.738739967346
35800,666454055,0.6478294730186462,0.00022225765749999998,0.15,18.448757363587678,2.5862506694170615,10838.990390777588
35850,667386826,0.6199122071266174,0.00022210219566666666,0.15,18.501120653747744,2.591010968522522,10899.818047523499
35900,668314023,0.5966405868530273,0.0002219476628333333,0.15,18.486262859877183,2.5896602599888348,10904.8146545887
35950,669244781,0.5851686000823975,0.00022179253649999998,0.15,18.461193645000694,2.5873812404546084,10909.825981378555
36000,670177255,0.5602919459342957,0.00022163712416666665,0.15,18.495229783604735,2.5904754348731576,10914.861773967743
36050,671108574,0.6024811267852783,0.00022148190433333333,0.15,18.472320844159707,2.5883928040145188,10966.87715101242
36100,672035375,0.6200746297836304,0.0002213274375,0.15,18.478367493420528,2.5889424994018664,10971.891613483429
36150,672970522,0.6085872054100037,0.00022117157966666665,0.15,18.548247614891803,2.5952952377174365,10976.9299762249
36200,673901148,0.5555188059806824,0.0002210164753333333,0.15,18.45857548049269,2.5871432254993354,10981.962947368622
36250,674828320,0.6288653016090393,0.00022086194666666665,0.15,18.390066842533273,2.580915167503025,11023.387833356857
36300,675758572,0.6278431415557861,0.00022070690466666665,0.15,18.451157347720017,2.5864688497927286,11028.461708307266
36350,676687067,0.5932474732398987,0.00022055215549999997,0.15,18.51214211659622,2.5920129196905655,11033.493198394775
36400,677621499,0.6065994501113892,0.00022039641683333332,0.15,18.53406589047345,2.594005990043041,11038.535208463669
36450,678552785,0.6035196185112,0.00022024120249999998,0.15,18.471666303032706,2.5883333002757003,11043.564725875854
36500,679484357,0.5865780115127563,0.00022008594049999997,0.15,18.477338992800046,2.588848999345459,11075.965035200119
36550,680412016,0.6105915307998657,0.00021993133066666666,0.15,18.495474120743282,2.5904976473402983,11080.939740419388
36600,681345590,0.6056360006332397,0.00021977573499999998,0.15,18.51704782117143,2.5924588928337666,11086.076346158981
36650,682279582,0.5770094394683838,0.00021962006966666666,0.15,18.525338675446775,2.5932126068587977,11091.10212111473
36700,683212276,0.47850894927978516,0.00021946462066666663,0.15,18.499593391118076,2.5908721264652796,11120.7440264225
36750,684145729,0.5761586427688599,0.00021930904516666665,0.15,18.514647837039092,2.5922407124580995,11125.867327928543
36800,685074268,0.5500863194465637,0.00021915428866666666,0.15,18.513019379535848,2.5920926708668954,11130.838366031647
36850,686006192,0.5797061324119568,0.000218998968,0.15,18.48432076482139,2.5894837058928535,11135.827934503555
36900,686931186,0.5681244730949402,0.00021884480233333334,0.15,18.346867128151217,2.57698792074102,11167.444294452667
36950,687864562,0.5772735476493835,0.00021868923966666666,0.15,18.513120574409424,2.5921018704008567,11172.425894260406
37000,688795158,0.5833092331886292,0.0002185341403333333,0.15,18.554031421963472,2.5958210383603157,11177.393615484238
37050,689729612,0.5644634962081909,0.00021837839799999998,0.15,18.534502251224787,2.594045659202253,11182.383519887924
37100,690664044,0.5792128443717957,0.00021822265933333333,0.15,18.53406589047345,2.594005990043041,11187.372225046158
37150,691597431,0.5604347586631775,0.0002180670948333333,0.15,18.513338754785092,2.592121704980463,11219.304223537445
37200,692523055,0.47616565227508545,0.00021791282416666665,0.15,18.45490070978547,2.5868091554350428,11224.2924554348
37250,693459236,0.5540220737457275,0.00021775679399999996,0.15,18.568756570204496,2.5971596882004087,11229.253640174866
37300,694390137,0.5126102566719055,0.00021760164383333332,0.15,18.464029989884363,2.5876390899894877,11234.246215581894
37350,695320829,0.64234858751297,0.0002174465285,0.15,18.459884562746694,2.5872622329769723,11260.264074087143
37400,696253138,0.6359366178512573,0.00021729114366666666,0.15,18.491957077969733,2.5901779161790666,11265.25056552887
37450,697179213,0.6119774580001831,0.00021713679783333332,0.15,18.46389265491666,2.5876266049924235,11270.215259552002
37500,698111918,0.5698977112770081,0.000216981347,0.15,18.49981157149374,2.5908919610448855,11275.203682661057
37550,699044700,0.5728257298469543,0.00021682588333333332,0.15,18.50133883412341,2.5910308031021283,11301.470738172531
37600,699980595,0.629967451095581,0.0002166699008333333,0.15,18.563083880437155,2.5966439891306505,11306.470849275589
37650,700907176,0.6716115474700928,0.00021651547066666666,0.15,18.473981178722386,2.588543743520217,11311.437318563461
37700,701837384,0.5485002398490906,0.00021636043599999996,0.15,18.450284626217346,2.5863895114743043,11316.428832769394
37750,702769396,0.6088902950286865,0.00021620510066666665,0.15,18.486066207826724,2.589642382529702,11321.415040493011
37800,703701749,0.5642768740653992,0.00021604970849999997,0.15,18.4928297994724,2.590257254497491,11347.220057487488
37850,704633090,0.5966495871543884,0.00021589448499999996,0.15,18.47275720491104,2.588432473173731,11352.200305461884
37900,705560881,0.5755417943000793,0.00021573985316666663,0.15,18.498105909562167,2.5907369008692878,11357.157547950745
37950,706495170,0.6449195742607117,0.0002155841383333333,0.15,18.53122954558978,2.5937481405081617,11362.145953178406
38000,707427523,0.6506614089012146,0.00021542874616666663,0.15,18.4928297994724,2.590257254497491,11390.564017534256
38050,708362307,0.5120940208435059,0.0002152729488333333,0.15,18.541047662494794,2.5946406965904356,11395.55521774292
38100,709287128,0.6746786236763,0.00021511881199999996,0.15,18.43889066113725,2.5853536964670227,11400.518455266953
38150,710221131,0.5298141837120056,0.0002149631448333333,0.15,18.52555685582244,2.5932324414384036,11405.51187968254
38200,711155783,0.681693434715271,0.00021480736949999998,0.15,18.53842949798679,2.5944026816351626,11433.106284618378
38250,712088532,0.5721608996391296,0.00021465191133333332,0.15,18.50068429299641,2.5909712993633103,11438.089207410812
38300,713023415,0.6467013955116272,0.0002144960975,0.15,18.543011285875796,2.5948192078068906,11443.076248645782
38350,713947620,0.5535982847213745,0.0002143420633333333,0.15,18.426608979982454,2.584237179998405,11448.036971092224
38400,714881392,0.5623593926429749,0.00021418643466666665,0.15,18.520975067933435,2.592815915266676,11453.021203041077
38450,715810247,0.5253698229789734,0.0002140316255,0.15,18.423448440010315,2.583949858182756,11478.893814325333
38500,716737287,0.6422016024589539,0.0002138771188333333,0.15,18.38744867802527,2.580677152547752,11483.878799676895
38550,717660634,0.686466634273529,0.00021372322766666663,0.15,18.4095023526597,2.5826820320599726,11488.835133075714
38600,718592096,0.5872941613197327,0.00021356798399999998,0.15,18.47515718904338,2.588650653549398,11493.812000989914
38650,719527067,0.641549289226532,0.00021341215549999998,0.15,18.544756728881133,2.5949778844437392,11552.714961528778
38700,720461169,0.6490997672080994,0.00021325647183333333,0.15,18.527520479203442,2.5934109526548585,11557.925893306732
38750,721385781,0.49644166231155396,0.00021310236983333332,0.15,18.43472366217402,2.584974878379456,11563.0356695652
38800,722318310,0.5793275237083435,0.00021294694833333332,0.15,18.49632068548307,2.590574607771188,11568.141157627106
38850,723247737,0.6509587168693542,0.00021279204383333332,0.15,18.434793819544996,2.5849812563222723,11598.939909696579
38900,724178891,0.5762951970100403,0.00021263685149999997,0.15,18.469048138524705,2.5880952853204278,11603.913830757141
38950,725116304,0.5842087268829346,0.00021248061599999998,0.15,18.593192772279192,2.5993811611162903,11609.050555944443
39000,726039937,0.6180392503738403,0.0002123266771666666,0.15,18.415204561767286,2.5832004147061167,11614.189008235931
39050,726975986,0.585624098777771,0.000212170669,0.15,18.566138405696492,2.5969216732451357,11619.338550567627
39100,727908251,0.5406206250190735,0.0002120152915,0.15,18.491084356467066,2.5900985778606422,11696.251657247543
39150,728841220,0.5697823762893677,0.00021185979666666667,0.15,18.505047900509748,2.5913679909554315,11701.265505552292
39200,729769737,0.5526632070541382,0.0002117050438333333,0.15,18.512580748066036,2.5920527952787307,11706.260943174362
39250,730704213,0.5573501586914062,0.00021154929783333333,0.15,18.53493861197612,2.5940853283614653,11711.257588148117
39300,731639646,0.5333237051963806,0.00021139339233333332,0.15,18.553920304659144,2.595810936787195,11771.011754274368
39350,732568776,0.5595977306365967,0.0002112385373333333,0.15,18.428902949401987,2.584445722672908,11776.068520069122
39400,733504440,0.6444571614265442,0.00021108259333333333,0.15,18.55850209254815,2.5962274629589226,11781.120136260986
39450,734435212,0.5403913259506226,0.00021092746466666666,0.15,18.55754047372199,2.596140043065635,11786.155166387558
39500,735364463,0.5859968066215515,0.00021077258949999997,0.15,18.431302933534322,2.584663903048575,11852.748047351837
39550,736293010,0.5635434985160828,0.00021061783166666665,0.15,18.41733938949164,2.5833944899537857,11857.833943843842
39600,737221843,0.6702763438224792,0.00021046302616666663,0.15,18.42301207925898,2.583910189023544,11862.8380215168
39650,738154518,0.4977684020996094,0.0002103075803333333,0.15,18.595482095860913,2.5995892814419013,11867.961265325546
39700,739087289,0.5974085927009583,0.00021015211849999998,0.15,18.501120653747744,2.591010968522522,11873.095191717148
39750,740016826,0.6158223748207092,0.00020999719566666664,0.15,18.436975623301663,2.585179602118333,11909.049562454224
39800,740947166,0.6273022294044495,0.00020984213899999997,0.15,18.45290279072535,2.5866275264295773,11914.050500631332
39850,741880311,0.5190316438674927,0.00020968661483333333,0.15,18.50853878652042,2.5916853442291288,11919.040518045425
39900,742804120,0.7351422905921936,0.00020953264666666665,0.15,18.4187136135258,2.583519419411436,11923.99933052063
39950,743729972,0.5652937293052673,0.00020937833799999998,0.15,18.36388519745324,2.5785350179502946,11954.967341899872
40000,744661302,0.6310989260673523,0.00020922311633333332,0.15,18.472539024535376,2.588412638594125,11960.068789243698
40050,745589761,0.5723512172698975,0.00020906837316666662,0.15,18.415593946486304,2.5832358133169366,11965.17061328888
40100,746517013,0.6312068104743958,0.00020891383116666666,0.15,18.487359438551717,2.589759948959247,11970.267491579056
40150,747450114,0.5777880549430847,0.0002087583143333333,0.15,18.50766606501775,2.591606005910705,12043.894043207169
40200,748382588,0.47493332624435425,0.00020860290199999995,0.15,18.495229783604735,2.5904754348731576,12048.908996582031
40250,749311630,0.5236372947692871,0.00020844806166666664,0.15,18.42715750639665,2.584287046036059,12053.91057062149
40300,750238013,0.6085843443870544,0.0002082936645,0.15,18.470033495494057,2.5881848632267324,12058.907341718674
40350,751168650,0.478034645318985,0.00020813855833333333,0.15,18.45879366086836,2.5871630600789417,12063.884229898453
40400,752100090,0.6984023451805115,0.00020798331833333332,0.15,18.474720828292046,2.588610984390186,12091.793630599976
40450,753033620,0.5867273807525635,0.00020782772999999996,0.15,18.51617509966876,2.592379554515342,12096.85273861885
40500,753964004,0.5950028896331787,0.000207672666,0.15,18.453775512228017,2.5867068647480016,12101.92483997345
40550,754888286,0.5204224586486816,0.00020751861899999998,0.15,18.428144190126805,2.584376744556982,12106.971398591995
40600,755818571,0.5466525554656982,0.0002073635715,0.15,18.451811888847015,2.5865283535315466,12174.672410488129
40650,756749593,0.5580461025238037,0.00020720840116666666,0.15,18.4664299740167,2.587857270365155,12179.856673955917
40700,757683211,0.5486223101615906,0.00020705279816666668,0.15,18.517920542674098,2.5925382311521905,12185.026142120361
40750,758608967,0.6226696372032166,0.0002068985055,0.15,18.457532498604355,2.587048408964032,12190.14688873291
40800,759535897,0.6158498525619507,0.00020674401716666663,0.15,18.3852668742686,2.5804788067516906,12231.591029405594
40850,760470538,0.5598803162574768,0.00020658824366666663,0.15,18.538211317611122,2.5943828470555563,12236.647317886353
40900,761400317,0.6426910758018494,0.00020643328049999997,0.15,18.441775591566337,2.585615962869667,12241.718997955322
40950,762334364,0.5432410836219788,0.000206277606,0.15,18.526429577325107,2.593311779756828,12246.76739859581
41000,763261154,0.5449453592300415,0.00020612314099999996,0.15,18.478148177685622,2.588922561607784,12251.797868728638
41050,764192935,0.4598570168018341,0.00020596784416666662,0.15,18.48148441993772,2.589225856357974,12293.09720659256
41100,765126509,0.6626020073890686,0.0002058122485,0.15,18.51704782117143,2.5924588928337666,12298.257579803467
41150,766056728,0.6396584510803223,0.00020565721199999998,0.15,18.450502806593015,2.5864093460539106,12303.326292276382
41200,766987159,0.6511185169219971,0.00020550214016666664,0.15,18.55074168593987,2.595521971449079,12308.347038507462
41250,767917312,0.6832665801048279,0.00020534711466666666,0.15,18.44919372433901,2.5862903385762737,12338.948834180832
41300,768853306,0.5733217000961304,0.00020519111566666664,0.15,18.565047503818157,2.596822500347105,12343.930007457733
41350,769783558,0.5315529108047485,0.00020503607366666665,0.15,18.451157347720017,2.5864688497927286,12349.002946853638
41400,770712941,0.5574792623519897,0.0002048811765,0.15,18.433921098042326,2.584901918003848,12354.154567718506
41450,771642701,0.5698755979537964,0.0002047262165,0.15,18.537363426110534,2.5943057660100486,12422.841178178787
41500,772574570,0.6830613613128662,0.00020457090499999996,0.15,18.483229862943055,2.5893845329948233,12427.937731266022
41550,773505449,0.5914485454559326,0.00020441575849999995,0.15,18.46359362913303,2.5875994208302755,12432.972060203552
41600,774436350,0.5213437080383301,0.0002042606083333333,0.15,18.464029989884363,2.5876390899894877,12438.02440905571
41650,775362271,0.5335302948951721,0.00020410628816666665,0.15,18.460822234627962,2.5873474758752693,12443.061282157898
41700,776294965,0.6018217206001282,0.00020395083916666665,0.15,18.499593391118076,2.5908721264652796,12504.599861621857
41750,777222071,0.560569167137146,0.00020379632149999997,0.15,18.388757760279272,2.5807961600253884,12509.69153380394
41800,778159110,0.5514711737632751,0.00020364014833333332,0.15,18.585774639506514,2.598706785409683,12514.759217739105
41850,779089409,0.638559877872467,0.00020348509849999998,0.15,18.548109897120984,2.5952827179200892,12519.824008226395
41900,780020948,0.5355655550956726,0.00020332984199999997,0.15,18.476684451673048,2.588789495606641,12578.494892120361
41950,780954137,0.6967921257019043,0.00020317431049999998,0.15,18.50941150802309,2.5917646825475535,12583.653813838959
42000,781886446,0.5793925523757935,0.00020301892566666665,0.15,18.491957077969733,2.5901779161790666,12588.84818983078
42050,782814124,0.4806439280509949,0.00020286431266666667,0.15,18.40010313981395,2.5818275581649046,12593.854103803635
42100,783737328,0.6201457977294922,0.00020271044533333332,0.15,18.40665124810591,2.5824228407369008,12658.531265258789
42150,784668053,0.5988634824752808,0.00020255532449999996,0.15,18.460539103873693,2.5873217367157904,12663.528287887573
42200,785601253,0.5306299924850464,0.00020239979116666666,0.15,18.509629688398753,2.5917845171271594,12668.56624674797
42250,786535641,0.555143415927887,0.00020224405983333333,0.15,18.533193168970783,2.5939266517246167,12673.614449977875
42300,787461034,0.5226216912269592,0.00020208982766666664,0.15,18.450295079352422,2.586390461759311,12678.639242172241
42350,788393706,0.5561816692352295,0.0002019343823333333,0.15,18.499157030366742,2.5908324573060675,12739.673135519028
42400,789329546,0.6308603882789612,0.000201778409,0.15,18.56199297855882,2.59654481623262,12744.737387657166
42450,790257664,0.6276646852493286,0.00020162372266666667,0.15,18.408830354840628,2.582620941349148,12749.780235528946
42500,791189918,0.5512032508850098,0.00020146834699999997,0.15,18.490866176091398,2.5900787432810364,12754.839166641235
42550,792118017,0.6096555590629578,0.0002013136638333333,0.15,18.504246750139565,2.5912951591035966,12804.610263824463
42600,793050337,0.6295111775398254,0.00020115827716666665,0.15,18.492175258345398,2.5901977507586724,12809.762632131577
42650,793983174,0.572258710861206,0.00020100280433333332,0.15,18.502429736001744,2.5911299760001585,12814.880638599396
42700,794912645,0.574447751045227,0.0002008478925,0.15,18.435666541047663,2.5850605946406966,12819.913424491882
42750,795840029,0.5280769467353821,0.00020069332849999999,0.15,18.489991227370602,2.5899992024882366,12847.231133460999
42800,796769676,0.5414551496505737,0.00020053838733333335,0.15,18.439157427058333,2.585377947914394,12852.269461870193
42850,797701226,0.5602521896362305,0.000200383129,0.15,18.476902632048713,2.5888093301862467,12857.31602716446
42900,798635647,0.5830336213111877,0.00020022739216666663,0.15,18.533847710097785,2.593986155463435,12862.357019424438
42950,799566944,0.5600059032440186,0.00020007217599999998,0.15,18.471884483408374,2.5883531348553066,12867.403106451035
43000,800495527,0.7183689475059509,0.00019991741216666666,0.15,18.513896642475476,2.592172422043225,12909.564589738846
43050,801428122,0.5701124668121338,0.00019976197966666662,0.15,18.497629767737074,2.5906936152488247,12914.585413455963
43100,802361212,0.5635380148887634,0.00019960646466666662,0.15,18.507447884642087,2.5915861713310986,12919.606808900833
43150,803296898,0.6440320014953613,0.00019945051699999996,0.15,18.558938453299483,2.5962671321181348,12924.645390987396
43200,804225272,0.6181109547615051,0.00019929578799999996,0.15,18.50972964351224,2.5917936039556584,12964.573827505112
43250,805156580,0.5655725002288818,0.00019914056999999997,0.15,18.472102663784042,2.588372969434913,12969.619959115982
43300,806087470,0.5395500659942627,0.00019898542166666666,0.15,18.463811809508698,2.587619255409882,12974.65711760521
43350,807018437,0.6172361969947815,0.00019883026049999998,0.15,18.465339072138367,2.587758097467124,12979.681223392487
43400,807947526,0.5537438988685608,0.00019867541233333332,0.15,18.523985166281204,2.5930895605710185,12984.695716142654
43450,808881870,0.5735406875610352,0.00019851968833333329,0.15,18.532320447468116,2.5938473134061923,13020.54014492035
43500,809816841,0.5238213539123535,0.00019836385983333334,0.15,18.544756728881133,2.5949778844437392,13025.596679449081
43550,810744981,0.6315545439720154,0.00019820916983333332,0.15,18.40926671559196,2.58266061050836,13030.643064260483
43600,811682548,0.5588524341583252,0.00019805290866666664,0.15,18.59624729753853,2.5996588452307754,13035.68047618866
43650,812618017,0.5167725682258606,0.00019789699716666665,0.15,18.651188292527316,2.604653481138847,13061.913395881653
43700,813548918,0.49911224842071533,0.000197741847,0.15,18.464029989884363,2.5876390899894877,13066.98559308052
43750,814481953,0.45819276571273804,0.00019758634116666662,0.15,18.50635698276375,2.5914869984330684,13072.0752120018
43800,815411468,0.693266749382019,0.00019743142199999997,0.15,18.43653926255033,2.585139932959121,13077.141384124756
43850,816339457,0.5719756484031677,0.00019727675716666663,0.15,18.502053592790492,2.591095781162772,13105.043691158295
43900,817269269,0.4681568145751953,0.0001971217885,0.15,18.44243013269334,2.5856754666084854,13110.10458445549
43950,818197123,0.6081005930900574,0.00019696714616666665,0.15,18.403594025824624,2.5821449114386024,13115.160836219788
44000,819129872,0.5418758392333984,0.000196811688,0.15,18.50068429299641,2.5909712993633103,13120.22662615776
44050,820065294,0.5549692511558533,0.00019665578433333331,0.15,18.553702124283475,2.595791102207589,13125.263895511627
44100,820987365,0.530938446521759,0.0001965021058333333,0.15,18.38406172741048,2.580369247946407,13151.601890325546
44150,821922479,0.5898821949958801,0.00019634625349999998,0.15,18.5475930737648,2.5952357339786185,13156.681292057037
44200,822853292,0.6589991450309753,0.000196191118,0.15,18.46228454687903,2.587480413352639,13161.736652851105
44250,823789132,0.5873427987098694,0.00019603514466666664,0.15,18.56199297855882,2.59654481623262,13166.741655111313
44300,824719123,0.5891585946083069,0.00019588014616666664,0.15,18.541969056543586,2.5947244596857804,13192.109219312668
44350,825652070,0.5518795251846313,0.00019572465499999997,0.15,18.504611539758415,2.5913283217962193,13197.10071516037
44400,826585171,0.7078055143356323,0.00019556913816666665,0.15,18.50766606501775,2.591606005910705,13202.097158432007
44450,827518822,0.5472011566162109,0.00019541352966666667,0.15,18.5185750838011,2.592597734891009,13207.085196733475
44500,828454948,0.6124222874641418,0.00019525750866666663,0.15,18.56766566832616,2.597060515302378,13232.459417104721
44550,829381507,0.5695658922195435,0.00019510308216666664,0.15,18.47354254725257,2.588503867932052,13237.425881624222
44600,830313299,0.4827420711517334,0.0001949477835,0.15,18.481702600313387,2.5892456909375805,13242.41556596756
44650,831245333,0.6340941786766052,0.0001947924445,0.15,18.486502568578057,2.5896820516889143,13247.407265663147
44700,832177334,0.5698375105857849,0.00019463711099999996,0.15,18.48584802745106,2.5896225479500963,13252.393920183182
44750,833104454,0.6449083685874939,0.00019448259099999997,0.15,18.484727649732832,2.5895206954302576,13277.78229379654
44800,834035740,0.6188196539878845,0.00019432737666666666,0.15,18.471666303032706,2.5883333002757003,13282.779355287552
44850,834964001,0.58945631980896,0.0001941726665,0.15,18.4116666997243,2.582878790884027,13287.780401229858
44900,835891646,0.5626804232597351,0.000194018059,0.15,18.399448598686952,2.5817680544260866,13292.769558429718
44950,836819030,0.4499053955078125,0.00019386349499999998,0.15,18.489991227370602,2.5899992024882366,13317.823909044266
45000,837748765,0.5809603929519653,0.00019370853916666667,0.15,18.44090287006367,2.5855366245512426,13322.798139572144
45050,838680381,0.6020334362983704,0.0001935532698333333,0.15,18.478211714302716,2.588928337663883,13327.795187950134
45100,839610798,0.6532062888145447,0.00019339820033333332,0.15,18.45443005335502,2.58676636848682,13332.787004709244
45150,840546297,0.582004189491272,0.00019324228383333335,0.15,18.555229386913144,2.595929944264831,13357.981362342834
45200,841473296,0.5685776472091675,0.000193087784,0.15,18.482315176648857,2.5893013796953506,13362.951757907867
45250,842402041,0.6219494938850403,0.00019293299316666663,0.15,18.421266636253645,2.5837515123866948,13367.942886829376
45300,843334911,0.49218663573265076,0.00019277751483333331,0.15,18.503084277128746,2.591189479738977,13372.94621014595
45350,844270146,0.6211077570915222,0.0001926216423333333,0.15,18.549993057897137,2.595453914354285,13377.944607973099
45400,845194307,0.5257774591445923,0.0001924676155,0.15,18.425731717042826,2.584157428822075,13402.968261241913
45450,846128761,0.6584827899932861,0.00019231187316666662,0.15,18.534502251224787,2.594045659202253,13407.964759111404
45500,847064370,0.582104504108429,0.00019215593833333335,0.15,18.557411190669814,2.5961282900608924,13412.961272716522
45550,847996382,0.6805415153503418,0.00019200060299999998,0.15,18.486066207826724,2.589642382529702,13417.955772399902
45600,848922619,0.5710681080818176,0.00019184623016666667,0.15,18.371521510601582,2.5792292282365072,13450.987478494644
45650,849852159,0.6234458088874817,0.00019169130683333334,0.15,18.532977111412393,2.593907010128399,13456.158239603043
45700,850788835,0.6171799302101135,0.00019153519416666666,0.15,18.578574687109505,2.598052244282682,13461.315897464752
45750,851718933,0.6238866448402405,0.00019138017783333332,0.15,18.44810282246068,2.5861911656782435,13466.4770424366
45800,852651066,0.5913305878639221,0.0001912248223333333,0.15,18.488466191959063,2.5898605629053693,13523.63333272934
45850,853575986,0.5666056871414185,0.00019107066899999998,0.15,18.440864502751417,2.585533136613765,13528.594640016556
45900,854508031,0.557117223739624,0.00019091532816666664,0.15,18.486720748953726,2.5897018862685206,13533.648896694183
45950,855442232,0.6383678317070007,0.000190759628,0.15,18.529484102584444,2.593589463871313,13538.786006212234
46000,856375036,0.6350545883178711,0.00019060416066666664,0.15,18.501775194874746,2.5910704722613405,13543.95377612114
46050,857302736,0.6146429181098938,0.00019044954399999997,0.15,18.400539500565287,2.581867227324117,13626.887036800385
46100,858229273,0.6315081119537354,0.00019029512116666665,0.15,18.473103915782758,2.588463992343887,13631.8491563797
46150,859159668,0.5700656771659851,0.00019014005533333334,0.15,18.453993692603685,2.586726699327608,13636.826069355011
46200,860086411,0.5954710841178894,0.00018998559816666666,0.15,18.381557807882263,2.5801416188983874,13641.788461208344
46250,861017741,0.4934904873371124,0.00018983037649999998,0.15,18.472539024535376,2.588412638594125,13713.28012251854
46300,861945125,0.6321330666542053,0.0001896758125,0.15,18.489991227370602,2.5899992024882366,13718.31013917923
46350,862874024,0.5557539463043213,0.00018952099599999997,0.15,18.42432116151298,2.5840291965011803,13723.35270357132
46400,863809061,0.597557544708252,0.00018936515649999996,0.15,18.546065811135133,2.5950968919213757,13728.389350891113
46450,864741513,0.5829626321792603,0.00018920974783333331,0.15,18.4947934228534,2.5904357657139454,13798.435474395752
46500,865668611,0.5279299020767212,0.00018905523149999998,0.15,18.48428901826302,2.589480819842093,13803.563328266144
46550,866604077,0.5463425517082214,0.00018889932049999996,0.15,18.554574845786142,2.595870440526013,13808.68264579773
46600,867539103,0.6017982363700867,0.00018874348283333332,0.15,18.545847630759464,2.5950770573417694,13813.844518184662
46650,868472116,0.6154389977455139,0.00018858798066666665,0.15,18.505920622012418,2.5914473292738562,13818.905328989029
46700,869404645,0.685424268245697,0.00018843255916666665,0.15,18.49632068548307,2.590574607771188,13847.075842618942
46750,870335505,0.6324350237846375,0.0001882774158333333,0.15,18.559294999601246,2.596299545418295,13852.036583423615
46800,871267561,0.6327263116836548,0.00018812207316666667,0.15,18.486938929329394,2.589721720848127,13857.012174844742
46850,872195734,0.5702481269836426,0.00018796737766666664,0.15,18.409921256718963,2.5827201142471785,13861.99389052391
46900,873128967,0.5371615290641785,0.00018781183883333333,0.15,18.510284229525755,2.591844020865978,13888.641212463379
46950,874058430,0.5076063275337219,0.00018765692833333332,0.15,18.531441901268042,2.593767445569822,13893.702991485596
47000,874987395,0.606925904750824,0.0001875021008333333,0.15,18.42563024376698,2.5841482039788164,13898.815394163132
47050,875919704,0.5496593117713928,0.000187346716,0.15,18.491957077969733,2.5901779161790666,13903.901948690414
47100,876846865,0.5601653456687927,0.00018719218916666663,0.15,18.389848662157604,2.5808953329234186,13984.02084326744
47150,877784432,0.5785479545593262,0.00018703592799999998,0.15,18.59624729753853,2.5996588452307754,13989.079902172089
47200,878713378,0.5909732580184937,0.00018688110366666666,0.15,18.52113406172741,2.592830369247946,13994.06065750122
47250,879643784,0.6351851224899292,0.00018672603599999998,0.15,18.454211872979354,2.5867465339072138,13999.024749994278
47300,880574707,0.6307675838470459,0.00018657088216666667,0.15,18.4644663506357,2.5876787591487,14004.063976764679
47350,881504365,0.5916895866394043,0.00018641593916666663,0.15,18.439375607434002,2.585397782494,14081.783598899841
47400,882428966,0.5140300393104553,0.000186261839,0.15,18.43450434643911,2.5849549405853733,14086.821722269058
47450,883358844,0.5421698689460754,0.00018610685933333334,0.15,18.44373921494734,2.585794474086122,14091.96906042099
47500,884289800,0.6076793670654297,0.0001859517,0.15,18.465120891762698,2.587738262887518,14097.187301397324
47550,885228049,0.5662887692451477,0.00018579532516666667,0.15,18.609774480829877,2.6008885891663525,14168.318016052246
47600,886157421,0.5769643783569336,0.0001856404298333333,0.15,18.43370291766666,2.584882083424242,14173.37541270256
47650,887087533,0.646783173084259,0.00018548541116666665,0.15,18.54438152962756,2.5949437754206874,14178.407179117203
47700,888018632,0.5085189342498779,0.00018533022799999997,0.15,18.46795723664637,2.587996112422397,14183.459473371506
47750,888949819,0.6095235347747803,0.00018517503016666662,0.15,18.469702679651704,2.588154789059246,14249.109679222107
47800,889880335,0.5973131060600281,0.00018501994416666664,0.15,18.45639367673602,2.5869448797032746,14254.14846110344
47850,890801889,0.5325371623039246,0.0001848663518333333,0.15,18.373753887869846,2.5794321716245316,14259.170160531998
47900,891734968,0.5971204042434692,0.00018471083866666667,0.15,18.50722970426642,2.5915663367514927,14264.217002153397
47950,892667552,0.6842681765556335,0.000184555408,0.15,18.497411587361405,2.590673780669219,14269.274571180344
48000,893599168,0.5777575969696045,0.00018440013866666667,0.15,18.478211714302716,2.588928337663883,14342.157494783401
48050,894524088,0.6134046912193298,0.0001842459853333333,0.15,18.440864502751417,2.585533136613765,14347.21370959282
48100,895457145,0.620695173740387,0.0001840904758333333,0.15,18.506793343515085,2.5915266675922806,14352.246351242065
48150,896391588,0.6021241545677185,0.0001839347353333333,0.15,18.534284070849118,2.5940258246226473,14357.30633020401
48200,897328363,0.5951125025749207,0.00018377860616666664,0.15,18.58053831049051,2.5982307554991375,14433.544118881226
48250,898257834,0.6233668923377991,0.00018362369433333331,0.15,18.435666541047663,2.5850605946406966,14438.602847576141
48300,899184338,0.6792982816696167,0.00018346927699999997,0.15,18.472445968578036,2.5884041789616394,14443.638190984726
48350,900115954,0.5088439583778381,0.00018331400766666663,0.15,18.478211714302716,2.588928337663883,14448.694518327713
48400,901044314,0.5583443641662598,0.000183159281,0.15,18.413630323105302,2.583057302100482,14517.983714342117
48450,901978174,0.5312503576278687,0.00018300363766666664,0.15,18.522720510938772,2.5929745919035248,14523.066655874252
48500,902903094,0.6309851408004761,0.00018284948433333332,0.15,18.440864502751417,2.585533136613765,14528.14540028572
48550,903835491,0.5885494947433472,0.0001826940848333333,0.15,18.493702520975067,2.590336592815915,14533.25148320198
48600,904766755,0.6839639544487,0.00018253887416666664,0.15,18.471229942281372,2.5882936311164886,14538.34366774559
48650,905694147,0.5899405479431152,0.00018238430883333332,0.15,18.39443045004661,2.5813118590951465,14602.186694383621
48700,906627787,0.5563283562660217,0.00018222870216666663,0.15,18.51835690342543,2.5925779003114027,14607.24509859085
48750,907556414,0.569099485874176,0.00018207393099999996,0.15,18.514773905415105,2.592252173219555,14612.279368162155
48800,908489218,0.5870722532272339,0.00018191846366666665,0.15,18.501775194874746,2.5910704722613405,14617.340785503387
48850,909421571,0.5831859707832336,0.0001817630715,0.15,18.4928297994724,2.590257254497491,14680.76067328453
48900,910355101,0.5999427437782288,0.00018160748316666667,0.15,18.51617509966876,2.592379554515342,14685.825281620026
48950,911283607,0.6672179102897644,0.00018145273216666665,0.15,18.512361432331126,2.592032857484648,14690.861949205399
49000,912212539,0.5886757373809814,0.00018129791016666664,0.15,18.424975702639983,2.5840887002399984,14695.906581401825
49050,913145420,0.6412813067436218,0.00018114242999999998,0.15,18.503302457504414,2.5912093143185833,14751.3362429142
49100,914079038,0.5713066458702087,0.00018098682699999998,0.15,18.517920542674098,2.5925382311521905,14756.369534254074
49150,915010863,0.6261793375015259,0.00018083152283333333,0.15,18.48235714144039,2.589305194676399,14761.408141851425
49200,915936432,0.48453488945961,0.00018067726133333333,0.15,18.453804131110935,2.5867094664646304,14766.480479717255
49250,916868279,0.603728711605072,0.0001805219535,0.15,18.482793502191722,2.589344863835611,14771.634652137756
49300,917800159,0.6029796600341797,0.00018036664016666667,0.15,18.48344804331872,2.589404367574429,14817.539789676666
49350,918732391,0.5319190621376038,0.00018021126816666666,0.15,18.490429815340065,2.590039074121824,14822.56886935234
49400,919658422,0.560779333114624,0.00018005692966666662,0.15,18.46301539197703,2.5875468538160935,14827.560402154922
49450,920594317,0.5631862878799438,0.00017990094716666664,0.15,18.563083880437155,2.5966439891306505,14832.570310115814
49500,921525471,0.643922746181488,0.0001797457548333333,0.15,18.469048138524705,2.5880952853204278,14899.763954162598
49550,922455063,0.5358696579933167,0.00017959082283333332,0.15,18.438066525179998,2.5852787750163633,14904.793187618256
49600,923378872,0.4966590702533722,0.00017943685466666664,0.15,18.4187136135258,2.583519419411436,14909.826568603516
49650,924307100,0.536403238773346,0.00017928214999999998,0.15,18.4110121585973,2.582819287145209,14914.838485002518
49700,925241543,0.5561811923980713,0.00017912640949999998,0.15,18.534284070849118,2.5940258246226473,14975.110496997833
49750,926172257,0.5785967111587524,0.0001789712905,0.15,18.460320923498028,2.5873019021361845,14980.13629770279
49800,927106161,0.5584031343460083,0.00017881563983333332,0.15,18.52359323244144,2.593053930221949,14985.160565137863
49850,928035448,0.5799142718315125,0.00017866075866666665,0.15,18.52793284950953,2.5934484408645027,14990.165975570679
49900,928968406,0.43490782380104065,0.00017850526566666667,0.15,18.504829720134083,2.5913481563758256,14995.200959682465
49950,929900286,0.5567845702171326,0.00017834995233333332,0.15,18.48344804331872,2.589404367574429,15057.747137069702
50000,930831550,0.6293985247612,0.00017819474166666665,0.15,18.471229942281372,2.5882936311164886,15062.722448825836
50050,931757735,0.5635951161384583,0.00017804037749999998,0.15,18.46608581226573,2.587825982933248,15067.67009806633
50100,932688317,0.5773321390151978,0.00017788528049999996,0.15,18.457702758990024,2.587063887180911,15072.641954660416
50150,933625026,0.5826947689056396,0.0001777291623333333,0.15,18.579229228236507,2.5981117480215006,15098.965232610703
50200,934560261,0.6286481618881226,0.0001775732898333333,0.15,18.549993057897137,2.595453914354285,15103.938452005386
50250,935494033,0.5438483953475952,0.00017741766116666666,0.15,18.520975067933435,2.592815915266676,15108.909697055817
50300,936423177,0.6726969480514526,0.00017726280383333334,0.15,18.525081744955738,2.593189249541431,15113.857964515686
50350,937351449,0.6668445467948914,0.00017710809183333332,0.15,18.411884880099965,2.582898625463633,15140.754665851593
50400,938285023,0.5723323822021484,0.00017695249616666664,0.15,18.51704782117143,2.5924588928337666,15145.737946987152
50450,939219180,0.6526638269424438,0.00017679680333333332,0.15,18.528611381081777,2.5935101255528887,15150.711134433746
50500,940150480,0.5471816658973694,0.00017664158666666664,0.15,18.56806762899753,2.5970970571815934,15155.664783239365
50550,941078389,0.6133321523666382,0.00017648693516666666,0.15,18.404684927702956,2.5822440843366326,15160.643693447113
50600,942015604,0.618478000164032,0.00017633073266666666,0.15,18.589265525517188,2.599024138683381,15187.060353279114
50650,942943128,0.5792272686958313,0.00017617614533333331,0.15,18.397048614554613,2.5815498740504195,15192.042942285538
50700,943874194,0.6277961134910583,0.00017602096766666664,0.15,18.46730269551937,2.587936608683579,15197.021086215973
50750,944802480,0.6386190056800842,0.00017586625333333331,0.15,18.507975117632984,2.5916341016029985,15201.981605768204
50800,945733084,0.564350426197052,0.00017571115266666666,0.15,18.458139119741357,2.5871035563401232,15227.707740306854
50850,946664282,0.5211473107337952,0.000175555953,0.15,18.469920860027372,2.588174623638852,15232.689485311508
50900,947594061,0.524964451789856,0.0001754009898333333,0.15,18.441775591566337,2.585615962869667,15237.66737985611
50950,948521291,0.5578762888908386,0.00017524645149999995,0.15,18.486920807081905,2.5897200733710823,15242.623572826385
51000,949452148,0.5856589674949646,0.00017509130866666666,0.15,18.463157268381696,2.5875597516710633,15270.120034217834
51050,950382851,0.6490578055381775,0.0001749361915,0.15,18.46010274312236,2.587282067556578,15275.097519159317
51100,951317800,0.6167578101158142,0.00017478036666666665,0.15,18.544320368129796,2.594938215284527,15280.119614839554
51150,952247032,0.6649598479270935,0.00017462549466666665,0.15,18.526836270834995,2.5933487518940903,15285.267060995102
51200,953179242,0.6069507598876953,0.0001744701263333333,0.15,18.48999345458873,2.589999404962612,15290.413466215134
51250,954113256,0.6135604977607727,0.00017431445733333332,0.15,18.52577503619811,2.59325227601801,15369.01902604103
51300,955043497,0.570590078830719,0.00017415941716666665,0.15,18.450939167344348,2.5864490152131228,15374.005150794983
51350,955977401,0.6128860116004944,0.00017400376649999997,0.15,18.52359323244144,2.593053930221949,15379.131916046143
51400,956904829,0.6320890784263611,0.00017384919516666664,0.15,18.49086849031023,2.5900789536645665,15384.268633127213
51450,957839118,0.6017699837684631,0.0001736934803333333,0.15,18.53122954558978,2.5937481405081617,15461.980801343918
51500,958770580,0.522911548614502,0.00017353823666666664,0.15,18.47515718904338,2.588650653549398,15466.992435216904
51550,959709599,0.5545388460159302,0.00017338173349999998,0.15,18.625047107126566,2.6022770097387786,15471.996991872787
51600,960634596,0.6127315163612366,0.0001732275673333333,0.15,18.442399712895764,2.585672701172342,15476.969169855118
51650,961564870,0.5606334805488586,0.00017307252166666665,0.15,18.45159370847135,2.586508518951941,15539.145677089691
51700,962497047,0.5613500475883484,0.00017291715883333334,0.15,18.48933891346173,2.5899399012237936,15544.268145799637
51750,963429499,0.49020159244537354,0.00017276175016666667,0.15,18.4947934228534,2.5904357657139454,15549.332410097122
51800,964361467,0.6686758399009705,0.00017260642216666665,0.15,18.485193486324057,2.589563044211278,15554.397045850754
51850,965291227,0.5455281138420105,0.00017245146216666665,0.15,18.537363426110534,2.5943057660100486,15559.434135913849
51900,966222535,0.6092724204063416,0.00017229624416666665,0.15,18.472102663784042,2.588372969434913,15606.228519916534
51950,967150785,0.5530927181243896,0.00017214153583333333,0.15,18.41144851934863,2.582858956304421,15611.326976299286
52000,968085635,0.5316932797431946,0.00017198572749999998,0.15,18.542356744748794,2.594759704068072,15616.417524576187
52050,969016363,0.6072111129760742,0.00017183060616666665,0.15,18.55666321078236,2.5960602918893056,15621.46269774437
52100,969941577,0.5607897043228149,0.00017167640383333334,0.15,18.351230735664558,2.5773846123331414,15671.438346147537
52150,970875096,0.5141921043395996,0.0001715208173333333,0.15,18.515956919293096,2.592359719935736,15676.452464103699
52200,971810771,0.5158431529998779,0.00017136487149999998,0.15,18.558720272923814,2.5962472975385285,15681.464772224426
52250,972737822,0.5048245787620544,0.00017121036299999997,0.15,18.387666858400937,2.5806969871273577,15686.4766933918
52300,973664678,0.5085992217063904,0.000171055887,0.15,18.479464072095062,2.5890421883722783,15712.449706315994
52350,974596206,0.601315975189209,0.0001709006323333333,0.15,18.47646627129738,2.5887696610270345,15717.464518547058
52400,975528119,0.495649516582489,0.0001707453135,0.15,18.484102584445722,2.5894638713132476,15722.465424060822
52450,976460186,0.5015270709991455,0.000170589969,0.15,18.48715710970506,2.5897415554277328,15727.561934232712
52500,977392531,0.4898449778556824,0.00017043457816666663,0.15,18.588902623813702,2.5989911476194276,15732.624207258224
52550,978324147,0.5277561545372009,0.00017027930883333332,0.15,18.478211714302716,2.588928337663883,15794.336889982224
52600,979259151,0.559744119644165,0.0001701234748333333,0.15,18.54541127000813,2.5950373881825572,15799.506809473038
52650,980188710,0.6012356877326965,0.0001699685483333333,0.15,18.437411984052996,2.5852192712775452,15804.623504400253
52700,981113190,0.6015448570251465,0.00016981446833333333,0.15,18.43209187335513,2.5847356248504663,15809.758517980576
52750,982042320,0.583897590637207,0.00016965961333333332,0.15,18.428902949401987,2.584445722672908,15834.874526262283
52800,982973133,0.6210522055625916,0.0001695044778333333,0.15,18.46228454687903,2.587480413352639,15839.907170295715
52850,983906520,0.5686278343200684,0.00016934891333333333,0.15,18.513338754785092,2.592121704980463,15844.949880838394
52900,984839104,0.5981809496879578,0.00016919348266666666,0.15,18.497411587361405,2.590673780669219,15850.009605407715
52950,985768743,0.5843597054481506,0.00016903854283333331,0.15,18.534950953026556,2.5940864502751415,15875.072650909424
53000,986698654,0.5083703398704529,0.00016888355766666663,0.15,18.44439375607434,2.58585397782494,15880.116380929947
53050,987635748,0.5380647778511047,0.00016872737533333331,0.15,18.58686554138485,2.5988059583077137,15885.239770650864
53100,988566000,0.595781147480011,0.00016857233333333332,0.15,18.451157347720017,2.5864688497927286,15890.3879570961
53150,989489182,0.5800532102584839,0.00016841846966666663,0.15,18.406212616636097,2.582382965148736,15895.470801591873
53200,990417927,0.5475950837135315,0.00016826367883333333,0.15,18.421266636253645,2.5837515123866948,15933.89386510849
53250,991346826,0.6489759683609009,0.0001681088623333333,0.15,18.42432116151298,2.5840291965011803,15938.964521884918
53300,992279740,0.5104013085365295,0.00016795337666666664,0.15,18.503956998631413,2.5912688180574013,15944.035267353058
53350,993212863,0.5635040998458862,0.00016779785616666664,0.15,18.508102425769085,2.5916456750699166,15949.137367725372
53400,994139433,0.6179630756378174,0.00016764342783333333,0.15,18.47376186298748,2.5885238057261346,16006.088361263275
53450,995068112,0.5140553712844849,0.00016748864799999997,0.15,18.419957553999645,2.5836325049090587,16011.248937368393
53500,995999948,0.5959458947181702,0.000167333342,0.15,18.482575321816054,2.589325029256005,16016.416129112244
53550,996932070,0.5474190711975098,0.00016717798833333332,0.15,18.488248011583394,2.589840728325763,16021.523154497147
53600,997856264,0.6222345232963562,0.000167023956,0.15,18.426389664247548,2.5842172422043226,16048.236759662628
53650,998788683,0.638614296913147,0.0001668685528333333,0.15,18.494138881726403,2.5903762619751274,16053.36524105072
53700,999722587,0.5297881960868835,0.00016671290216666666,0.15,18.52359323244144,2.593053930221949,16058.488051176071
53750,1000658900,0.5813776850700378,0.00016655685,0.15,18.5713747347125,2.5973977031556816,16063.65703868866
53800,1001586468,0.5695765614509583,0.00016640225533333334,0.15,18.397921336057284,2.581629212368844,16068.787245035172
53850,1002513632,0.5567132830619812,0.000166247728,0.15,18.48560491267246,2.589600446606587,16110.962306022644
53900,1003440958,0.5590457916259766,0.00016609317366666666,0.15,18.39312136779261,2.58119285161751,16116.008080482483
53950,1004374345,0.5371519327163696,0.00016593760916666666,0.15,18.513338754785092,2.592121704980463,16121.053086280823
54000,1005302606,0.5411314964294434,0.00016578289899999996,0.15,18.4116666997243,2.582878790884027,16126.095972061157
54050,1006231607,0.6896653175354004,0.0001656280655,0.15,18.522230640401947,2.592930058218359,16159.871218681335
54100,1007161925,0.5834146738052368,0.0001654730125,0.15,18.452466429974017,2.586587857270365,16164.912665605545
54150,1008094058,0.6227489709854126,0.00016531765699999998,0.15,18.488466191959063,2.5898605629053693,16169.967920780182
54200,1009031119,0.6150798797607422,0.00016516148016666664,0.15,18.58621100025785,2.5987464545688956,16175.050690174103
54250,1009959152,0.6169241070747375,0.00016500680799999998,0.15,18.50293085573012,2.591175532339102,16180.197670936584
54300,1010892440,0.5633705258369446,0.00016485125999999998,0.15,18.51137513140409,2.591943193764008,16238.62378692627
54350,1011824188,0.5311189293861389,0.00016469596866666665,0.15,18.48082987881072,2.589166352619156,16243.678070545197
54400,1012760886,0.6113411784172058,0.0001645398523333333,0.15,18.579011047860842,2.5980919134418947,16248.73436331749
54450,1013693877,0.4900655150413513,0.00016438435383333332,0.15,18.50548426126108,2.5914076601146436,16253.788786172867
54500,1014623703,0.6565021276473999,0.00016422938283333332,0.15,18.53867932051998,2.5944253927745433,16312.854970693588
54550,1015552943,0.4995727837085724,0.00016407450949999997,0.15,18.431084753158657,2.5846440684689687,16317.858209848404
54600,1016483294,0.5962914228439331,0.000163919451,0.15,18.45312097110102,2.5866473610091836,16322.892204523087
54650,1017414371,0.49215179681777954,0.00016376427149999997,0.15,18.467520875895037,2.587956443263185,16327.931817531586
54700,1018338411,0.5962358117103577,0.0001636102648333333,0.15,18.423319243958847,2.583938113087168,16371.835615873337
54750,1019272898,0.5838990211486816,0.00016345451700000002,0.15,18.535156792351785,2.594105162941071,16376.868929862976
54800,1020204800,0.6740392446517944,0.0001632992,0.15,18.483884404070057,2.5894440367336418,16381.969743013382
54850,1021134326,0.5917502641677856,0.000163144279,0.15,18.436757442925998,2.5851597675387272,16387.018743038177
54900,1022065326,0.5675404667854309,0.0001629891123333333,0.15,18.46599361326537,2.5878176012059426,16392.124693632126
54950,1022992567,0.6583846807479858,0.00016283457216666663,0.15,18.48714012281681,2.5897400111651647,16453.788706302643
55000,1023925789,0.6658220887184143,0.00016267903516666666,0.15,18.510066049150087,2.5918241862863716,16458.862795591354
55050,1024859583,0.5667479634284973,0.00016252340283333332,0.15,18.521411428684768,2.592855584425888,16463.952056884766
55100,1025791452,0.5879732370376587,0.0001623680913333333,0.15,18.483229862943055,2.5893845329948233,16469.037078142166
55150,1026721289,0.5751484036445618,0.00016221311850000001,0.15,18.538898636254885,2.5944453305686257,16494.73262643814
55200,1027655116,0.5747508406639099,0.00016205748066666664,0.15,18.52206596981177,2.5929150881647063,16499.945731163025
55250,1028589196,0.5837914347648621,0.00016190180066666664,0.15,18.52708411845211,2.5933712834956464,16504.972623586655
55300,1029520174,0.5169578790664673,0.00016174663766666667,0.15,18.46555725251403,2.58777793204673,16509.978331804276
55350,1030450217,0.5550668835639954,0.0001615916305,0.15,18.447011920582344,2.5860919927802133,16538.269629240036
55400,1031377491,0.5029675960540771,0.00016143708483333332,0.15,18.487798070021533,2.5897998245474123,16543.40492606163
55450,1032308007,0.5653242468833923,0.00016128199883333333,0.15,18.45639367673602,2.5869448797032746,16548.51078057289
55500,1033235641,0.47333160042762756,0.00016112739316666663,0.15,18.399230418311284,2.5817482198464803,16553.648604154587
55550,1034167433,0.622005045413971,0.00016097209449999998,0.15,18.481702600313387,2.5892456909375805,16558.6724319458
55600,1035093013,0.6879867911338806,0.00016081783116666666,0.15,18.45402344684584,2.586729404258713,16598.46052622795
55650,1036030580,0.6583316326141357,0.00016066156999999998,0.15,18.59624729753853,2.5996588452307754,16603.514805078506
55700,1036964418,0.6253615021705627,0.0001605059303333333,0.15,18.52228415018744,2.5929349227443126,16608.55992078781
55750,1037895308,0.571012020111084,0.000160350782,0.15,18.463811809508698,2.587619255409882,16613.606899023056
55800,1038824408,0.608019232749939,0.000160195932,0.15,18.52420448201611,2.593109498365101,16654.927217960358
55850,1039754066,0.552955150604248,0.00016004098899999997,0.15,18.439375607434002,2.585397782494,16659.93754863739
55900,1040683658,0.5248557329177856,0.000159886057,0.15,18.438066525179998,2.5852787750163633,16665.02643418312
55950,1041614834,0.6566094160079956,0.00015973086100000002,0.15,18.46948449927604,2.58813495447964,16670.179772377014
56000,1042546912,0.6305853128433228,0.00015957551466666664,0.15,18.487375290080728,2.589761390007339,16722.61080646515
56050,1043473625,0.5523545145988464,0.0001594210625,0.15,18.47661296754127,2.5887829970492064,16727.60348033905
56100,1044404724,0.6113685369491577,0.00015926587933333332,0.15,18.46795723664637,2.587996112422397,16732.619690179825
56150,1045340520,0.6492013931274414,0.00015910991333333333,0.15,18.561120257056153,2.5964654779141956,16737.627556324005
56200,1046272048,0.5862630605697632,0.00015895465866666664,0.15,18.47646627129738,2.5887696610270345,16742.641339063644
56250,1047201049,0.5533371567726135,0.00015879982516666668,0.15,18.522230640401947,2.592930058218359,16776.596482992172
56300,1048137098,0.6036016345024109,0.00015864381699999997,0.15,18.566138405696492,2.5969216732451357,16781.634484529495
56350,1049066734,0.599279522895813,0.00015848887766666664,0.15,18.438939246682665,2.5853581133347876,16786.67107605934
56400,1050000341,0.6334940791130066,0.00015833327649999998,0.15,18.51770236229843,2.5925183965725846,16791.688574314117
56450,1050933882,0.5831753015518188,0.0001581776863333333,0.15,18.51639328004443,2.592399389094948,16828.21667456627
56500,1051863521,0.5812524557113647,0.00015802274649999998,0.15,18.534950953026556,2.5940864502751415,16833.23656487465
56550,1052799130,0.5524442195892334,0.00015786681166666663,0.15,18.557411190669814,2.5961282900608924,16838.24670648575
56600,1053737841,0.5698513984680176,0.00015771035983333333,0.15,18.61893805660789,2.6017216415098083,16843.243583202362
56650,1054670414,0.5506149530410767,0.000157554931,0.15,18.49719340698574,2.590653946089613,16882.52991580963
56700,1055595246,0.4776483178138733,0.0001574007923333333,0.15,18.43910997687216,2.5853736342611056,16887.54675912857
56750,1056524937,0.5122417211532593,0.0001572458438333333,0.15,18.440030148561,2.5854572862328182,16892.58390045166
56800,1057460656,0.5125577449798584,0.00015708989066666665,0.15,18.559592994426485,2.5963266358569532,16897.634464263916
56850,1058390281,0.616780698299408,0.00015693495316666665,0.15,18.438721066307,2.5853382787551817,16902.67735862732
56900,1059322656,0.5127121806144714,0.0001567795573333333,0.15,18.493266160223733,2.590296923656703,16931.779955625534
56950,1060252570,0.5387534499168396,0.00015662457166666665,0.15,18.540433846399235,2.5945848951272033,16936.736756801605
57000,1061185814,0.5739557147026062,0.00015646903099999997,0.15,18.510502409901424,2.591863855445584,16941.717523097992
57050,1062119608,0.5467281341552734,0.00015631339866666665,0.15,18.521411428684768,2.592855584425888,16946.68799161911
57100,1063053094,0.6484880447387695,0.00015615781766666666,0.15,18.515302378166094,2.5923002161969175,16981.436759710312
57150,1063977783,0.6043851971626282,0.00015600370283333335,0.15,18.436258872318366,2.5851144429380333,16986.381519556046
57200,1064910488,0.5169194340705872,0.00015584825199999999,0.15,18.49981157149374,2.5908919610448855,16991.390095472336
57250,1065840795,0.6133358478546143,0.00015569320083333335,0.15,18.452248249598348,2.586568022690759,16996.45938873291
57300,1066772433,0.6431273818016052,0.00015553792783333333,0.15,18.47864807505405,2.5889680068230954,17032.125439167023
57350,1067698893,0.688511073589325,0.00015538351783333333,0.15,18.471568705638408,2.58832442778531,17037.085999011993
57400,1068634667,0.5407586097717285,0.0001552275555,0.15,18.560683896304816,2.5964258087549834,17042.027639389038
57450,1069566998,0.5575636625289917,0.000155072167,0.15,18.492393438721066,2.5902175853382787,17046.99804830551
57500,1070498460,0.5579319596290588,0.00015491692333333335,0.15,18.47515718904338,2.588650653549398,17051.980444192886
57550,1071431451,0.5416605472564697,0.0001547614248333333,0.15,18.50548426126108,2.5914076601146436,17077.90159702301
57600,1072359825,0.6813953518867493,0.00015460669583333334,0.15,18.50972964351224,2.5917936039556584,17082.86970281601
57650,1073293817,0.5966885685920715,0.00015445103049999996,0.15,18.525338675446775,2.5932126068587977,17087.870647192
57700,1074225752,0.5378183126449585,0.00015429570799999998,0.15,18.484538945197055,2.58950354047246,17092.88713669777
57750,1075160041,0.5807814002037048,0.00015413999316666663,0.15,18.53122954558978,2.5937481405081617,17118.402524232864
57800,1076083564,0.5353144407272339,0.00015398607266666668,0.15,18.413011404418214,2.583001036765292,17123.362097501755
57850,1077016632,0.6197608709335327,0.0001538305613333333,0.15,18.50701152389075,2.5915465021718864,17128.347810268402
57900,1077952032,0.4822922646999359,0.0001536746613333333,0.15,18.553265763532142,2.5957514330483766,17133.34964942932
57950,1078878841,0.5412944555282593,0.00015352019316666667,0.15,18.382866890136263,2.580260626376024,17162.083178281784
58000,1079810402,0.5795755982398987,0.00015336493299999998,0.15,18.47712081242438,2.588829164765853,17167.04749083519
58050,1080735058,0.6332019567489624,0.00015321082366666664,0.15,18.435600925113647,2.585054629555786,17172.006056785583
58100,1081663726,0.5314849019050598,0.00015305604566666668,0.15,18.419739373623976,2.5836126703294524,17176.990968465805
58150,1082596783,0.6553100943565369,0.00015290053616666668,0.15,18.506793343515085,2.5915266675922806,17181.977611541748
58200,1083526683,0.6965423226356506,0.00015274555283333329,0.15,18.444175575698672,2.585834143245334,17207.44611287117
58250,1084454925,0.6221135258674622,0.00015259084583333333,0.15,18.507097854693356,2.591554350426669,17212.410534620285
58300,1085389335,0.5670598149299622,0.00015243511083333334,0.15,18.533629529722116,2.593966320883829,17217.402223348618
58350,1086319598,0.7016421556472778,0.00015228006699999998,0.15,18.45137552809568,2.5864886843723345,17222.402386903763
58400,1087249399,0.5926262140274048,0.00015212510016666665,0.15,18.44221195231767,2.585655632028879,17247.979548692703
58450,1088181752,0.604921817779541,0.000151969708,0.15,18.4928297994724,2.590257254497491,17252.95956325531
58500,1089108091,0.5909156799316406,0.00015181531816666662,0.15,18.46915623255443,2.588105112050403,17257.927700281143
58550,1090039707,0.560110867023468,0.00015166004883333331,0.15,18.478211714302716,2.588928337663883,17262.924458503723
58600,1090975481,0.5361003875732422,0.0001515040865,0.15,18.560683896304816,2.5964258087549834,17288.31945347786
58650,1091909627,0.6026498079299927,0.00015134839549999998,0.15,18.528393200706113,2.593490290973283,17293.3241815567
58700,1092837550,0.6008216142654419,0.00015119374166666665,0.15,18.50073769838105,2.590976154398277,17298.402651786804
58750,1093768066,0.4892937242984772,0.00015103865566666664,0.15,18.45639367673602,2.5869448797032746,17303.70929837227
58800,1094699407,0.5943533778190613,0.00015088343216666664,0.15,18.47275720491104,2.588432473173731,17308.963213682175
58850,1095629978,0.6352169513702393,0.000150728337,0.15,18.457484578614356,2.587044052601305,17383.66457414627
58900,1096555899,0.6033090353012085,0.00015057401683333334,0.15,18.460822234627962,2.5873474758752693,17388.628447294235
58950,1097488857,0.5737876892089844,0.0001504185238333333,0.15,18.504829720134083,2.5913481563758256,17393.56879544258
59000,1098418174,0.5678068995475769,0.00015026363766666666,0.15,18.432612015788326,2.5847829105262115,17398.53852915764
59050,1099351781,0.5349180102348328,0.0001501080365,0.15,18.51770236229843,2.5925183965725846,17485.714403390884
59100,1100279954,0.6650683879852295,0.00014995334099999997,0.15,18.409921256718963,2.5827201142471785,17490.697239160538
59150,1101209472,0.6221693754196167,0.00014979842133333333,0.15,18.53253847994258,2.5938671345402344,17495.64706516266
59200,1102139779,0.5553618669509888,0.00014964337016666666,0.15,18.452248249598348,2.586568022690759,17500.613636016846
59250,1103071681,0.5784268975257874,0.00014948805316666666,0.15,18.483884404070057,2.5894440367336418,17547.988826274872
59300,1104006487,0.5986242890357971,0.00014933225216666666,0.15,18.541484023246127,2.5946803657496478,17553.034051418304
59350,1104935378,0.5466493368148804,0.00014917743699999997,0.15,18.520037483052874,2.592730680277534,17558.05411052704
59400,1105868919,0.6496288180351257,0.00014902184683333332,0.15,18.51639328004443,2.592399389094948,17563.094606637955
59450,1106802680,0.4871037006378174,0.00014886622,0.15,18.52075688755777,2.59279608068707,17568.157115459442
59500,1107737002,0.5080291032791138,0.00014871049966666663,0.15,18.531884086716783,2.59380764424698,17644.837629795074
59550,1108664020,0.5298999547958374,0.00014855599666666665,0.15,18.387012317273935,2.5806374833885397,17649.88207101822
59600,1109594011,0.6390525102615356,0.00014840099816666665,0.15,18.541969056543586,2.5947244596857804,17654.930132865906
59650,1110524417,0.5670645236968994,0.0001482459305,0.15,18.454211872979354,2.5867465339072138,17660.06705236435
59700,1111455571,0.6500130891799927,0.00014809073816666665,0.15,18.469048138524705,2.5880952853204278,17708.744114875793
59750,1112387660,0.6773662567138672,0.00014793538999999999,0.15,18.487593470456392,2.589781224586945,17713.718919992447
59800,1113312338,0.5267702341079712,0.00014778127699999996,0.15,18.43603955658346,2.585094505143951,17718.676666498184
59850,1114242425,0.4510934352874756,0.0001476262625,0.15,18.44788464208501,2.586171331098637,17723.656942129135
59900,1115172226,0.5387886166572571,0.00014747129566666664,0.15,18.44221195231767,2.585655632028879,17796.44842028618
59950,1116102082,0.5713480710983276,0.00014731631966666666,0.15,18.443302854196006,2.5857548049269097,17801.52884554863
60000,1117037361,0.5412113666534424,0.00014716043983333332,0.15,18.550865779399807,2.5955332526727095,17806.640298843384
60050,1117966131,0.5907675623893738,0.00014700564483333332,0.15,18.517625009968896,2.5925113645426268,17811.74873304367
60100,1118901080,0.5605513453483582,0.00014684982,0.15,18.544320368129796,2.594938215284527,17816.83527159691
60150,1119835578,0.5949608087539673,0.00014669407033333334,0.15,18.535374972727453,2.5941249975206775,17845.220455408096
60200,1120765456,0.5127618908882141,0.00014653909066666667,0.15,18.44373921494734,2.585794474086122,17850.22559285164
60250,1121691355,0.5311805605888367,0.00014638477416666664,0.15,18.460383603158146,2.587307600287104,17855.20322561264
60300,1122625952,0.5743257403373718,0.000146229008,0.15,18.537338596108455,2.5943035087371324,17860.18629360199
60350,1123555522,0.6400591731071472,0.00014607407966666665,0.15,18.437630164428665,2.5852391058571516,17922.348293542862
60400,1124483761,0.6549760103225708,0.00014591937316666667,0.15,18.411230338972967,2.582839121724815,17927.3986222744
60450,1125412311,0.5773374438285828,0.00014576461483333333,0.15,18.513238695270754,2.592112608660978,17932.455805778503
60500,1126346886,0.5698695182800293,0.00014560885233333334,0.15,18.536902235357122,2.5942638395779203,17937.490660190582
60550,1127281417,0.5422994494438171,0.00014545309716666664,0.15,18.536029513854455,2.594184501259496,18001.860258340836
60600,1128216982,0.6249217391014099,0.00014529716966666666,0.15,18.556538469167148,2.596048951742468,18006.957822799683
60650,1129150952,0.5797551870346069,0.000145141508,0.15,18.52490231469544,2.593172937699585,18011.997103452682
60700,1130074739,0.7399871945381165,0.00014498754349999998,0.15,18.418274982055987,2.5834795438232714,18017.02070569992
60750,1131005486,0.5377898216247559,0.000144832419,0.15,18.460975464625026,2.5873614058750025,18022.069624900818
60800,1131940248,0.6039902567863464,0.00014467662533333334,0.15,18.54061130174346,2.594601027431224,18085.286021709442
60850,1132868729,0.5762003064155579,0.00014452187849999998,0.15,18.416030307237637,2.583275482476149,18090.322808027267
60900,1133796256,0.60797119140625,0.00014436729066666666,0.15,18.492842331924397,2.590258393811309,18095.34095478058
60950,1134727773,0.5481210947036743,0.00014421203783333332,0.15,18.476248090921715,2.5887498264474287,18100.379766464233
61000,1135658245,0.6329907774925232,0.00014405695916666663,0.15,18.455520955233354,2.5868655413848503,18164.218844652176
61050,1136592127,0.6216817498207092,0.00014390131216666664,0.15,18.523156871690105,2.593014261062737,18169.255910396576
61100,1137522643,0.5993961691856384,0.00014374622616666666,0.15,18.45639367673602,2.5869448797032746,18174.311360359192
61150,1138451721,0.44751888513565063,0.0001435913798333333,0.15,18.523765850546294,2.5930696227769356,18179.34556722641
61200,1139384085,0.6142410635948181,0.0001434359858333333,0.15,18.49304797984807,2.590277089077097,18249.027925252914
61250,1140307748,0.584624707698822,0.000143282042,0.15,18.32046730269552,2.5745879366086837,18254.020424365997
61300,1141238550,0.5069062113761902,0.00014312690833333334,0.15,18.46206636650336,2.5874605787730327,18259.053395986557
61350,1142163712,0.667675256729126,0.00014297271466666667,0.15,18.44568944891937,2.585971768083579,18264.084852457047
61400,1143093997,0.5536259412765503,0.00014281766716666664,0.15,18.451811888847015,2.5865283535315466,18269.14524412155
61450,1144020971,0.6547450423240662,0.00014266317149999998,0.15,18.38613959577127,2.5805581450701154,18326.65448307991
61500,1144953148,0.5895671248435974,0.00014250780866666667,0.15,18.48933891346173,2.5899399012237936,18331.708238840103
61550,1145883026,0.5797730088233948,0.000142352829,0.15,18.44373921494734,2.585794474086122,18336.746338367462
61600,1146808760,0.5718744993209839,0.00014219854,0.15,18.45709386713454,2.587008533375867,18341.835458040237
61650,1147742829,0.5631392002105713,0.00014204286183333332,0.15,18.526865938076444,2.5933514489160405,18441.235058784485
61700,1148677646,0.5933831334114075,0.00014188705899999997,0.15,18.541702203621796,2.594700200329254,18446.414061307907
61750,1149607304,0.5353239178657532,0.000141732116,0.15,18.439375607434002,2.585397782494,18451.54902291298
61800,1150533665,0.6062466502189636,0.0001415777225,0.15,18.469594864024245,2.5881449876385676,18456.939079284668
61850,1151461552,0.5779885053634644,0.00014142307466666668,0.15,18.404248566951622,2.5822044151774204,18547.679024219513
61900,1152394004,0.5942299962043762,0.00014126766599999998,0.15,18.4947934228534,2.5904357657139454,18552.832446575165
61950,1153326401,0.6000312566757202,0.00014111226649999998,0.15,18.493702520975067,2.590336592815915,18557.962551116943
62000,1154253554,0.6726510524749756,0.00014095774099999998,0.15,18.485385596937554,2.589580508812505,18563.066655874252
62050,1155184202,0.6112251281738281,0.000140802633,0.15,18.459011841244024,2.5871828946585476,18568.143092632294
62100,1156118304,0.6006008386611938,0.00014064694933333335,0.15,18.527520479203442,2.5934109526548585,18662.724204540253
62150,1157048666,0.5133252739906311,0.000140491889,0.15,18.453339151476683,2.5866671955887894,18667.800854682922
62200,1157975200,0.6169754266738892,0.00014033746666666664,0.15,18.37741238074459,2.579764761885872,18672.89554977417
62250,1158905081,0.586298942565918,0.00014018248650000001,0.15,18.539775899194513,2.5945250817449557,18677.965015888214
62300,1159837159,0.5893632769584656,0.00014002714016666664,0.15,18.487375290080728,2.589761390007339,18763.464883565903
62350,1160773747,0.5436791181564331,0.00013987104216666666,0.15,18.57682924410417,2.597893567645834,18768.5441198349
62400,1161707035,0.5818212032318115,0.00013971549416666665,0.15,18.51137513140409,2.591943193764008,18773.66645503044
62450,1162631482,0.5684144496917725,0.00013956141966666667,0.15,18.43143392615041,2.584675811468219,18778.695524454117
62500,1163560084,0.5103193521499634,0.00013940665266666663,0.15,18.418430291369976,2.583493662851816,18845.507199048996
62550,1164492426,0.4656526744365692,0.00013925126233333335,0.15,18.492611619096735,2.590237419917885,18850.596400737762
62600,1165422216,0.5468078851699829,0.0001390962973333333,0.15,18.441993771942002,2.5856357974492727,18855.68089532852
62650,1166357484,0.6429315805435181,0.00013894041933333332,0.15,18.55064759902414,2.5955134180931037,18860.69235253334
62700,1167284582,0.5437256693840027,0.000138785903,0.15,18.48428901826302,2.589480819842093,18865.681017398834
62750,1168216891,0.6112399101257324,0.00013863051816666666,0.15,18.491957077969733,2.5901779161790666,18904.03542995453
62800,1169148804,0.5318173170089722,0.00013847519933333333,0.15,18.484102584445722,2.5894638713132476,18909.132920742035
62850,1170084215,0.6070796251296997,0.0001383192975,0.15,18.55348394390781,2.595771267627983,18914.13095831871
62900,1171009982,0.6104893088340759,0.00013816500299999998,0.15,18.45775181433926,2.5870683467581146,18919.116581439972
62950,1171940718,0.5884220004081726,0.00013800988033333333,0.15,18.46075728424936,2.5873415712953967,18964.49228286743
63000,1172871927,0.5320543050765991,0.00013785467883333332,0.15,18.470139040403037,2.588194458218458,18969.636598348618
63050,1173803466,0.5443921089172363,0.00013769942233333331,0.15,18.476684451673048,2.588789495606641,18974.680639982224
63100,1174735082,0.6658239960670471,0.00013754415299999998,0.15,18.478211714302716,2.588928337663883,18979.721937179565
63150,1175661069,0.6343328952789307,0.00013738982183333332,0.15,18.462138129037402,2.587467102639764,19028.449548482895
63200,1176594126,0.4907654821872711,0.00013723431233333332,0.15,18.506793343515085,2.5915266675922806,19033.482100963593
63250,1177524422,0.6189582943916321,0.00013707926299999997,0.15,18.452030069222683,2.586548188111153,19038.54174208641
63300,1178454839,0.6501367092132568,0.00013692419349999998,0.15,18.45443005335502,2.58676636848682,19043.58199095726
63350,1179380848,0.6088975071907043,0.00013676985866666665,0.15,18.46257676050722,2.5875069782279287,19048.598904132843
63400,1180306986,0.5726463794708252,0.00013661550233333333,0.15,18.36955788722058,2.5790507170200527,19100.811002731323
63450,1181239130,0.5910049676895142,0.000136460145,0.15,18.488684372334728,2.589880397484975,19105.904871940613
63500,1182168491,0.6378458738327026,0.0001363052515,0.15,18.433484737290993,2.584862248844636,19110.94340968132
63550,1183098196,0.5301547050476074,0.00013615030066666664,0.15,18.536266847436,2.5942060770396362,19115.987743616104
63600,1184029427,0.5455997586250305,0.00013599509549999997,0.15,18.470575401154374,2.5882341273776706,19164.586136102676
63650,1184964926,0.5814329981803894,0.000135839179,0.15,18.555229386913144,2.595929944264831,19169.601799726486
63700,1185896773,0.5407117605209351,0.00013568387116666666,0.15,18.482793502191722,2.589344863835611,19174.721352815628
63750,1186833658,0.5018833875656128,0.00013552772366666666,0.15,18.582720114247177,2.598429101295198,19179.761613845825
63800,1187757599,0.49544546008110046,0.0001353737335,0.15,18.421345402344684,2.583758672940426,19222.29846763611
63850,1188690788,0.5943160653114319,0.000135218202,0.15,18.50941150802309,2.5917646825475535,19227.389596939087
63900,1189619511,0.5235806107521057,0.0001350634148333333,0.15,18.42083027550231,2.583711843227483,19232.385362625122
63950,1190551842,0.5388316512107849,0.00013490802633333332,0.15,18.492393438721066,2.5902175853382787,19237.398870944977
64000,1191477598,0.5190523266792297,0.00013475373366666663,0.15,18.457532498604355,2.587048408964032,19242.42699599266
64050,1192409236,0.5564495325088501,0.00013459846066666664,0.15,18.47864807505405,2.5889680068230954,19278.719436883926
64100,1193339631,0.5948446989059448,0.0001344433948333333,0.15,18.453993692603685,2.586726699327608,19283.808176279068
64150,1194276197,0.595176637172699,0.0001342873005,0.15,18.57639288335284,2.5978538984866217,19288.808235168457
64200,1195207956,0.5333315134048462,0.00013413200733333332,0.15,18.481048059186385,2.5891861871987625,19293.841115236282
64250,1196130544,0.5802748799324036,0.00013397824266666667,0.15,18.394369566951113,2.581306324268283,19332.24994778633
64300,1197063513,0.5257060527801514,0.0001338227478333333,0.15,18.505047900509748,2.5913679909554315,19337.33776974678
64350,1197996614,0.46420609951019287,0.000133667231,0.15,18.50766606501775,2.591606005910705,19342.393121242523
64400,1198931057,0.552192211151123,0.0001335114905,0.15,18.534284070849118,2.5940258246226473,19347.446985960007
64450,1199854910,0.6590372920036316,0.000133357515,0.15,18.419590876465428,2.583599170587766,19380.80218076706
64500,1200790651,0.5019764304161072,0.00013320155816666667,0.15,18.560029355177818,2.5963663050161654,19385.909469604492
64550,1201723004,0.6331807374954224,0.000133046166,0.15,18.4928297994724,2.590257254497491,19391.01403784752
64600,1202657942,0.6133474111557007,0.00013289034299999997,0.15,18.54410218775413,2.594918380704921,19396.1230032444
64650,1203592341,0.6246203184127808,0.00013273460983333332,0.15,18.53341134934645,2.593946486304223,19401.16637659073
64700,1204520814,0.5828813314437866,0.0001325798643333333,0.15,18.511703485126407,2.5919730441024007,19438.102256774902
64750,1205451319,0.5883468985557556,0.00013242478016666667,0.15,18.456175496360355,2.5869250451236687,19443.1843893528
64800,1206386697,0.6418962478637695,0.00013226888383333332,0.15,18.55282940278081,2.5957117638891645,19448.25188112259
64850,1207318335,0.5522077083587646,0.00013211361083333332,0.15,18.47864807505405,2.5889680068230954,19453.288299798965
64900,1208242529,0.5084746479988098,0.00013195957849999998,0.15,18.426389664247548,2.5842172422043226,19494.557534456253
64950,1209174420,0.6258569955825806,0.00013180426333333332,0.15,18.48366622369439,2.5894242021540355,19499.70166039467
65000,1210106531,0.6458386182785034,0.0001316489115,0.15,18.488029831207726,2.589820893746157,19504.781330108643
65050,1211037278,0.5005970597267151,0.000131493787,0.15,18.460975464625026,2.5873614058750025,19509.816344738007
65100,1211969106,0.6240161061286926,0.00013133848233333332,0.15,18.57859478427307,2.5980540712975517,19514.864557504654
65150,1212902185,0.5640460252761841,0.00013118296916666666,0.15,18.50722970426642,2.5915663367514927,19560.763718366623
65200,1213833669,0.6468677520751953,0.00013102772183333334,0.15,18.475593549794713,2.58869032270861,19565.825706481934
65250,1214768266,0.6730629205703735,0.00013087195566666664,0.15,18.537338596108455,2.5943035087371324,19570.87713074684
65300,1215695636,0.6259089708328247,0.00013071739399999997,0.15,18.393994089295276,2.5812721899359343,19575.966606378555
65350,1216624736,0.6569905877113342,0.000130562544,0.15,18.52420448201611,2.593109498365101,19632.938220977783
65400,1217552282,0.5832958221435547,0.000130407953,0.15,18.397484975305947,2.5815895432096316,19638.02023124695
65450,1218483029,0.6416314244270325,0.0001302528285,0.15,18.460975464625026,2.5873614058750025,19643.090879917145
65500,1219414997,0.5267859697341919,0.00013009750049999998,0.15,18.485193486324057,2.589563044211278,19648.179985523224
65550,1220340511,0.5307028889656067,0.00012994324816666667,0.15,18.452707552436397,2.586609777494218,19713.954885721207
65600,1221269993,0.5765530467033386,0.0001297883345,0.15,18.435884721423328,2.5850804292203025,19718.921295166016
65650,1222202995,0.6383206844329834,0.00012963283416666664,0.15,18.50570244163675,2.59142749469425,19723.88857936859
65700,1223131399,0.6182916760444641,0.00012947810016666666,0.15,18.41450304460797,2.5831366404189064,19728.85588645935
65750,1224061827,0.551758348941803,0.0001293230288333333,0.15,18.454648233730687,2.586786203066426,19733.823195934296
65800,1224989816,0.5962820053100586,0.000129168364,0.15,18.502053592790492,2.591095781162772,19770.61308813095
65850,1225920178,0.506213366985321,0.00012901330366666666,0.15,18.453339151476683,2.5866671955887894,19775.60167980194
65900,1226854269,0.5507987141609192,0.00012885762183333332,0.15,18.527302298827777,2.5933911180752527,19780.595737695694
65950,1227785280,0.5761025547981262,0.00012870245333333332,0.15,18.466211793641033,2.5878374357855485,19785.57537174225
66000,1228713346,0.5491572618484497,0.00012854777566666665,0.15,18.503588802934843,2.5912353457213495,19818.2435028553
66050,1229647019,0.5788401365280151,0.00012839216349999998,0.15,18.519011444552433,2.592637404050221,19823.334866046906
66100,1230580934,0.5613066554069519,0.000128236511,0.15,18.523811412817107,2.5930737648015554,19828.414984941483
66150,1231513375,0.6121117472648621,0.00012808110416666666,0.15,18.494575242477737,2.5904159311343395,19833.475252866745
66200,1232446586,0.525762140750885,0.00012792556899999998,0.15,18.509847868774422,2.5918043517067657,19859.19547367096
66250,1233371220,0.5592629313468933,0.0001277714633333333,0.15,18.43516229364383,2.585014753967621,19864.234398126602
66300,1234302055,0.5640660524368286,0.00012761632416666665,0.15,18.462720907630363,2.587520082511851,19869.33771967888
66350,1235236641,0.569697916507721,0.00012746055983333334,0.15,18.53712041573279,2.5942836741575266,19874.42179775238
66400,1236166915,0.5931364893913269,0.00012730551416666666,0.15,18.45159370847135,2.586508518951941,19879.50708580017
66450,1237094519,0.5399211049079895,0.00012715091349999998,0.15,18.494377542068747,2.590397958369886,19905.445020914078
66500,1238028357,0.6286258697509766,0.00012699527383333334,0.15,18.52228415018744,2.5929349227443126,19910.473633766174
66550,1238965066,0.6154323816299438,0.00012683915566666666,0.15,18.579229228236507,2.5981117480215006,19915.487246751785
66600,1239900235,0.5994097590446472,0.00012668329416666666,0.15,18.548683975643137,2.5953349068766487,19920.48870396614
66650,1240825628,0.6594843864440918,0.000126529062,0.15,18.450295079352422,2.586390461759311,19950.980932235718
66700,1241755935,0.5871967077255249,0.00012637401083333331,0.15,18.452248249598348,2.586568022690759,19955.953615903854
66750,1242690224,0.5624594688415527,0.00012621829599999997,0.15,18.53122954558978,2.5937481405081617,19960.937232255936
66800,1243623226,0.5642624497413635,0.00012606279566666667,0.15,18.50570244163675,2.59142749469425,19965.953094482422
66850,1244555953,0.6287876963615417,0.00012590734116666664,0.15,18.500247932245077,2.590931630204098,20000.94806265831
66900,1245486054,0.6292122006416321,0.00012575232433333333,0.15,18.544162213892655,2.594923837626605,20005.924150943756
66950,1246415052,0.5475629568099976,0.0001255974913333333,0.15,18.426284784893983,2.584207707717635,20010.91404724121
67000,1247345601,0.6427600383758545,0.00012544239983333332,0.15,18.457048217863022,2.587004383442093,20015.896238088608
67050,1248275567,0.5254521369934082,0.0001252874055,0.15,18.445484657952676,2.5859531507229705,20020.88559985161
67100,1249200542,0.6069709062576294,0.00012513324300000001,0.15,18.44196108142595,2.5856328255841774,20046.49148750305
67150,1250134061,0.6274077296257019,0.0001249776565,0.15,18.515956919293096,2.592359719935736,20051.504326820374
67200,1251064346,0.5869285464286804,0.00012482260899999997,0.15,18.451811888847015,2.5865283535315466,20056.523154735565
67250,1251997249,0.5579253435134888,0.00012466712516666665,0.15,18.503738818255748,2.5912489834777954,20061.539247989655
67300,1252931417,0.5670763850212097,0.0001245114305,0.15,18.528829561457446,2.593529960132495,20098.474539518356
67350,1253854027,0.5412483215332031,0.00012435766216666665,0.15,18.394808198420925,2.5813461998564478,20103.4610683918
67400,1254791033,0.5804992914199829,0.00012420149449999997,0.15,18.585120098379516,2.598647281670865,20108.468182086945
67450,1255722198,0.6550729274749756,0.00012404630033333331,0.15,18.46926631890037,2.5881151199000336,20113.471844911575
67500,1256652747,0.527838945388794,0.00012389120883333333,0.15,18.457048217863022,2.587004383442093,20151.080151081085
67550,1257575148,0.5514421463012695,0.00012373747533333333,0.15,18.390641199457693,2.580967381768881,20156.056680202484
67600,1258510603,0.6073957085609436,0.00012358156616666666,0.15,18.554356665410477,2.595850605946407,20161.071294784546
67650,1259442175,0.543580174446106,0.00012342630416666665,0.15,18.477338992800046,2.588848999345459,20166.070850372314
67700,1260373912,0.5124742388725281,0.00012327101466666666,0.15,18.48061169843505,2.5891465180395503,20171.081844329834
67750,1261304307,0.5999149680137634,0.00012311594883333333,0.15,18.453993692603685,2.586726699327608,20202.99787092209
67800,1262230085,0.5548771023750305,0.00012296165249999999,0.15,18.457971130074167,2.587088284552197,20207.971552848816
67850,1263163901,0.6326969265937805,0.0001228060165,0.15,18.5218477894361,2.5928952535851,20212.975031137466
67900,1264094648,0.5774437189102173,0.000122650892,0.15,18.460975464625026,2.5873614058750025,20217.986122131348
67950,1265030708,0.6421098113059998,0.00012249488199999998,0.15,18.566356586072157,2.5969415078247415,20244.16802430153
68000,1265953923,0.5361905694007874,0.0001223410128333333,0.15,18.406870563840815,2.582442778530983,20249.161660432816
68050,1266883658,0.6681652665138245,0.00012218605699999997,0.15,18.44090287006367,2.5855366245512426,20254.1817445755
68100,1267819982,0.5972990989685059,0.00012203000299999998,0.15,18.571592915088164,2.5974175377352875,20259.205727815628
68150,1268752610,0.6203294992446899,0.000121874565,0.15,18.498284308864072,2.5907531189876427,20284.932911396027
68200,1269678861,0.5214059352874756,0.00012172018983333333,0.15,18.467401706675172,2.587945609697743,20290.000049591064
68250,1270611379,0.6730583906173706,0.00012156477016666666,0.15,18.496102505107405,2.5905547731915823,20295.213272333145
68300,1271547615,0.5709379315376282,0.00012140873083333332,0.15,18.56984747208283,2.5972588610984393,20300.47636461258
68350,1272481442,0.5765596032142639,0.00012125309299999998,0.15,18.52206596981177,2.5929150881647063,20305.550226211548
68400,1273413674,0.4975024461746216,0.00012109772099999999,0.15,18.490429815340065,2.590039074121824,20342.55598783493
68450,1274341740,0.5905781388282776,0.00012094304333333334,0.15,18.503588802934843,2.5912353457213495,20347.675424337387
68500,1275271915,0.5476633310317993,0.00012078801416666667,0.15,18.449630085090348,2.5863300077354863,20352.737714529037
68550,1276205368,0.6302073001861572,0.00012063243866666666,0.15,18.514647837039092,2.5922407124580995,20357.72942185402
68600,1277133508,0.6230064630508423,0.00012047774866666666,0.15,18.40926671559196,2.58266061050836,20383.094762325287
68650,1278065017,0.5934515595436096,0.00012032249716666665,0.15,18.572234627960764,2.5974758752691605,20388.060530662537
68700,1278995742,0.5784155130386353,0.00012016737633333331,0.15,18.460539103873693,2.5873217367157904,20393.057311058044
68750,1279924509,0.5487217307090759,0.00012001258183333332,0.15,18.421702997004978,2.583791181545907,20398.239077806473
68800,1280857764,0.5926743149757385,0.00011985703933333332,0.15,18.51072059027709,2.59188369002519,20427.966869592667
68850,1281788368,0.5083096027374268,0.00011970193866666666,0.15,18.458139119741357,2.5871035563401232,20432.94914317131
68900,1282719228,0.5704821944236755,0.00011954679533333331,0.15,18.559294999601246,2.596299545418295,20437.920948266983
68950,1283650085,0.6758478283882141,0.0001193916525,0.15,18.463157268381696,2.5875597516710633,20442.9079914093
69000,1284582757,0.5753344893455505,0.00011923620716666664,0.15,18.499157030366742,2.5908324573060675,20447.905170202255
69050,1285512712,0.5809475183486938,0.00011908121466666665,0.15,18.445266477577007,2.585933316143364,20478.99786710739
69100,1286445035,0.5516021251678467,0.0001189258275,0.15,18.588463992343886,2.5989512720312624,20483.95107269287
69150,1287381370,0.5704525709152222,0.00011876977166666666,0.15,18.571811095463833,2.597437372314894,20488.939033269882
69200,1288313613,0.6739525198936462,0.00011861439783333332,0.15,18.49064799571573,2.59005890870143,20493.940868377686
69250,1289245427,0.5941383838653564,0.0001184590955,0.15,18.48213896106472,2.5892853600967927,20524.887313604355
69300,1290179100,0.646949827671051,0.00011830348333333333,0.15,18.519011444552433,2.592637404050221,20529.854990005493
69350,1291106286,0.5837886333465576,0.00011814895233333331,0.15,18.486043544142277,2.5896403221947524,20534.805059671402
69400,1292037055,0.5686464905738831,0.00011799382416666666,0.15,18.461411825376363,2.5874010750342147,20539.79075193405
69450,1292969089,0.6514906883239746,0.00011783848516666667,0.15,18.486502568578057,2.5896820516889143,20567.780988931656
69500,1293901090,0.6505514979362488,0.00011768315166666667,0.15,18.48584802745106,2.5896225479500963,20572.763712644577
69550,1294824965,0.6372053623199463,0.00011752917249999998,0.15,18.420029507935244,2.5836390461759313,20577.747394800186
69600,1295762103,0.6798675060272217,0.00011737298283333331,0.15,18.58773826288752,2.598885296626138,20582.739103078842
69650,1296692663,0.508560299873352,0.00011721788950000001,0.15,18.45726639823869,2.5870242180216994,20587.733071804047
69700,1297625874,0.6058495044708252,0.0001170623543333333,0.15,18.509847868774422,2.5918043517067657,20615.369769334793
69750,1298558307,0.6450453400611877,0.00011690694883333331,0.15,18.59065714969296,2.599150649972087,20620.360641002655
69800,1299488570,0.546185314655304,0.000116751905,0.15,18.45137552809568,2.5864886843723345,20625.316693544388
69850,1300420120,0.5820700526237488,0.00011659664666666666,0.15,18.476902632048713,2.5888093301862467,20630.32608151436
69900,1301354574,0.5853050947189331,0.0001164409043333333,0.15,18.534502251224787,2.594045659202253,20657.93979048729
69950,1302286872,0.6156467795372009,0.0001162855213333333,0.15,18.491738897594065,2.5901580815994603,20662.9412150383
70000,1303210252,0.6372389197349548,0.00011613162466666665,0.15,18.410160299864422,2.58274184544222,20668.001834630966
70050,1304141813,0.4874209463596344,0.0001159763645,0.15,18.47712081242438,2.588829164765853,20673.104109048843
70100,1305077356,0.5237383842468262,0.00011582044066666665,0.15,18.55610210841581,2.5960092825832555,20698.769659996033
70150,1306011095,0.554253101348877,0.0001156648175,0.15,18.520320526806433,2.5927564115278576,20703.759284496307
70200,1306942901,0.57966548204422,0.00011550951649999999,0.15,18.578156152803253,2.5980141957093865,20708.75346517563
70250,1307874792,0.5765842199325562,0.00011535420133333331,0.15,18.48366622369439,2.5894242021540355,20713.76557302475
70300,1308803317,0.6005389094352722,0.00011519944716666664,0.15,18.416903028740307,2.5833548207945736,20718.803601264954
70350,1309736231,0.5407150387763977,0.00011504396149999998,0.15,18.503956998631413,2.5912688180574013,20746.464080810547
70400,1310669420,0.6099157929420471,0.00011488842999999999,0.15,18.50941150802309,2.5917646825475535,20751.454937934875
70450,1311596903,0.5041621327400208,0.00011473384949999998,0.15,18.49196506898477,2.590178642634979,20756.425020456314
70500,1312529674,0.5807310342788696,0.00011457838766666664,0.15,18.501120653747744,2.591010968522522,20761.411909103394
70550,1313460124,0.686008870601654,0.00011442331266666666,0.15,18.45508459448202,2.586825872225638,20791.733068943024
70600,1314390981,0.5681188702583313,0.00011426816983333331,0.15,18.463157268381696,2.5875597516710633,20796.720415830612
70650,1315319685,0.5294289588928223,0.00011411338583333331,0.15,18.516309115559455,2.5923917377781325,20801.692930221558
70700,1316247099,0.7235921025276184,0.00011395881683333332,0.15,18.394866810797946,2.5813515282543587,20806.683092594147
70750,1317178627,0.6279804706573486,0.00011380356216666665,0.15,18.47646627129738,2.5887696610270345,20837.498778820038
70800,1318111398,0.6143107414245605,0.00011364810033333332,0.15,18.501120653747744,2.591010968522522,20842.51248192787
70850,1319046688,0.6481667160987854,0.00011349221866666667,0.15,18.55108395977547,2.595553087252316,20847.499945640564
70900,1319972422,0.5691685676574707,0.00011333792966666666,0.15,18.45709386713454,2.587008533375867,20852.49451470375
70950,1320910682,0.5716444849967957,0.00011318155299999999,0.15,18.609992661205546,2.6009084237459588,20857.494219064713
71000,1321838569,0.6624249815940857,0.00011302690516666666,0.15,18.404248566951622,2.5822044151774204,20883.02669596672
71050,1322770735,0.5281293988227844,0.00011287154416666665,0.15,18.48912073308606,2.5899200666441873,20888.00835943222
71100,1323695820,0.5785693526268005,0.00011271736333333333,0.15,18.44415423877502,2.5858322035250016,20892.984402656555
71150,1324629295,0.5163105726242065,0.00011256178416666665,0.15,18.51508419779043,2.5922803816173117,20897.971870183945
71200,1325562143,0.526262104511261,0.0001124063095,0.15,18.502647916377413,2.591149810579765,20923.561547517776
71250,1326494298,0.4448767304420471,0.00011225095033333331,0.15,18.488902552710396,2.5899002320645814,20928.552684545517
71300,1327421088,0.5366726517677307,0.00011209648533333333,0.15,18.478148177685622,2.588922561607784,20933.55134820938
71350,1328353144,0.5708094835281372,0.00011194114266666667,0.15,18.486938929329394,2.589721720848127,20938.512830257416
71400,1329280525,0.5121522545814514,0.00011178657916666667,0.15,18.394212269670945,2.5812920245155406,20964.850423812866
71450,1330212394,0.550227701663971,0.00011163126766666665,0.15,18.483229862943055,2.5893845329948233,20969.91465640068
71500,1331143614,0.5730193853378296,0.00011147606433333334,0.15,18.470357220778705,2.5882142927980643,20974.899986743927
71550,1332069722,0.590084969997406,0.000111321713,0.15,18.46455060212138,2.587686418374671,20979.869777441025
71600,1333004429,0.6678274273872375,0.00011116592849999999,0.15,18.539520399865125,2.5945018545331933,20984.850383758545
71650,1333935275,0.6213775277137756,0.0001110107875,0.15,18.46293908800603,2.5875399170914575,21010.628593444824
71700,1334869289,0.5683118104934692,0.00011085511849999998,0.15,18.52577503619811,2.59325227601801,21015.604808568954
71750,1335798851,0.5865549445152283,0.00011070019149999997,0.15,18.53341574288221,2.5939468857165644,21020.603270053864
71800,1336731798,0.6438801884651184,0.00011054470033333332,0.15,18.504611539758415,2.5913283217962193,21025.620535373688
71850,1337664976,0.6439288258552551,0.00011038917066666665,0.15,18.50919332764742,2.5917448479679472,21052.167939901352
71900,1338596801,0.5204005837440491,0.00011023386649999998,0.15,18.48235714144039,2.589305194676399,21057.135155677795
71950,1339526382,0.445728600025177,0.00011007893633333331,0.15,18.437848344804333,2.5852589404367574,21062.108906507492
72000,1340454371,0.4416046142578125,0.00010992427149999999,0.15,18.502053592790492,2.591095781162772,21067.075141191483
72050,1341384238,0.6258342266082764,0.00010976929366666667,0.15,18.443521034571674,2.585774639506516,21098.139654397964
72100,1342311949,0.613761842250824,0.00010961467516666665,0.15,18.400757680940952,2.581887061903723,21103.123996019363
72150,1343250044,0.6642336845397949,0.00010945832599999998,0.15,18.60671995557054,2.6006109050518673,21108.147451400757
72200,1344179067,0.5551562309265137,0.0001093034888333333,0.15,18.52266927187176,2.5929699338065237,21113.108959674835
72250,1345108043,0.5745607614517212,0.00010914865949999999,0.15,18.42584842414265,2.5841680385584227,21118.090523958206
72300,1346041221,0.5687804818153381,0.00010899312983333331,0.15,18.50919332764742,2.5917448479679472,21153.218019723892
72350,1346975037,0.6104080080986023,0.00010883749383333333,0.15,18.5218477894361,2.5928952535851,21158.23980975151
72400,1347909546,0.6676363945007324,0.00010868174233333332,0.15,18.53559315310312,2.594144832100284,21163.213512420654
72450,1348838294,0.567183256149292,0.00010852695099999998,0.15,18.517186378499083,2.592471488954462,21168.17426967621
72500,1349767512,0.5698473453521729,0.00010837208133333332,0.15,18.430648392407324,2.584604399309757,21194.315533399582
72550,1350703253,0.5569950938224792,0.00010821612449999997,0.15,18.560029355177818,2.5963663050161654,21199.327632665634
72600,1351637190,0.4925229847431183,0.00010806046833333333,0.15,18.52424777356844,2.593113433960767,21204.361461877823
72650,1352565245,0.595938503742218,0.00010790579249999998,0.15,18.503369487199937,2.591215407927267,21209.400450468063
72700,1353498819,0.5821008086204529,0.00010775019683333331,0.15,18.51704782117143,2.5924588928337666,21235.997908115387
72750,1354430358,0.6177724003791809,0.00010759494033333332,0.15,18.476684451673048,2.588789495606641,21241.028583288193
72800,1355366209,0.5956249833106995,0.00010743896516666665,0.15,18.562211158934485,2.5965646508122258,21246.00878429413
72850,1356295045,0.5742419362068176,0.00010728415916666667,0.15,18.51894090437834,2.592630991307122,21250.9882376194
72900,1357227585,0.5221624374389648,0.00010712873583333333,0.15,18.49653886585874,2.5905944423507945,21255.953386068344
72950,1358159740,0.5452848076820374,0.00010697337666666664,0.15,18.488902552710396,2.5899002320645814,21282.550211668015
73000,1359094623,0.6574972867965698,0.00010681756283333334,0.15,18.543011285875796,2.5948192078068906,21287.550196647644
73050,1360025084,0.5941630005836487,0.00010666248599999999,0.15,18.455302774857685,2.586845706805244,21292.518548727036
73100,1360953150,0.5494460463523865,0.00010650780833333334,0.15,18.503588802934843,2.5912353457213495,21297.495193004608
73150,1361884095,0.6195024251937866,0.00010635265083333331,0.15,18.464902711387033,2.587718428307912,21323.00665330887
73200,1362814545,0.6163238286972046,0.00010619757583333331,0.15,18.45508459448202,2.586825872225638,21328.002719402313
73250,1363746084,0.5699767470359802,0.00010604231933333332,0.15,18.476684451673048,2.588789495606641,21333.01061272621
73300,1364670124,0.6009764671325684,0.00010588831266666666,0.15,18.423319243958847,2.583938113087168,21337.975596904755
73350,1365602565,0.5079272985458374,0.00010573290583333332,0.15,18.494575242477737,2.5904159311343395,21363.185187339783
73400,1366531816,0.6265683770179749,0.00010557803066666665,0.15,18.431302933534322,2.584663903048575,21368.225388288498
73450,1367465390,0.5112671852111816,0.000105422435,0.15,18.51704782117143,2.5924588928337666,21373.215901374817
73500,1368396995,0.6064742207527161,0.0001052671675,0.15,18.477993533927048,2.588908503084277,21378.208269119263
73550,1369326139,0.6310457587242126,0.00010511231016666668,0.15,18.525081744955738,2.593189249541431,21383.177391767502
73600,1370258404,0.4810361862182617,0.00010495693266666667,0.15,18.491084356467066,2.5900985778606422,21408.852051734924
73650,1371191967,0.5719619989395142,0.00010480133883333334,0.15,18.516829640795763,2.5924390582541603,21413.847967386246
73700,1372125992,0.5477896928787231,0.000104645668,0.15,18.525993216573774,2.5932721105976158,21418.83666563034
73750,1373050857,0.5347762107849121,0.00010449152383333332,0.15,18.43976792407688,2.5854334476433527,21423.802288532257
73800,1373981362,0.5594496726989746,0.00010433643966666667,0.15,18.456175496360355,2.5869250451236687,21449.53526353836
73850,1374914188,0.5652062892913818,0.00010418096866666665,0.15,18.50221155562608,2.5911101414205526,21454.553359508514
73900,1375846706,0.5807074308395386,0.00010402554899999998,0.15,18.496102505107405,2.5905547731915823,21459.557203054428
73950,1376780115,0.6701401472091675,0.00010386998083333333,0.15,18.513775115536426,2.592161374139675,21464.552218914032
74000,1377709314,0.6080419421195984,0.00010371511433333332,0.15,18.526178323630273,2.593288938511843,21490.084998369217
74050,1378640831,0.6535082459449768,0.00010355986149999998,0.15,18.476248090921715,2.5887498264474287,21495.066959142685
74100,1379572084,0.6368082165718079,0.00010340465266666667,0.15,18.471011761905707,2.5882737965368823,21500.059888124466
74150,1380504745,0.588947057723999,0.00010324920916666665,0.15,18.498938849991074,2.590812622726461,21505.04857301712
74200,1381434758,0.6198074221611023,0.000103094207,0.15,18.542407688013398,2.594764335273945,21510.02378678322
74250,1382369553,0.6119024753570557,0.00010293840783333333,0.15,18.54126584287046,2.594660531170042,21535.690177202225
74300,1383298826,0.5600569248199463,0.00010278352899999998,0.15,18.43173929428566,2.584703572207787,21540.663148403168
74350,1384230926,0.6153171062469482,0.00010262817899999998,0.15,18.48781165083206,2.589801059166551,21545.660351991653
74400,1385152854,0.6636409163475037,0.00010247452433333334,0.15,18.38121062285669,2.5801100566233353,21550.63453578949
74450,1386085141,0.5127549171447754,0.00010231914316666667,0.15,18.4915207172184,2.5901382470198544,21577.837468147278
74500,1387018275,0.5481800436973572,0.00010216362083333333,0.15,18.508320606144753,2.591665509649523,21582.835589408875
74550,1387949407,0.5809271335601807,0.00010200843216666666,0.15,18.46861177777337,2.588055616161215,21587.83546280861
74600,1388886204,0.5980526804924011,0.00010185229933333333,0.15,18.580974671241844,2.5982704246583492,21592.822706222534
74650,1389811355,0.5512903928756714,0.0001016981075,0.15,18.445470133184465,2.585951830289497,21618.1834461689
74700,1390742190,0.5366618633270264,0.00010154296833333333,0.15,18.462720907630363,2.587520082511851,21623.224105119705
74750,1391673014,0.551002025604248,0.00010138783099999997,0.15,18.462502727254694,2.587500247932245,21628.243420124054
74800,1392610218,0.5241173505783081,0.00010123163033333333,0.15,18.58904734514152,2.5990043041037745,21633.253634929657
74850,1393537613,0.4857974052429199,0.00010107706450000001,0.15,18.490210543105512,2.5900191402823194,21638.230986356735
74900,1394467139,0.637243390083313,0.0001009221435,0.15,18.436757442925998,2.5851597675387272,21664.471514701843
74950,1395396599,0.6488731503486633,0.0001007672335,0.15,18.435448360671995,2.5850407600610903,21669.43745613098
75000,1396326587,0.5498780012130737,0.00010061223549999999,0.15,18.44592101870401,2.5859928198821827,21674.421577692032
75050,1397261701,0.5834124684333801,0.00010045638316666665,0.15,18.5475930737648,2.5952357339786185,21679.421219825745
75100,1398187941,0.5579864978790283,0.00010030200983333333,0.15,18.467182390940266,2.5879256719036605,21706.18170118332
75150,1399118116,0.5892453789710999,0.00010014698066666666,0.15,18.449630085090348,2.5863300077354863,21711.167764663696
75200,1400051712,0.5880429744720459,9.999138133333332e-05,0.15,18.517484181922764,2.592498561992979,21716.15658044815
75250,1400985011,0.604095458984375,9.98358315e-05,0.15,18.511593311779755,2.591963028343614,21721.16081547737
75300,1401913803,0.6255887746810913,9.968103283333333e-05,0.15,18.51806364143871,2.592551240130792,21748.788487434387
75350,1402845815,0.6505317687988281,9.952569749999998e-05,0.15,18.486066207826724,2.589642382529702,21753.788487672806
75400,1403779983,0.6157527565956116,9.937000283333335e-05,0.15,18.528829561457446,2.593529960132495,21758.79703593254
75450,1404710840,0.5983534455299377,9.921486e-05,0.15,18.463157268381696,2.5875597516710633,21763.785423755646
75500,1405642291,0.6014648079872131,9.905961816666666e-05,0.15,18.47493900866771,2.5886308189697917,21768.776590824127
75550,1406568949,0.6057416200637817,9.890517516666666e-05,0.15,18.475516388866737,2.588683308078794,21794.737720489502
75600,1407497144,0.5546493530273438,9.875047599999998e-05,0.15,18.410357617470297,2.5827597834063907,21799.709255218506
75650,1408429948,0.49846845865249634,9.859500866666664e-05,0.15,18.501775194874746,2.5910704722613405,21804.674275636673
75700,1409365480,0.5224891304969788,9.843908666666664e-05,0.15,18.555883928040146,2.5959894480036496,21809.649579763412
75750,1410292116,0.5789147019386292,9.828464733333332e-05,0.15,18.47507775739692,2.5886434324906293,21835.159197807312
75800,1411222577,0.56065434217453,9.812957049999998e-05,0.15,18.455302774857685,2.586845706805244,21840.1450176239
75850,1412154270,0.629271388053894,9.797428833333333e-05,0.15,18.479738976932385,2.589067179721126,21845.138590812683
75900,1413086777,0.634576141834259,9.781887049999998e-05,0.15,18.495884324731737,2.590534938611976,21850.134939193726
75950,1414010696,0.5921652913093567,9.766488399999998e-05,0.15,18.420906770874872,2.5837187973522613,21855.137429475784
76000,1414942818,0.5211000442504883,9.750953033333332e-05,0.15,18.488248011583394,2.589840728325763,21880.660870075226
76050,1415881837,0.6069802045822144,9.735302716666666e-05,0.15,18.625047107126566,2.6022770097387786,21885.651145219803
76100,1416812694,0.6711671352386475,9.719788433333333e-05,0.15,18.463157268381696,2.5875597516710633,21890.643984794617
76150,1417746642,0.6293402314186096,9.704222633333331e-05,0.15,18.524465953944105,2.5931332685403734,21895.628831148148
76200,1418669637,0.6235964298248291,9.688839383333331e-05,0.15,18.402484249142674,2.582044022649334,21920.949894189835
76250,1419601242,0.5903120040893555,9.67331263333333e-05,0.15,18.477993533927048,2.588908503084277,21925.930887699127
76300,1420536862,0.6754186749458313,9.657718966666667e-05,0.15,18.55762937104548,2.5961481246404983,21930.92683649063
76350,1421468511,0.49302494525909424,9.642191483333332e-05,0.15,18.478866255429715,2.588987841402701,21935.899428606033
76400,1422391088,0.5536016821861267,9.626815199999998e-05,0.15,18.394150251216207,2.5812863864742006,21961.64223575592
76450,1423322759,0.6119487285614014,9.611287349999997e-05,0.15,18.47930261618105,2.589027510561914,21966.620211601257
76500,1424253143,0.621024489402771,9.59578095e-05,0.15,18.453775512228017,2.5867068647480016,21971.58961391449
76550,1425183296,0.5168730616569519,9.5802784e-05,0.15,18.44919372433901,2.5862903385762737,21976.560836076736
76600,1426113581,0.6313023567199707,9.564773649999999e-05,0.15,18.451811888847015,2.5865283535315466,21981.547781944275
76650,1427033166,0.574823260307312,9.549447233333334e-05,0.15,18.334496371321478,2.575863306483771,22006.76673722267
76700,1427962274,0.6206263899803162,9.5339621e-05,0.15,18.428466588650654,2.5844060535136957,22011.755927085876
76750,1428894286,0.6035588979721069,9.518428566666665e-05,0.15,18.486066207826724,2.589642382529702,22016.745416879654
76800,1429828454,0.5464298129081726,9.502859099999998e-05,0.15,18.528829561457446,2.593529960132495,22021.728550195694
76850,1430755684,0.49157804250717163,9.487405266666665e-05,0.15,18.486920807081905,2.5897200733710823,22046.946093797684
76900,1431692272,0.6125037670135498,9.471795466666665e-05,0.15,18.57682924410417,2.597893567645834,22051.919919729233
76950,1432621160,0.6052521467208862,9.456313999999998e-05,0.15,18.424102981137313,2.584009361921574,22056.90076828003
77000,1433558958,0.5903875231742859,9.440684033333332e-05,0.15,18.600829085427534,2.6000753714025033,22061.89514064789
77050,1434486944,0.5972680449485779,9.425217599999999e-05,0.15,18.406212190332624,2.582382926393875,22087.394990205765
77100,1435415362,0.49883154034614563,9.409743966666667e-05,0.15,18.51060690645187,2.591873355131988,22092.340007543564
77150,1436348287,0.6087087392807007,9.394195216666665e-05,0.15,18.50417517900708,2.5912886526370076,22097.308072805405
77200,1437282906,0.6362834572792053,9.378618233333333e-05,0.15,18.53777495685979,2.5943431778963446,22102.274254322052
77250,1438213532,0.5337685346603394,9.3631078e-05,0.15,18.45857548049269,2.5871432254993354,22107.24205350876
77300,1439139871,0.5634378790855408,9.347668816666665e-05,0.15,18.46915623255443,2.588105112050403,22132.708384275436
77350,1440070475,0.6025736331939697,9.33215875e-05,0.15,18.458139119741357,2.5871035563401232,22137.696339845657
77400,1441005369,0.6328147053718567,9.316577183333334e-05,0.15,18.543229466251464,2.594839042386497,22142.6837348938
77450,1441940747,0.7276010513305664,9.30098755e-05,0.15,18.55282940278081,2.5957117638891645,22147.67521071434
77500,1442869957,0.6038152575492859,9.285500716666665e-05,0.15,18.526397639365182,2.5933088763059255,22173.043663740158
77550,1443801430,0.616199254989624,9.269976166666667e-05,0.15,18.475375369419044,2.588670488129004,22178.0002515316
77600,1444736698,0.6402938961982727,9.254388366666665e-05,0.15,18.55064759902414,2.5955134180931037,22182.970265626907
77650,1445667786,0.6852642297744751,9.238870233333332e-05,0.15,18.467739056270702,2.5879762778427913,22187.958513498306
77700,1446601041,0.5190545916557312,9.223315983333332e-05,0.15,18.51072059027709,2.59188369002519,22213.703683376312
77750,1447524234,0.6044785380363464,9.207929433333331e-05,0.15,18.406431932371003,2.5824029029428184,22218.680419921875
77800,1448456400,0.5251008868217468,9.192393333333333e-05,0.15,18.48912073308606,2.5899200666441873,22223.665494441986
77850,1449387653,0.6138350963592529,9.176872449999998e-05,0.15,18.471011761905707,2.5882737965368823,22228.64233326912
77900,1450317388,0.5644167065620422,9.161376866666666e-05,0.15,18.44090287006367,2.5855366245512426,22233.618600845337
77950,1451246059,0.592689573764801,9.145899016666665e-05,0.15,18.515651168354733,2.592331924395885,22259.12581205368
78000,1452176069,0.5092408657073975,9.13039885e-05,0.15,18.446357379455343,2.586032489041395,22264.10336637497
78050,1453102845,0.6101946830749512,9.114952583333331e-05,0.15,18.38221234900926,2.5802011226372055,22269.093446731567
78100,1454032855,0.591881513595581,9.099452416666666e-05,0.15,18.446357379455343,2.586032489041395,22274.06259894371
78150,1454964779,0.4913308024406433,9.083920349999999e-05,0.15,18.48432076482139,2.5894837058928535,22299.41328382492
78200,1455891041,0.5542336106300354,9.068482649999999e-05,0.15,18.467621022410082,2.5879655474918257,22304.39577460289
78250,1456824384,0.5946387052536011,9.05292693333333e-05,0.15,18.512466033282426,2.5920423666620387,22309.38561320305
78300,1457758915,0.5410261750221252,9.037351416666666e-05,0.15,18.536029513854455,2.594184501259496,22314.374252796173
78350,1458688298,0.5122482180595398,9.0218617e-05,0.15,18.433921098042326,2.584901918003848,22339.921112060547
78400,1459613097,0.5773929357528687,9.006448383333333e-05,0.15,18.438452029667438,2.585313820878858,22344.891897916794
78450,1460545868,0.540063202381134,8.9909022e-05,0.15,18.501120653747744,2.591010968522522,22349.881395578384
78500,1461476285,0.5169211030006409,8.97539525e-05,0.15,18.45443005335502,2.58676636848682,22354.870508909225
78550,1462404524,0.6013684272766113,8.959924599999999e-05,0.15,18.411230338972967,2.582839121724815,22359.876432418823
78600,1463335293,0.6620755791664124,8.944411783333332e-05,0.15,18.461411825376363,2.5874010750342147,22385.304643392563
78650,1464262006,0.5769351124763489,8.928966566666666e-05,0.15,18.47661296754127,2.5887829970492064,22390.269640684128
78700,1465193776,0.5509573817253113,8.913437066666665e-05,0.15,18.481266239562053,2.5892060217783683,22395.256451129913
78750,1466125062,0.5663471817970276,8.897915633333333e-05,0.15,18.471666303032706,2.5883333002757003,22400.24300956726
78800,1467055182,0.5312663912773132,8.882413633333332e-05,0.15,18.448539183212013,2.5862308348374556,22425.713871002197
78850,1467984920,0.5367295145988464,8.866917999999999e-05,0.15,18.536924794640722,2.594265890421884,22430.665135145187
78900,1468914655,0.5979052186012268,8.851422416666666e-05,0.15,18.44090287006367,2.5855366245512426,22435.672163963318
78950,1469845776,0.6522547602653503,8.835903733333334e-05,0.15,18.468393597397704,2.5880357815816093,22440.653107643127
79000,1470778063,0.5289077162742615,8.820365616666667e-05,0.15,18.4915207172184,2.5901382470198544,22467.05766057968
79050,1471702972,0.5741622447967529,8.804950466666668e-05,0.15,18.440645187016507,2.5855131988196827,22472.064318180084
79100,1472636568,0.5849311947822571,8.789390533333332e-05,0.15,18.517484181922764,2.592498561992979,22477.047409772873
79150,1473566237,0.5451068878173828,8.773896049999998e-05,0.15,18.439593787809667,2.585417617073606,22482.052438020706
79200,1474498172,0.622540295124054,8.758363799999999e-05,0.15,18.484538945197055,2.58950354047246,22487.036845445633
79250,1475429942,0.5536770820617676,8.742834299999998e-05,0.15,18.481266239562053,2.5892060217783683,22512.678468942642
79300,1476354015,0.6921559572219849,8.727433083333332e-05,0.15,18.42397719116357,2.5839979264694155,22517.64763188362
79350,1477287820,0.6018139123916626,8.711869666666667e-05,0.15,18.521629609060437,2.592875419005494,22522.63058948517
79400,1478222054,0.6279904842376709,8.696299099999998e-05,0.15,18.530138643711446,2.5936489676101315,22527.617735862732
79450,1479157223,0.5371572375297546,8.68071295e-05,0.15,18.548683975643137,2.5953349068766487,22552.731426477432
79500,1480083452,0.620184600353241,8.665275799999999e-05,0.15,18.46696307520536,2.587905734109578,22557.674183130264
79550,1481016619,0.6903384327888489,8.649723016666666e-05,0.15,18.508975147271755,2.5917250133883414,22562.64904308319
79600,1481950468,0.5314987897872925,8.634158866666666e-05,0.15,18.522502330563103,2.5929547573239184,22567.6334733963
79650,1482886374,0.5857345461845398,8.618560433333334e-05,0.15,18.56330206081282,2.5966638237102564,22592.78295993805
79700,1483818617,0.6155111789703369,8.60302305e-05,0.15,18.49064799571573,2.59005890870143,22597.77051639557
79750,1484743262,0.5274620056152344,8.587612299999999e-05,0.15,18.435381609378737,2.5850346917617033,22602.733469247818
79800,1485674372,0.5272306799888611,8.572093799999998e-05,0.15,18.468175417022035,2.588015947002003,22607.709929943085
79850,1486609772,0.486544668674469,8.556503800000001e-05,0.15,18.553265763532142,2.5957514330483766,22612.69465303421
79900,1487541520,0.562066912651062,8.540974666666667e-05,0.15,18.48082987881072,2.589166352619156,22639.109982728958
79950,1488471181,0.7051218748092651,8.525480316666666e-05,0.15,18.53538958449637,2.5941263258633067,22644.092003583908
80000,1489405327,0.5958750247955322,8.509911216666667e-05,0.15,18.528393200706113,2.593490290973283,22649.079979896545
80050,1490334380,0.5381815433502197,8.494426999999998e-05,0.15,18.42737568677232,2.5843068806156655,22654.068464040756
80100,1491267415,0.5051297545433044,8.478876416666665e-05,0.15,18.50635698276375,2.5914869984330684,22679.743537425995
80150,1492195973,0.5687731504440308,8.46340045e-05,0.15,18.417557569867306,2.5834143245333916,22684.73324084282
80200,1493127834,0.6199495196342468,8.447869433333333e-05,0.15,18.57925273147779,2.5981138846797993,22689.69970726967
80250,1494063927,0.5939042568206787,8.432267883333332e-05,0.15,18.56701112719916,2.59700101156356,22694.690090179443
80300,1494997930,0.6704568266868591,8.416701166666667e-05,0.15,18.52555685582244,2.5932324414384036,22719.99484038353
80350,1495932274,0.6685835123062134,8.401128766666666e-05,0.15,18.532320447468116,2.5938473134061923,22724.983622312546
80400,1496859680,0.5446920990943909,8.385671999999997e-05,0.15,18.490429858840418,2.5900390780764018,22729.95223426819
80450,1497788799,0.538511335849762,8.370186683333332e-05,0.15,18.428684769026322,2.584425888093302,22734.93966960907
80500,1498723836,0.5743744373321533,8.354602733333333e-05,0.15,18.546065811135133,2.5950968919213757,22739.90459871292
80550,1499656200,0.5276944041252136,8.339063333333331e-05,0.15,18.49304797984807,2.590277089077097,22765.216813087463
80600,1500586136,0.7535325884819031,8.323564399999997e-05,0.15,18.540872477869048,2.594624770715368,22770.209002256393
80650,1501514936,0.6278249621391296,8.308084399999999e-05,0.15,18.42235753813198,2.5838506852847254,22775.18075656891
80700,1502446222,0.5798087120056152,8.292562966666666e-05,0.15,18.471666303032706,2.5883333002757003,22780.167870521545
80750,1503381006,0.5715134143829346,8.276983233333333e-05,0.15,18.541047662494794,2.5946406965904356,22805.84792327881
80800,1504309113,0.5792915225028992,8.261514783333332e-05,0.15,18.408612174464963,2.582601106769542,22810.83014345169
80850,1505235078,0.6793982982635498,8.246082033333333e-05,0.15,18.46169949756759,2.587427227051599,22815.769360542297
80900,1506168289,0.5523768663406372,8.230528516666667e-05,0.15,18.509847868774422,2.5918043517067657,22820.74171614647
80950,1507105713,0.6325871348381042,8.214904783333333e-05,0.15,18.593410952654857,2.599400995695896,22846.2975833416
81000,1508037472,0.5422646403312683,8.199375466666667e-05,0.15,18.481048059186385,2.5891861871987625,22851.29230928421
81050,1508961644,0.4592817425727844,8.183972599999999e-05,0.15,18.425951032777732,2.5841773666161574,22856.258651018143
81100,1509891203,0.6582034826278687,8.168479949999999e-05,0.15,18.437411984052996,2.5852192712775452,22861.239798545837
81150,1510822489,0.5636642575263977,8.152958516666665e-05,0.15,18.471666303032706,2.5883333002757003,22866.212643146515
81200,1511757614,0.5721582770347595,8.137373100000001e-05,0.15,18.54781125414047,2.5952555685582244,22891.45796084404
81250,1512683752,0.6069257855415344,8.121937466666667e-05,0.15,18.36955788722058,2.5790507170200527,22896.447509527206
81300,1513612753,0.6290704011917114,8.106454116666666e-05,0.15,18.522230640401947,2.592930058218359,22901.412445545197
81350,1514543071,0.5227640271186829,8.090948816666666e-05,0.15,18.452466429974017,2.586587857270365,22906.4014108181
81400,1515477580,0.590088963508606,8.075373666666665e-05,0.15,18.53559315310312,2.594144832100284,22931.789028167725
81450,1516407997,0.49864906072616577,8.059866716666667e-05,0.15,18.45443005335502,2.58676636848682,22936.775943040848
81500,1517337416,0.5263557434082031,8.044376399999997e-05,0.15,18.530564638328414,2.593687694393492,22941.74061203003
81550,1518269186,0.6184929013252258,8.0288469e-05,0.15,18.481266239562053,2.5892060217783683,22946.726331710815
81600,1519202782,0.6192914247512817,8.013286966666665e-05,0.15,18.517484181922764,2.592498561992979,22971.945634126663
81650,1520133782,0.542309582233429,7.9977703e-05,0.15,18.46599361326537,2.5878176012059426,22976.924770355225
81700,1521064914,0.5870922207832336,7.982251433333334e-05,0.15,18.46861177777337,2.588055616161215,22981.906229019165
81750,1521987227,0.5306174159049988,7.96687955e-05,0.15,18.388886673578437,2.5808078794162217,22986.8680434227
81800,1522913222,0.579695999622345,7.951446299999999e-05,0.15,18.36672154233691,2.578792867485174,22991.857837438583
81850,1523844871,0.5023060441017151,7.935918816666665e-05,0.15,18.478866255429715,2.588987841402701,23017.410358428955
81900,1524775805,0.6365506649017334,7.920403249999997e-05,0.15,18.464684531011365,2.5876985937283057,23022.374727725983
81950,1525704982,0.5299502611160278,7.904916966666666e-05,0.15,18.52573969216046,2.5932490629236784,23027.316287755966
82000,1526634299,0.6197484731674194,7.88942835e-05,0.15,18.432612015788326,2.5847829105262115,23032.28410053253
82050,1527570832,0.6015283465385437,7.873819466666666e-05,0.15,18.575738342225836,2.5977943947478033,23057.488248109818
82100,1528505143,0.49174314737319946,7.858247616666667e-05,0.15,18.531665906341114,2.593787809667374,23062.45157599449
82150,1529433803,0.5684815049171448,7.842769949999998e-05,0.15,18.515431852619827,2.5923119866018025,23067.415407419205
82200,1530364572,0.5617071986198425,7.827257133333332e-05,0.15,18.461411825376363,2.5874010750342147,23072.35841846466
82250,1531297662,0.6390212774276733,7.811705633333333e-05,0.15,18.507447884642087,2.5915861713310986,23097.487195014954
82300,1532226506,0.5682021379470825,7.7962249e-05,0.15,18.423230259634646,2.5839300236031497,23102.479969978333
82350,1533160036,0.5874401330947876,7.780666066666666e-05,0.15,18.51617509966876,2.592379554515342,23107.46093082428
82400,1534084395,0.5970402956008911,7.765260083333333e-05,0.15,18.429679400271155,2.5845163091155596,23112.428545475006
82450,1535019234,0.577819287776947,7.749679433333334e-05,0.15,18.54213856437313,2.5947398694884662,23117.41695332527
82500,1535953556,0.6601287722587585,7.7341074e-05,0.15,18.531884086716783,2.59380764424698,23143.178889989853
82550,1536883588,0.6815307140350342,7.718606866666665e-05,0.15,18.446793740206676,2.586072158200607,23148.175507068634
82600,1537813755,0.5228164196014404,7.703104083333333e-05,0.15,18.5454781083021,2.5950434643911,23153.15597319603
82650,1538744249,0.7184180021286011,7.687595849999999e-05,0.15,18.455957315984687,2.5869052105440624,23158.143013477325
82700,1539674369,0.6551738381385803,7.672093849999999e-05,0.15,18.448539183212013,2.5862308348374556,23188.221871376038
82750,1540610627,0.5939048528671265,7.656489550000001e-05,0.15,18.570283832834164,2.5972985302576514,23193.260580062866
82800,1541543728,0.5424202680587769,7.640937866666666e-05,0.15,18.50766606501775,2.591606005910705,23198.302927732468
82850,1542471816,0.5831583738327026,7.625469733333332e-05,0.15,18.50402743440466,2.5912752213095143,23203.321969270706
82900,1543401254,0.5585868954658508,7.6099791e-05,0.15,18.43501199992066,2.585001090901878,23228.70816731453
82950,1544330978,0.5734776854515076,7.594483699999999e-05,0.15,18.440684689688002,2.5855167899716367,23233.74075436592
83000,1545263705,0.5756946802139282,7.57893825e-05,0.15,18.500247932245077,2.590931630204098,23238.7746860981
83050,1546192112,0.5847650170326233,7.563464800000001e-05,0.15,18.510387590716963,2.5918534173379055,23243.77872490883
83100,1547122012,0.6098175644874573,7.547966466666668e-05,0.15,18.444175575698672,2.585834143245334,23248.81170797348
83150,1548053430,0.6017276644706726,7.532442833333332e-05,0.15,18.47428446754071,2.5885713152309737,23274.77413225174
83200,1548987070,0.5391741394996643,7.516882166666667e-05,0.15,18.51835690342543,2.5925779003114027,23279.77175974846
83250,1549918708,0.5971344709396362,7.501354866666665e-05,0.15,18.47864807505405,2.5889680068230954,23284.818088769913
83300,1550846763,0.6720423102378845,7.485887283333334e-05,0.15,18.503369487199937,2.591215407927267,23289.814714431763
83350,1551780513,0.5253122448921204,7.470324783333333e-05,0.15,18.5205387071821,2.592776246107464,23315.405126333237
83400,1552710006,0.5652602910995483,7.454833233333332e-05,0.15,18.436102901798996,2.5851002637999088,23320.392247915268
83450,1553642480,0.6447925567626953,7.439291999999999e-05,0.15,18.495229783604735,2.5904754348731576,23325.41117835045
83500,1554567444,0.5187451243400574,7.423875933333334e-05,0.15,18.441741765691045,2.585612887790095,23330.373167037964
83550,1555500369,0.6604903340339661,7.408327183333332e-05,0.15,18.50417517900708,2.5912886526370076,23355.929398298264
83600,1556434680,0.6074250340461731,7.392755333333331e-05,0.15,18.531665906341114,2.593787809667374,23360.99023580551
83650,1557367154,0.5711692571640015,7.377214099999999e-05,0.15,18.495229783604735,2.5904754348731576,23366.0248670578
83700,1558293229,0.506279468536377,7.361779516666667e-05,0.15,18.46389265491666,2.5876266049924235,23371.069406986237
83750,1559226429,0.5314857959747314,7.346226183333333e-05,0.15,18.509629688398753,2.5917845171271594,23376.068180561066
83800,1560155779,0.5728151202201843,7.330737016666664e-05,0.15,18.433266556915328,2.58484241426503,23401.512268781662
83850,1561086999,0.5931805968284607,7.315216683333333e-05,0.15,18.470357220778705,2.5882142927980643,23406.533545017242
83900,1562019682,0.6049202084541321,7.299671966666665e-05,0.15,18.499375210742407,2.5908522918856733,23411.5720140934
83950,1562950542,0.5539839863777161,7.284157633333333e-05,0.15,18.559294999601246,2.596299545418295,23416.580842256546
84000,1563883357,0.668938159942627,7.268610716666667e-05,0.15,18.50199337525041,2.5910903068409463,23447.12602186203
84050,1564811860,0.6051346659660339,7.253135666666667e-05,0.15,18.41646666798897,2.583315151635361,23452.16505098343
84100,1565739604,0.6110371351242065,7.237673266666666e-05,0.15,18.401412222067954,2.581946565642541,23457.200830698013
84150,1566669705,0.47697898745536804,7.222171583333332e-05,0.15,18.544162213892655,2.594923837626605,23462.215852737427
84200,1567605523,0.5723704695701599,7.206574616666667e-05,0.15,18.561556617807486,2.5965051470734077,23489.401959180832
84250,1568537117,0.6572955250740051,7.191048049999999e-05,0.15,18.477775353551383,2.588888668504671,23494.44499540329
84300,1569469745,0.6618781089782715,7.17550425e-05,0.15,18.498284308864072,2.5907531189876427,23499.49311733246
84350,1570400558,0.5605607032775879,7.1599907e-05,0.15,18.46228454687903,2.587480413352639,23504.554126739502
84400,1571324301,0.5288562774658203,7.144594983333334e-05,0.15,18.41739771911636,2.583399792646942,23509.597580432892
84450,1572258953,0.6035318374633789,7.129017449999998e-05,0.15,18.53842949798679,2.5944026816351626,23535.450859308243
84500,1573192670,0.5394883751869202,7.1134555e-05,0.15,18.5198841660551,2.5927167423686455,23540.502947330475
84550,1574128961,0.6915131211280823,7.097850649999999e-05,0.15,18.570938373961162,2.5973580339964695,23545.559262514114
84600,1575058589,0.5157045125961304,7.082356849999999e-05,0.15,18.53473163729165,2.594066512481059,23550.591228961945
84650,1575990920,0.5963003635406494,7.066818e-05,0.15,18.492393438721066,2.5902175853382787,23597.40325307846
84700,1576923614,0.589821457862854,7.0512731e-05,0.15,18.499593391118076,2.5908721264652796,23602.460461378098
84750,1577857584,0.5810245871543884,7.035706933333332e-05,0.15,18.52490231469544,2.593172937699585,23607.513777256012
84800,1578788045,0.5401964783668518,7.020199249999998e-05,0.15,18.455302774857685,2.586845706805244,23612.553050994873
84850,1579714527,0.6694239377975464,7.004757883333332e-05,0.15,18.472007337108224,2.5883643033734747,23652.427718162537
84900,1580645582,0.5707200169563293,6.9892403e-05,0.15,18.4670845151437,2.587916774103973,23657.47955775261
84950,1581574899,0.49213674664497375,6.973751683333332e-05,0.15,18.432612015788326,2.5847829105262115,23662.54007935524
85000,1582511960,0.5410803556442261,6.958133999999998e-05,0.15,18.58621100025785,2.5987464545688956,23667.594390153885
85050,1583441962,0.44362279772758484,6.942633966666667e-05,0.15,18.542188372278492,2.5947443974798627,23672.63672184944
85100,1584372038,0.583962082862854,6.927132700000002e-05,0.15,18.447666461709343,2.5861514965190313,23703.878438711166
85150,1585305700,0.4790635108947754,6.911571666666665e-05,0.15,18.518793264176765,2.592617569470615,23708.841995716095
85200,1586233939,0.6158129572868347,6.896101016666667e-05,0.15,18.411230338972967,2.582839121724815,23713.806597709656
85250,1587160443,0.5936158299446106,6.880659283333335e-05,0.15,18.472445968578036,2.5884041789616394,23718.77895140648
85300,1588096844,0.5813462138175964,6.865052599999999e-05,0.15,18.573120177717833,2.5975563797925303,23744.254076242447
85350,1589026392,0.6139912009239197,6.849560133333333e-05,0.15,18.43719380367733,2.5851994366979394,23749.281157016754
85400,1589954213,0.6495205760002136,6.83409645e-05,0.15,18.402939484697622,2.582085407699784,23754.305028915405
85450,1590887886,0.5720574259757996,6.818535233333332e-05,0.15,18.519011444552433,2.592637404050221,23759.33763742447
85500,1591812025,0.6059913635253906,6.803132916666666e-05,0.15,18.425293085573013,2.5841175532339102,23784.739571094513
85550,1592746633,0.5332453846931458,6.787556116666665e-05,0.15,18.537556776484124,2.5943233433167383,23789.765906572342
85600,1593678337,0.6075097322463989,6.772027716666665e-05,0.15,18.47995715730805,2.589087014300732,23794.817755937576
85650,1594609161,0.5718739032745361,6.756513983333333e-05,0.15,18.462502727254694,2.587500247932245,23799.86384344101
85700,1595535610,0.6024730205535889,6.741073166666665e-05,0.15,18.4713493899035,2.5883044899912275,23804.875158309937
85750,1596468315,0.6061722636222839,6.725528083333333e-05,0.15,18.49981157149374,2.5908919610448855,23833.00783109665
85800,1597402692,0.6344522833824158,6.70995513333333e-05,0.15,18.532974988595118,2.593906817145011,23838.047284841537
85850,1598333505,0.6345641016960144,6.694441583333334e-05,0.15,18.46228454687903,2.587480413352639,23843.068123579025
85900,1599266749,0.577461838722229,6.678887516666666e-05,0.15,18.510502409901424,2.591863855445584,23848.101150274277
85950,1600194738,0.5877529978752136,6.663421033333332e-05,0.15,18.502053592790492,2.591095781162772,23873.963260889053
86000,1601126156,0.570819616317749,6.647897400000001e-05,0.15,18.47428446754071,2.5885713152309737,23878.987118005753
86050,1602055715,0.5683193802833557,6.632404750000001e-05,0.15,18.437411984052996,2.5852192712775452,23884.019993066788
86100,1602995229,0.6075827479362488,6.616746183333333e-05,0.15,18.634865224031575,2.603169565821052,23889.043213129044
86150,1603918697,0.597027599811554,6.601355049999999e-05,0.15,18.41191482574368,2.58290134779488,23914.428031682968
86200,1604848696,0.5648359060287476,6.585855066666665e-05,0.15,18.446139199079674,2.5860126544617885,23919.419060468674
86250,1605780983,0.47399699687957764,6.57031695e-05,0.15,18.4915207172184,2.5901382470198544,23924.40083026886
86300,1606713457,0.5634655952453613,6.554775716666665e-05,0.15,18.495229783604735,2.5904754348731576,23929.41473388672
86350,1607648142,0.5909847021102905,6.539197633333334e-05,0.15,18.539084039113792,2.594462185373981,23934.456781864166
86400,1608571280,0.6519088745117188,6.523812e-05,0.15,18.40533535369647,2.582303213972406,23977.29005908966
86450,1609501576,0.5281713604927063,6.508307066666666e-05,0.15,18.452030069222683,2.586548188111153,23982.338837623596
86500,1610430893,0.6462960839271545,6.492818450000001e-05,0.15,18.432612015788326,2.5847829105262115,23987.39198422432
86550,1611363587,0.5679755210876465,6.477273550000001e-05,0.15,18.499593391118076,2.5908721264652796,23992.433419704437
86600,1612288705,0.6013020873069763,6.461854916666666e-05,0.15,18.444812185979742,2.5858920169072492,24017.97220349312
86650,1613221542,0.6670365333557129,6.446307633333333e-05,0.15,18.502429736001744,2.5911299760001585,24022.99344587326
86700,1614156062,0.6686382293701172,6.4307323e-05,0.15,18.535811333478787,2.5941646666798897,24028.02181839943
86750,1615087700,0.7316316366195679,6.415205000000001e-05,0.15,18.47864807505405,2.5889680068230954,24033.023808956146
86800,1616018307,0.5305732488632202,6.399694883333332e-05,0.15,18.554250737698382,2.5958409761543986,24037.989057540894
86850,1616950022,0.5584670305252075,6.3841663e-05,0.15,18.48017533768372,2.589106848880338,24062.845744609833
86900,1617884300,0.5580207705497742,6.368595000000001e-05,0.15,18.531011365214113,2.593728305928556,24067.862136125565
86950,1618814717,0.6381779909133911,6.35308805e-05,0.15,18.45443005335502,2.58676636848682,24072.876009464264
87000,1619743737,0.6151842474937439,6.337604383333331e-05,0.15,18.426721145645317,2.584247376876847,24077.90384554863
87050,1620674113,0.6356232166290283,6.322098116666668e-05,0.15,18.54964510726533,2.5954222824786664,24103.737731933594
87100,1621603848,0.5677335262298584,6.306602533333331e-05,0.15,18.44090287006367,2.5855366245512426,24108.793214559555
87150,1622537653,0.5378416776657104,6.291039116666665e-05,0.15,18.521629609060437,2.592875419005494,24113.818724632263
87200,1623468664,0.6219252943992615,6.275522266666664e-05,0.15,18.466211793641033,2.5878374357855485,24118.861085176468
87250,1624394948,0.57408607006073,6.260084199999999e-05,0.15,18.468059653879894,2.5880054230799905,24162.487047433853
87300,1625328456,0.5724812150001526,6.244525733333332e-05,0.15,18.515738738917427,2.5923398853561297,24167.517414808273
87350,1626254231,0.584297239780426,6.229096149999998e-05,0.15,18.36235793482357,2.578396175893052,24172.53337788582
87400,1627189785,0.5600168108940125,6.213503583333332e-05,0.15,18.55632028879148,2.5960291171628618,24177.559069871902
87450,1628121588,0.5306029915809631,6.197973533333331e-05,0.15,18.48192078068905,2.5892655255171864,24182.577995300293
87500,1629048323,0.5576404929161072,6.182527949999999e-05,0.15,18.477051599011084,2.588822872637371,24208.212165355682
87550,1629979884,0.6254426836967468,6.167001933333333e-05,0.15,18.47712081242438,2.588829164765853,24213.20375728607
87600,1630907947,0.5896129608154297,6.151534216666665e-05,0.15,18.407739452962293,2.5825217684511177,24218.1876411438
87650,1631840377,0.575860857963562,6.135993716666666e-05,0.15,18.49435706210207,2.5903960965547337,24223.181047916412
87700,1632761799,0.5944652557373047,6.120636683333333e-05,0.15,18.37112209905096,2.5791929180955417,24248.349780082703
87750,1633690841,0.6235517263412476,6.10515265e-05,0.15,18.42715750639665,2.584287046036059,24253.339622735977
87800,1634624877,0.4729436933994293,6.089585383333332e-05,0.15,18.526211396949442,2.593291945177222,24258.32563662529
87850,1635559067,0.47224846482276917,6.074015550000001e-05,0.15,18.52926592220878,2.593569629291707,24263.317336559296
87900,1636489033,0.6222153902053833,6.0585161166666665e-05,0.15,18.445484657952676,2.5859531507229705,24289.614422798157
87950,1637415339,0.6056751012802124,6.0430776833333326e-05,0.15,18.46849828534971,2.5880452986681557,24294.575208187103
88000,1638350343,0.5703189969062805,6.027494283333332e-05,0.15,18.54541127000813,2.5950373881825572,24299.572154045105
88050,1639279088,0.5987703204154968,6.012015199999999e-05,0.15,18.421266636253645,2.5837515123866948,24304.581228256226
88100,1640210814,0.6424691081047058,5.996486433333332e-05,0.15,18.480393518059383,2.589126683459944,24309.57669854164
88150,1641137131,0.6176152229309082,5.981047816666667e-05,0.15,18.468717601084617,2.588065236462238,24334.592112779617
88200,1642067251,0.5625075697898865,5.965545816666666e-05,0.15,18.448539183212013,2.5862308348374556,24339.584876298904
88250,1642998493,0.5894345641136169,5.950025116666667e-05,0.15,18.47079358153004,2.5882539619572764,24344.56573367119
88300,1643929845,0.5679815411567688,5.9345025833333325e-05,0.15,18.47297538528671,2.5884523077533372,24349.532585144043
88350,1644859077,0.5324921011924744,5.919015383333334e-05,0.15,18.526836270834995,2.5933487518940903,24374.569267511368
88400,1645792761,0.558356523513794,5.903453983333332e-05,0.15,18.519229624928098,2.592657238629827,24379.510734558105
88450,1646721968,0.5275629758834839,5.887967200000001e-05,0.15,18.430430212031656,2.5845845647301506,24384.495079517365
88500,1647655080,0.5269957780838013,5.872415333333331e-05,0.15,18.50788424539342,2.5916258404903108,24389.46646952629
88550,1648585233,0.583534300327301,5.8569127833333316e-05,0.15,18.44919372433901,2.5862903385762737,24415.16591644287
88600,1649514135,0.6605575680732727,5.841431083333332e-05,0.15,18.52025679878778,2.592750618071616,24420.16001176834
88650,1650443991,0.6602200865745544,5.825933483333333e-05,0.15,18.443302854196006,2.5857548049269097,24425.190692424774
88700,1651376498,0.5934070348739624,5.810391700000001e-05,0.15,18.495884324731737,2.590534938611976,24430.23006081581
88750,1652302130,0.6341444253921509,5.794964500000001e-05,0.15,18.359521589939902,2.578138326358173,24435.286237955093
88800,1653228733,0.5877748727798462,5.779521116666668e-05,0.15,18.4744198101922,2.5885836191083818,24473.718249320984
88850,1654161383,0.5480670928955078,5.763976949999999e-05,0.15,18.49872066961541,2.5907927881468553,24478.79294514656
88900,1655092603,0.5670703053474426,5.748456616666667e-05,0.15,18.470357220778705,2.5882142927980643,24483.853564977646
88950,1656024527,0.6110535264015198,5.73292455e-05,0.15,18.48432076482139,2.5894837058928535,24488.90915608406
89000,1656957892,0.5891042947769165,5.7173684666666674e-05,0.15,18.51290239403376,2.592082035821251,24538.09713101387
89050,1657882350,0.5636877417564392,5.7019608333333344e-05,0.15,18.431653241885318,2.5846957492623015,24543.122069358826
89100,1658814087,0.5994817614555359,5.686431883333332e-05,0.15,18.48061169843505,2.5891465180395503,24548.161616802216
89150,1659744273,0.624885082244873,5.670928783333334e-05,0.15,18.449848265466013,2.586349842315092,24553.202954769135
89200,1660675163,0.565026581287384,5.6554139500000006e-05,0.15,18.463811809508698,2.587619255409882,24584.254665136337
89250,1661600138,0.6046721339225769,5.6399977000000006e-05,0.15,18.44196108142595,2.5856328255841774,24589.259731054306
89300,1662531644,0.6225644946098328,5.6244726000000005e-05,0.15,18.476029910546046,2.5887299918678224,24594.289256095886
89350,1663464965,0.4891018271446228,5.608917249999999e-05,0.15,18.512029672531092,2.5920026975028265,24599.32186937332
89400,1664393611,0.5725265741348267,5.593439816666666e-05,0.15,18.419303012872643,2.5835730011702402,24604.354380369186
89450,1665324897,0.6675248742103577,5.577918383333333e-05,0.15,18.471666303032706,2.5883333002757003,24629.997649669647
89500,1666249289,0.5144062638282776,5.562511850000001e-05,0.15,18.430337347475874,2.5845761224978068,24635.0234310627
89550,1667183556,0.5504313707351685,5.546940733333334e-05,0.15,18.530793184838448,2.59370847134895,24640.067857265472
89600,1668120507,0.5404874682426453,5.531324883333332e-05,0.15,18.58402919650118,2.598548108772835,24645.11647939682
89650,1669053971,0.45686057209968567,5.51576715e-05,0.15,18.51486601741476,2.5922605470377054,24698.409085035324
89700,1669979573,0.5603475570678711,5.500340449999998e-05,0.15,18.454462078315654,2.5867692798468775,24703.41844701767
89750,1670911112,0.6203524470329285,5.484814799999999e-05,0.15,18.476684451673048,2.588789495606641,24708.45178437233
89800,1671839384,0.6146750450134277,5.469343599999999e-05,0.15,18.411884880099965,2.582898625463633,24713.47691988945
89850,1672769130,0.5372293591499329,5.4538478333333316e-05,0.15,18.441121050439335,2.585556459130849,24744.69257593155
89900,1673699341,0.8216445446014404,5.438344316666665e-05,0.15,18.546355371241727,2.5951232155674298,24749.738204956055
89950,1674630968,0.5815313458442688,5.422817199999998e-05,0.15,18.47842989467838,2.588948172243489,24754.754853248596
90000,1675567457,0.6044316291809082,5.407209050000001e-05,0.15,18.57486562072317,2.597715056429379,24759.792164087296
90050,1676495531,0.6496814489364624,5.391741150000001e-05,0.15,18.40795763333796,2.5825416030307236,24764.837572336197
90100,1677430854,0.6830231547355652,5.3761524333333326e-05,0.15,18.551738500902474,2.595612590991134,24794.40793275833
90150,1678356775,0.46779513359069824,5.360720416666667e-05,0.15,18.460822234627962,2.5873474758752693,24799.457710504532
90200,1679290481,0.6443353295326233,5.345158650000001e-05,0.15,18.519665985679435,2.5926969077890396,24804.543372392654
90250,1680217587,0.6460847854614258,5.3297068833333335e-05,0.15,18.388757760279272,2.5807961600253884,24809.66160440445
90300,1681152767,0.5795556306838989,5.31412055e-05,0.15,18.5489021560188,2.5953547414562546,24849.61078619957
90350,1682077995,0.5106574296951294,5.298700083333334e-05,0.15,18.447005343328815,2.586091394848074,24854.60099196434
90400,1683012537,0.5135310888290405,5.2831243833333335e-05,0.15,18.53624769423012,2.594204335839102,24859.607169866562
90450,1683943867,0.5186501145362854,5.2676022166666664e-05,0.15,18.472539024535376,2.588412638594125,24864.61127758026
90500,1684877782,0.5963788628578186,5.2520369666666654e-05,0.15,18.523811412817107,2.5930737648015554,24889.713071107864
90550,1685811070,0.5663712024688721,5.2364821666666654e-05,0.15,18.51137513140409,2.591943193764008,24894.729239225388
90600,1686739884,0.562751293182373,5.221001933333334e-05,0.15,18.518502272908524,2.5925911157189567,24899.71659731865
90650,1687669399,0.6448359489440918,5.205510016666665e-05,0.15,18.43653926255033,2.585139932959121,24904.723095178604
90700,1688604601,0.5765345096588135,5.189923316666668e-05,0.15,18.54933851677014,2.595394410615467,24909.74099111557
90750,1689540133,0.6097818613052368,5.174331116666665e-05,0.15,18.555883928040146,2.5959894480036496,24935.024479866028
90800,1690463898,0.5732283592224121,5.158935033333331e-05,0.15,18.41783635058617,2.5834396682351066,24940.000702619553
90850,1691394007,0.5560353398323059,5.143433216666666e-05,0.15,18.448321002836344,2.5862110002578493,24945.00778579712
90900,1692324138,0.5114582180976868,5.127931033333333e-05,0.15,18.448757363587678,2.5862506694170615,24950.010312080383
90950,1693256150,0.5457077026367188,5.1123974999999985e-05,0.15,18.486066207826724,2.589642382529702,24976.193387031555
91000,1694187557,0.5532320141792297,5.0968740499999986e-05,0.15,18.474066287165044,2.588551480651368,24981.193987607956
91050,1695116679,0.6105996370315552,5.0813886833333314e-05,0.15,18.524643113485922,2.5931493739532656,24986.16627764702
91100,1696050033,0.672005295753479,5.0658327833333344e-05,0.15,18.51268421365809,2.5920622012416445,24991.155490636826
91150,1696981011,0.6333582997322083,5.050316483333333e-05,0.15,18.46555725251403,2.58777793204673,25016.759516716003
91200,1697908491,0.6245633959770203,5.0348584833333325e-05,0.15,18.396175893051947,2.581470535731995,25021.78581571579
91250,1698834258,0.5890660285949707,5.019429033333333e-05,0.15,18.45775181433926,2.5870683467581146,25026.774396657944
91300,1699764422,0.6011307239532471,5.0039262999999986e-05,0.15,18.44941190471468,2.58631017315588,25031.80196595192
91350,1700701186,0.5965975522994995,4.988313566666665e-05,0.15,18.580320130114842,2.598210920919531,25036.843302726746
91400,1701634793,0.684532642364502,4.9727534499999985e-05,0.15,18.51770236229843,2.5925183965725846,25062.563973665237
91450,1702559856,0.5761178731918335,4.957335733333334e-05,0.15,18.443715607305208,2.585792327936837,25067.595205545425
91500,1703492099,0.6519268155097961,4.9417983500000005e-05,0.15,18.49064799571573,2.59005890870143,25072.614274978638
91550,1704421603,0.5172976851463318,4.926306616666667e-05,0.15,18.436321082174665,2.585120098379515,25077.649054288864
91600,1705349732,0.5660204887390137,4.9108378000000006e-05,0.15,18.409048535216296,2.582640775928754,25103.06414270401
91650,1706277465,0.6145163178443909,4.8953755833333344e-05,0.15,18.401194041692285,2.5819267310629352,25108.100757598877
91700,1707201032,0.5145594477653503,4.879982800000001e-05,0.15,18.413888667357842,2.583080787941622,25113.125816106796
91750,1708132076,0.6079817414283752,4.8644653999999986e-05,0.15,18.466866334768035,2.587896939524367,25118.1678814888
91800,1709067190,0.538436233997345,4.848880166666666e-05,0.15,18.5475930737648,2.5952357339786185,25148.58491230011
91850,1709999158,0.5949010848999023,4.833347366666668e-05,0.15,18.485193486324057,2.589563044211278,25153.643103837967
91900,1710924892,0.5335016250610352,4.817918466666667e-05,0.15,18.45709386713454,2.587008533375867,25158.651985645294
91950,1711859060,0.4383077621459961,4.802349e-05,0.15,18.528829561457446,2.593529960132495,25163.69279909134
92000,1712791798,0.5821561217308044,4.786803366666666e-05,0.15,18.500466112620742,2.590951464783704,25168.70663332939
92050,1713729475,0.4851148724555969,4.771175416666666e-05,0.15,18.5984291012952,2.599857191026836,25194.10393023491
92100,1714662147,0.612850546836853,4.7556308833333334e-05,0.15,18.499157030366742,2.5908324573060675,25199.134883403778
92150,1715588596,0.5271164774894714,4.740190066666666e-05,0.15,18.4713493899035,2.5883044899912275,25204.14296388626
92200,1716522522,0.5066092014312744,4.7246246333333324e-05,0.15,18.524029593192772,2.5930935993811612,25209.18321943283
92250,1717449694,0.5995241403579712,4.7091717666666675e-05,0.15,18.390066842533273,2.580915167503025,25235.568288087845
92300,1718385798,0.5687751173973083,4.6935700333333315e-05,0.15,18.567229307574827,2.5970208461431663,25240.59982609749
92350,1719312522,0.5579401850700378,4.678124633333334e-05,0.15,18.476832283276178,2.588802934843289,25245.600630044937
92400,1720246646,0.5672222375869751,4.662555900000001e-05,0.15,18.527956839954776,2.5934506218140707,25250.63384795189
92450,1721176931,0.5646182298660278,4.6470511499999996e-05,0.15,18.451811888847015,2.5865283535315466,25281.718911409378
92500,1722108921,0.5994144082069397,4.631517983333332e-05,0.15,18.48562984707539,2.58960271337049,25286.755143404007
92550,1723042066,0.4880999028682709,4.615965566666666e-05,0.15,18.50853878652042,2.5916853442291288,25291.800057172775
92600,1723966876,0.5409733653068542,4.600552066666667e-05,0.15,18.438671345402344,2.5853337586729404,25296.82275056839
92650,1724898668,0.5737162828445435,4.585022199999999e-05,0.15,18.481702600313387,2.5892456909375805,25301.860761642456
92700,1725829206,0.6584232449531555,4.569513233333332e-05,0.15,18.456830037487354,2.5869845488624867,25328.819930791855
92750,1726759678,0.5617973804473877,4.554005366666665e-05,0.15,18.455520955233354,2.5868655413848503,25333.859818458557
92800,1727686039,0.604148268699646,4.538566016666666e-05,0.15,18.469594864024245,2.5881449876385676,25338.879472494125
92850,1728618843,0.6358866095542908,4.5230192833333346e-05,0.15,18.501775194874746,2.5910704722613405,25343.920567274094
92900,1729553572,0.5841509699821472,4.507440466666666e-05,0.15,18.53995676061646,2.5945415236924054,25372.716106653214
92950,1730486651,0.5675820112228394,4.491889149999999e-05,0.15,18.50722970426642,2.5915663367514927,25377.756481409073
93000,1731414805,0.6610976457595825,4.4764199166666646e-05,0.15,18.5053433288141,2.591394848074009,25382.795471191406
93050,1732343352,0.48112598061561584,4.4609441333333315e-05,0.15,18.41733938949164,2.5833944899537857,25387.818006038666
93100,1733276607,0.5863906145095825,4.445389883333335e-05,0.15,18.51072059027709,2.59188369002519,25413.216995954514
93150,1734205132,0.5153884291648865,4.429914466666665e-05,0.15,18.416903028740307,2.5833548207945736,25418.242104291916
93200,1735133327,0.604114294052124,4.414444549999998e-05,0.15,18.410357617470297,2.5827597834063907,25423.270986557007
93250,1736060634,0.5764356851577759,4.398989433333333e-05,0.15,18.488456017226255,2.5898596379296595,25428.275997400284
93300,1736996287,0.5930190086364746,4.3833952166666664e-05,0.15,18.55828391217248,2.5962076283793163,25433.303899765015
93350,1737927320,0.6538428068161011,4.367877999999999e-05,0.15,18.466648154392367,2.5878771049447606,25458.825719356537
93400,1738855361,0.600885808467865,4.3524106500000014e-05,0.15,18.40730309221096,2.5824820992919055,25463.854995965958
93450,1739788905,0.5645416975021362,4.336851583333332e-05,0.15,18.612808038918573,2.6011643671744156,25468.861417770386
93500,1740720224,0.6534602046012878,4.3213296e-05,0.15,18.472320844159707,2.5883928040145188,25473.880075454712
93550,1741650223,0.636479914188385,4.3058296166666665e-05,0.15,18.446139199079674,2.5860126544617885,25499.796726465225
93600,1742583610,0.5219801664352417,4.290273166666667e-05,0.15,18.513338754785092,2.592121704980463,25504.82806110382
93650,1743514302,0.6765950918197632,4.274761633333334e-05,0.15,18.459884562746694,2.5872622329769723,25509.862737178802
93700,1744443226,0.4866056442260742,4.259279566666667e-05,0.15,18.520695430257597,2.5927904936597814,25514.869300603867
93750,1745375491,0.627880871295929,4.243741816666666e-05,0.15,18.491084356467066,2.5900985778606422,25540.824427604675
93800,1746308020,0.5447007417678833,4.2281996666666675e-05,0.15,18.49632068548307,2.590574607771188,25545.88600564003
93850,1747238492,0.6236159801483154,4.212691800000001e-05,0.15,18.455520955233354,2.5868655413848503,25550.942206144333
93900,1748160948,0.674740195274353,4.197317533333334e-05,0.15,18.391737778132228,2.5810670707392935,25555.966248512268
93950,1749090837,0.5509556531906128,4.181819383333333e-05,0.15,18.443957395323007,2.585814308665728,25561.04039478302
94000,1750023080,0.526665985584259,4.1662819999999985e-05,0.15,18.49064799571573,2.59005890870143,25596.79333972931
94050,1750955785,0.48997196555137634,4.150736916666667e-05,0.15,18.49981157149374,2.5908919610448855,25601.75653553009
94100,1751886312,0.5342052578926086,4.135228133333332e-05,0.15,18.45661185711169,2.586964714282881,25606.734779834747
94150,1752813157,0.5154577493667603,4.1197807166666675e-05,0.15,18.479244756360156,2.589022250578196,25611.690803050995
94200,1753742727,0.6061562895774841,4.104287883333333e-05,0.15,18.437630164428665,2.5852391058571516,25638.29326581955
94250,1754677940,0.5876168608665466,4.088701e-05,0.15,18.549556697145803,2.595414245195073,25643.32462477684
94300,1755606575,0.5388023257255554,4.073223749999999e-05,0.15,18.419084832496974,2.583553166590634,25648.33202767372
94350,1756536423,0.6201747059822083,4.057726283333333e-05,0.15,18.53911795198979,2.594465268362708,25653.325912475586
94400,1757464827,0.6127603650093079,4.0422528833333346e-05,0.15,18.41450304460797,2.5831366404189064,25678.659496307373
94450,1758395398,0.681979775428772,4.026743366666665e-05,0.15,18.457484578614356,2.587044052601305,25683.68825030327
94500,1759327960,0.5404791831970215,4.0112006666666674e-05,0.15,18.496975226610072,2.5906341115100067,25688.703295469284
94550,1760256290,0.5380812883377075,3.9957285000000003e-05,0.15,18.508852380572613,2.5917138527793284,25693.729488372803
94600,1761190062,0.5786505341529846,3.980165633333333e-05,0.15,18.520975067933435,2.592815915266676,25698.7206056118
94650,1762120589,0.7079516649246216,3.964656850000001e-05,0.15,18.45661185711169,2.586964714282881,25724.050371170044
94700,1763053481,0.5164907574653625,3.949108650000001e-05,0.15,18.50352063788008,2.591229148898189,25729.066598653793
94750,1763986285,0.48964324593544006,3.9335619166666663e-05,0.15,18.501775194874746,2.5910704722613405,25734.082245349884
94800,1764912118,0.5632586479187012,3.918131366666666e-05,0.15,18.459067708748705,2.5871879735226098,25739.087104320526
94850,1765845824,0.5591914057731628,3.9025696e-05,0.15,18.519665985679435,2.5926969077890396,25764.43713903427
94900,1766783325,0.5901835560798645,3.886944583333332e-05,0.15,18.594938215284525,2.5995398377531385,25769.451766252518
94950,1767712543,0.5430110096931458,3.8714576166666666e-05,0.15,18.430648392407324,2.584604399309757,25774.47409248352
95000,1768637298,0.6128249168395996,3.856045033333334e-05,0.15,18.43757476672781,2.585234069702528,25779.456161260605
95050,1769569255,0.5507410764694214,3.840512416666668e-05,0.15,18.48497530594839,2.5895432096316715,25805.504362344742
95100,1770501388,0.6386592388153076,3.824976866666666e-05,0.15,18.488466191959063,2.5898605629053693,25810.54175400734
95150,1771433840,0.5671288967132568,3.809436e-05,0.15,18.4947934228534,2.5904357657139454,25815.59192919731
95200,1772364664,0.6269568800926208,3.793922266666668e-05,0.15,18.462502727254694,2.587500247932245,25820.62868976593
95250,1773289738,0.6610962152481079,3.778504366666665e-05,0.15,18.443934923040114,2.5858122657309193,25825.639990091324
95300,1774221673,0.6300768852233887,3.762972116666666e-05,0.15,18.484538945197055,2.58950354047246,25851.965265274048
95350,1775154048,0.5654396414756775,3.747432533333333e-05,0.15,18.493266160223733,2.590296923656703,25856.99552297592
95400,1776088392,0.6015301942825317,3.731860133333333e-05,0.15,18.532320447468116,2.5938473134061923,25862.022076129913
95450,1777018988,0.6206653118133545,3.716350199999999e-05,0.15,18.554031421963472,2.5958210383603157,25867.046599388123
95500,1777949075,0.5461862683296204,3.7008487500000006e-05,0.15,18.44788464208501,2.586171331098637,25892.449664115906
95550,1778875719,0.5455132722854614,3.685404683333334e-05,0.15,18.379594184501258,2.5799631076819325,25897.46083688736
95600,1779808809,0.6258379220962524,3.669853183333335e-05,0.15,18.507447884642087,2.5915861713310986,25902.486239671707
95650,1780739743,0.6778054237365723,3.654337616666667e-05,0.15,18.464684531011365,2.5876985937283057,25907.51502108574
95700,1781670801,0.623215913772583,3.638819983333332e-05,0.15,18.56324268282957,2.5966584257117793,25932.793411254883
95750,1782601999,0.635986328125,3.623300016666667e-05,0.15,18.469920860027372,2.588174623638852,25937.81165790558
95800,1783529171,0.4637814462184906,3.607847149999998e-05,0.15,18.390066842533273,2.580915167503025,25942.82004380226
95850,1784462800,0.6527888178825378,3.592286666666665e-05,0.15,18.518138723049766,2.592558065731797,25947.83222746849
95900,1785389601,0.6008886694908142,3.576839983333332e-05,0.15,18.478367493420528,2.5889424994018664,25952.823907136917
95950,1786317565,0.5946237444877625,3.561373916666667e-05,0.15,18.40577582958129,2.5823432572346627,25978.09812450409
96000,1787250435,0.568022608757019,3.545826083333334e-05,0.15,18.503084277128746,2.591189479738977,25983.107970952988
96050,1788186165,0.566697359085083,3.5302305833333344e-05,0.15,18.55981117480215,2.596346470436559,25988.133222818375
96100,1789115694,0.6218391060829163,3.514738433333333e-05,0.15,18.532757795677487,2.593887072334317,25993.151365995407
96150,1790049103,0.6412472128868103,3.4991816166666665e-05,0.15,18.513775115536426,2.592161374139675,26018.25622200966
96200,1790977166,0.5876896381378174,3.483713899999998e-05,0.15,18.407739452962293,2.5825217684511177,26023.269473314285
96250,1791907253,0.6102690100669861,3.4682124499999995e-05,0.15,18.44788464208501,2.586171331098637,26028.280435323715
96300,1792838880,0.620546281337738,3.4526853333333324e-05,0.15,18.47842989467838,2.588948172243489,26033.298901081085
96350,1793767430,0.6024226546287537,3.437209499999999e-05,0.15,18.513238695270754,2.592112608660978,26058.947276830673
96400,1794695262,0.634294867515564,3.4217456333333325e-05,0.15,18.403157665073287,2.5821052422793898,26063.972716093063
96450,1795633335,0.6454741954803467,3.406111083333333e-05,0.15,18.606283594819207,2.600571235892655,26069.01801276207
96500,1796562355,0.6037632822990417,3.390627416666667e-05,0.15,18.426721145645317,2.584247376876847,26074.06070280075
96550,1797488518,0.584395170211792,3.375191366666667e-05,0.15,18.465647180795916,2.5877861073450834,26079.07648420334
96600,1798422125,0.6611031889915466,3.359631250000001e-05,0.15,18.51770236229843,2.5925183965725846,26105.060880184174
96650,1799353598,0.5743350386619568,3.3441067e-05,0.15,18.475375369419044,2.588670488129004,26110.086537361145
96700,1800286149,0.6575868129730225,3.3285641833333345e-05,0.15,18.496757046234404,2.5906142769304004,26115.108152389526
96750,1801217215,0.5468979477882385,3.313046416666665e-05,0.15,18.46730269551937,2.587936608683579,26120.116827249527
96800,1802144995,0.5490187406539917,3.297583416666667e-05,0.15,18.49788659382726,2.5907169630752054,26145.328857421875
96850,1803077931,0.6128627061843872,3.2820344833333336e-05,0.15,18.50439335938275,2.5913084872166134,26150.339968681335
96900,1804010273,0.6023393869400024,3.26649545e-05,0.15,18.492611619096735,2.590237419917885,26155.34145116806
96950,1804948137,0.47976920008659363,3.2508643833333314e-05,0.15,18.602138167681534,2.6001943788801394,26160.366117954254
97000,1805872782,0.5798701047897339,3.235453633333334e-05,0.15,18.435381609378737,2.5850346917617033,26185.639674663544
97050,1806799371,0.6142653226852417,3.220010483333333e-05,0.15,18.378503282622926,2.5798639347839023,26190.653625249863
97100,1807729777,0.5226697325706482,3.204503716666668e-05,0.15,18.454211872979354,2.5867465339072138,26195.67822957039
97150,1808659754,0.5428805351257324,3.1890041000000014e-05,0.15,18.44570283832834,2.5859729853025764,26200.696528196335
97200,1809592019,0.5046716332435608,3.17346635e-05,0.15,18.491084356467066,2.5900985778606422,26205.721206188202
97250,1810516620,0.5234041213989258,3.158056333333333e-05,0.15,18.43450434643911,2.5849549405853733,26230.761630773544
97300,1811452130,0.6000233292579651,3.142464500000001e-05,0.15,18.555447567288812,2.5959497788444374,26235.77388191223
97350,1812385341,0.6633839011192322,3.126910983333334e-05,0.15,18.509847868774422,2.5918043517067657,26240.792447805405
97400,1813316869,0.5021193623542786,3.1113855166666665e-05,0.15,18.47646627129738,2.5887696610270345,26245.813169002533
97450,1814243890,0.5362188816070557,3.0959351666666666e-05,0.15,18.48275380811867,2.5893412552835153,26271.120584964752
97500,1815180027,0.5043104887008667,3.080332883333332e-05,0.15,18.567883848701825,2.5970803498819843,26276.160279512405
97550,1816108640,0.5215191841125488,3.0648560000000014e-05,0.15,18.41864847174564,2.583513497431422,26281.195853471756
97600,1817040311,0.5391910076141357,3.04932815e-05,0.15,18.47930261618105,2.589027510561914,26286.2210688591
97650,1817967409,0.6075587272644043,3.0338765166666667e-05,0.15,18.48428901826302,2.589480819842093,26291.2516207695
97700,1818899696,0.47927793860435486,3.018338399999999e-05,0.15,18.4915207172184,2.5901382470198544,26316.99853491783
97750,1819830696,0.6436343193054199,3.0028217333333338e-05,0.15,18.46599361326537,2.5878176012059426,26322.039824962616
97800,1820766085,0.4655100405216217,2.987231916666668e-05,0.15,18.553047583156474,2.5957315984687703,26327.08535718918
97850,1821699307,0.49012479186058044,2.9716782166666665e-05,0.15,18.510066049150087,2.5918241862863716,26332.12349820137
97900,1822628198,0.5326796174049377,2.9561966999999985e-05,0.15,18.520037483052874,2.592730680277534,26357.368138551712
97950,1823562058,0.610815167427063,2.9406323666666666e-05,0.15,18.522720510938772,2.5929745919035248,26362.384436130524
98000,1824497997,0.6360284090042114,2.9250333833333318e-05,0.15,18.56395660193982,2.596723327449075,26367.40373158455
98050,1825428238,0.5424973368644714,2.9095293666666676e-05,0.15,18.450939167344348,2.5864490152131228,26372.42150568962
98100,1826354412,0.6501188278198242,2.8940931333333327e-05,0.15,18.465866496530825,2.587806045139166,26397.701345682144
98150,1827285577,0.5121829509735107,2.8785737166666667e-05,0.15,18.46926631890037,2.5881151199000336,26402.715395212173
98200,1828215092,0.5226990580558777,2.863081800000001e-05,0.15,18.43653926255033,2.585139932959121,26407.735044002533
98250,1829144453,0.595551609992981,2.8475924500000013e-05,0.15,18.433484737290993,2.584862248844636,26412.75720143318
98300,1830075849,0.6434535980224609,2.832069183333333e-05,0.15,18.473848106789376,2.5885316460717616,26417.773627758026
98350,1830996446,0.6399210095405579,2.8167258999999988e-05,0.15,18.35467341893293,2.5776975835393574,26442.897022008896
98400,1831929987,0.5947389006614685,2.8011668833333335e-05,0.15,18.51639328004443,2.592399389094948,26447.910229682922
98450,1832860360,0.534765362739563,2.785660666666667e-05,0.15,18.453557331852352,2.5866870301683957,26452.926444768906
98500,1833787158,0.521343469619751,2.7702140333333346e-05,0.15,18.3826487097606,2.580240791796418,26457.942722797394
98550,1834715609,0.5796461701393127,2.7547398500000006e-05,0.15,18.51126485365659,2.5919331685142355,26483.002671718597
98600,1835649689,0.5911280512809753,2.739171849999998e-05,0.15,18.52708411845211,2.5933712834956464,26488.015344142914
98650,1836584330,0.5178979635238647,2.723594499999998e-05,0.15,18.538211317611122,2.5943828470555563,26493.040016889572
98700,1837517255,0.5351014733314514,2.7080457499999996e-05,0.15,18.50417517900708,2.5912886526370076,26498.069504499435
98750,1838445626,0.5746551156044006,2.6925728999999995e-05,0.15,18.41384850348097,2.5830771366800884,26523.829225063324
98800,1839372427,0.5653170347213745,2.6771262166666663e-05,0.15,18.478367493420528,2.5889424994018664,26528.837279319763
98850,1840307662,0.5252818465232849,2.6615389666666665e-05,0.15,18.549993057897137,2.595453914354285,26533.87454533577
98900,1841241016,0.6391854286193848,2.645983066666666e-05,0.15,18.51268421365809,2.5920622012416445,26538.905074834824
98950,1842176592,0.5531226396560669,2.6303901333333323e-05,0.15,18.556756649542812,2.596068786322074,26543.93897175789
99000,1843101545,0.6736956834793091,2.6149742499999994e-05,0.15,18.441522449956135,2.585592949996012,26569.592161417007
99050,1844039321,0.5294008851051331,2.599344649999999e-05,0.15,18.6003927246762,2.600035702243291,26574.62291455269
99100,1844970640,0.4816049635410309,2.5838226666666674e-05,0.15,18.472320844159707,2.5883928040145188,26579.659150362015
99150,1845906447,0.5926124453544617,2.5682258833333346e-05,0.15,18.561338437431818,2.5964853124938014,26584.675280809402
99200,1846832236,0.586275041103363,2.552796066666668e-05,0.15,18.458190445809077,2.58710822234628,26610.770629644394
99250,1847761861,0.6351519823074341,2.5373023166666674e-05,0.15,18.438721066307,2.5853382787551817,26615.753029823303
99300,1848695314,0.6545974612236023,2.521744766666667e-05,0.15,18.514647837039092,2.5922407124580995,26620.753844499588
99350,1849628074,0.5420693755149841,2.5061987666666662e-05,0.15,18.500902473372076,2.590991133942916,26625.75260400772
99400,1850557336,0.49765563011169434,2.4907110666666664e-05,0.15,18.43152111390999,2.584683737628181,26651.82371377945
99450,1851482542,0.6452103853225708,2.4752909666666676e-05,0.15,18.446566711859,2.586051519259909,26656.795682668686
99500,1852414235,0.6384423971176147,2.4597627499999995e-05,0.15,18.479738976932385,2.589067179721126,26661.785976171494
99550,1853346500,0.5587419271469116,2.4442249999999984e-05,0.15,18.491084356467066,2.5900985778606422,26666.791929483414
99600,1854281405,0.501971423625946,2.4286432500000007e-05,0.15,18.54344764662713,2.5948588769661027,26671.79910349846
99650,1855207447,0.6181338429450989,2.413209216666665e-05,0.15,18.463234707711937,2.587566791610176,26698.788053035736
99700,1856141923,0.6341271996498108,2.397634616666666e-05,0.15,18.53493861197612,2.5940853283614653,26703.801005125046
99750,1857071537,0.5592023134231567,2.3821410500000004e-05,0.15,18.43850288593133,2.5853184441755754,26708.80007481575
99800,1858001316,0.6397668123245239,2.366644733333334e-05,0.15,18.441775591566337,2.585615962869667,26713.789442539215
99850,1858933427,0.5652602910995483,2.3511095499999987e-05,0.15,18.488029831207726,2.589820893746157,26738.963354587555
99900,1859858787,0.678008496761322,2.335686883333334e-05,0.15,18.4496371321477,2.586330648377064,26743.96174955368
99950,1860791954,0.4430270791053772,2.3201340999999983e-05,0.15,18.508975147271755,2.5917250133883414,26748.96514940262
100000,1861723581,0.6028881669044495,2.3046069833333346e-05,0.15,18.47842989467838,2.588948172243489,26753.94609093666
100050,1862653767,0.6016337871551514,2.289103883333333e-05,0.15,18.449848265466013,2.586349842315092,26779.188391685486
100100,1863579754,0.5208610892295837,2.2736707666666664e-05,0.15,18.462138129037402,2.587467102639764,26784.12562274933
100150,1864508169,0.5327897667884827,2.2581971833333323e-05,0.15,18.414721224983637,2.5831564749985123,26789.08661031723
100200,1865436430,0.6270975470542908,2.2427261666666674e-05,0.15,18.4116666997243,2.582878790884027,26794.053245067596
100250,1866369179,0.6183850169181824,2.2271803499999985e-05,0.15,18.50068429299641,2.5909712993633103,26799.013784885406
100300,1867297099,0.5550986528396606,2.2117150166666674e-05,0.15,18.404903108078624,2.5822639189162384,26824.109693050385
100350,1868226144,0.5758386850357056,2.196230933333334e-05,0.15,18.523107903341575,2.5930098093946885,26829.051830768585
100400,1869158673,0.6216567754745483,2.1806887833333318e-05,0.15,18.49632068548307,2.590574607771188,26834.01798224449
100450,1870094546,0.5592935681343079,2.1650908999999984e-05,0.15,18.56264751968582,2.5966043199714384,26838.979273080826
100500,1871029055,0.5984812378883362,2.1495157500000004e-05,0.15,18.53559315310312,2.594144832100284,26864.256672620773
100550,1871960366,0.5352312922477722,2.1339938999999995e-05,0.15,18.568286944732435,2.597116994975676,26869.22417140007
100600,1872888913,0.5088414549827576,2.1185181166666665e-05,0.15,18.41733938949164,2.5833944899537857,26874.217811346054
100650,1873821860,0.5266553163528442,2.102969000000001e-05,0.15,18.504611539758415,2.5913283217962193,26879.181548833847
100700,1874754895,0.5566777586936951,2.0874184166666675e-05,0.15,18.50635698276375,2.5914869984330684,26904.468052625656
100750,1875677890,0.5322124361991882,2.0720351666666668e-05,0.15,18.402484249142674,2.582044022649334,26909.470828533173
100800,1876608703,0.5623094439506531,2.0565216166666666e-05,0.15,18.46228454687903,2.587480413352639,26914.44135284424
100850,1877540330,0.5974327921867371,2.0409944999999996e-05,0.15,18.47842989467838,2.588948172243489,26919.41909956932
100900,1878472078,0.6182428598403931,2.0254653666666655e-05,0.15,18.48082987881072,2.589166352619156,26924.39355611801
100950,1879404431,0.6172111630439758,2.0099261499999997e-05,0.15,18.4928297994724,2.590257254497491,26949.711374521255
101000,1880332706,0.6122080683708191,1.994454899999999e-05,0.15,18.507755801898078,2.591614163808916,26954.657155752182
101050,1881260428,0.504889965057373,1.9789928666666678e-05,0.15,18.40097586131662,2.581906896483329,26959.62140774727
101100,1882193815,0.5435577034950256,1.963436416666665e-05,0.15,18.513338754785092,2.592121704980463,26964.58529663086
101150,1883124331,0.582478404045105,1.947927816666668e-05,0.15,18.45639367673602,2.5869448797032746,26990.189568042755
101200,1884048008,0.5797512531280518,1.9325331999999994e-05,0.15,18.416081824706914,2.5832801658824467,26995.12811779976
101250,1884981494,0.5363501310348511,1.9169751e-05,0.15,18.515302378166094,2.5923002161969175,27000.088037014008
101300,1885919853,0.6024200320243835,1.901335783333332e-05,0.15,18.611956284586547,2.6010869349624133,27005.05086827278
101350,1886848037,0.6326555609703064,1.88586605e-05,0.15,18.41013943709463,2.582739948826785,27030.076902627945
101400,1887778421,0.57188880443573,1.8703596499999985e-05,0.15,18.453775512228017,2.5867068647480016,27035.039253234863
101450,1888705662,0.5173187851905823,1.8549056333333345e-05,0.15,18.48714012281681,2.5897400111651647,27039.975964307785
101500,1889635144,0.5343520641326904,1.839414266666668e-05,0.15,18.435884721423328,2.5850804292203025,27044.935702323914
101550,1890569829,0.5958641171455383,1.8238361833333336e-05,0.15,18.539084039113792,2.594462185373981,27049.89981985092
101600,1891501962,0.5186645984649658,1.8083006333333315e-05,0.15,18.488466191959063,2.5898605629053693,27075.070652484894
101650,1892430468,0.6294306516647339,1.792825533333332e-05,0.15,18.512361432331126,2.592032857484648,27080.021451234818
101700,1893364152,0.6269739270210266,1.7772641333333325e-05,0.15,18.519229624928098,2.592657238629827,27085.004520893097
101750,1894297748,0.6388679146766663,1.7617042000000016e-05,0.15,18.517484181922764,2.592498561992979,27089.97971892357
101800,1895230024,0.5824858546257019,1.7461662666666655e-05,0.15,18.49130253684273,2.590118412440248,27115.510410308838
101850,1896158780,0.6642897725105286,1.7306870000000007e-05,0.15,18.421484816629313,2.583771346966301,27120.48984646797
101900,1897084723,0.5539372563362122,1.715254616666668e-05,0.15,18.461260866097774,2.587387351463434,27125.446576833725
101950,1898015547,0.5474855303764343,1.6997408833333327e-05,0.15,18.462502727254694,2.587500247932245,27130.42266869545
102000,1898946800,0.5674663782119751,1.6842199999999983e-05,0.15,18.471011761905707,2.5882737965368823,27155.575261116028
102050,1899879461,0.5567269325256348,1.668675650000001e-05,0.15,18.498938849991074,2.590812622726461,27160.55548930168
102100,1900808979,0.48599788546562195,1.6531836833333346e-05,0.15,18.53253847994258,2.5938671345402344,27165.5157186985
102150,1901737515,0.6703177690505981,1.6377080833333333e-05,0.15,18.417121209115972,2.5833746553741794,27170.497130393982
102200,1902671518,0.5231108665466309,1.6221413666666672e-05,0.15,18.52555685582244,2.5932324414384036,27175.482288122177
102250,1903605279,0.47871729731559753,1.6065786833333317e-05,0.15,18.52075688755777,2.59279608068707,27200.61965727806
102300,1904530705,0.6841229796409607,1.591154916666666e-05,0.15,18.45095302655714,2.586450275141558,27205.611011505127
102350,1905461980,0.56607586145401,1.575633666666668e-05,0.15,18.47144812265704,2.5883134656960944,27210.582040071487
102400,1906391484,0.6400156617164612,1.560141933333334e-05,0.15,18.436321082174665,2.585120098379515,27215.564273118973
102450,1907320845,0.6962491273880005,1.5446525833333345e-05,0.15,18.433484737290993,2.584862248844636,27240.624909877777
102500,1908255838,0.6031482815742493,1.5290693666666653e-05,0.15,18.545193089632466,2.5950175536029514,27245.611461400986
102550,1909181616,0.6010017991065979,1.513639733333334e-05,0.15,18.457971130074167,2.587088284552197,27250.573914289474
102600,1910116730,0.5276991724967957,1.498054500000001e-05,0.15,18.5475930737648,2.5952357339786185,27255.558308839798
102650,1911046839,0.5433300733566284,1.4825526833333323e-05,0.15,18.448321002836344,2.5862110002578493,27280.65407395363
102700,1911979346,0.5362786054611206,1.4670109000000008e-05,0.15,18.495884324731737,2.590534938611976,27285.634236574173
102750,1912900966,0.5749768018722534,1.4516505666666677e-05,0.15,18.37506978227929,2.5795517983890264,27290.593110322952
102800,1913838467,0.5286329984664917,1.4360255500000007e-05,0.15,18.594938215284525,2.5995398377531385,27295.576630830765
102850,1914772833,0.5777354836463928,1.4204527833333334e-05,0.15,18.53275680821945,2.5938869825654045,27300.560176610947
102900,1915704559,0.576130747795105,1.4049240166666664e-05,0.15,18.480393518059383,2.589126683459944,27325.828441143036
102950,1916637198,0.5823818445205688,1.3893800333333327e-05,0.15,18.49850248923974,2.590772953567249,27330.81241250038
103000,1917567574,0.628814697265625,1.3738737666666655e-05,0.15,18.54964510726533,2.5954222824786664,27335.761812210083
103050,1918497782,0.5633598566055298,1.3583703000000002e-05,0.15,18.450284626217346,2.5863895114743043,27340.733542203903
103100,1919431499,0.5267643928527832,1.3428083499999986e-05,0.15,18.5198841660551,2.5927167423686455,27365.650602817535
103150,1920362664,0.5540674328804016,1.3272889333333326e-05,0.15,18.46926631890037,2.5881151199000336,27370.630979061127
103200,1921286847,0.6139709949493408,1.3118858833333323e-05,0.15,18.426170348512642,2.58419730441024,27375.58885383606
103250,1922216252,0.6511039137840271,1.2963957999999985e-05,0.15,18.43435745879366,2.58494158716306,27380.567899942398
103300,1923145140,0.5272132754325867,1.2809143333333316e-05,0.15,18.424102981137313,2.584009361921574,27405.65678334236
103350,1924075469,0.6679918766021729,1.2654088499999993e-05,0.15,18.452684610349685,2.5866076918499714,27410.636864423752
103400,1925010682,0.5445050597190857,1.2498219666666665e-05,0.15,18.549556697145803,2.595414245195073,27415.615560770035
103450,1925936284,0.5424706935882568,1.234395266666668e-05,0.15,18.454462078315654,2.5867692798468775,27420.572167873383
103500,1926862114,0.6347082257270813,1.218964766666668e-05,0.15,18.363448836701906,2.5784953487910824,27425.54487633705
103550,1927794005,0.6267495155334473,1.20343325e-05,0.15,18.48366622369439,2.5894242021540355,27450.34667110443
103600,1928727337,0.5367705821990967,1.1878777166666664e-05,0.15,18.512247852906757,2.5920225320824324,27455.320706129074
103650,1929650035,0.5204294919967651,1.1724994166666657e-05,0.15,18.396562724300182,2.5815057022091072,27460.2795650959
103700,1930586381,0.5580312013626099,1.1568936499999992e-05,0.15,18.572029275839498,2.5974572068944997,27465.26723766327
103750,1931516006,0.5183752179145813,1.1413998999999985e-05,0.15,18.438721066307,2.5853382787551817,27490.64558506012
103800,1932453969,0.592685341835022,1.1257671833333338e-05,0.15,18.60410179106254,2.6003728900965943,27495.651809692383
103850,1933380000,0.5655406713485718,1.1103333333333331e-05,0.15,18.46301539197703,2.5875468538160935,27500.631632566452
103900,1934312936,0.5267442464828491,1.0947843999999994e-05,0.15,18.50439335938275,2.5913084872166134,27505.625158786774
103950,1935242264,0.5831191539764404,1.0792955999999986e-05,0.15,18.43283019616399,2.5848027451058173,27530.877132177353
104000,1936172153,0.6283136010169983,1.0637974500000002e-05,0.15,18.443957395323007,2.585814308665728,27535.8630464077
104050,1937102130,0.45475640892982483,1.0482978333333336e-05,0.15,18.44570283832834,2.5859729853025764,27540.85387301445
104100,1938029514,0.55790114402771,1.0328414333333324e-05,0.15,18.489991227370602,2.5899992024882366,27545.83582687378
104150,1938956807,0.6320202350616455,1.01738655e-05,0.15,18.392466826665608,2.5811333478786915,27550.81898331642
104200,1939886993,0.5630963444709778,1.0018834499999984e-05,0.15,18.449848265466013,2.586349842315092,27576.158517599106
104250,1940819357,0.5093446373939514,9.863440500000009e-06,0.15,18.49304797984807,2.590277089077097,27581.138137578964
104300,1941744079,0.6014015078544617,9.709320166666668e-06,0.15,18.436916819523088,2.585174256320281,27586.092852830887
104350,1942677994,0.5384487509727478,9.553667666666654e-06,0.15,18.523811412817107,2.5930737648015554,27591.059365034103
104400,1943613218,0.5355129241943359,9.397797000000007e-06,0.15,18.54977487752147,2.5954340797746793,27616.177560329437
104450,1944546418,0.5926631093025208,9.242263666666661e-06,0.15,18.509629688398753,2.5917845171271594,27621.16229724884
104500,1945475768,0.537807822227478,9.087372000000016e-06,0.15,18.433266556915328,2.58484241426503,27626.147163629532
104550,1946406672,0.5678943395614624,8.932221333333323e-06,0.15,18.560172262540874,2.596379296594625,27631.116198301315
104600,1947337815,0.6067585349082947,8.777030833333332e-06,0.15,18.468829958149037,2.5880754507408215,27656.050409078598
104650,1948273699,0.5482838153839111,8.621050166666676e-06,0.15,18.562865700061487,2.5966241545510442,27661.01879286766
104700,1949204545,0.5747119784355164,8.46590916666665e-06,0.15,18.46293908800603,2.5875399170914575,27665.986183166504
104750,1950136197,0.6396210193634033,8.310633833333336e-06,0.15,18.575085732514555,2.5977350665922323,27670.93764925003
104800,1951066339,0.6247279047966003,8.155610166666659e-06,0.15,18.448975543963346,2.586270503996668,27675.919602394104
104850,1952000001,0.5141749978065491,7.999999833333336e-06,0.15,18.518793264176765,2.592617569470615,27701.015157222748
104900,1952932321,0.5885693430900574,7.844613166666668e-06,0.15,18.492175258345398,2.5901977507586724,27705.998021125793
104950,1953868293,0.5384606719017029,7.688617833333332e-06,0.15,18.564611143066823,2.596782831187893,27710.980294942856
105000,1954795919,0.5545868873596191,7.534013500000013e-06,0.15,18.49481617353856,2.5904378339580507,27715.938809871674
105050,1955733112,0.5440114736557007,7.377814666666659e-06,0.15,18.58882916476585,2.598984469524168,27740.951151371002
105100,1956666422,0.5493677854537964,7.222262999999995e-06,0.15,18.511811492155424,2.59198286292322,27745.928866386414
105150,1957593165,0.6814671158790588,7.0678058333333284e-06,0.15,18.381557807882263,2.5801416188983874,27750.90757250786
105200,1958522969,0.5557186603546143,6.912838499999984e-06,0.15,18.538240689050163,2.5943855171863786,27755.861796855927
105250,1959454068,0.6032598614692688,6.757655333333334e-06,0.15,18.46795723664637,2.587996112422397,27781.045120477676
105300,1960389270,0.5013145804405212,6.601788333333324e-06,0.15,18.54933851677014,2.595394410615467,27786.011308670044
105350,1961322173,0.5779935121536255,6.44630450000001e-06,0.15,18.503738818255748,2.5912489834777954,27790.9805624485
105400,1962249425,0.5972496271133423,6.291762499999986e-06,0.15,18.487359438551717,2.589759948959247,27795.947286605835
105450,1963181459,0.5436040759086609,6.136423499999999e-06,0.15,18.486502568578057,2.5896820516889143,27800.888303041458
105500,1964113218,0.587029218673706,5.98113033333334e-06,0.15,18.481048059186385,2.5891861871987625,27825.95992207527
105550,1965049124,0.7010509371757507,5.825146000000014e-06,0.15,18.56330206081282,2.5966638237102564,27830.921211719513
105600,1965979310,0.6251248717308044,5.670114999999997e-06,0.15,18.449848265466013,2.586349842315092,27835.88477730751
105650,1966904857,0.5926401615142822,5.515857166666671e-06,0.15,18.45336549964112,2.586669590876465,27840.83425807953
105700,1967836539,0.6055007576942444,5.360576833333341e-06,0.15,18.479520796556717,2.5890473451415197,27866.116510629654
105750,1968768353,0.5532771348953247,5.205274499999989e-06,0.15,18.48213896106472,2.5892853600967927,27871.10263466835
105800,1969704204,0.624632716178894,5.049299333333323e-06,0.15,18.562211158934485,2.5965646508122258,27876.086366176605
105850,1970627650,0.5628371238708496,4.89539166666666e-06,0.15,18.411476194273867,2.5828614722067154,27881.029088258743
105900,1971557572,0.5463508367538452,4.740404666666653e-06,0.15,18.444611936450006,2.585873812404546,27905.93623971939
105950,1972491740,0.6289830207824707,4.584710000000014e-06,0.15,18.528829561457446,2.593529960132495,27910.901814699173
106000,1973423873,0.5257160067558289,4.429354499999993e-06,0.15,18.488466191959063,2.5898605629053693,27915.887852668762
106050,1974355533,0.7163202166557312,4.2740778333333335e-06,0.15,18.479084435805383,2.5890076759823075,27920.85680770874
106100,1975280277,0.64627605676651,4.119953833333323e-06,0.15,18.437355450992904,2.5852141319084456,27925.798038959503
106150,1976212586,0.5626541376113892,3.964569000000006e-06,0.15,18.491957077969733,2.5901779161790666,27950.76910328865
106200,1977144576,0.5465258955955505,3.8092373333333258e-06,0.15,18.48562984707539,2.58960271337049,27955.74944281578
106250,1978072199,0.5942630171775818,3.654633500000015e-06,0.15,18.39901223793562,2.5817283852668744,27960.731201410294
106300,1979001772,0.5206291079521179,3.4997046666666585e-06,0.15,18.533635058617115,2.593966823510647,27965.68950176239
106350,1979931617,0.5838034152984619,3.3447305000000144e-06,0.15,18.443084673820337,2.5857349703473034,27990.555725574493
106400,1980860659,0.6506196856498718,3.1898901666666533e-06,0.15,18.42715750639665,2.584287046036059,27995.535173654556
106450,1981796246,0.5740596652030945,3.033958999999997e-06,0.15,18.55697482991848,2.5960886209016802,28000.51741552353
106500,1982725497,0.5094964504241943,2.879083833333318e-06,0.15,18.431302933534322,2.584663903048575,28005.49895954132
106550,1983648151,0.6403467059135437,2.725308166666651e-06,0.15,18.395685461360554,2.5814259510327777,28030.377588748932
106600,1984582693,0.46332401037216187,2.56955116666665e-06,0.15,18.53624769423012,2.594204335839102,28035.33491873741
106650,1985512802,0.6052764654159546,2.4145329999999964e-06,0.15,18.448321002836344,2.5862110002578493,28040.296164751053
106700,1986448576,0.6328944563865662,2.2585706666666594e-06,0.15,18.560683896304816,2.5964258087549834,28045.26481771469
106750,1987376873,0.5308892130851746,2.1038545000000127e-06,0.15,18.50819443336789,2.591654039397081,28050.209442853928
106800,1988303759,0.6033462285995483,1.9493735000000067e-06,0.15,18.384394152765932,2.5803994684332667,28075.272748708725
106850,1989234847,0.5930463075637817,1.7941921666666747e-06,0.15,18.467739056270702,2.5879762778427913,28080.256160497665
106900,1990164648,0.76381516456604,1.6392253333333382e-06,0.15,18.44221195231767,2.585655632028879,28085.229905843735
106950,1991095112,0.5931738615036011,1.484147999999985e-06,0.15,18.551399633144587,2.5955817848313263,28090.195985794067
107000,1992026409,0.5563051700592041,1.3289318333333355e-06,0.15,18.471884483408374,2.5883531348553066,28115.268411397934
107050,1992956199,0.571161150932312,1.1739668333333174e-06,0.15,18.441993771942002,2.5856357974492727,28120.250347852707
107100,1993885065,0.5299990773200989,1.0191558333333184e-06,0.15,18.42366662038598,2.583969692762362,28125.229625701904
107150,1994821378,0.6886722445487976,8.631036666666757e-07,0.15,18.5713747347125,2.5973977031556816,28130.210245132446
107200,1995744241,0.6352536678314209,7.092931666666579e-07,0.15,18.39985246032379,2.5818047691203443,28155.06519985199
107250,1996675263,0.5257321000099182,5.541228333333369e-07,0.15,18.4664299740167,2.587857270365155,28160.048471689224
107300,1997607814,0.5468114018440247,3.986976666666808e-07,0.15,18.496757046234404,2.5906142769304004,28165.030883073807
107350,1998539430,0.6231293678283691,2.434283333333287e-07,0.15,18.478211714302716,2.588928337663883,28170.013964414597
107400,1999468607,0.5819082260131836,8.856550000000406e-08,0.15,18.52573969216046,2.5932490629236784,28174.973861455917
