updates,tokens,loss,lr,mask_rate,seq_len,walk_len,seconds
50,932474,9.508572578430176,1.398711e-06,0.6999847836141881,18.495229783604735,2.5904754348731576,5.3184638023376465
100,1861978,9.417035102844238,2.792967e-06,0.6999393281637315,18.436321082174665,2.585120098379515,10.35358214378357
150,2794903,9.263967514038086,4.1923544999999996e-06,0.6998632990513602,18.50417517900708,2.5912886526370076,15.40244436264038
200,3725001,9.052759170532227,5.587501499999999e-06,0.6997571764321249,18.44810282246068,2.5861911656782435,20.417601108551025
250,4650273,8.806897163391113,6.9754094999999995e-06,0.6996215618179457,18.447882606268443,2.586171146024404,76.49050617218018
300,5581658,8.532110214233398,8.372487e-06,0.6994547891444931,18.47362992641371,2.5885118114921557,81.52678203582764
350,6509611,8.202873229980469,9.7644165e-06,0.6992584368810019,18.405557649205626,2.582323422655057,86.55090618133545
400,7443416,7.954343318939209,1.1165123999999998e-05,0.6990304222693915,18.521629609060437,2.592875419005494,91.56543278694153
450,8370954,7.714337348937988,1.2556430999999997e-05,0.698773724759773,18.493061647659303,2.5902783316053912,159.12928128242493
500,9302779,7.487523078918457,1.3954168499999998e-05,0.6984855203003503,18.48235714144039,2.589305194676399,164.1401789188385
550,10233570,7.283321380615234,1.5350354999999998e-05,0.6981672957884641,18.461848186127696,2.587440744193427,169.15108036994934
600,11167122,7.111088752746582,1.6750683e-05,0.6978176692591496,18.516611460420098,2.5924192236745545,174.15997886657715
650,12095966,6.893184185028076,1.8143948999999998e-05,0.6974395331142197,18.423230259634646,2.5839300236031497,179.16753602027893
700,13024637,6.679296493530273,1.9536955499999998e-05,0.697031279542819,18.515651168354733,2.592331924395885,228.98808693885803
750,13954383,6.448873519897461,2.0931574499999998e-05,0.6965923159140629,18.441121050439335,2.585556459130849,233.9752607345581
800,14885086,6.169368267059326,2.2327629e-05,0.6961225987585204,18.46010274312236,2.587282067556578,238.9667625427246
850,15813292,5.916906833648682,2.3719937999999997e-05,0.6956239464321479,18.410575797845965,2.582779617985997,243.96510982513428
900,16743173,5.644968509674072,2.5114759499999995e-05,0.6950941577631112,18.539775899194513,2.5945250817449557,294.60246658325195
950,17673403,5.346266746520996,2.6510104499999998e-05,0.6945338894619928,18.45072098696868,2.5864291806335165,299.59332823753357
1000,18602005,4.980515956878662,2.7903007499999997e-05,0.6939443946746495,18.418430291369976,2.583493662851816,304.60711884498596
1050,19533555,4.72255277633667,2.93003325e-05,0.6933227040085845,18.476902632048713,2.5888093301862467,309.6270866394043
1100,20466777,4.336610794067383,3.07001655e-05,0.6926694431865646,18.510066049150087,2.5918241862863716,359.74559807777405
1150,21393072,4.019944190979004,3.2089608e-05,0.6919908882320492,18.4682789696148,2.588025360874073,364.7238070964813
1200,22325062,3.6867542266845703,3.3487592999999995e-05,0.6912778531171827,18.48562984707539,2.58960271337049,369.7116723060608
1250,23258218,3.321620225906372,3.4887326999999994e-05,0.6905334676706283,18.508756966896087,2.591705178808735,374.69784474372864
1300,24192243,3.0317976474761963,3.6288364499999996e-05,0.6897578691260066,18.525993216573774,2.5932721105976158,379.6844027042389
1350,25119198,2.717066764831543,3.7678796999999994e-05,0.6889579531071439,18.48143791370923,2.5892216285190206,427.97510981559753
1400,26048086,2.4500350952148438,3.9072128999999994e-05,0.6881262012753905,18.424102981137313,2.584009361921574,432.96980261802673
1450,26980274,2.155099868774414,4.0470410999999995e-05,0.6872611342604862,18.489557093837398,2.5899597358034,437.96619725227356
1500,27915212,1.8938405513763428,4.1872818e-05,0.6863629664324135,18.54410218775413,2.594918380704921,442.97765254974365
1550,28842640,1.7179951667785645,4.3263959999999995e-05,0.685441787062032,18.49086849031023,2.5900789536645665,485.28904128074646
1600,29778579,1.6515884399414062,4.46678685e-05,0.6844816340729633,18.56395660193982,2.596723327449075,490.2673168182373
1650,30707016,1.5118556022644043,4.6060523999999996e-05,0.6834988854465754,18.41515758573497,2.5831961441577245,495.2714388370514
1700,31637411,1.4984781742095947,4.7456116499999996e-05,0.6824837989412988,18.453993692603685,2.586726699327608,500.26691150665283
1750,32568807,1.389830231666565,4.8853210499999994e-05,0.6814372741854431,18.473848106789376,2.5885316460717616,540.37495470047
1800,33495806,1.3571242094039917,5.0243709e-05,0.6803655421571814,18.482315176648857,2.5893013796953506,545.3488261699677
1850,34427862,1.319886326789856,5.1641793e-05,0.6792576405669066,18.486938929329394,2.589721720848127,550.387934923172
1900,35361007,1.3197733163833618,5.3041510499999996e-05,0.6781179857190541,18.50853878652042,2.5916853442291288,555.3943955898285
1950,36290621,1.225551962852478,5.4435931499999994e-05,0.6769523394801013,18.43850288593133,2.5853184441755754,560.3899357318878
2000,37217004,1.1097445487976074,5.5825506e-05,0.6757606557321197,18.470033495494057,2.5881848632267324,600.9828181266785
2050,38146288,1.1578892469406128,5.7219432e-05,0.6745350624568685,18.431957474661324,2.584723406787393,606.0217521190643
2100,39081666,1.1248949766159058,5.8622499e-05,0.6732709091966277,18.55282940278081,2.5957117638891645,611.0369691848755
2150,40015229,1.1389639377593994,6.00228435e-05,0.6719786753413572,18.516829640795763,2.5924390582541603,616.0360615253448
2200,40947637,1.1009382009506226,6.142145549999999e-05,0.6706575929220341,18.493920701350735,2.5903564273955215,658.657436132431
2250,41876902,1.0111068487167358,6.2815353e-05,0.6693106888804419,18.527494218039717,2.593408565276338,663.6438837051392
2300,42808793,0.9891716837882996,6.42131895e-05,0.6679296267329551,18.48366622369439,2.5894242021540355,668.6607625484467
2350,43737967,0.9709452986717224,6.560695049999999e-05,0.6665223292473709,18.429775670904654,2.584525060991332,673.6625831127167
2400,44671684,0.9722817540168762,6.7007526e-05,0.6650777113505725,18.5198841660551,2.5927167423686455,728.759259223938
2450,45597935,1.0329980850219727,6.83969025e-05,0.663614495665376,18.467401706675172,2.587945609697743,733.7554271221161
2500,46531003,1.0092849731445312,6.97965045e-05,0.6621101507967447,18.50701152389075,2.5915465021718864,738.8002524375916
2550,47463389,0.9301052093505859,7.119508349999999e-05,0.6605764673311069,18.4934843405994,2.5903167582363094,743.8407199382782
2600,48392288,0.9509538412094116,7.2588432e-05,0.6590182630871885,18.42432116151298,2.5840291965011803,748.8871328830719
2650,49326995,0.9577282071113586,7.399049249999999e-05,0.6574198323747245,18.539520399865125,2.5945018545331933,794.6888597011566
2700,50256183,0.9835484027862549,7.53842745e-05,0.6558005312297339,18.525959007895366,2.593269000717761,799.7117557525635
2750,51188151,0.9515727162361145,7.67822265e-05,0.654146030951021,18.485193486324057,2.589563044211278,804.7394683361053
2800,52120592,0.9845170378684998,7.818088799999999e-05,0.6524602680674668,18.494575242477737,2.5904159311343395,809.7511539459229
2850,53048622,0.9441190958023071,7.957293299999999e-05,0.6507522648182694,18.407084911835295,2.5824622647122997,851.0482504367828
2900,53970539,0.9395152926445007,8.09558085e-05,0.6490256661008659,18.38099130712178,2.5800901188292524,856.0202851295471
2950,54906786,0.8619645237922668,8.2360179e-05,0.6472417848951285,18.570065652458496,2.597278695678045,861.0118451118469
3000,55842230,0.8672827482223511,8.3763345e-05,0.6454287936009743,18.55413848503481,2.595830771366801,866.0077855587006
3050,56773538,0.9193559885025024,8.5160307e-05,0.6435933942018447,18.472102663784042,2.588372969434913,908.1615328788757
3100,57698315,0.870859682559967,8.654747249999998e-05,0.6417408278078136,18.438013398197622,2.5852739452906928,913.1547667980194
3150,58629524,0.8421112895011902,8.794428599999999e-05,0.6398451310218348,18.470139040403037,2.588194458218458,918.1225385665894
3200,59564198,0.9224216938018799,8.9346297e-05,0.6379118605407939,18.538865858738124,2.594442350794375,923.1255724430084
3250,60494340,0.850989043712616,9.074151e-05,0.635957609489377,18.448975543963346,2.586270503996668,928.1321387290955
3300,61424757,0.8525304198265076,9.213713549999999e-05,0.6339724864810916,18.45443005335502,2.58676636848682,964.643205165863
3350,62352416,0.8796806335449219,9.3528624e-05,0.6319630838318515,18.495474120743282,2.5904976473402983,969.6305885314941
3400,63281403,0.872652530670166,9.492210449999999e-05,0.6299206206011528,18.42606660451832,2.584187873138029,974.6421618461609
3450,64212645,0.8501072525978088,9.63189675e-05,0.6278428838868195,18.47079358153004,2.5882539619572764,979.6444556713104
3500,65146527,0.8601635694503784,9.77197905e-05,0.6257287753471696,18.523156871690105,2.593014261062737,1014.9307532310486
3550,66068268,0.8760221004486084,9.910240199999998e-05,0.623612219360903,18.377482255363265,2.579771114123933,1019.9144625663757
3600,67004174,0.8448572158813477,0.00010050626099999999,0.6214327116651102,18.56330206081282,2.5966638237102564,1024.925015926361
3650,67937385,0.8298115134239197,0.0001019060775,0.619228955088831,18.509847868774422,2.5918043517067657,1029.9230365753174
3700,68870321,0.8625982999801636,0.00010330548149999999,0.6169953804937467,18.50439335938275,2.5913084872166134,1062.7817177772522
3750,69801849,0.838506817817688,0.00010470277349999999,0.614734782833171,18.47646627129738,2.5887696610270345,1067.7766478061676
3800,70726967,0.8860869407653809,0.00010609045049999998,0.6124596824321659,18.444812185979742,2.5858920169072492,1072.7564001083374
3850,71658396,0.8536453247070312,0.000107487594,0.6101387999473757,18.474502647916378,2.5885911498105796,1077.7577991485596
3900,72593818,0.8601614236831665,0.00010889072699999999,0.6077774077932003,18.553702124283475,2.595791102207589,1082.759501695633
3950,73526567,0.8338627219200134,0.00011028985049999999,0.6053922690409038,18.50068429299641,2.5909712993633103,1115.821932554245
4000,74456096,0.7774699330329895,0.00011168414399999999,0.6029850709476787,18.532757795677487,2.593887072334317,1120.8081631660461
4050,75389890,0.8370591402053833,0.00011308483499999999,0.6005363785012882,18.521411428684768,2.592855584425888,1125.8124794960022
4100,76319735,0.8257633447647095,0.00011447960249999998,0.5980677158667711,18.443084673820337,2.5857349703473034,1130.8119106292725
4150,77253859,0.9189795851707458,0.0001158807885,0.5955572222181421,18.527956839954776,2.5934506218140707,1167.0311317443848
4200,78189655,0.8284488916397095,0.0001172844825,0.593011612392167,18.561120257056153,2.5964654779141956,1172.047735452652
4250,79122924,0.8486756086349487,0.00011868438599999999,0.590442350709579,18.607325145545897,2.6006659223223543,1177.0585718154907
4300,80055739,0.8248032927513123,0.00012008360849999999,0.5878438764303678,18.50199337525041,2.5910903068409463,1182.096101284027
4350,80982548,0.9064774513244629,0.00012147382199999998,0.5852319710899847,18.382866890136263,2.580260626376024,1220.9294595718384
4400,81916617,0.7848559021949768,0.0001228749255,0.5825691875373179,18.526865938076444,2.5933514489160405,1225.9290158748627
4450,82844342,0.7947754859924316,0.000124266513,0.5798942624752731,18.496790015152722,2.590617274104793,1230.9099917411804
4500,83774011,0.8569358587265015,0.0001256610165,0.5771835139170078,18.439593787809667,2.585417617073606,1235.9205439090729
4550,84705825,0.8473739624023438,0.0001270587375,0.574436156193714,18.48213896106472,2.5892853600967927,1240.9233014583588
4600,85639036,0.790273129940033,0.00012845855399999998,0.5716542214773374,18.509847868774422,2.5918043517067657,1276.0703902244568
4650,86563703,0.7956724166870117,0.00012984555449999997,0.5688676931512363,18.435820240848553,2.5850745673498685,1281.0654203891754
4700,87496573,0.7688815593719482,0.0001312448595,0.5660261199819742,18.503084277128746,2.591189479738977,1286.0529987812042
4750,88431797,0.778008222579956,0.0001326476955,0.5631468023886388,18.54977487752147,2.5954340797746793,1291.065459728241
4800,89363281,0.8247994780540466,0.00013404492149999997,0.5602485701560131,18.475593549794713,2.58869032270861,1322.3617594242096
4850,90296305,0.7822585105895996,0.0001354444575,0.5573151028085721,18.506138802388083,2.591467163853462,1327.3621008396149
4900,91222886,0.8100945949554443,0.00013683432899999997,0.5543717387220426,18.473981178722386,2.588543743520217,1332.3707082271576
4950,92154447,0.7901157140731812,0.00013823167049999998,0.5513822632171733,18.47712081242438,2.588829164765853,1337.3898603916168
5000,93086085,0.8116151690483093,0.0001396291275,0.5483621636390235,18.47864807505405,2.5889680068230954,1368.9781634807587
5050,94022013,0.7850065231323242,0.0001410330195,0.545297568749987,18.563738421564153,2.5967034928694686,1373.974105834961
5100,94951575,0.7933108806610107,0.00014242736249999997,0.542223472087839,18.53341574288221,2.5939468857165644,1378.950957775116
5150,95882146,0.7667596340179443,0.000143823219,0.539115746372607,18.457484578614356,2.587044052601305,1383.970491886139
5200,96813487,0.7817375659942627,0.00014522023049999997,0.5359751028607646,18.47275720491104,2.588432473173731,1388.9888226985931
5250,97744333,0.8003734946250916,0.0001466164995,0.5328057939117394,18.46293908800603,2.5875399170914575,1418.7514669895172
5300,98677797,0.7762494087219238,0.00014801669549999999,0.5295971166364688,18.51486601741476,2.5922605470377054,1423.7669546604156
5350,99604400,0.7634760737419128,0.00014940659999999997,0.5263818612611999,18.4744198101922,2.5885836191083818,1428.7652685642242
5400,100534949,0.8112016320228577,0.0001508024235,0.5231226705174294,18.457048217863022,2.587004383442093,1433.7676305770874
5450,101463848,0.7137286067008972,0.00015219577199999997,0.5198390321080757,18.42432116151298,2.5840291965011803,1460.7258071899414
5500,102396025,0.7736827731132507,0.0001535940375,0.516513446123489,18.48933891346173,2.5899399012237936,1465.755268573761
5550,103326082,0.7883821129798889,0.00015498912299999999,0.5131651136242623,18.543284950953026,2.594844086450275,1470.7507846355438
5600,104257368,0.765300452709198,0.00015638605199999999,0.5097820213099701,18.471666303032706,2.5883333002757003,1475.754697561264
5650,105188148,0.8031539916992188,0.00015778222199999998,0.5063704366057766,18.461630005752028,2.5874209096138205,1502.3654162883759
5700,106116574,0.7956925630569458,0.000159174861,0.5029372726437941,18.414939405359302,2.583176309578118,1507.3784863948822
5750,107050665,0.7640224099159241,0.00016057599749999999,0.4994527146535111,18.527302298827777,2.5933911180752527,1512.3822531700134
5800,107976817,0.7802239060401917,0.0001619652255,0.4959676223345989,18.46542786506101,2.587766169551001,1517.3701450824738
5850,108908532,0.7428178787231445,0.000163362798,0.4924313040080871,18.48017533768372,2.589106848880338,1522.376752614975
5900,109836419,0.7761261463165283,0.0001647546285,0.48887931857198763,18.404248566951622,2.5822044151774204,1550.351347208023
5950,110767606,0.7186636328697205,0.00016615140899999998,0.48528440556800334,18.469702679651704,2.588154789059246,1555.366839647293
6000,111697124,0.7296692728996277,0.00016754568599999998,0.4816656685772509,18.53253847994258,2.5938671345402344,1560.3551926612854
6050,112627926,0.7029191255569458,0.00016894188899999998,0.47801162998642416,18.46206636650336,2.5874605787730327,1565.362459897995
6100,113565471,0.7428178191184998,0.00017034820649999998,0.4743004664395927,18.595810936787196,2.5996191760715632,1596.3784384727478
6150,114499518,0.7096953392028809,0.000171749277,0.4705725566109343,18.526429577325107,2.593311779756828,1601.4054489135742
6200,115428453,0.7775896191596985,0.00017314267949999999,0.4668347641654688,18.520914745992503,2.592810431453864,1606.4565238952637
6250,116362885,0.7587976455688477,0.0001745443275,0.4630443824033435,18.53406589047345,2.594005990043041,1611.4525599479675
6300,117292532,0.6532440185546875,0.00017593879799999998,0.45924308389800705,18.439157427058333,2.585377947914394,1647.9514436721802
6350,118227536,0.715577244758606,0.00017734130399999997,0.45538937029895227,18.54541127000813,2.5950373881825572,1652.9773726463318
6400,119162892,0.730581521987915,0.000178744338,0.45150359047843586,18.552393042029475,2.5956720947299523,1657.994963169098
6450,120092223,0.7066830396652222,0.00018013833449999998,0.4476125145610697,18.528810112449158,2.5935281920408326,1663.0096158981323
6500,121026138,0.7066125869750977,0.000181539207,0.4436717936140867,18.523811412817107,2.5930737648015554,1668.0585923194885
6550,121958414,0.6823606491088867,0.000182937621,0.4397075419555805,18.49130253684273,2.590118412440248,1709.2835221290588
6600,122891207,0.7547628283500671,0.0001843368105,0.4357106467364551,18.501557014499078,2.591050637681734,1714.3281285762787
6650,123819988,0.71993088722229,0.000185729982,0.43170068500439746,18.517844325703805,2.5925313023367096,1719.331803560257
6700,124748832,0.7351712584495544,0.000187123248,0.42766025600612606,18.423230259634646,2.5839300236031497,1724.4343268871307
6750,125681394,0.7184334397315979,0.000188522091,0.4235732760387933,18.496975226610072,2.5906341115100067,1780.0334005355835
6800,126611437,0.7225063443183899,0.00018991715549999998,0.41946702036391303,18.447011920582344,2.5860919927802133,1785.0893290042877
6850,127545066,0.7474190592765808,0.00019131759899999998,0.41531448243347374,18.518138723049766,2.592558065731797,1790.1184451580048
6900,128469117,0.7516559362411499,0.0001927036755,0.41117450460170535,18.423538559693757,2.5839580508812507,1795.2007639408112
6950,129405727,0.7001826763153076,0.0001941085905,0.4069477618430258,18.577265604855505,2.597933236805046,1854.013605594635
7000,130335429,0.7000177502632141,0.00019550314349999997,0.40272182907925436,18.44024832893667,2.5854771208124245,1859.0986425876617
7050,131266968,0.7226962447166443,0.00019690045199999997,0.3984572044615221,18.476684451673048,2.588789495606641,1864.158233165741
7100,132195166,0.6967725157737732,0.00019829274899999997,0.3941776665090677,18.506220591753728,2.591474599250339,1869.1994202136993
7150,133126881,0.6341514587402344,0.0001996903215,0.3898515872162071,18.48017533768372,2.589106848880338,1874.3062822818756
7200,134057584,0.7621905207633972,0.000201086376,0.3854998730114515,18.46010274312236,2.587282067556578,1936.4581780433655
7250,134988771,0.7787309885025024,0.00020248315649999996,0.38111555481841725,18.469702679651704,2.588154789059246,1941.5338053703308
7300,135917296,0.6705628633499146,0.00020387594399999998,0.3767135513408467,18.416903028740307,2.5833548207945736,1946.6013026237488
7350,136840951,0.674310564994812,0.0002052614265,0.37230469726477294,18.4156431932371,2.5832402902942815,1951.6537330150604
7400,137774855,0.7306246161460876,0.00020666228249999996,0.367816563270257,18.52359323244144,2.593053930221949,2018.6467051506042
7450,138706779,0.6581823825836182,0.0002080601685,0.36330751554029034,18.48432076482139,2.5894837058928535,2023.7220947742462
7500,139639682,0.6772156357765198,0.00020945952299999997,0.3587632861914302,18.503738818255748,2.5912489834777954,2028.7900865077972
7550,140567825,0.6085600256919861,0.00021085173749999997,0.35421201505846406,18.505124013079193,2.5913749102799266,2033.8611829280853
7600,141497417,0.7528113722801208,0.0002122461255,0.3496234171907419,18.438066525179998,2.5852787750163633,2097.2523472309113
7650,142426591,0.6896511316299438,0.0002136398865,0.34500665808207764,18.429775670904654,2.584525060991332,2102.343103170395
7700,143355655,0.5955772399902344,0.0002150334825,0.340360233141617,18.427593867147987,2.5843267151952714,2107.429971933365
7750,144278859,0.6983305215835571,0.00021641828849999997,0.3357131897990171,18.40665124810591,2.5824228407369008,2112.5259211063385
7800,145214138,0.6888934373855591,0.000217821207,0.33097494718604664,18.550865779399807,2.5955332526727095,2117.5772449970245
7850,146145336,0.6543067693710327,0.00021921800399999996,0.32622696339532437,18.469920860027372,2.588174623638852,2172.2164533138275
7900,147076248,0.6062411665916443,0.00022061437199999998,0.32145010229924365,18.46424817026003,2.587658924569094,2177.3170444965363
7950,148006489,0.6707476377487183,0.00022200973349999998,0.3166463862431254,18.450939167344348,2.5864490152131228,2182.4003355503082
8000,148935446,0.6295079588890076,0.00022340316899999998,0.311819076183669,18.52135337746232,2.592850307042029,2187.45973443985
8050,149865456,0.7211140990257263,0.00022479818399999995,0.30695603921346104,18.446357379455343,2.586032489041395,2232.9380116462708
8100,150799492,0.6657715439796448,0.00022619923799999998,0.3020414812194839,18.526211396949442,2.593291945177222,2238.05370426178
8150,151732725,0.6250021457672119,0.0002275990875,0.29710065287130155,18.510284229525755,2.591844020865978,2243.2235543727875
8200,152662507,0.7297346591949463,0.00022899376049999998,0.29214778173831163,18.53780205758035,2.594345641598214,2248.260057449341
8250,153593144,0.7132713794708252,0.00023038971599999996,0.2871600570334171,18.45879366086836,2.5871630600789417,2294.6901149749756
8300,154522747,0.6195133328437805,0.0002317841205,0.28214761154254486,18.438284705555667,2.5852986095959696,2299.930105447769
8350,155452834,0.6064187288284302,0.00023317925099999997,0.2771022870239477,18.44788464208501,2.586171331098637,2305.081371307373
8400,156387035,0.6626542210578918,0.00023458055249999998,0.27200416746840356,18.529484102584444,2.593589463871313,2310.1785085201263
8450,157310151,0.637877881526947,0.0002359652265,0.2669365368662509,18.404896722226653,2.5822633383842413,2315.232460975647
8500,158242834,0.6824390292167664,0.00023736425099999997,0.2617860960338477,18.499375210742407,2.5908522918856733,2353.1768531799316
8550,159177321,0.7425758242607117,0.00023876598149999998,0.2565951583871018,18.535156792351785,2.594105162941071,2358.289349794388
8600,160113711,0.6351807713508606,0.00024017056649999999,0.2513629921216483,18.572901997342168,2.5975365452129244,2363.3993377685547
8650,161041051,0.6261313557624817,0.00024156157649999997,0.24615114812426953,18.489113964430974,2.5899194513119066,2368.4610409736633
8700,161972271,0.6879299879074097,0.0002429584065,0.24088720997429477,18.470357220778705,2.5882142927980643,2410.9890263080597
8750,162905196,0.6662507653236389,0.000244357794,0.23558319953352774,18.50417517900708,2.5912886526370076,2416.193026781082
8800,163835855,0.6807883977890015,0.0002457537825,0.2302617207873321,18.459230021619693,2.587202729238154,2421.3722348213196
8850,164765150,0.6943842768669128,0.000247147725,0.22491779354585617,18.432175655036993,2.5847432413669993,2426.5184621810913
8900,165690037,0.5771771669387817,0.00024853505549999997,0.21956920368142602,18.440206555546695,2.585473323231518,2453.945864200592
8950,166619134,0.6427941918373108,0.000249928701,0.21416612323907577,18.428248408274985,2.5843862189340894,2459.08890748024
9000,167552851,0.6811987161636353,0.0002513292765,0.20870573713100649,18.5198841660551,2.5927167423686455,2464.226859331131
9050,168484214,0.628688395023346,0.000252726321,0.2032287185740386,18.473193565662374,2.588472142332943,2469.3713784217834
9100,169413160,0.7145320177078247,0.00025411974,0.197735671329252,18.52113406172741,2.592830369247946,2474.5646617412567
9150,170346690,0.6586103439331055,0.000255520035,0.19218509110576826,18.51617509966876,2.592379554515342,2500.885448217392
9200,171280572,0.6567714214324951,0.000256920858,0.18660189896867427,18.523156871690105,2.593014261062737,2505.9813199043274
9250,172215268,0.5844554901123047,0.000258322902,0.1809832756845431,18.539302219489457,2.594482019953587,2511.077303647995
9300,173140056,0.5293874144554138,0.000259710084,0.17539411764554513,18.438232713932532,2.5852938830847756,2516.2080442905426
9350,174072013,0.5804151892662048,0.0002611080195,0.16973135007723708,18.48497530594839,2.5895432096316715,2542.244603395462
9400,175004861,0.6183961033821106,0.0002625072915,0.1640327259614869,18.502647916377413,2.591149810579765,2547.3181834220886
9450,175935421,0.6009915471076965,0.0002639031315,0.1583177336571733,18.45726639823869,2.5870242180216994,2552.451185464859
9500,176868709,0.7848339080810547,0.0002653030635,0.15255554609178304,18.51137513140409,2.591943193764008,2557.590423107147
9550,177797006,0.7136382460594177,0.000266695509,0.15,18.50819443336789,2.591654039397081,2585.8157575130463
9600,178727841,0.6291409730911255,0.00026809176149999997,0.15,18.462720907630363,2.587520082511851,2590.8874459266663
9650,179657917,0.7499468326568604,0.0002694868755,0.15,18.447666461709343,2.5861514965190313,2596.0193181037903
9700,180587014,0.5989152193069458,0.00027088052099999996,0.15,18.428248408274985,2.5843862189340894,2601.119459629059
9750,181515586,0.6064987182617188,0.00027227337899999996,0.15,18.51367732674057,2.5921524842491426,2606.205544233322
9800,182444529,0.6082341074943542,0.00027366679349999997,0.15,18.42519388301565,2.5841085348196042,2634.433049917221
9850,183376508,0.6808295249938965,0.000275064762,0.15,18.485411666699726,2.589582878790884,2639.4805402755737
9900,184303702,0.6232230067253113,0.00027645555299999995,0.15,18.390503203284606,2.580954836662237,2644.6499259471893
9950,185232381,0.5992003083229065,0.00027784857149999997,0.15,18.419957553999645,2.5836325049090587,2649.823043346405
10000,186159017,0.6683274507522583,0.00027923852549999997,0.15,18.47507775739692,2.5886434324906293,2681.438143491745
10050,187093141,0.5911853909492493,0.0002806397115,0.15,18.527956839954776,2.5934506218140707,2686.4517970085144
10100,188027375,0.7184412479400635,0.0002820410625,0.15,18.530138643711446,2.5936489676101315,2691.5493383407593
10150,188956208,0.674753725528717,0.000283434312,0.15,18.42301207925898,2.583910189023544,2696.64887881279
10200,189883955,0.6335655450820923,0.00028482593249999996,0.15,18.49722864662254,2.5906571496929582,2734.019827604294
10250,190819157,0.6590749025344849,0.00028622873549999996,0.15,18.54933851677014,2.595394410615467,2739.049963235855
10300,191750916,0.7006109952926636,0.00028762637399999994,0.15,18.481048059186385,2.5891861871987625,2744.122302055359
10350,192680266,0.5923983454704285,0.00028902039899999994,0.15,18.433266556915328,2.58484241426503,2749.221970796585
10400,193610628,0.6185678243637085,0.00029041594199999995,0.15,18.453339151476683,2.5866671955887894,2754.361040353775
10450,194539134,0.601790726184845,0.00029180870099999997,0.15,18.512361432331126,2.592032857484648,2799.9272735118866
10500,195469342,0.6454737186431885,0.000293204013,0.15,18.450284626217346,2.5863895114743043,2805.0084249973297
10550,196398032,0.6144194006919861,0.000294597048,0.15,18.42017573437531,2.5836523394886646,2810.106882572174
10600,197330792,0.6045762896537781,0.000295996188,0.15,18.500902473372076,2.590991133942916,2815.2065255641937
10650,198256647,0.650749921798706,0.00029738497049999995,0.15,18.459506340218518,2.5872278491107745,2882.547729253769
10700,199189011,0.6264811158180237,0.00029878351649999994,0.15,18.49304797984807,2.590277089077097,2887.6053750514984
10750,200120671,0.5965803861618042,0.00029997988816666665,0.15,18.479084435805383,2.5890076759823075,2892.676185131073
10800,201055752,0.6595189571380615,0.0002998240413333333,0.15,18.5469385326378,2.5951762302398,2897.7333426475525
10850,201982025,0.7349081635475159,0.0002996696625,0.15,18.46784033814499,2.587985485285908,2902.863248348236
10900,202909956,0.48837000131607056,0.0002995150073333333,0.15,18.405121288454293,2.5822837534958447,2967.8615639209747
10950,203841836,0.6364505290985107,0.00029935969399999996,0.15,18.48344804331872,2.589404367574429,2972.9160714149475
11000,204775454,0.5977933406829834,0.000299204091,0.15,18.517920542674098,2.5925382311521905,2977.989807844162
11050,205707983,0.6267553567886353,0.0002990486695,0.15,18.49632068548307,2.590574607771188,2983.066351890564
11100,206635290,0.6577886343002319,0.00029889411833333333,0.15,18.488456017226255,2.5898596379296595,3044.888452768326
11150,207563782,0.7126597762107849,0.00029873936966666665,0.15,18.416248487613306,2.583295317055755,3049.962991476059
11200,208498841,0.6852058172225952,0.0002985835265,0.15,18.546502171886466,2.595136561080588,3055.049301624298
11250,209432646,0.722439706325531,0.00029842789233333334,0.15,18.521629609060437,2.592875419005494,3060.12868976593
11300,210356389,0.6041300892829895,0.00029827393516666665,0.15,18.41739771911636,2.583399792646942,3122.275250196457
11350,211290700,0.5723598599433899,0.00029811821666666664,0.15,18.531665906341114,2.593787809667374,3127.3568634986877
11400,212224516,0.6007884740829468,0.00029796258066666664,0.15,18.5218477894361,2.5928952535851,3132.424782514572
11450,213158475,0.5901619791984558,0.0002978069208333333,0.15,18.524684134319774,2.5931531031199793,3137.499044895172
11500,214088166,0.6477282047271729,0.00029765197233333333,0.15,18.440030148561,2.5854572862328182,3142.5854437351227
11550,215014417,0.6756712198257446,0.0002974975971666666,0.15,18.467401706675172,2.587945609697743,3195.781233072281
11600,215948387,0.6162395477294922,0.00029734193549999996,0.15,18.52490231469544,2.593172937699585,3200.8048899173737
11650,216880366,0.5707854628562927,0.0002971866056666666,0.15,18.485411666699726,2.589582878790884,3205.8172554969788
11700,217812763,0.7214935421943665,0.00029703120616666665,0.15,18.493702520975067,2.590336592815915,3210.831675052643
11750,218739421,0.5306887626647949,0.00029687676316666664,0.15,18.475516388866737,2.588683308078794,3248.245211839676
11800,219671939,0.6250129342079163,0.0002967213435,0.15,18.496102505107405,2.5905547731915823,3253.3063583374023
11850,220601289,0.5749000906944275,0.0002965664518333333,0.15,18.433266556915328,2.58484241426503,3258.3303849697113
11900,221540308,0.5889595150947571,0.0002964099486666666,0.15,18.625047107126566,2.6022770097387786,3263.3546245098114
11950,222469691,0.6195149421691895,0.0002962550515,0.15,18.433921098042326,2.584901918003848,3296.8451702594757
12000,223397328,0.6382240653038025,0.0002961004453333333,0.15,18.495035489273466,2.590457771752133,3301.8640475273132
12050,224328196,0.5761728882789612,0.0002959453006666666,0.15,18.463375448757365,2.5875795862506696,3306.9118337631226
12100,225257315,0.6370720267295837,0.0002957904475,0.15,18.428684769026322,2.584425888093302,3311.9416308403015
12150,226187941,0.6253020167350769,0.0002956353431666666,0.15,18.45857548049269,2.5871432254993354,3316.9599027633667
12200,227120429,0.6397484540939331,0.0002954799285,0.15,18.591753728367493,2.5992503389424995,3346.9981939792633
12250,228048195,0.5451681613922119,0.0002953253008333333,0.15,18.401848582819287,2.5819862348017533,3352.061407804489
12300,228981725,0.7409794330596924,0.0002951697125,0.15,18.51617509966876,2.592379554515342,3357.101001739502
12350,229911537,0.5866439342498779,0.0002950147438333333,0.15,18.44243013269334,2.5856754666084854,3362.1339106559753
12400,230837678,0.6258204579353333,0.000294860387,0.15,18.465208549326103,2.5877462317569186,3391.5686860084534
12450,231768183,0.6917322874069214,0.0002947053028333333,0.15,18.456175496360355,2.5869250451236687,3396.605577468872
12500,232698798,0.7307097315788269,0.0002945502003333333,0.15,18.458357300117022,2.587123390919729,3401.6707396507263
12550,233629446,0.7107755541801453,0.0002943950923333333,0.15,18.459011841244024,2.5871828946585476,3406.7039868831635
12600,234562558,0.6257675290107727,0.00029423957366666665,0.15,18.50788424539342,2.5916258404903108,3432.8579466342926
12650,235487555,0.6068260073661804,0.00029408540749999997,0.15,18.442399712895764,2.585672701172342,3437.891411304474
12700,236419457,0.6267744302749634,0.0002939300905,0.15,18.483884404070057,2.5894440367336418,3442.948853969574
12750,237351095,0.6002054214477539,0.0002937748175,0.15,18.47864807505405,2.5889680068230954,3448.000150680542
12800,238280830,0.664450466632843,0.00029361986166666663,0.15,18.44090287006367,2.5855366245512426,3453.040269136429
12850,239206883,0.588084876537323,0.00029346551949999995,0.15,18.463454023446847,2.5875867294042587,3479.4493403434753
12900,240140974,0.5958206057548523,0.0002933098376666666,0.15,18.527302298827777,2.5933911180752527,3484.525311231613
12950,241073360,0.6601929664611816,0.00029315444,0.15,18.4934843405994,2.5903167582363094,3489.600330591202
13000,242006219,0.5619176030158997,0.0002929989635,0.15,18.502866096753078,2.5911696451593706,3494.6336166858673
13050,242938748,0.6575667858123779,0.000292843542,0.15,18.49632068548307,2.590574607771188,3558.1535692214966
13100,243864141,0.6152173280715942,0.0002926893098333333,0.15,18.450295079352422,2.586390461759311,3563.501448392868
13150,244796681,0.565528392791748,0.00029253388649999997,0.15,18.49653886585874,2.5905944423507945,3568.890148162842
13200,245731058,0.6087740063667297,0.00029237815699999995,0.15,18.532974988595118,2.593906817145011,3574.293920516968
13250,246662091,0.604223370552063,0.0002922229848333333,0.15,18.466648154392367,2.5878771049447606,3648.388088941574
13300,247589519,0.6097567677497864,0.00029206841349999996,0.15,18.49086849031023,2.5900789536645665,3653.5714716911316
13350,248522950,0.5690479874610901,0.00029191284166666667,0.15,18.51421147628776,2.5922010432988873,3658.795851945877
13400,249457206,0.587705135345459,0.00029175713233333333,0.15,18.53057500446278,2.5936886367693437,3663.950648546219
13450,250385808,0.748602032661438,0.0002916023653333333,0.15,18.418430291369976,2.583493662851816,3669.1313474178314
13500,251320504,0.6826128363609314,0.00029144658266666665,0.15,18.539302219489457,2.594482019953587,3717.470550298691
13550,252245743,0.5749626159667969,0.0002912923761666666,0.15,18.44722465906372,2.5861113326421563,3722.464941263199
13600,253180846,0.5781394839286804,0.00029113652566666666,0.15,18.547374893389133,2.595215899399012,3727.4601039886475
13650,254110900,0.5931583046913147,0.00029098151666666664,0.15,18.44723010095801,2.586111827359819,3732.503756046295
13700,255045266,0.6548812389373779,0.00029082578899999997,0.15,18.53275680821945,2.5938869825654045,3777.167342185974
13750,255967986,0.5625372529029846,0.0002906720023333333,0.15,18.397001355769998,2.5815455777972725,3782.1504485607147
13800,256903463,0.6098361611366272,0.00029051608949999996,0.15,18.55479302616181,2.595890275105619,3787.1545720100403
13850,257836696,0.689198911190033,0.00029036055066666665,0.15,18.510284229525755,2.591844020865978,3792.1648983955383
13900,258774252,0.613711416721344,0.0002902042913333333,0.15,18.59602911716286,2.599639010651169,3837.9694311618805
13950,259702747,0.6336374282836914,0.0002900495421666666,0.15,18.51214211659622,2.5920129196905655,3842.9565074443817
14000,260634044,0.5946863293647766,0.00028989432599999996,0.15,18.471884483408374,2.5883531348553066,3847.9460752010345
14050,261567849,0.6118122339248657,0.0002897386918333333,0.15,18.521629609060437,2.592875419005494,3852.9605107307434
14100,262500224,0.7210901379585266,0.000289583296,0.15,18.493266160223733,2.590296923656703,3857.979193210602
14150,263433039,0.6277357339859009,0.00028942782683333333,0.15,18.50199337525041,2.5910903068409463,3905.941743850708
14200,264360071,0.6569002270698547,0.00028927332149999996,0.15,18.482973123853576,2.5893611930775977,3910.900771379471
14250,265291445,0.6229106783866882,0.0002891180925,0.15,18.473411746038042,2.5884919769125494,3915.9420096874237
14300,266222819,0.6945998072624207,0.0002889628635,0.15,18.473411746038042,2.5884919769125494,3920.9487318992615
14350,267150464,0.6353534460067749,0.00028880825599999994,0.15,18.399448598686952,2.5817680544260866,3976.273647546768
14400,268078519,0.6156078577041626,0.00028865358016666665,0.15,18.503369487199937,2.591215407927267,3981.303905725479
14450,269010355,0.6376944780349731,0.0002884982741666666,0.15,18.482575321816054,2.589325029256005,3986.3055646419525
14500,269942356,0.7183242440223694,0.00028834294066666666,0.15,18.48584802745106,2.5896225479500963,3991.313544034958
14550,270878702,0.5571094155311584,0.00028818688299999995,0.15,18.572029275839498,2.5974572068944997,4027.6447706222534
14600,271815554,0.6772289872169495,0.000288030741,0.15,18.58206557312018,2.59836959755638,4032.67290186882
14650,272740650,0.6650680303573608,0.0002878765583333333,0.15,18.44437355450993,2.5858521413190845,4037.6859912872314
14700,273672640,0.6009631752967834,0.0002877212266666666,0.15,18.48562984707539,2.58960271337049,4042.6891815662384
14750,274604267,0.589098334312439,0.00028756595549999997,0.15,18.47842989467838,2.588948172243489,4047.675547838211
14800,275534794,0.6208941340446472,0.00028741086766666664,0.15,18.45661185711169,2.586964714282881,4082.201098203659
14850,276464631,0.5704562664031982,0.0002872558948333333,0.15,18.538898636254885,2.5944453305686257,4087.2195942401886
14900,277396764,0.6399616599082947,0.00028710053933333335,0.15,18.488466191959063,2.5898605629053693,4092.2277688980103
14950,278333330,0.6035675406455994,0.000286944445,0.15,18.57639288335284,2.5978538984866217,4097.236318826675
15000,279264462,0.6561511754989624,0.0002867892563333333,0.15,18.46861177777337,2.588055616161215,4131.394060134888
15050,280194945,0.5796022415161133,0.0002866341758333333,0.15,18.455739135609022,2.5868853759644566,4136.417185544968
15100,281123209,0.6673237681388855,0.00028647946516666665,0.15,18.507536486163172,2.5915942260148337,4141.42277598381
15150,282052955,0.5566245317459106,0.00028632450749999994,0.15,18.441121050439335,2.585556459130849,4146.4316210746765
15200,282984175,0.5749093294143677,0.00028616930416666664,0.15,18.470357220778705,2.5882142927980643,4180.191599369049
15250,283915186,0.5448633432388306,0.00028601413566666667,0.15,18.466211793641033,2.5878374357855485,4185.229243755341
15300,284842482,0.6007435321807861,0.0002858595863333333,0.15,18.488236701491346,2.589839700135577,4190.249197721481
15350,285775495,0.6079597473144531,0.00028570408416666665,0.15,18.505920622012418,2.5914473292738562,4195.2733862400055
15400,286709201,0.6228713989257812,0.0002855484665,0.15,18.519665985679435,2.5926969077890396,4200.2875237464905
15450,287641466,0.7091512084007263,0.00028539308899999997,0.15,18.491084356467066,2.5900985778606422,4233.5243356227875
15500,288565220,0.5996324419975281,0.00028523913,0.15,18.417617034851265,2.5834197304410242,4238.577526092529
15550,289497727,0.5138922929763794,0.00028508371216666667,0.15,18.495884324731737,2.590534938611976,4243.57500910759
15600,290431587,0.5788280367851257,0.00028492806883333334,0.15,18.522720510938772,2.5929745919035248,4248.582314252853
15650,291362334,0.5572333931922913,0.0002847729443333333,0.15,18.460975464625026,2.5873614058750025,4278.974232912064
15700,292296062,0.59336256980896,0.000284617323,0.15,18.520102346430768,2.5927365769482518,4284.01673913002
15750,293225195,0.7131226658821106,0.0002844624675,0.15,18.524862429220832,2.5931693117473484,4289.010958194733
15800,294155502,0.5496335625648499,0.0002843074163333333,0.15,18.452248249598348,2.586568022690759,4294.0510885715485
15850,295089351,0.6047254204750061,0.0002841517748333333,0.15,18.522502330563103,2.5929547573239184,4319.957995891571
15900,296023057,0.5453382730484009,0.0002839961571666666,0.15,18.519665985679435,2.5926969077890396,4325.050361633301
15950,296953609,0.561991810798645,0.0002838410651666666,0.15,18.553154159023844,2.595741287183986,4330.102833747864
16000,297884521,0.5409843325614929,0.0002836859131666667,0.15,18.46424817026003,2.587658924569094,4335.178663015366
16050,298820284,0.6215396523475647,0.0002835299526666666,0.15,18.56046571592915,2.5964059741753776,4340.173319578171
16100,299748600,0.5862550735473633,0.0002833752333333333,0.15,18.412757601602635,2.582977963782058,4366.131675004959
16150,300681657,0.6128535270690918,0.0002832197238333333,0.15,18.506793343515085,2.5915266675922806,4371.189986467361
16200,301606038,0.6049640774726868,0.0002830656603333333,0.15,18.430118031740967,2.5845561847037244,4376.226897716522
16250,302536345,0.6064352989196777,0.00028291060916666664,0.15,18.452248249598348,2.586568022690759,4381.24055480957
16300,303471921,0.7002279162406921,0.0002827546798333333,0.15,18.556756649542812,2.596068786322074,4430.787267923355
16350,304400908,0.5887761116027832,0.00028259984866666664,0.15,18.42606660451832,2.584187873138029,4435.81352353096
16400,305326939,0.6045936346054077,0.00028244551016666665,0.15,18.46301539197703,2.5875468538160935,4440.820308208466
16450,306260007,0.5648152232170105,0.0002822899988333333,0.15,18.50701152389075,2.5915465021718864,4445.804664373398
16500,307191524,0.6426135301589966,0.00028213474599999997,0.15,18.476248090921715,2.5887498264474287,4474.686453819275
16550,308122491,0.5534939169883728,0.0002819795848333333,0.15,18.465339072138367,2.587758097467124,4479.702872276306
16600,309051907,0.650123119354248,0.00028182468216666665,0.15,18.434575639169328,2.584961421742666,4484.716829299927
16650,309980787,0.5127865076065063,0.0002816698688333333,0.15,18.51981816731797,2.5927107424834515,4489.68704533577
16700,310911754,0.676888644695282,0.00028151470766666666,0.15,18.465339072138367,2.587758097467124,4494.666432619095
16750,311842512,0.6503777503967285,0.0002813595813333333,0.15,18.461193645000694,2.5873812404546084,4522.933700799942
16800,312769486,0.661487877368927,0.00028120508566666666,0.15,18.38613959577127,2.5805581450701154,4527.922965288162
16850,313696441,0.5675473213195801,0.00028105059316666664,0.15,18.48143791370923,2.5892216285190206,4532.888701438904
16900,314631841,0.5294130444526672,0.00028089469316666665,0.15,18.553265763532142,2.5957514330483766,4537.872170448303
16950,315560212,0.5222530961036682,0.00028073996466666665,0.15,18.41384850348097,2.5830771366800884,4566.710973024368
17000,316490904,0.5780399441719055,0.00028058484933333333,0.15,18.459884562746694,2.5872622329769723,4571.718764781952
17050,317417661,0.6385788321495056,0.00028043038983333334,0.15,18.4774902304809,2.5888627482255364,4576.722536802292
17100,318346175,0.5828280448913574,0.00028027563749999997,0.15,18.41668484836464,2.5833349862149673,4581.738468647003
17150,319275459,0.5535997748374939,0.00028012075683333333,0.15,18.431957474661324,2.584723406787393,4610.589661121368
17200,320209429,0.6135661602020264,0.0002799650951666666,0.15,18.52490231469544,2.593172937699585,4615.593069076538
17250,321145082,0.5504993796348572,0.000279809153,0.15,18.55828391217248,2.5962076283793163,4620.5866141319275
17300,322069276,0.5757598876953125,0.0002796551206666666,0.15,18.426389664247548,2.5842172422043226,4625.562028884888
17350,323002795,0.6111419200897217,0.00027949953416666663,0.15,18.515956919293096,2.592359719935736,4630.546862602234
17400,323933949,0.6308512091636658,0.00027934434183333334,0.15,18.469048138524705,2.5880952853204278,4660.534828662872
17450,324861099,0.5931493639945984,0.0002791898168333333,0.15,18.38963048178194,2.5808754983438127,4665.718872785568
17500,325788219,0.5874587297439575,0.0002790352968333333,0.15,18.484727649732832,2.5895206954302576,4670.926507949829
17550,326722211,0.6213518977165222,0.00027887963149999997,0.15,18.525338675446775,2.5932126068587977,4676.376027107239
17600,327649306,0.5383944511413574,0.00027872511566666663,0.15,18.388539579903604,2.580776325445782,4757.571900367737
17650,328582726,0.654406726360321,0.00027856954566666663,0.15,18.513993295912094,2.5921812087192815,4762.858156442642
17700,329514771,0.6604072451591492,0.0002784142048333333,0.15,18.486720748953726,2.5897018862685206,4768.1315286159515
17750,330442584,0.5556987524032593,0.0002782595693333333,0.15,18.49854454103198,2.5907767764574525,4773.474742650986
17800,331377390,0.5769383907318115,0.0002781037683333333,0.15,18.541484023246127,2.5946803657496478,4869.047799825668
17850,332308489,0.6501617431640625,0.00027794858516666667,0.15,18.46795723664637,2.587996112422397,4874.366463899612
17900,333240677,0.7103576064109802,0.00027779322049999996,0.15,18.489557093837398,2.5899597358034,4879.838848352432
17950,334169898,0.6101377010345459,0.0002776383503333333,0.15,18.52661695510009,2.593328814100008,4885.213004589081
18000,335102207,0.6378579139709473,0.0002774829655,0.15,18.491957077969733,2.5901779161790666,4890.717456817627
18050,336036551,0.6800276637077332,0.00027732724149999997,0.15,18.532320447468116,2.5938473134061923,4978.351311922073
18100,336972622,0.6304183602333069,0.00027717122966666665,0.15,18.566574766447825,2.596961342404348,4983.914586305618
18150,337903666,0.691129207611084,0.00027701605566666663,0.15,18.466866334768035,2.587896939524367,4989.74916768074
18200,338832370,0.6064257621765137,0.00027686127166666664,0.15,18.516309115559455,2.5923917377781325,4995.309062957764
18250,339761918,0.6338081359863281,0.00027670634699999996,0.15,18.43719380367733,2.5851994366979394,5122.278676748276
18300,340693897,0.5762363076210022,0.0002765510171666667,0.15,18.485411666699726,2.589582878790884,5128.157258033752
18350,341623962,0.6319709420204163,0.0002763960063333333,0.15,18.447448281333678,2.5861316619394255,5133.803688764572
18400,342551467,0.6380406022071838,0.00027624142216666663,0.15,18.49240370045458,2.5902185182231436,5139.092412948608
18450,343484623,0.5371188521385193,0.00027608589616666667,0.15,18.508756966896087,2.591705178808735,5281.802707910538
18500,344416448,0.6231844425201416,0.000275930592,0.15,18.48235714144039,2.589305194676399,5287.333600997925
18550,345351606,0.6224251389503479,0.0002757747323333333,0.15,18.548465795267468,2.5953150722970424,5292.800010204315
18600,346279045,0.48830458521842957,0.00027562015916666663,0.15,18.49108780604514,2.590098891458649,5298.142258405685
18650,347210496,0.7073034644126892,0.0002754649173333333,0.15,18.47493900866771,2.5886308189697917,5303.377415180206
18700,348143597,0.6493605971336365,0.0002753094005,0.15,18.50766606501775,2.591606005910705,5353.894980669022
18750,349077655,0.5593332648277283,0.0002751537241666666,0.15,18.526647757700776,2.593331614336434,5358.9366590976715
18800,350009590,0.6611723899841309,0.00027499840166666665,0.15,18.484538945197055,2.58950354047246,5363.9824550151825
18850,350935984,0.5882858037948608,0.00027484400266666664,0.15,18.470252811228967,2.588204801020815,5369.027610063553
18900,351867182,0.601963996887207,0.00027468880299999997,0.15,18.469920860027372,2.588174623638852,5410.354130744934
18950,352798457,0.7265377044677734,0.00027453359049999995,0.15,18.47144812265704,2.5883134656960944,5415.389159679413
19000,353727279,0.6552305817604065,0.00027437878683333333,0.15,18.422793898883313,2.5838903544439376,5420.455468654633
19050,354655114,0.655396044254303,0.00027422414766666665,0.15,18.498983172501795,2.5908166520456177,5425.435153722763
19100,355591966,0.5149063467979431,0.00027406800566666666,0.15,18.58206557312018,2.59836959755638,5465.087038516998
19150,356519490,0.5826170444488525,0.00027391341833333334,0.15,18.397048614554613,2.5815498740504195,5470.147602558136
19200,357452954,0.6091858744621277,0.000273757841,0.15,18.51486601741476,2.5922605470377054,5475.14355969429
19250,358388629,0.6643020510673523,0.00027360189516666665,0.15,18.558720272923814,2.5962472975385285,5480.184497833252
19300,359312669,0.6148229241371155,0.0002734478885,0.15,18.423319243958847,2.583938113087168,5485.222676753998
19350,360242899,0.6474642753601074,0.0002732928501666666,0.15,18.45072098696868,2.5864291806335165,5524.847940921783
19400,361172414,0.6267707347869873,0.000273137931,0.15,18.43653926255033,2.585139932959121,5529.838186979294
19450,362104668,0.6940666437149048,0.0002729825553333333,0.15,18.490866176091398,2.5900787432810364,5534.856481552124
19500,363027443,0.6869564056396484,0.00027282875949999997,0.15,18.398097934444532,2.581645266767685,5539.947147369385
19550,363962326,0.5236960649490356,0.0002726729456666666,0.15,18.543011285875796,2.5948192078068906,5581.124435663223
19600,364893194,0.6202295422554016,0.000272517801,0.15,18.463375448757365,2.5875795862506696,5586.1479070186615
19650,365826922,0.6642533540725708,0.00027236217966666664,0.15,18.520102346430768,2.5927365769482518,5591.163219213486
19700,366756052,0.5514844059944153,0.00027220732466666666,0.15,18.428902949401987,2.584445722672908,5596.259405374527
19750,367678563,0.584414541721344,0.0002720535728333333,0.15,18.392834356806762,2.581166759709706,5637.761384487152
19800,368612621,0.612214982509613,0.0002718978965,0.15,18.526647757700776,2.593331614336434,5642.8303763866425
19850,369549000,0.5556767582893372,0.0002717418333333333,0.15,18.5726838169665,2.597516710633318,5647.81464266777
19900,370478933,0.6763520836830139,0.00027158684449999997,0.15,18.444830116825674,2.585893646984152,5652.885016918182
19950,371405283,0.5504611730575562,0.0002714324528333333,0.15,18.46937554828934,2.588125049844485,5657.964859485626
20000,372335414,0.6489589810371399,0.00027127743099999996,0.15,18.448757363587678,2.5862506694170615,5702.046895980835
20050,373266040,0.6920409798622131,0.00027112232666666664,0.15,18.45857548049269,2.5871432254993354,5707.08335518837
20100,374195929,0.6341049671173096,0.0002709673451666666,0.15,18.443957395323007,2.585814308665728,5712.151903867722
20150,375121916,0.5193654894828796,0.00027081301399999995,0.15,18.462138129037402,2.587467102639764,5717.151571750641
20200,376049484,0.6111325621604919,0.0002706584193333333,0.15,18.397921336057284,2.581629212368844,5764.157296419144
20250,376976557,0.6362410187721252,0.0002705039071666666,0.15,18.38810321915227,2.58073665628657,5769.154902219772
20300,377909625,0.5786081552505493,0.0002703483958333333,0.15,18.50701152389075,2.5915465021718864,5774.213473320007
20350,378841593,0.6428595185279846,0.0002701930678333333,0.15,18.485193486324057,2.589563044211278,5779.3977653980255
20400,379768988,0.5648918151855469,0.00027003850199999995,0.15,18.490210543105512,2.5900191402823194,5814.666978120804
20450,380703486,0.595792829990387,0.0002698827523333333,0.15,18.535374972727453,2.5941249975206775,5819.698176622391
20500,381638677,0.6104125380516052,0.00026972688716666665,0.15,18.54912033639447,2.595374576035861,5824.695748567581
20550,382566696,0.5434410572052002,0.0002695722173333333,0.15,18.406866731459626,2.5824424301326934,5829.7267327308655
20600,383497633,0.5823050141334534,0.00026941706116666666,0.15,18.560830209745593,2.596439109976872,5834.748322725296
20650,384428160,0.648912250995636,0.0002692619733333333,0.15,18.45661185711169,2.586964714282881,5868.308314323425
20700,385361371,0.5981420278549194,0.00026910643816666665,0.15,18.509847868774422,2.5918043517067657,5873.417653799057
20750,386292382,0.6986454129219055,0.0002689512696666666,0.15,18.466211793641033,2.5878374357855485,5878.431663513184
20800,387221303,0.6284239888191223,0.00026879644949999996,0.15,18.424757522264315,2.584068865660392,5883.480179548264
20850,388144716,0.5829150676727295,0.0002686425473333333,0.15,18.410818247069145,2.5828016588244678,5917.7832906246185
20900,389072757,0.582599401473999,0.0002684878738333333,0.15,18.40730309221096,2.5824820992919055,5922.781609296799
20950,390007442,0.5848842859268188,0.000268332093,0.15,18.539084039113792,2.594462185373981,5927.89103770256
21000,390942446,0.6345889568328857,0.00026817625899999996,0.15,18.54541127000813,2.5950373881825572,5932.945425271988
21050,391867784,0.5912061929702759,0.00026802203599999994,0.15,18.449198500677884,2.5862907727888986,5969.01904630661
21100,392799642,0.654128909111023,0.0002678667263333333,0.15,18.483011682567387,2.589364698415217,5974.002730131149
21150,393734459,0.6324307322502136,0.0002677109235,0.15,18.541702203621796,2.594700200329254,5979.147909164429
21200,394665492,0.5318869948387146,0.0002675557513333333,0.15,18.466648154392367,2.5878771049447606,5984.2103316783905
21250,395597581,0.6372530460357666,0.00026740040316666666,0.15,18.487593470456392,2.589781224586945,5989.384829282761
21300,396525889,0.4991799592971802,0.00026724568516666667,0.15,18.5084137491028,2.5916739771911637,6026.36692738533
21350,397455943,0.5903552174568176,0.00026709067616666665,0.15,18.44723010095801,2.586111827359819,6031.35661649704
21400,398387163,0.5796850323677063,0.0002669354728333333,0.15,18.470357220778705,2.5882142927980643,6036.530446529388
21450,399317712,0.6710275411605835,0.00026678038133333334,0.15,18.457048217863022,2.587004383442093,6041.849627256393
21500,400243171,0.6306326985359192,0.00026662613816666664,0.15,18.451610973761863,2.5865100885238057,6162.80618596077
21550,401174710,0.43080320954322815,0.00026647088166666664,0.15,18.476684451673048,2.588789495606641,6168.031367063522
21600,402107008,0.5525873899459839,0.00026631549866666665,0.15,18.491738897594065,2.5901580815994603,6173.254271030426
21650,403036501,0.6584598422050476,0.00026616058316666664,0.15,18.436102901798996,2.5851002637999088,6178.496122598648
21700,403960354,0.5712563395500183,0.00026600660766666666,0.15,18.419590876465428,2.583599170587766,6183.762446880341
21750,404892212,0.615741491317749,0.000265851298,0.15,18.483011682567387,2.589364698415217,6320.23148059845
21800,405827755,0.5254964828491211,0.00026569537416666665,0.15,18.55610210841581,2.5960092825832555,6325.461086511612
21850,406757567,0.5937473773956299,0.0002655404055,0.15,18.44243013269334,2.5856754666084854,6330.931962013245
21900,407685938,0.6152628660202026,0.000265385677,0.15,18.41384850348097,2.5830771366800884,6336.4121470451355
21950,408608416,0.6204747557640076,0.00026523193066666667,0.15,18.39217640960204,2.5811069463274583,6479.68065237999
22000,409542441,0.668398916721344,0.00026507625983333334,0.15,18.525993216573774,2.5932721105976158,6484.91553902626
22050,410473265,0.5622448325157166,0.0002649211225,0.15,18.462502727254694,2.587500247932245,6490.170613765717
22100,411405233,0.49922558665275574,0.0002647657945,0.15,18.485193486324057,2.589563044211278,6495.389183044434
22150,412333200,0.4985361695289612,0.00026461113333333335,0.15,18.50161496132068,2.591055905574607,6628.761194229126
22200,413266180,0.621490478515625,0.0002644556366666666,0.15,18.505266080885416,2.5913878255350378,6634.01913022995
22250,414198313,0.5874289870262146,0.00026430028116666664,0.15,18.488466191959063,2.5898605629053693,6639.253884792328
22300,415132569,0.5661606192588806,0.0002641445718333333,0.15,18.53057500446278,2.5936886367693437,6644.777094364166
22350,416065428,0.6475076675415039,0.0002639890953333333,0.15,18.502866096753078,2.5911696451593706,6650.096650600433
22400,416993934,0.6119794249534607,0.0002638343443333333,0.15,18.512361432331126,2.592032857484648,6781.122601270676
22450,417921744,0.613993227481842,0.0002636797093333333,0.15,18.402721304321954,2.5820655731201776,6786.360245466232
22500,418850874,0.6413484811782837,0.0002635248543333333,0.15,18.428902949401987,2.584445722672908,6791.788882493973
22550,419783513,0.5944596529006958,0.0002633694145,0.15,18.49850248923974,2.590772953567249,6797.331553697586
22600,420710292,0.6182905435562134,0.0002632149513333333,0.15,18.477928861950712,2.588902623813701,6965.791743516922
22650,421644108,0.5966370105743408,0.00026305931533333334,0.15,18.5218477894361,2.5928952535851,6971.044616699219
22700,422579310,0.6331206560134888,0.00026290344833333334,0.15,18.54933851677014,2.595394410615467,6976.3374054431915
22750,423516272,0.589501678943634,0.00026274728799999996,0.15,18.584247376876846,2.5985679433524407,6981.620797872543
22800,424446832,0.6254849433898926,0.00026259219466666665,0.15,18.45726639823869,2.5870242180216994,7108.046924591064
22850,425370641,0.66094571352005,0.0002624382265,0.15,18.4187136135258,2.583519419411436,7113.257039785385
22900,426305876,0.6183813810348511,0.000262282354,0.15,18.549993057897137,2.595453914354285,7118.6834716796875
22950,427238108,0.6262958645820618,0.000262126982,0.15,18.490429815340065,2.590039074121824,7123.836782455444
23000,428169889,0.6790027022361755,0.0002619716851666666,0.15,18.48148441993772,2.589225856357974,7128.982089042664
23050,429099462,0.5298783779144287,0.0002618167563333333,0.15,18.533635058617115,2.593966823510647,7260.723580598831
23100,430031177,0.5866467952728271,0.00026166147049999996,0.15,18.48017533768372,2.589106848880338,7265.948445558548
23150,430960802,0.6366578936576843,0.000261506533,0.15,18.438721066307,2.5853382787551817,7271.177933216095
23200,431891571,0.6561270356178284,0.0002613514048333333,0.15,18.461411825376363,2.5874010750342147,7276.332492589951
23250,432821078,0.5765695571899414,0.000261196487,0.15,18.53231916420767,2.593847196746152,7370.380445241928
23300,433750582,0.6044209003448486,0.00026104156966666665,0.15,18.436321082174665,2.585120098379515,7375.389662742615
23350,434681912,0.5284661650657654,0.00026088634799999996,0.15,18.472539024535376,2.588412638594125,7380.385084867477
23400,435611647,0.5328020453453064,0.00026073139216666665,0.15,18.44090287006367,2.5855366245512426,7385.414255619049
23450,436541074,0.5981172919273376,0.00026057648766666664,0.15,18.434793819544996,2.5849812563222723,7440.885062456131
23500,437471692,0.6516038179397583,0.0002604213846666666,0.15,18.55447005343329,2.595860913948481,7445.870695114136
23550,438406201,0.5984115600585938,0.00026026563316666664,0.15,18.53559315310312,2.594144832100284,7450.907190561295
23600,439340479,0.5924989581108093,0.0002601099201666666,0.15,18.531011365214113,2.593728305928556,7455.92206287384
23650,440267387,0.6172119379043579,0.00025995543549999997,0.15,18.384830513517265,2.5804391375924784,7460.975710630417
23700,441195464,0.602451741695404,0.000259800756,0.15,18.50380811866975,2.591255283515432,7523.805799484253
23750,442127201,0.5801883935928345,0.0002596454665,0.15,18.48061169843505,2.5891465180395503,7528.8275780677795
23800,443055671,0.6201626062393188,0.00025949072149999996,0.15,18.415812126861972,2.583255647896543,7533.83833193779
23850,443983635,0.5901026129722595,0.0002593360608333333,0.15,18.40577582958129,2.5823432572346627,7538.823671579361
23900,444917000,0.563177227973938,0.0002591805,0.15,18.51290239403376,2.592082035821251,7596.40701341629
23950,445842195,0.572614312171936,0.0002590263008333333,0.15,18.446347396124093,2.586031581465827,7601.387486934662
24000,446772931,0.5620625019073486,0.0002588711781666666,0.15,18.46075728424936,2.5873415712953967,7606.400071382523
24050,447704316,0.5194281339645386,0.0002587159473333333,0.15,18.47362992641371,2.5885118114921557,7611.404919862747
24100,448633237,0.543181300163269,0.00025856112716666666,0.15,18.424757522264315,2.584068865660392,7665.7333698272705
24150,449561589,0.5644862055778503,0.0002584064018333333,0.15,18.50929101204243,2.5917537283674936,7670.740691423416
24200,450491192,0.5429396033287048,0.00025825146799999995,0.15,18.438284705555667,2.5852986095959696,7675.729252576828
24250,451425470,0.5589797496795654,0.000258095755,0.15,18.531011365214113,2.593728305928556,7680.756514310837
24300,452360067,0.6780390739440918,0.0002579399888333333,0.15,18.537338596108455,2.5943035087371324,7685.778602361679
24350,453292552,0.5720206499099731,0.0002577845746666666,0.15,18.495447963980403,2.590495269452764,7738.495884656906
24400,454218242,0.6894295811653137,0.000257630293,0.15,18.45621660419491,2.5869287821995375,7743.490979194641
24450,455151871,0.6490525603294373,0.00025747468816666666,0.15,18.518138723049766,2.592558065731797,7748.482836723328
24500,456083377,0.5258612632751465,0.00025731943716666663,0.15,18.476029910546046,2.5887299918678224,7753.508240699768
24550,457020328,0.546341598033905,0.00025716327866666665,0.15,18.58402919650118,2.598548108772835,7809.375638961792
24600,457950044,0.48877477645874023,0.000257008326,0.15,18.536486163170906,2.5942260148337186,7814.360185146332
24650,458884443,0.6254711151123047,0.0002568525928333333,0.15,18.53341134934645,2.593946486304223,7819.380004167557
24700,459817830,0.6713892221450806,0.0002566970283333333,0.15,18.513338754785092,2.592121704980463,7824.379435539246
24750,460748137,0.6686346530914307,0.00025654197716666664,0.15,18.452248249598348,2.586568022690759,7876.8879516124725
24800,461673508,0.6240510940551758,0.00025638774866666665,0.15,18.449856447882606,2.586350586171146,7881.9235734939575
24850,462602737,0.7061077952384949,0.0002562328771666667,0.15,18.43086657278299,2.584624233889363,7886.91980099678
24900,463537125,0.5530049204826355,0.0002560771458333333,0.15,18.533193168970783,2.5939266517246167,7891.954602479935
24950,464469610,0.5123288035392761,0.00025592173166666664,0.15,18.495447963980403,2.590495269452764,7896.994278907776
25000,465401644,0.4940357804298401,0.00025576639266666664,0.15,18.486502568578057,2.5896820516889143,7949.472148656845
25050,466328522,0.5999503135681152,0.000255611913,0.15,18.47990270356488,2.5890820639604435,7954.489591598511
25100,467256882,0.6011759638786316,0.0002554571863333333,0.15,18.413630323105302,2.583057302100482,7959.507018089294
25150,468191600,0.5827757716178894,0.00025530139999999996,0.15,18.53973858024079,2.594521689112799,7964.524144887924
25200,469124745,0.5122238397598267,0.0002551458758333333,0.15,18.50853878652042,2.5916853442291288,8019.200042009354
25250,470052591,0.5786311626434326,0.0002549912348333333,0.15,18.4992024882367,2.5908365898397,8024.246386766434
25300,470986792,0.5487292408943176,0.00025483553466666665,0.15,18.529484102584444,2.593589463871313,8029.270589351654
25350,471920234,0.5944594144821167,0.00025467996099999996,0.15,18.514429656663427,2.592220877878493,8034.294669628143
25400,472853621,0.5995444655418396,0.0002545243965,0.15,18.513338754785092,2.592121704980463,8068.018667936325
25450,473781475,0.5371233224868774,0.0002543697541666667,0.15,18.403594025824624,2.5821449114386024,8073.088681459427
25500,474709992,0.6681485772132874,0.0002542150013333333,0.15,18.512580748066036,2.5920527952787307,8078.116551399231
25550,475636603,0.6092744469642639,0.0002540605661666667,0.15,18.37893964337426,2.5799036039431145,8083.153784751892
25600,476573290,0.59234219789505,0.00025390445166666663,0.15,18.578792867485173,2.5980720788622884,8088.171904325485
25650,477505049,0.6052850484848022,0.0002537491585,0.15,18.481048059186385,2.5891861871987625,8120.724858999252
25700,478436448,0.6338729858398438,0.0002535939253333333,0.15,18.57004147061169,2.5972764973283358,8125.742305278778
25750,479373872,0.6319980621337891,0.000253437688,0.15,18.593410952654857,2.599400995695896,8130.8079714775085
25800,480309459,0.6557527184486389,0.0002532817568333333,0.15,18.55697482991848,2.5960886209016802,8135.842273950577
25850,481242516,0.6716632843017578,0.00025312624733333334,0.15,18.506793343515085,2.5915266675922806,8161.733308792114
25900,482172229,0.5520042777061462,0.00025297129516666666,0.15,18.440466509312333,2.5854969553920304,8166.736397981644
25950,483099547,0.5535112619400024,0.00025281674216666666,0.15,18.48867533296116,2.589879575723742,8171.716588020325
26000,484031064,0.6018518805503845,0.00025266148933333335,0.15,18.476248090921715,2.5887498264474287,8176.716771841049
26050,484965199,0.6272980570793152,0.00025250580016666663,0.15,18.528175020330444,2.5934704563936766,8202.021224737167
26100,485899653,0.531948447227478,0.0002523500578333333,0.15,18.534502251224787,2.594045659202253,8207.022045612335
26150,486826333,0.5396525859832764,0.0002521956111666667,0.15,18.47595502033655,2.588723183666959,8211.99215388298
26200,487759192,0.5138247013092041,0.00025204013466666663,0.15,18.502866096753078,2.5911696451593706,8216.983360290527
26250,488692381,0.6411756277084351,0.00025188460316666664,0.15,18.50941150802309,2.5917646825475535,8221.97880744934
26300,489622138,0.5628378987312317,0.00025172964366666664,0.15,18.441339230815004,2.5855762937104547,8247.58329319954
26350,490546002,0.5215804576873779,0.0002515756663333333,0.15,18.419810192200334,2.5836191083818485,8252.584948062897
26400,491476485,0.5944864153862,0.0002514205858333333,0.15,18.455739135609022,2.5868853759644566,8257.563693761826
26450,492404757,0.4843843877315521,0.0002512658738333333,0.15,18.411884880099965,2.582898625463633,8262.5598487854
26500,493336813,0.6921688318252563,0.00025111053116666667,0.15,18.486938929329394,2.589721720848127,8288.07085609436
26550,494269738,0.5052325129508972,0.0002509550436666666,0.15,18.50417517900708,2.5912886526370076,8293.072112321854
26600,495195087,0.620697557926178,0.0002508008188333333,0.15,18.449417816412794,2.5863107105829815,8298.053138971329
26650,496122787,0.5731873512268066,0.00025064620216666664,0.15,18.400539500565287,2.581867227324117,8303.045616388321
26700,497054777,0.6092219948768616,0.00025049087049999996,0.15,18.48562984707539,2.58960271337049,8328.635770559311
26750,497983302,0.6168683171272278,0.0002503361163333333,0.15,18.416903028740307,2.5833548207945736,8333.641926765442
26800,498906704,0.6019822955131531,0.00025018221599999995,0.15,18.41059893133424,2.5827817210303854,8338.61899137497
26850,499834514,0.562127947807312,0.00025002758099999995,0.15,18.402721304321954,2.5820655731201776,8343.619954586029
26900,500764975,0.6251143217086792,0.0002498725041666667,0.15,18.455302774857685,2.586845706805244,8348.610917568207
26950,501693929,0.5639193654060364,0.0002497176785,0.15,18.425412063391317,2.5841283693992105,8373.861897945404
27000,502627591,0.6780291199684143,0.00024956206816666664,0.15,18.518793264176765,2.592617569470615,8378.862844228745
27050,503558275,0.617396354675293,0.00024940695416666666,0.15,18.55578594784273,2.5959805407129752,8383.84092092514
27100,504493917,0.44853970408439636,0.0002492510138333333,0.15,18.558065731796816,2.5961877937997104,8388.835989236832
27150,505427040,0.5950438380241394,0.0002490954933333333,0.15,18.508102425769085,2.5916456750699166,8414.024738073349
27200,506359723,0.5818564295768738,0.00024894004616666664,0.15,18.499375210742407,2.5908522918856733,8419.027905702591
27250,507283653,0.6463321447372437,0.0002487860578333333,0.15,18.421126086609778,2.5837387351463437,8424.008746623993
27300,508220142,0.6839895844459534,0.0002486299763333333,0.15,18.57486562072317,2.597715056429379,8429.001589775085
27350,509150504,0.538074791431427,0.00024847491599999996,0.15,18.453339151476683,2.5866671955887894,8454.641018390656
27400,510081460,0.5775448679924011,0.00024831975666666665,0.15,18.465120891762698,2.587738262887518,8459.644048213959
27450,511015243,0.545706033706665,0.0002481641261666666,0.15,18.521193248309103,2.592835749846282,8464.66641664505
27500,511937842,0.6766269207000732,0.0002480103596666666,0.15,18.39458888268602,2.5813262620623654,8469.654938459396
27550,512869953,0.5698452591896057,0.0002478550078333333,0.15,18.488029831207726,2.589820893746157,8474.659230470657
27600,513794826,0.5709671974182129,0.0002477008623333333,0.15,18.344467144018882,2.576769740365353,8500.134694576263
27650,514726420,0.5097663402557373,0.00024754559666666665,0.15,18.477775353551383,2.588888668504671,8505.140738487244
27700,515655927,0.5257582664489746,0.0002473906788333333,0.15,18.53231916420767,2.593847196746152,8510.123027563095
27750,516586894,0.5707987546920776,0.00024723551766666664,0.15,18.465339072138367,2.587758097467124,8515.135710716248
27800,517518312,0.530511200428009,0.0002470802813333333,0.15,18.47428446754071,2.5885713152309737,8542.808068990707
27850,518452282,0.5933191180229187,0.00024692461966666665,0.15,18.52490231469544,2.593172937699585,8547.802653551102
27900,519376311,0.6298854351043701,0.0002467706148333333,0.15,18.42309992822394,2.5839181752930855,8552.801463365555
27950,520308411,0.5779429078102112,0.0002466152648333333,0.15,18.48781165083206,2.589801059166551,8557.774390220642
28000,521238553,0.6129464507102966,0.00024646024116666666,0.15,18.448975543963346,2.586270503996668,8583.476033687592
28050,522168959,0.5667465925216675,0.00024630517349999995,0.15,18.454211872979354,2.5867465339072138,8588.470187425613
28100,523100179,0.6733869314193726,0.00024614997016666665,0.15,18.470357220778705,2.5882142927980643,8593.484962463379
28150,524027992,0.6081814169883728,0.00024599533466666666,0.15,18.49854454103198,2.5907767764574525,8598.470655202866
28200,524961775,0.6202911138534546,0.00024583970416666663,0.15,18.521193248309103,2.592835749846282,8603.482542276382
28250,525890707,0.5299918055534363,0.0002456848821666666,0.15,18.424975702639983,2.5840887002399984,8629.179674863815
28300,526823676,0.6670163869857788,0.0002455293873333333,0.15,18.505047900509748,2.5913679909554315,8634.19631266594
28350,527750664,0.6357027292251587,0.0002453748893333333,0.15,18.482095860913947,2.5892814419012677,8639.192654371262
28400,528682038,0.6647166609764099,0.00024521966033333334,0.15,18.473411746038042,2.5884919769125494,8644.217600345612
28450,529612873,0.5872798562049866,0.00024506452116666665,0.15,18.462720907630363,2.587520082511851,8670.112618207932
28500,530547470,0.5415736436843872,0.00024490875499999997,0.15,18.537338596108455,2.5943035087371324,8675.184057712555
28550,531477689,0.5706010460853577,0.0002447537185,0.15,18.450502806593015,2.5864093460539106,8680.229844093323
28600,532403896,0.5186310410499573,0.0002445993506666666,0.15,18.466524443735544,2.587865858521413,8685.244435548782
28650,533336271,0.6036911606788635,0.00024444395483333333,0.15,18.493266160223733,2.590296923656703,8710.869478702545
28700,534269702,0.5878013968467712,0.000244288383,0.15,18.51421147628776,2.5922010432988873,8715.890076637268
28750,535194421,0.6967895030975342,0.00024413426316666664,0.15,18.341412618759545,2.5764920562508675,8720.897305965424
28800,536120573,0.5377558469772339,0.00024397990449999998,0.15,18.46542786506101,2.587766169551001,8725.893373250961
28850,537054939,0.6176152229309082,0.0002438241768333333,0.15,18.53275680821945,2.5938869825654045,8730.928787946701
28900,537982265,0.5815101861953735,0.0002436696225,0.15,18.39312136779261,2.58119285161751,8779.11673951149
28950,538913782,0.6858417987823486,0.00024351436966666665,0.15,18.476248090921715,2.5887498264474287,8784.320664644241
29000,539842098,0.6359831094741821,0.0002433596503333333,0.15,18.412757601602635,2.582977963782058,8789.477487325668
29050,540768184,0.6532597541809082,0.00024320530266666663,0.15,18.46411197065157,2.5876465427865063,8794.665107488632
29100,541697380,0.6466975212097168,0.00024305043666666664,0.15,18.43021203165599,2.5845647301505448,8853.420112371445
29150,542627049,0.5569897294044495,0.0002428954918333333,0.15,18.439593787809667,2.585417617073606,8858.431419610977
29200,543561756,0.5334381461143494,0.00024273970733333333,0.15,18.539520399865125,2.5945018545331933,8863.444055080414
29250,544489811,0.4959814250469208,0.00024258503149999998,0.15,18.503369487199937,2.591215407927267,8868.435520410538
29300,545423374,0.6389240622520447,0.0002424294376666666,0.15,18.516829640795763,2.5924390582541603,8945.618576049805
29350,546356530,0.5803307890892029,0.00024227391166666665,0.15,18.508756966896087,2.591705178808735,8950.774265527725
29400,547287981,0.5716013312339783,0.00024211866983333332,0.15,18.47493900866771,2.5886308189697917,8955.929941415787
29450,548218423,0.6135166883468628,0.00024196359616666664,0.15,18.550961001674775,2.5955419092431615,8961.092475414276
29500,549148994,0.5650389790534973,0.000241808501,0.15,18.457484578614356,2.587044052601305,8966.153614282608
29550,550082227,0.5833339095115662,0.00024165296216666662,0.15,18.510284229525755,2.591844020865978,9033.851860761642
29600,551011566,0.6313165426254272,0.0002414980723333333,0.15,18.43304837653966,2.5848225796854236,9038.906195878983
29650,551948748,0.6036471724510193,0.0002413418753333333,0.15,18.588610984390186,2.5989646349445623,9043.951377630234
29700,552878002,0.6308285593986511,0.00024118699966666664,0.15,18.52727490230481,2.5933886274822555,9049.020784378052
29750,553813017,0.6746097207069397,0.00024103116383333332,0.15,18.5456294503838,2.5950572227621636,9145.646610021591
29800,554746822,0.6311757564544678,0.00024087552966666666,0.15,18.521629609060437,2.592875419005494,9150.735480070114
29850,555677415,0.6306214332580566,0.00024072043083333332,0.15,18.45792093936569,2.5870837217605174,9155.822323560715
29900,556605580,0.5838460922241211,0.00024056573666666664,0.15,18.505562644549006,2.5914147858680914,9160.873141765594
29950,557536019,0.6888388991355896,0.0002404106635,0.15,18.454866414106352,2.586806037646032,9194.261456251144
30000,558469571,0.5739887952804565,0.0002402550715,0.15,18.516611460420098,2.5924192236745545,9199.27950835228
30050,559404476,0.6626400947570801,0.00024009925399999998,0.15,18.54344764662713,2.5948588769661027,9204.365689516068
30100,560338468,0.5280666351318359,0.00023994358866666663,0.15,18.525338675446775,2.5932126068587977,9209.478301048279
30150,561265852,0.5561845898628235,0.00023978902466666665,0.15,18.489991227370602,2.5899992024882366,9214.576997995377
30200,562195741,0.7016376852989197,0.00023963404316666663,0.15,18.443957395323007,2.585814308665728,9245.547795295715
30250,563133517,0.563092052936554,0.00023947774716666663,0.15,18.6003927246762,2.600035702243291,9250.68494939804
30300,564063615,0.6254623532295227,0.00023932273083333334,0.15,18.44810282246068,2.5861911656782435,9255.759842157364
30350,564987325,0.6757611632347107,0.00023916877916666665,0.15,18.416739771911637,2.5833399792646943,9260.839760303497
30400,565916235,0.613952100276947,0.00023901396083333333,0.15,18.42453934188865,2.584049031080786,9286.836935281754
30450,566847565,0.5039508938789368,0.00023885873916666665,0.15,18.472539024535376,2.588412638594125,9291.908203840256
30500,567771987,0.6522957682609558,0.00023870466883333332,0.15,18.33552174861654,2.5759565226015035,9296.892766237259
30550,568700886,0.6290290951728821,0.00023854985233333332,0.15,18.42432116151298,2.5840291965011803,9301.878255367279
30600,569629909,0.6222344636917114,0.00023839501516666667,0.15,18.52266927187176,2.5929699338065237,9327.826506614685
30650,570561327,0.5599818825721741,0.0002382397788333333,0.15,18.47428446754071,2.5885713152309737,9332.822137832642
30700,571492657,0.5232241153717041,0.00023808455716666662,0.15,18.472539024535376,2.588412638594125,9337.813134670258
30750,572427177,0.602943480014801,0.0002379288038333333,0.15,18.535811333478787,2.5941646666798897,9342.89019870758
30800,573350865,0.6175479292869568,0.00023777485583333332,0.15,18.41630114044182,2.583300103676529,9347.863146543503
30850,574282063,0.6651309132575989,0.00023761965616666666,0.15,18.469920860027372,2.588174623638852,9373.571676492691
30900,575213547,0.7206935882568359,0.00023746440883333332,0.15,18.475593549794713,2.58869032270861,9378.561775684357
30950,576145284,0.6647690534591675,0.0002373091193333333,0.15,18.48061169843505,2.5891465180395503,9383.550456523895
31000,577075231,0.5060356855392456,0.00023715412816666665,0.15,18.541091793603957,2.594644708509451,9388.539827108383
31050,578002700,0.5020492076873779,0.00023699955,0.15,18.395957712676278,2.581450701152389,9414.14152932167
31100,578936021,0.6971298456192017,0.00023684399649999998,0.15,18.512029672531092,2.5920026975028265,9419.14612030983
31150,579869991,0.6518635749816895,0.0002366883348333333,0.15,18.52490231469544,2.593172937699585,9424.14401602745
31200,580800331,0.6320851445198059,0.00023653327816666663,0.15,18.45290279072535,2.5866275264295773,9429.148748636246
31250,581723051,0.561244785785675,0.00023637949149999998,0.15,18.397001355769998,2.5815455777972725,9460.618300437927
31300,582658165,0.6530048847198486,0.00023622363916666665,0.15,18.5475930737648,2.5952357339786185,9465.618949651718
31350,583591266,0.6312335729598999,0.0002360681223333333,0.15,18.50766606501775,2.591606005910705,9470.658659219742
31400,584518317,0.6241311430931091,0.0002359136138333333,0.15,18.387666858400937,2.5806969871273577,9475.645588159561
31450,585444128,0.5195767283439636,0.000235759312,0.15,18.45862907727889,2.5871480979344446,9480.625350475311
31500,586372510,0.6189889907836914,0.00023560458166666664,0.15,18.414066683856635,2.5830969712596943,9507.289924383163
31550,587305633,0.5689055323600769,0.00023544906116666666,0.15,18.508102425769085,2.5916456750699166,9512.371271848679
31600,588235687,0.632262647151947,0.00023529405216666667,0.15,18.44723010095801,2.586111827359819,9517.476034402847
31650,589166181,0.6063521504402161,0.00023513896983333332,0.15,18.455957315984687,2.5869052105440624,9522.615011692047
31700,590093609,0.5892930030822754,0.00023498439849999996,0.15,18.49086849031023,2.5900789536645665,9551.201486110687
31750,591026468,0.6464518904685974,0.00023482892199999997,0.15,18.502866096753078,2.5911696451593706,9556.258047580719
31800,591956016,0.6073170900344849,0.00023467399733333332,0.15,18.43719380367733,2.5851994366979394,9561.334635972977
31850,592891075,0.4520822763442993,0.00023451815416666665,0.15,18.546502171886466,2.595136561080588,9566.39093375206
31900,593819163,0.6219950914382935,0.00023436347283333332,0.15,18.50402743440466,2.5912752213095143,9701.082997322083
31950,594749503,0.6143426299095154,0.00023420841616666666,0.15,18.45290279072535,2.5866275264295773,9706.1933863163
32000,595681218,0.6575968861579895,0.00023405313033333334,0.15,18.48017533768372,2.589106848880338,9711.245341539383
32050,596612471,0.6508227586746216,0.00023389792149999998,0.15,18.471011761905707,2.5882737965368823,9716.28835606575
32100,597545638,0.565400242805481,0.00023374239366666662,0.15,18.508975147271755,2.5917250133883414,9721.337626457214
32150,598475541,0.4698490500450134,0.0002335874098333333,0.15,18.540214530664326,2.5945649573331204,9817.385840654373
32200,599405111,0.5982061624526978,0.00023343248149999997,0.15,18.437630164428665,2.5852391058571516,9822.506670236588
32250,600330919,0.5790448784828186,0.00023327818016666665,0.15,18.363012475950573,2.5784556796318703,9827.61146068573
32300,601265780,0.6067188382148743,0.00023312236999999998,0.15,18.542574925124462,2.5947795386476784,9832.703923225403
32350,602193428,0.5104448795318604,0.00023296776199999998,0.15,18.495254805008376,2.590477709546216,9896.635161161423
32400,603122327,0.6580824851989746,0.00023281294549999996,0.15,18.42432116151298,2.5840291965011803,9901.61245059967
32450,604055483,0.5347437858581543,0.0002326574195,0.15,18.508756966896087,2.591705178808735,9906.619011640549
32500,604985614,0.5261946320533752,0.00023250239766666662,0.15,18.448757363587678,2.5862506694170615,9911.62727022171
32550,605914175,0.7356370687484741,0.00023234763749999996,0.15,18.513458011005664,2.59213254645506,9916.618058919907
32600,606845098,0.49178001284599304,0.00023219248366666666,0.15,18.4644663506357,2.5876787591487,9992.989756345749
32650,607777726,0.6608304977416992,0.00023203704566666664,0.15,18.498284308864072,2.5907531189876427,9998.001765489578
32700,608712444,0.6543270349502563,0.00023188125933333332,0.15,18.53973858024079,2.594521689112799,10002.997304677963
32750,609644291,0.6153788566589355,0.0002317259515,0.15,18.482793502191722,2.589344863835611,10007.982352733612
32800,610570234,0.5642348527908325,0.00023157162766666663,0.15,18.461260866097774,2.587387351463434,10065.01679968834
32850,611499320,0.5941419005393982,0.00023141677999999997,0.15,18.42803022789932,2.5843663843544835,10070.028002023697
32900,612433708,0.643354058265686,0.00023126104866666666,0.15,18.533193168970783,2.5939266517246167,10075.03825378418
32950,613366446,0.5222100019454956,0.00023110559233333332,0.15,18.500466112620742,2.590951464783704,10080.046691656113
33000,614291245,0.5306944251060486,0.00023095145916666665,0.15,18.438452029667438,2.585313820878858,10136.389853477478
33050,615222729,0.605722188949585,0.0002307962118333333,0.15,18.475593549794713,2.58869032270861,10141.39348268509
33100,616150990,0.5876613259315491,0.00023064150166666664,0.15,18.4116666997243,2.582878790884027,10146.403106212616
33150,617084113,0.6644036769866943,0.00023048598116666666,0.15,18.508102425769085,2.5916456750699166,10151.408977985382
33200,618012165,0.7029168009757996,0.00023033130583333334,0.15,18.407521272586628,2.582501933871512,10156.415555238724
33250,618940484,0.5420368909835815,0.00023017658599999998,0.15,18.508633064837706,2.591693914985246,10209.670434474945
33300,619869944,0.47359007596969604,0.00023002167599999997,0.15,18.435448360671995,2.5850407600610903,10214.683431863785
33350,620802165,0.6450052261352539,0.0002298663058333333,0.15,18.490211634964396,2.590019239542218,10219.714833498001
33400,621732846,0.5413678884506226,0.00022971119233333332,0.15,18.459666382371026,2.587242398397366,10224.720271110535
33450,622663233,0.6096702218055725,0.0002295561278333333,0.15,18.54986442300024,2.595442220272749,10283.845355033875
33500,623593001,0.5510460138320923,0.0002294011665,0.15,18.44155741119067,2.5855961282900606,10288.873693466187
33550,624525981,0.7141780853271484,0.00022924566983333332,0.15,18.505266080885416,2.5913878255350378,10293.908068418503
33600,625455243,0.6220396757125854,0.00022909079283333332,0.15,18.43152111390999,2.584683737628181,10298.946253538132
33650,626384131,0.6037166714668274,0.00022893597816666663,0.15,18.424102981137313,2.584009361921574,10372.60630941391
33700,627311713,0.6005739569664001,0.00022878138116666667,0.15,18.49393891059893,2.590358082781721,10377.612267017365
33750,628242856,0.6296485066413879,0.00022862619066666665,0.15,18.468829958149037,2.5880754507408215,10382.64473581314
33800,629178300,0.57768714427948,0.00022847028333333332,0.15,18.55413848503481,2.595830771366801,10387.66316318512
33850,630109135,0.5580757260322571,0.00022831514416666665,0.15,18.462720907630363,2.587520082511851,10392.689573049545
33900,631033208,0.587946891784668,0.00022816113199999996,0.15,18.42397719116357,2.5839979264694155,10434.623279333115
33950,631961491,0.5904302597045898,0.00022800641816666666,0.15,18.412103060475633,2.5829184600432393,10439.725158452988
34000,632894141,0.6235653162002563,0.00022785097649999998,0.15,18.49872066961541,2.5907927881468553,10444.795165538788
34050,633829464,0.6733132004737854,0.0002276950893333333,0.15,18.551738500902474,2.595612590991134,10449.797734737396
34100,634755671,0.6268001794815063,0.00022754072149999997,0.15,18.466524443735544,2.587865858521413,10483.686130046844
34150,635685912,0.4524730443954468,0.0002273856813333333,0.15,18.450939167344348,2.5864490152131228,10488.708575725555
34200,636614470,0.5712382197380066,0.00022723092166666666,0.15,18.417557569867306,2.5834143245333916,10493.735580205917
34250,637542005,0.5401685833930969,0.0002270763325,0.15,18.39726679493028,2.5815697086300258,10498.738038301468
34300,638473566,0.590774416923523,0.0002269210723333333,0.15,18.47712081242438,2.588829164765853,10536.326047182083
34350,639403788,0.5264363288879395,0.0002267660353333333,0.15,18.546574686976633,2.595143153361512,10541.488102912903
34400,640336922,0.627968430519104,0.00022661051299999998,0.15,18.508320606144753,2.591665509649523,10546.629042387009
34450,641266954,0.5771092176437378,0.00022645550766666665,0.15,18.446793740206676,2.586072158200607,10551.770766496658
34500,642201166,0.5443824529647827,0.00022629980566666664,0.15,18.529702282960113,2.5936092984509194,10556.939856290817
34550,643129166,0.5989905595779419,0.00022614513899999998,0.15,18.502272908525402,2.5911157189568548,10644.509274482727
34600,644060364,0.6856331825256348,0.00022598993933333332,0.15,18.469920860027372,2.588174623638852,10649.541013717651
34650,644992849,0.5445182919502258,0.00022583452516666664,0.15,18.495447963980403,2.590495269452764,10654.554419994354
34700,645922276,0.5921825766563416,0.00022567962066666664,0.15,18.434793819544996,2.5849812563222723,10659.67067360878
34750,646855322,0.5342427492141724,0.00022552411299999996,0.15,18.506575163139416,2.5915068330126743,10689.775207281113
34800,647786325,0.5791528224945068,0.00022536894583333333,0.15,18.562146104155037,2.596558736741367,10694.822362184525
34850,648720141,0.5629382729530334,0.0002252133098333333,0.15,18.5218477894361,2.5928952535851,10699.924854040146
34900,649650514,0.6068804264068604,0.00022505824766666665,0.15,18.453557331852352,2.5866870301683957,10705.106380701065
34950,650581745,0.5666069984436035,0.0002249030425,0.15,18.470575401154374,2.5882341273776706,10743.18160367012
35000,651506137,0.507986307144165,0.00022474897716666663,0.15,18.430337347475874,2.5845761224978068,10748.501078605652
35050,652436191,0.5768757462501526,0.00022459396816666664,0.15,18.44723010095801,2.586111827359819,10753.719624519348
35100,653370557,0.4874894618988037,0.00022443824049999997,0.15,18.53275680821945,2.5938869825654045,10758.839889526367
35150,654301249,0.575200080871582,0.00022428312516666664,0.15,18.459884562746694,2.5872622329769723,10763.988126277924
35200,655232843,0.6055667996406555,0.00022412785949999997,0.15,18.477775353551383,2.588888668504671,10792.256010770798
35250,656158027,0.5622185468673706,0.00022397366216666664,0.15,18.446128080389187,2.5860116436717444,10797.3139898777
35300,657088411,0.5586897134780884,0.00022381859816666662,0.15,18.453775512228017,2.5867068647480016,10802.37590932846
35350,658021776,0.5168686509132385,0.00022366303733333331,0.15,18.51290239403376,2.592082035821251,10807.420182943344
35400,658953909,0.6047492623329163,0.00022350768183333332,0.15,18.488466191959063,2.5898605629053693,10835.419488430023
35450,659884813,0.5770237445831299,0.00022335253116666663,0.15,18.560172262540874,2.596379296594625,10840.686063289642
35500,660816044,0.4817662835121155,0.00022319732599999998,0.15,18.470575401154374,2.5882341273776706,10845.927583932877
35550,661745702,0.6034261584281921,0.000223042383,0.15,18.439375607434002,2.585397782494,10851.002007007599
35600,662678539,0.602091908454895,0.00022288691016666666,0.15,18.502429736001744,2.5911299760001585,10887.152346611023
35650,663606396,0.6275185346603394,0.00022273226733333332,0.15,18.499421803971607,2.5908565276337825,10892.21146440506
35700,664535988,0.6188445091247559,0.00022257733533333332,0.15,18.438066525179998,2.5852787750163633,10897.53669142723
35750,665470167,0.5043075680732727,0.0002224216388333333,0.15,18.52904774183311,2.593549794712101,10902.732699632645
35800,666401156,0.6959896683692932,0.00022226647399999997,0.15,18.4657754328897,2.5877977666263363,10907.81268119812
35850,667335214,0.7132900953292847,0.00022211079766666666,0.15,18.526647757700776,2.593331614336434,10944.157096624374
35900,668260893,0.5896012187004089,0.0002219565178333333,0.15,18.455997288460004,2.586908844405455,10949.146313905716
35950,669194390,0.5848663449287415,0.00022180093499999995,0.15,18.515520558541763,2.592320050776524,10954.185750722885
36000,670125830,0.5876626372337341,0.000221645695,0.15,18.474720828292046,2.588610984390186,10959.233835220337
36050,671053662,0.599467396736145,0.0002214910563333333,0.15,18.403157665073287,2.5821052422793898,11067.500967264175
36100,671982322,0.643196165561676,0.00022133627966666665,0.15,18.515431852619827,2.5923119866018025,11072.679466247559
36150,672915357,0.5998761057853699,0.00022118077383333332,0.15,18.50635698276375,2.5914869984330684,11077.857055902481
36200,673843640,0.6094927191734314,0.00022102605999999996,0.15,18.412103060475633,2.5829184600432393,11082.918062925339
36250,674778919,0.61262446641922,0.00022087018016666665,0.15,18.550865779399807,2.5955332526727095,11109.352803707123
36300,675708863,0.5953126549720764,0.00022071518949999996,0.15,18.445048297201343,2.5859134815637583,11114.453247308731
36350,676642781,0.5110722184181213,0.00022055953649999994,0.15,18.620264773905415,2.6018422521732196,11119.524203777313
36400,677574254,0.609483540058136,0.00022040429099999997,0.15,18.475375369419044,2.588670488129004,11124.570475101471
36450,678504561,0.6220217347145081,0.00022024923983333329,0.15,18.452248249598348,2.586568022690759,11129.607283353806
36500,679434615,0.6060874462127686,0.00022009423083333332,0.15,18.44723010095801,2.586111827359819,11155.802299976349
36550,680363572,0.5859174132347107,0.00021993940466666665,0.15,18.52135337746232,2.592850307042029,11160.838500022888
36600,681294363,0.6408824324607849,0.0002197842728333333,0.15,18.461848186127696,2.587440744193427,11165.9030418396
36650,682224923,0.6064780950546265,0.00021962917949999995,0.15,18.45726639823869,2.5870242180216994,11170.954027414322
36700,683156110,0.4679282009601593,0.00021947398166666663,0.15,18.469702679651704,2.588154789059246,11197.139086961746
36750,684091961,0.6078718304634094,0.0002193180065,0.15,18.562211158934485,2.5965646508122258,11202.221116065979
36800,685020071,0.5420065522193909,0.0002191633215,0.15,18.50446606587447,2.591315096897679,11207.25344491005
36850,685953909,0.5770015120506287,0.00021900768183333332,0.15,18.52228415018744,2.5929349227443126,11212.335654735565
36900,686883754,0.6286506652832031,0.00021885270766666668,0.15,18.443084673820337,2.5857349703473034,11239.463657140732
36950,687815942,0.5133521556854248,0.000218697343,0.15,18.489557093837398,2.5899597358034,11244.495223760605
37000,688746736,0.5668410658836365,0.00021854221066666666,0.15,18.5579791051918,2.5961799186538,11249.49132490158
37050,689677109,0.6211604475975037,0.00021838714849999998,0.15,18.453557331852352,2.5866870301683957,11254.510934352875
37100,690606162,0.6430175304412842,0.0002182323063333333,0.15,18.42737568677232,2.5843068806156655,11259.549005508423
37150,691538372,0.5539720058441162,0.00021807693799999998,0.15,18.48999345458873,2.589999404962612,11285.868713378906
37200,692463677,0.4345181882381439,0.00021792272049999997,0.15,18.448540553473165,2.5862309594066515,11290.924123287201
37250,693395975,0.5610895156860352,0.00021776733749999998,0.15,18.491738897594065,2.5901580815994603,11296.10333108902
37300,694324720,0.5830370783805847,0.00021761254666666664,0.15,18.421266636253645,2.5837515123866948,11301.211292743683
37350,695259009,0.6334485411643982,0.00021745683183333332,0.15,18.53122954558978,2.5937481405081617,11344.929464101791
37400,696188150,0.6390775442123413,0.00021730197499999997,0.15,18.429121129777656,2.584465557252514,11350.002543926239
37450,697117239,0.6420127153396606,0.00021714712683333333,0.15,18.523985166281204,2.5930895605710185,11355.046497106552
37500,698049658,0.5974962115287781,0.00021699172366666667,0.15,18.494138881726403,2.5903762619751274,11360.138705968857
37550,698984442,0.5377541780471802,0.00021683592633333333,0.15,18.541047662494794,2.5946406965904356,11417.93913602829
37600,699918511,0.5816989541053772,0.00021668024816666665,0.15,18.526865938076444,2.5933514489160405,11422.975981473923
37650,700841726,0.693630039691925,0.000216526379,0.15,18.406870563840815,2.582442778530983,11428.00791811943
37700,701774750,0.5516932010650635,0.000216370875,0.15,18.506138802388083,2.591467163853462,11433.074937820435
37750,702710139,0.586890459060669,0.00021621497683333332,0.15,18.553047583156474,2.5957315984687703,11438.115134000778
37800,703645550,0.5731395483016968,0.00021605907499999997,0.15,18.55348394390781,2.595771267627983,11480.663474559784
37850,704577276,0.5861110687255859,0.00021590378733333333,0.15,18.480393518059383,2.589126683459944,11485.696641206741
37900,705504319,0.5647891759872437,0.00021574928016666666,0.15,18.483192439588485,2.5893811308716805,11490.72698712349
37950,706441303,0.5992324352264404,0.00021559311616666665,0.15,18.584683737628183,2.598607612511653,11495.730101108551
38000,707372556,0.6535657048225403,0.00021543790733333332,0.15,18.471011761905707,2.5882737965368823,11532.736670970917
38050,708302544,0.5154362320899963,0.00021528290933333329,0.15,18.44592101870401,2.5859928198821827,11537.785935163498
38100,709227167,0.6875070333480835,0.00021512880549999996,0.15,18.434942977908925,2.5849948161735385,11542.813326120377
38150,710159861,0.5629555583000183,0.00021497335649999996,0.15,18.499593391118076,2.5908721264652796,11547.890316963196
38200,711092489,0.6961707472801208,0.00021481791849999998,0.15,18.498284308864072,2.5907531189876427,11587.579454421997
38250,712024501,0.5183693766593933,0.00021466258316666663,0.15,18.486066207826724,2.589642382529702,11592.629380941391
38300,712956293,0.6495807766914368,0.00021450728449999999,0.15,18.481702600313387,2.5892456909375805,11597.68773818016
38350,713883941,0.5741257667541504,0.0002143526765,0.15,18.495254805008376,2.590477709546216,11602.69778084755
38400,714817075,0.5691749453544617,0.00021419715416666664,0.15,18.508320606144753,2.591665509649523,11607.748980998993
38450,715749263,0.5353146195411682,0.00021404178949999998,0.15,18.489557093837398,2.5899597358034,11651.970703601837
38500,716682078,0.5834744572639465,0.0002138863203333333,0.15,18.50199337525041,2.5910903068409463,11657.023164510727
38550,717606833,0.6027630567550659,0.0002137321945,0.15,18.43757476672781,2.585234069702528,11662.061762571335
38600,718536986,0.5406104922294617,0.00021357716899999998,0.15,18.44919372433901,2.5862903385762737,11667.167547225952
38650,719466479,0.6247138977050781,0.0002134222535,0.15,18.436102901798996,2.5851002637999088,11706.64517712593
38700,720400394,0.6420544385910034,0.00021326660099999997,0.15,18.523811412817107,2.5930737648015554,11711.698345422745
38750,721325996,0.5381518602371216,0.00021311233399999997,0.15,18.454462078315654,2.5867692798468775,11716.763617515564
38800,722258030,0.6265931129455566,0.00021295699499999997,0.15,18.486502568578057,2.5896820516889143,11721.802926063538
38850,723191010,0.5993921756744385,0.00021280149833333332,0.15,18.505266080885416,2.5913878255350378,11760.857947349548
38900,724124221,0.5825514793395996,0.00021264596316666667,0.15,18.509847868774422,2.5918043517067657,11765.910064458847
38950,725056651,0.6333698034286499,0.00021249055816666663,0.15,18.49435706210207,2.5903960965547337,11770.978640556335
39000,725980075,0.5626584887504578,0.00021233665416666664,0.15,18.41103756280405,2.58282159661855,11776.01209783554
39050,726910481,0.5515718460083008,0.00021218158649999997,0.15,18.454211872979354,2.5867465339072138,11781.076893091202
39100,727845034,0.5538206696510315,0.00021202582766666664,0.15,18.53646587460579,2.594224170418708,11816.903851509094
39150,728774120,0.6197081208229065,0.00021187097999999998,0.15,18.42803022789932,2.5843663843544835,11822.017969846725
39200,729700646,0.5671494007110596,0.00021171655899999997,0.15,18.472884600047852,2.5884440545498046,11827.109739303589
39250,730633736,0.5718740224838257,0.000211561044,0.15,18.507447884642087,2.5915861713310986,11832.219881772995
39300,731569895,0.5168986916542053,0.00021140501749999997,0.15,18.568320209453162,2.5971200190411965,11865.175618648529
39350,732499894,0.6662622690200806,0.00021125001766666662,0.15,18.446139199079674,2.5860126544617885,11870.27136015892
39400,733430982,0.6894875764846802,0.00021109483633333334,0.15,18.467739056270702,2.5879762778427913,11875.376716375351
39450,734358025,0.5376790761947632,0.00021094032916666664,0.15,18.483192439588485,2.5893811308716805,11880.482428789139
39500,735289509,0.5471396446228027,0.0002107850818333333,0.15,18.475593549794713,2.58869032270861,11909.439861059189
39550,736216010,0.5600991249084473,0.00021063066499999995,0.15,18.37675783961759,2.5797052581470536,11914.49610042572
39600,737145393,0.6684170961380005,0.00021047576783333333,0.15,18.433921098042326,2.584901918003848,11919.726533174515
39650,738075571,0.5372069478034973,0.00021032073816666666,0.15,18.545697424037005,2.595063402185182,11924.789077758789
39700,739010553,0.5812761783599854,0.00021016490783333332,0.15,18.544974909256798,2.594997719023345,11929.902591228485
39750,739940321,0.5962139964103699,0.0002100099465,0.15,18.44155741119067,2.5855961282900606,11962.679381608963
39800,740871332,0.7083760499954224,0.00020985477799999997,0.15,18.466211793641033,2.5878374357855485,11967.838636875153
39850,741800154,0.5375908613204956,0.00020969997433333332,0.15,18.422793898883313,2.5838903544439376,11972.974753141403
39900,742728968,0.7139220833778381,0.00020954517199999996,0.15,18.518502272908524,2.5925911157189567,11978.116957902908
39950,743656547,0.5336294770240784,0.00020939057549999995,0.15,18.39813951643295,2.5816490469484497,12013.398042678833
40000,744584786,0.6519955396652222,0.00020923586899999997,0.15,18.411230338972967,2.582839121724815,12018.478354930878
40050,745517128,0.662894606590271,0.00020908047866666663,0.15,18.492611619096735,2.590237419917885,12023.563641786575
40100,746444435,0.5775378346443176,0.0002089259275,0.15,18.488456017226255,2.5898596379296595,12028.739319086075
40150,747380319,0.5598476529121399,0.0002087699468333333,0.15,18.562865700061487,2.5966241545510442,12065.902043104172
40200,748307315,0.4602075517177582,0.00020861544749999997,0.15,18.386575956522602,2.5805978142293275,12070.992393493652
40250,749237468,0.5084447264671326,0.000208460422,0.15,18.44919372433901,2.5862903385762737,12076.090421199799
40300,750166766,0.6903174519538879,0.00020830553899999998,0.15,18.52815216524444,2.5934683786585855,12081.187496900558
40350,751100373,0.49263352155685425,0.0002081499378333333,0.15,18.51770236229843,2.5925183965725846,12086.259456634521
40400,752029624,0.6667952537536621,0.00020799506266666663,0.15,18.431302933534322,2.584663903048575,12112.313613653183
40450,752967565,0.5807278752326965,0.00020783873916666666,0.15,18.603665430311203,2.600333220937382,12117.408396959305
40500,753895694,0.5702544450759888,0.00020768405099999998,0.15,18.409048535216296,2.582640775928754,12122.535645961761
40550,754822869,0.5231967568397522,0.00020752952183333332,0.15,18.48582422840737,2.58962038440067,12127.593975305557
40600,755756146,0.6379576325416565,0.00020737397566666666,0.15,18.511156951028422,2.591923359184402,12156.70003938675
40650,756686167,0.5765578150749207,0.00020721897216666662,0.15,18.44657555983101,2.586052323621001,12161.813532590866
40700,757618058,0.5724828243255615,0.00020706365699999998,0.15,18.48366622369439,2.5894242021540355,12166.941958665848
40750,758545387,0.5702692866325378,0.00020690910216666664,0.15,18.488894648696068,2.589899513517824,12172.061989068985
40800,759475947,0.6282785534858704,0.0002067540088333333,0.15,18.45726639823869,2.5870242180216994,12209.055585622787
40850,760408168,0.5302138328552246,0.00020659863866666665,0.15,18.490211634964396,2.590019239542218,12214.122269153595
40900,761339476,0.6323708295822144,0.00020644342066666665,0.15,18.472102663784042,2.588372969434913,12219.211785793304
40950,762274447,0.532227098941803,0.00020628759216666665,0.15,18.544756728881133,2.5949778844437392,12224.314397335052
41000,763199818,0.5098027586936951,0.00020613336366666666,0.15,18.449856447882606,2.586350586171146,12229.391738653183
41050,764135537,0.45694851875305176,0.0002059774105,0.15,18.559592994426485,2.5963266358569532,12266.375920057297
41100,765066372,0.648589015007019,0.0002058222713333333,0.15,18.462720907630363,2.587520082511851,12271.465111494064
41150,765996899,0.6366726756095886,0.00020566718349999998,0.15,18.45661185711169,2.586964714282881,12276.53783583641
41200,766926560,0.6902503967285156,0.00020551224,0.15,18.53538958449637,2.5941263258633067,12281.595337152481
41250,767853765,0.6796045899391174,0.0002053577058333333,0.15,18.390721383660274,2.5809746712418433,12317.545166254044
41300,768785953,0.5466616749763489,0.00020520234116666662,0.15,18.489557093837398,2.5899597358034,12322.640120983124
41350,769712971,0.5691773295402527,0.00020504783816666664,0.15,18.387012317273935,2.5806374833885397,12327.740655183792
41400,770640341,0.5213478207588196,0.00020489327649999997,0.15,18.393994089295276,2.5812721899359343,12332.837504148483
41450,771567714,0.6238463521003723,0.00020473871433333333,0.15,18.489771911635696,2.589979264694154,12372.589896678925
41500,772501849,0.7238312363624573,0.00020458302516666667,0.15,18.528175020330444,2.5934704563936766,12377.768214702606
41550,773437216,0.5782779455184937,0.00020442713066666664,0.15,18.55261122240514,2.595691929309558,12382.892930984497
41600,774369657,0.5281922221183777,0.00020427172383333331,0.15,18.494575242477737,2.5904159311343395,12388.0067923069
41650,775296744,0.5240193009376526,0.00020411720933333333,0.15,18.484069702528114,2.5894608820480105,12393.090032577515
41700,776227183,0.5942506790161133,0.00020396213616666664,0.15,18.454866414106352,2.586806037646032,12430.626479387283
41750,777158898,0.4937463402748108,0.0002038068503333333,0.15,18.48017533768372,2.589106848880338,12435.75331902504
41800,778089887,0.5239144563674927,0.00020365168549999998,0.15,18.4657754328897,2.5877977666263363,12441.017429590225
41850,779016622,0.619554877281189,0.00020349722966666665,0.15,18.477051599011084,2.588822872637371,12446.12600684166
41900,779945884,0.5477339625358582,0.00020334235266666664,0.15,18.43152111390999,2.584683737628181,12535.1517932415
41950,780877126,0.6388481259346008,0.00020318714566666663,0.15,18.47079358153004,2.5882539619572764,12540.45751285553
42000,781813164,0.5372229218482971,0.0002030311393333333,0.15,18.565920225320824,2.5969018386655294,12545.668678760529
42050,782745517,0.49082598090171814,0.00020287574716666666,0.15,18.4928297994724,2.590257254497491,12550.765022039413
42100,783674947,0.6265541315078735,0.00020272084216666666,0.15,18.530783954063324,2.593707632187575,12578.565598726273
42150,784607069,0.5843085050582886,0.0002025654885,0.15,18.488248011583394,2.589840728325763,12583.70356631279
42200,785540753,0.5438992977142334,0.00020240987449999997,0.15,18.519229624928098,2.592657238629827,12588.797502040863
42250,786469300,0.5816134214401245,0.00020225511666666665,0.15,18.41733938949164,2.5833944899537857,12594.235253572464
42300,787392427,0.5626334547996521,0.00020210126216666665,0.15,18.40511603796156,2.5822832761783236,12599.428833961487
42350,788322008,0.593849778175354,0.000201946332,0.15,18.437848344804333,2.5852589404367574,12656.091855287552
42400,789258035,0.650066614151001,0.0002017903275,0.15,18.56570204494516,2.5968820040859235,12661.167162895203
42450,790189167,0.5069780945777893,0.00020163513883333331,0.15,18.46861177777337,2.588055616161215,12666.254336833954
42500,791123929,0.5943266749382019,0.00020147934516666664,0.15,18.54061130174346,2.594601027431224,12671.369354724884
42550,792052193,0.6095423102378845,0.00020132463449999997,0.15,18.507536486163172,2.5915942260148337,12753.296291351318
42600,792985624,0.5978841781616211,0.00020116906266666665,0.15,18.51421147628776,2.5922010432988873,12758.342338085175
42650,793915260,0.5610618591308594,0.00020101412333333333,0.15,18.438939246682665,2.5853581133347876,12763.401678323746
42700,794848944,0.5973290801048279,0.00020085850933333334,0.15,18.519229624928098,2.592657238629827,12768.455294847488
42750,795780640,0.567632257938385,0.00020070322666666666,0.15,18.575962995454184,2.5978148177685623,12840.462462425232
42800,796710837,0.5240243673324585,0.00020054819383333333,0.15,18.45006644584168,2.5863696768946984,12845.490516662598
42850,797642981,0.5749849081039429,0.00020039283649999997,0.15,18.488684372334728,2.589880397484975,12850.52363204956
42900,798574971,0.5592194199562073,0.0002002375048333333,0.15,18.48562984707539,2.58960271337049,12855.559742689133
42950,799510657,0.557199239730835,0.00020008155716666668,0.15,18.558938453299483,2.5962671321181348,12860.585818052292
43000,800440450,0.6711571216583252,0.00019992659166666665,0.15,18.538021373315257,2.594365579392296,12933.650272607803
43050,801375949,0.5211823582649231,0.00019977067516666668,0.15,18.555229386913144,2.595929944264831,12938.65712428093
43100,802309424,0.5640365481376648,0.00019961509599999996,0.15,18.51508419779043,2.5922803816173117,12943.793013572693
43150,803240831,0.6254606246948242,0.0001994598615,0.15,18.474066287165044,2.588551480651368,12948.896929264069
43200,804171548,0.6231642365455627,0.000199304742,0.15,18.55644389504745,2.596040354095223,12998.614980697632
43250,805102735,0.6175910830497742,0.00019914954416666664,0.15,18.469702679651704,2.588154789059246,13003.660293102264
43300,806037134,0.5791847109794617,0.00019899381099999997,0.15,18.53341134934645,2.593946486304223,13008.684618473053
43350,806966583,0.624802827835083,0.0001988389028333333,0.15,18.43523018029633,2.5850209254814844,13013.715004444122
43400,807895958,0.5204495787620544,0.000198684007,0.15,18.529687375388786,2.593607943217162,13018.7952606678
43450,808827453,0.6536021828651428,0.0001985287578333333,0.15,18.475811730170378,2.588710157288216,13073.29876112938
43500,809762996,0.5442258715629578,0.000198372834,0.15,18.55610210841581,2.5960092825832555,13078.350149154663
43550,810691763,0.669912576675415,0.00019821803949999998,0.15,18.421702997004978,2.583791181545907,13083.501645326614
43600,811627152,0.48238033056259155,0.00019806214133333334,0.15,18.553047583156474,2.5957315984687703,13088.66226387024
43650,812555823,0.47793444991111755,0.00019790736283333333,0.15,18.515651168354733,2.592331924395885,13133.465167045593
43700,813488264,0.5777707099914551,0.000197751956,0.15,18.494575242477737,2.5904159311343395,13138.495240688324
43750,814419275,0.4989612102508545,0.0001975967875,0.15,18.466211793641033,2.5878374357855485,13143.56623005867
43800,815348911,0.6697681546211243,0.00019744184816666667,0.15,18.438939246682665,2.5853581133347876,13148.640887737274
43850,816271323,0.614737331867218,0.0001972881128333333,0.15,18.3908605151926,2.5809873195629636,13182.023152589798
43900,817202895,0.5520808696746826,0.00019713285083333332,0.15,18.477338992800046,2.588848999345459,13187.080998659134
43950,818134577,0.6019156575202942,0.00019697757049999995,0.15,18.479520796556717,2.5890473451415197,13192.161223173141
44000,819067172,0.497188538312912,0.000196822138,0.15,18.497629767737074,2.5906936152488247,13197.30820441246
44050,819997149,0.57120281457901,0.0001966671418333333,0.15,18.44570283832834,2.5859729853025764,13202.394572257996
44100,820925171,0.5607159733772278,0.0001965124715,0.15,18.502711539995214,2.5911555945450195,13315.98225402832
44150,821859361,0.6561421155929565,0.00019635677316666666,0.15,18.52926592220878,2.593569629291707,13321.259589910507
44200,822792286,0.6459523439407349,0.00019620128566666666,0.15,18.50417517900708,2.5912886526370076,13326.65334558487
44250,823728654,0.588595986366272,0.00019604522433333332,0.15,18.57246563659083,2.597496876053712,13332.033863067627
44300,824656115,0.5901560187339783,0.00019589064749999998,0.15,18.491526437514953,2.5901387670468137,13443.304926395416
44350,825589348,0.5398169159889221,0.00019573510866666664,0.15,18.510284229525755,2.591844020865978,13448.663496255875
44400,826522702,0.7421864867210388,0.00019557954966666668,0.15,18.51268421365809,2.5920622012416445,13454.004720211029
44450,827455077,0.5249049663543701,0.0001954241538333333,0.15,18.493266160223733,2.590296923656703,13459.233831644058
44500,828386473,0.6717011332511902,0.00019526892116666667,0.15,18.473848106789376,2.5885316460717616,13572.199387311935
44550,829310953,0.5964465737342834,0.00019511484116666665,0.15,18.43209187335513,2.5847356248504663,13577.757415771484
44600,830245737,0.51809161901474,0.0001949590438333333,0.15,18.541047662494794,2.5946406965904356,13583.031721115112
44650,831173217,0.5928353667259216,0.00019480446383333331,0.15,18.396175893051947,2.581470535731995,13588.289500236511
44700,832106494,0.5373870134353638,0.00019464891766666662,0.15,18.511156951028422,2.591923359184402,13593.653534650803
44750,833035484,0.5937572121620178,0.00019449408599999995,0.15,18.522011324667037,2.592910120424276,13730.604201316833
44800,833969421,0.5976914167404175,0.0001943384298333333,0.15,18.52424777356844,2.593113433960767,13735.92963385582
44850,834903589,0.5551456212997437,0.00019418273516666666,0.15,18.528829561457446,2.593529960132495,13741.200554847717
44900,835833302,0.5687979459762573,0.00019402778299999998,0.15,18.440466509312333,2.5854969553920304,13746.48456788063
44950,836762160,0.5586882829666138,0.0001938729733333333,0.15,18.519379535848152,2.5926708668952867,13896.552571773529
45000,837699254,0.5762170553207397,0.00019371679099999998,0.15,18.58686554138485,2.5988059583077137,13901.783635139465
45050,838631233,0.6259890794754028,0.00019356146116666665,0.15,18.485411666699726,2.589582878790884,13907.162115335464
45100,839562365,0.6420319080352783,0.0001934062725,0.15,18.46861177777337,2.588055616161215,13912.578199386597
45150,840497974,0.6160891056060791,0.00019325033766666664,0.15,18.557411190669814,2.5961282900608924,14023.651186466217
45200,841430429,0.5504223704338074,0.00019309492849999997,0.15,18.59109578116277,2.599190525560252,14028.862795352936
45250,842363739,0.5759505033493042,0.00019293937683333333,0.15,18.511811492155424,2.59198286292322,14034.228780031204
45300,843294508,0.4501340091228485,0.00019278424866666665,0.15,18.461411825376363,2.5874010750342147,14039.553234100342
45350,844228599,0.5789209604263306,0.0001926285668333333,0.15,18.527302298827777,2.5933911180752527,14044.897149801254
45400,845151154,0.5093389749526978,0.00019247480766666663,0.15,18.39371161974639,2.5812465108860354,14162.834420442581
45450,846085894,0.6724205017089844,0.00019231901766666665,0.15,18.540174940992127,2.5945613582720117,14168.39308834076
45500,847020843,0.5777329206466675,0.00019216319283333334,0.15,18.544320368129796,2.594938215284527,14173.849487304688
45550,847951029,0.6569374799728394,0.00019200816183333335,0.15,18.449848265466013,2.586349842315092,14179.224442720413
45600,848880841,0.6161195635795593,0.00019185319316666666,0.15,18.44243013269334,2.5856754666084854,14277.291551828384
45650,849810810,0.6695702075958252,0.00019169819833333334,0.15,18.54153042507377,2.5946845840976156,14282.545199155807
45700,850747145,0.5334450602531433,0.00019154214249999998,0.15,18.571811095463833,2.597437372314894,14288.029688119888
45750,851675109,0.5906253457069397,0.0001913874818333333,0.15,18.40577582958129,2.5823432572346627,14293.35828757286
45800,852604668,0.6173775792121887,0.0001912325553333333,0.15,18.437411984052996,2.5852192712775452,14409.536139011383
45850,853532063,0.5498037338256836,0.00019107798949999998,0.15,18.490210543105512,2.5900191402823194,14414.772932052612
45900,854462810,0.5694373250007629,0.00019092286499999999,0.15,18.460975464625026,2.5873614058750025,14420.114585638046
45950,855389366,0.6247257590293884,0.00019076843899999997,0.15,18.377848741495924,2.579804431045084,14425.482533693314
46000,856322467,0.6322200894355774,0.00019061292216666665,0.15,18.50766606501775,2.591606005910705,14430.794221878052
46050,857254468,0.5651907324790955,0.00019045758866666665,0.15,18.48584802745106,2.5896225479500963,14488.457509994507
46100,858181005,0.6805250644683838,0.0001903031658333333,0.15,18.473103915782758,2.588463992343887,14493.629883289337
46150,859112566,0.6131845712661743,0.00019014790566666666,0.15,18.47712081242438,2.588829164765853,14499.022855758667
46200,860045084,0.5473669767379761,0.00018999248599999998,0.15,18.496102505107405,2.5905547731915823,14504.440985441208
46250,860978647,0.4858003258705139,0.00018983689216666664,0.15,18.516829640795763,2.5924390582541603,14616.145528316498
46300,861906768,0.6358833312988281,0.00018968220533333328,0.15,18.504685381609377,2.5913350346917614,14621.56731414795
46350,862835909,0.534024715423584,0.0001895273485,0.15,18.429121129777656,2.584465557252514,14626.925987243652
46400,863774147,0.577711284160614,0.0001893709755,0.15,18.609556300454212,2.6008687545867466,14632.142783641815
46450,864703002,0.6060246229171753,0.00018921616633333334,0.15,18.423448440010315,2.583949858182756,14727.05422282219
46500,865631090,0.5163519382476807,0.00018906148499999998,0.15,18.50402743440466,2.5912752213095143,14732.350236177444
46550,866565643,0.5786865949630737,0.00018890572616666666,0.15,18.53646587460579,2.594224170418708,14737.62254023552
46600,867501373,0.564666211605072,0.00018874977116666662,0.15,18.55981117480215,2.596346470436559,14743.011823415756
46650,868432428,0.6291653513908386,0.00018859459533333332,0.15,18.4670845151437,2.587916774103973,14748.316044092178
46700,869367190,0.6586326360702515,0.00018843880166666664,0.15,18.54061130174346,2.594601027431224,14845.922677278519
46750,870295102,0.6099106669425964,0.00018828414966666666,0.15,18.500518382646145,2.590956216604195,14850.908583641052
46800,871222021,0.6332319378852844,0.00018812966316666664,0.15,18.385048693892934,2.5804589721720848,14855.889738082886
46850,872153087,0.6167647242546082,0.00018797448549999997,0.15,18.46730269551937,2.587936608683579,14860.86676812172
46900,873083559,0.5085548758506775,0.0001878194068333333,0.15,18.455520955233354,2.5868655413848503,14901.62844467163
46950,874014969,0.5223410725593567,0.00018766417183333333,0.15,18.570260786346598,2.597296435122418,14906.569183588028
47000,874946486,0.6698351502418518,0.000187508919,0.15,18.476248090921715,2.5887498264474287,14911.541013717651
47050,875879994,0.517981767654419,0.0001873533343333333,0.15,18.515738738917427,2.5923398853561297,14916.515668392181
47100,876811566,0.5154628157615662,0.00018719807233333333,0.15,18.477338992800046,2.588848999345459,14958.063289165497
47150,877741114,0.6380355358123779,0.00018704314766666665,0.15,18.43719380367733,2.5851994366979394,14963.069096565247
47200,878670907,0.6732891201972961,0.00018688818216666664,0.15,18.538021373315257,2.594365579392296,14968.027387619019
47250,879604173,0.5970744490623474,0.0001867326378333333,0.15,18.510938770652757,2.591903524604796,14973.004561901093
47300,880536086,0.6058656573295593,0.00018657731899999997,0.15,18.484102584445722,2.5894638713132476,14977.977248430252
47350,881466789,0.6072486639022827,0.0001864222018333333,0.15,18.46010274312236,2.587282067556578,15009.599724531174
47400,882393700,0.5182351469993591,0.00018626771666666666,0.15,18.4805606507696,2.589141877342691,15014.58374786377
47450,883324656,0.5611289143562317,0.0001861125573333333,0.15,18.465120891762698,2.587738262887518,15019.565342664719
47500,884258527,0.600631058216095,0.00018595691216666667,0.15,18.522938691314437,2.5929944264831306,15024.541184186935
47550,885195104,0.5493709444999695,0.000185800816,0.15,18.576611063728503,2.5978737330662276,15056.958555698395
47600,886127875,0.565322756767273,0.00018564535416666666,0.15,18.501120653747744,2.591010968522522,15061.952387809753
47650,887052344,0.570144534111023,0.000185491276,0.15,18.431872557620224,2.584715687056384,15066.912618160248
47700,887980275,0.5085384249687195,0.00018533662083333334,0.15,18.405121288454293,2.5822837534958447,15071.89229631424
47750,888914058,0.5236536264419556,0.0001851809903333333,0.15,18.521193248309103,2.592835749846282,15113.103524208069
47800,889847049,0.6359670162200928,0.00018502549183333332,0.15,18.50548426126108,2.5914076601146436,15118.069399118423
47850,890770957,0.575247585773468,0.00018487150716666665,0.15,18.420687455139962,2.5836988595581785,15123.015509843826
47900,891703838,0.5749188661575317,0.00018471602699999997,0.15,18.503302457504414,2.5912093143185833,15127.986157178879
47950,892636081,0.610582172870636,0.00018456065316666665,0.15,18.49064799571573,2.59005890870143,15132.95550584793
48000,893568643,0.5996598601341248,0.00018440522616666665,0.15,18.496975226610072,2.5906341115100067,15203.651551246643
48050,894494916,0.5868635773658752,0.0001842508473333333,0.15,18.46784033814499,2.587985485285908,15208.761089801788
48100,895430228,0.6895092725753784,0.00018409496199999997,0.15,18.551520320526805,2.5955927564115275,15213.828303813934
48150,896362570,0.5633926391601562,0.00018393957166666663,0.15,18.492611619096735,2.590237419917885,15218.910732269287
48200,897290853,0.5436697602272034,0.00018378485783333333,0.15,18.412103060475633,2.5829184600432393,15314.06145310402
48250,898224438,0.6409807205200195,0.0001836292603333333,0.15,18.517266001547096,2.5924787274133725,15319.035938978195
48300,899147015,0.6643133759498596,0.0001834754975,0.15,18.394150251216207,2.5812863864742006,15324.175138235092
48350,900077036,0.5243483781814575,0.00018332049399999998,0.15,18.44657555983101,2.586052323621001,15329.46992301941
48400,901001953,0.620276927947998,0.00018316634116666666,0.15,18.34533986552155,2.576849078683777,15382.531530857086
48450,901933118,0.5532155632972717,0.000183011147,0.15,18.46926631890037,2.5881151199000336,15387.572085618973
48500,902862878,0.6060023903846741,0.000182856187,0.15,18.537363426110534,2.5943057660100486,15392.576785326004
48550,903797178,0.6328263282775879,0.00018270047033333334,0.15,18.53144772596545,2.593767975087768,15397.633033037186
48600,904732017,0.6248962879180908,0.00018254466383333333,0.15,18.54213856437313,2.5947398694884662,15402.782412052155
48650,905663600,0.579097330570221,0.0001823894,0.15,18.477557173175715,2.588868833925065,15440.097265958786
48700,906600364,0.5674108266830444,0.00018223327266666663,0.15,18.580320130114842,2.598210920919531,15445.137287139893
48750,907529222,0.536238431930542,0.00018207846299999998,0.15,18.519379535848152,2.5926708668952867,15450.17751789093
48800,908459078,0.5675700306892395,0.000181923487,0.15,18.443302854196006,2.5857548049269097,15455.331746339798
48850,909392982,0.6038455367088318,0.0001817678363333333,0.15,18.52359323244144,2.593053930221949,15495.270654678345
48900,910329262,0.5815191268920898,0.00018161178966666662,0.15,18.570720193585498,2.5973381994168636,15500.29743361473
48950,911255832,0.6822665929794312,0.0001814573613333333,0.15,18.47376186298748,2.5885238057261346,15505.387986183167
49000,912183521,0.5309937596321106,0.00018130274649999996,0.15,18.40032132018962,2.581847392744511,15510.592917919159
49050,913123904,0.5924081206321716,0.000181146016,0.15,18.652101473709266,2.604736497609933,15551.672967910767
49100,914054200,0.654386043548584,0.00018099096666666665,0.15,18.452030069222683,2.586548188111153,15556.798882484436
49150,914983198,0.6547662615776062,0.00018083613366666663,0.15,18.426284784893983,2.584207707717635,15561.872114658356
49200,915910483,0.4845924377441406,0.00018068158616666664,0.15,18.48801738575644,2.5898197623414947,15566.860671758652
49250,916840790,0.5359306335449219,0.00018052653499999995,0.15,18.452248249598348,2.586568022690759,15571.854016780853
49300,917775805,0.6168231964111328,0.00018037069916666666,0.15,18.5456294503838,2.5950572227621636,15619.483066797256
49350,918709390,0.5254493355751038,0.00018021510166666663,0.15,18.517266001547096,2.5924787274133725,15624.501987695694
49400,919637830,0.5455970764160156,0.00018006036166666665,0.15,18.511045537921685,2.591913230720153,15629.519006490707
49450,920567697,0.5215717554092407,0.00017990538383333331,0.15,18.443521034571674,2.585774639506516,15634.55395913124
49500,921500446,0.650516927242279,0.00017974992566666665,0.15,18.50068429299641,2.5909712993633103,15679.129729032516
49550,922429818,0.5585333704948425,0.00017959503033333334,0.15,18.43370291766666,2.584882083424242,15684.360261201859
49600,923352395,0.5357397198677063,0.00017944126749999995,0.15,18.394150251216207,2.5812863864742006,15689.577744722366
49650,924280348,0.5773871541023254,0.00017928660866666667,0.15,18.405557649205626,2.582323422655057,15694.782227993011
49700,925214758,0.6022345423698425,0.00017913087366666666,0.15,18.533629529722116,2.593966320883829,15734.471662521362
49750,926144284,0.5781355500221252,0.00017897595266666664,0.15,18.436757442925998,2.5851597675387272,15739.6142411232
49800,927074690,0.607548177242279,0.00017882088499999999,0.15,18.454211872979354,2.5867465339072138,15744.753824472427
49850,928003493,0.5936331748962402,0.0001786660845,0.15,18.518282957173618,2.5925711779248743,15749.946578264236
49900,928938387,0.49530184268951416,0.0001785102688333333,0.15,18.543229466251464,2.594839042386497,15755.100072860718
49950,929872434,0.5880876779556274,0.0001783545943333333,0.15,18.526429577325107,2.593311779756828,15796.870948791504
50000,930806679,0.5912636518478394,0.0001781988868333333,0.15,18.530356824087114,2.593668802189738,15801.953513622284
50050,931732842,0.5733179450035095,0.0001780445263333333,0.15,18.465647180795916,2.5877861073450834,15807.083165884018
50100,932666141,0.6150883436203003,0.0001778889765,0.15,18.511593311779755,2.591963028343614,15812.194819450378
50150,933595854,0.5874568223953247,0.0001777340243333333,0.15,18.440466509312333,2.5854969553920304,15845.570296049118
50200,934529538,0.6551499366760254,0.0001775784103333333,0.15,18.519229624928098,2.592657238629827,15850.63119339943
50250,935462133,0.5568247437477112,0.00017742297783333332,0.15,18.497629767737074,2.5906936152488247,15855.738510131836
50300,936391167,0.6452502608299255,0.00017726813883333332,0.15,18.522888587606666,2.592989871600606,15860.79804968834
50350,937319010,0.6375249028205872,0.00017711349833333332,0.15,18.403375845448956,2.582125076858996,15890.19150352478
50400,938251319,0.5943757891654968,0.0001769581135,0.15,18.491957077969733,2.5901779161790666,15895.279107093811
50450,939184288,0.6895382404327393,0.00017680261866666666,0.15,18.505047900509748,2.5913679909554315,15900.399435043335
50500,940112530,0.556845486164093,0.00017664791166666666,0.15,18.507097854693356,2.591554350426669,15905.460924386978
50550,941041484,0.6897025108337402,0.00017649308600000001,0.15,18.425412063391317,2.5841283693992105,15910.541192531586
50600,941974211,0.5776944756507874,0.00017633763149999999,0.15,18.500247932245077,2.590931630204098,15939.060774803162
50650,942902791,0.5614187121391296,0.00017618286816666666,0.15,18.41799393061864,2.5834539936926038,15944.153263568878
50700,943837245,0.6353687047958374,0.00017602712583333332,0.15,18.534502251224787,2.594045659202253,15949.256098270416
50750,944761296,0.6313773393630981,0.00017587311733333334,0.15,18.423538559693757,2.5839580508812507,15954.336448669434
50800,945694529,0.560554563999176,0.00017571757849999998,0.15,18.510284229525755,2.591844020865978,16037.832148313522
50850,946626365,0.5202686190605164,0.00017556227249999998,0.15,18.482575321816054,2.589325029256005,16043.400863170624
50900,947558113,0.5369940996170044,0.00017540698116666668,0.15,18.48082987881072,2.589166352619156,16048.94210100174
50950,948486575,0.6184968948364258,0.00017525223749999998,0.15,18.511484169391498,2.591953106308318,16054.507018566132
51000,949420589,0.6376195549964905,0.0001750965685,0.15,18.52577503619811,2.59325227601801,16099.825524806976
51050,950349070,0.6063798069953918,0.00017494182166666664,0.15,18.416030307237637,2.583275482476149,16105.092480182648
51100,951281918,0.6066382527351379,0.00017478634699999996,0.15,18.502647916377413,2.591149810579765,16110.210744380951
51150,952211623,0.7198076248168945,0.00017463139616666665,0.15,18.536266847436,2.5942060770396362,16115.462569952011
51200,953145571,0.545006513595581,0.00017447573816666665,0.15,18.524465953944105,2.5931332685403734,16120.538229465485
51250,954077550,0.616877555847168,0.00017432040833333332,0.15,18.485411666699726,2.589582878790884,16147.074845075607
51300,955003963,0.5228697657585144,0.00017416600616666666,0.15,18.375012396612252,2.5795465815102046,16152.192183971405
51350,955935832,0.5694937109947205,0.00017401069466666666,0.15,18.483229862943055,2.5893845329948233,16157.32655787468
51400,956863678,0.6599011421203613,0.00017385605366666663,0.15,18.4992024882367,2.5908365898397,16162.440747261047
51450,957792896,0.6323016881942749,0.00017370118399999998,0.15,18.430648392407324,2.584604399309757,16199.53486919403
51500,958727383,0.4993893504142761,0.00017354543616666666,0.15,18.535156792351785,2.594105162941071,16204.672703266144
51550,959661155,0.535510778427124,0.0001733898075,0.15,18.520975067933435,2.592815915266676,16209.824452877045
51600,960586064,0.6169312596321106,0.00017323565599999997,0.15,18.440645187016507,2.5855131988196827,16214.91790175438
51650,961519231,0.5407211184501648,0.00017308012816666664,0.15,18.508975147271755,2.5917250133883414,16244.84266781807
51700,962451375,0.6103835701942444,0.0001729247708333333,0.15,18.488684372334728,2.589880397484975,16249.938916683197
51750,963381748,0.49740421772003174,0.00017276970866666666,0.15,18.453557331852352,2.5866870301683957,16255.088300704956
51800,964319909,0.6781964898109436,0.00017261334849999997,0.15,18.608029037824544,2.600729912529504,16260.286029100418
51850,965248162,0.6026214361190796,0.00017245863966666668,0.15,18.507317170428262,2.5915742882207513,16265.400860786438
51900,966176819,0.5746139883995056,0.00017230386349999997,0.15,18.419521193248308,2.583592835749846,16350.955185174942
51950,967110536,0.5656254887580872,0.000172148244,0.15,18.5198841660551,2.5927167423686455,16355.994470119476
52000,968042702,0.5549752116203308,0.00017199288299999998,0.15,18.48912073308606,2.5899200666441873,16361.076242923737
52050,968970944,0.642669677734375,0.000171838176,0.15,18.507097854693356,2.591554350426669,16366.11961722374
52100,969899733,0.513139009475708,0.0001716833778333333,0.15,18.42213935775631,2.583830850705119,16429.943225860596
52150,970833076,0.5008692741394043,0.00017152782066666666,0.15,18.512466033282426,2.5920423666620387,16434.99109864235
52200,971764978,0.5507909655570984,0.00017137250366666665,0.15,18.483884404070057,2.5894440367336418,16440.037733078003
52250,972692920,0.5067547559738159,0.00017121784666666666,0.15,18.405339468829958,2.5823035880754506,16445.08053278923
52300,973615750,0.522490382194519,0.00017106404166666669,0.15,18.399194513119067,2.581744955738097,16500.678855895996
52350,974544198,0.5922562479972839,0.00017090930033333333,0.15,18.41537576611064,2.5832159787373308,16505.87982559204
52400,975476485,0.5390958189964294,0.00017075391916666663,0.15,18.4915207172184,2.5901382470198544,16511.12302350998
52450,976411302,0.5509347915649414,0.00017059811633333334,0.15,18.541702203621796,2.594700200329254,16516.364653348923
52500,977341150,0.5441645979881287,0.00017044314166666665,0.15,18.53911795198979,2.594465268362708,16521.516776800156
52550,978275824,0.5174190402030945,0.0001702873626666666,0.15,18.538865858738124,2.594442350794375,16629.927774190903
52600,979212709,0.5483166575431824,0.00017013121516666664,0.15,18.582720114247177,2.598429101295198,16635.10610103607
52650,980144050,0.6240811347961426,0.00016997599166666667,0.15,18.47275720491104,2.588432473173731,16640.341237306595
52700,981071852,0.6395130157470703,0.000169821358,0.15,18.498325225297073,2.59075683866337,16645.66356730461
52750,982000861,0.5327186584472656,0.00016966652316666666,0.15,18.426502965269652,2.584227542297241,16682.20693206787
52800,982931003,0.6591770052909851,0.0001695114995,0.15,18.448975543963346,2.586270503996668,16687.317470788956
52850,983862113,0.6224762797355652,0.0001693563145,0.15,18.468175417022035,2.588015947002003,16692.438883781433
52900,984795874,0.6058346629142761,0.00016920068766666666,0.15,18.52075688755777,2.59279608068707,16697.566098213196
52950,985727207,0.5080371499061584,0.0001690454655,0.15,18.568725576202247,2.5971568705638406,16748.66144680977
53000,986661661,0.5531401634216309,0.00016888972316666663,0.15,18.534502251224787,2.594045659202253,16753.88840675354
53050,987595818,0.555648684501648,0.0001687340303333333,0.15,18.528611381081777,2.5935101255528887,16759.087769269943
53100,988529689,0.6017053127288818,0.00016857838516666664,0.15,18.522938691314437,2.5929944264831306,16764.311180353165
53150,989456292,0.6566700339317322,0.00016842395133333333,0.15,18.4744198101922,2.5885836191083818,16769.437376737595
53200,990387479,0.5183631777763367,0.00016826875349999998,0.15,18.469702679651704,2.588154789059246,16875.312155008316
53250,991317819,0.6552096605300903,0.0001681136968333333,0.15,18.45290279072535,2.5866275264295773,16880.59806394577
53300,992249688,0.5099363327026367,0.0001679583853333333,0.15,18.483229862943055,2.5893845329948233,16885.800137043
53350,993183350,0.5840287208557129,0.00016780277499999998,0.15,18.518793264176765,2.592617569470615,16890.894999980927
53400,994109403,0.6114117503166199,0.00016764843283333333,0.15,18.463454023446847,2.5875867294042587,16917.980877399445
53450,995038995,0.5114569664001465,0.0001674935008333333,0.15,18.438066525179998,2.5852787750163633,16923.03186273575
53500,995969313,0.6467337608337402,0.0001673384478333333,0.15,18.452466429974017,2.586587857270365,16928.06935453415
53550,996898179,0.5439735651016235,0.0001671836368333333,0.15,18.42366662038598,2.583969692762362,16933.082835912704
53600,997824089,0.6127321720123291,0.00016702931850000002,0.15,18.460602918893052,2.5873275380811864,16958.690146684647
53650,998757157,0.6353116035461426,0.00016687380716666665,0.15,18.50701152389075,2.5915465021718864,16963.735904932022
53700,999688553,0.4800339639186859,0.00016671857449999998,0.15,18.473848106789376,2.5885316460717616,16968.775603294373
53750,1000619377,0.6020184755325317,0.00016656343716666663,0.15,18.462502727254694,2.587500247932245,16973.81267094612
53800,1001547770,0.5468404293060303,0.000166408705,0.15,18.414284864232304,2.5831168058393,16978.85874223709
53850,1002473372,0.5788089632987976,0.000166254438,0.15,18.454462078315654,2.5867692798468775,17017.8153424263
53900,1003403382,0.5563319325447083,0.00016609943633333333,0.15,18.446357379455343,2.586032489041395,17022.817388296127
53950,1004335229,0.5593926310539246,0.00016594412849999996,0.15,18.482793502191722,2.589344863835611,17027.80128145218
54000,1005268517,0.5406051874160767,0.00016578858049999998,0.15,18.51137513140409,2.591943193764008,17032.768230199814
54050,1006198750,0.6102038025856018,0.00016563354166666667,0.15,18.54679400271154,2.5951630911555945,17063.76980948448
54100,1007131202,0.5766990184783936,0.00016547813299999997,0.15,18.4947934228534,2.5904357657139454,17068.7743332386
54150,1008066008,0.6468247175216675,0.000165322332,0.15,18.541484023246127,2.5946803657496478,17073.7694811821
54200,1008998108,0.6003680229187012,0.000165166982,0.15,18.48781165083206,2.589801059166551,17078.752307653427
54250,1009926680,0.7084733247756958,0.00016501221999999996,0.15,18.51367732674057,2.5921524842491426,17083.733145952225
54300,1010861189,0.5993861556053162,0.00016485646849999998,0.15,18.53559315310312,2.594144832100284,17123.137462615967
54350,1011795775,0.5485681295394897,0.00016470070416666667,0.15,18.53712041573279,2.5942836741575266,17128.119415283203
54400,1012729448,0.6989127993583679,0.00016454509199999998,0.15,18.519011444552433,2.592637404050221,17133.097803354263
54450,1013660470,0.48002564907073975,0.00016438992166666665,0.15,18.4664299740167,2.587857270365155,17138.079198360443
54500,1014590868,0.6314317584037781,0.00016423485533333335,0.15,18.550083738735147,2.5954621580668316,17183.483471155167
54550,1015521043,0.5777820348739624,0.00016407982616666663,0.15,18.449630085090348,2.5863300077354863,17188.459164381027
54600,1016453528,0.6307917833328247,0.000163924412,0.15,18.495447963980403,2.590495269452764,17193.433494091034
54650,1017385782,0.4929753839969635,0.00016376903633333334,0.15,18.490866176091398,2.5900787432810364,17198.411511421204
54700,1018310284,0.551052451133728,0.00016361495266666666,0.15,18.432530504824946,2.5847755004386315,17241.848987340927
54750,1019240404,0.58808833360672,0.00016345993266666666,0.15,18.448539183212013,2.5862308348374556,17246.830090284348
54800,1020170381,0.6664016842842102,0.00016330493649999996,0.15,18.44570283832834,2.5859729853025764,17251.81011390686
54850,1021100644,0.6706688404083252,0.00016314989266666665,0.15,18.45137552809568,2.5864886843723345,17256.79040145874
54900,1022033239,0.5380081534385681,0.00016299446016666664,0.15,18.497629767737074,2.5906936152488247,17261.784955501556
54950,1022957444,0.6448084115982056,0.00016284042599999998,0.15,18.426608979982454,2.584237179998405,17302.416934251785
55000,1023886772,0.6508141756057739,0.00016268553799999997,0.15,18.43283019616399,2.5848027451058173,17307.40247654915
55050,1024819081,0.5867528319358826,0.00016253015316666666,0.15,18.491957077969733,2.5901779161790666,17312.40569472313
55100,1025749223,0.6527337431907654,0.00016237512949999997,0.15,18.448975543963346,2.586270503996668,17317.41692495346
55150,1026676816,0.6046454906463623,0.00016222053066666664,0.15,18.494158226333838,2.5903780205758036,17348.553978681564
55200,1027612249,0.5661492347717285,0.00016206462516666666,0.15,18.553920304659144,2.595810936787195,17353.54889035225
55250,1028547011,0.5610183477401733,0.00016190883149999998,0.15,18.54061130174346,2.594601027431224,17358.56042933464
55300,1029477714,0.5543355345726013,0.00016175371433333334,0.15,18.46010274312236,2.587282067556578,17363.57870364189
55350,1030410430,0.612978458404541,0.00016159826166666663,0.15,18.50002975186941,2.590911795624492,17390.2412981987
55400,1031338562,0.5153507590293884,0.00016144357299999998,0.15,18.504904697344287,2.5913549724858442,17395.21116924286
55450,1032271443,0.5625393986701965,0.00016128809283333332,0.15,18.503302457504414,2.5912093143185833,17400.222109794617
55500,1033203389,0.5216105580329895,0.00016113276850000002,0.15,18.484757125572724,2.5895233750520656,17405.256211042404
55550,1034137733,0.6160765886306763,0.00016097704449999999,0.15,18.532320447468116,2.5938473134061923,17410.25246334076
55600,1035063236,0.6635194420814514,0.000160822794,0.15,18.45248823670149,2.5865898397001357,17436.683823108673
55650,1035999681,0.6671667098999023,0.00016066671983333333,0.15,18.5739928992205,2.5976357181109546,17441.69965481758
55700,1036929592,0.6101326942443848,0.00016051173466666668,0.15,18.44439375607434,2.58585397782494,17446.71941637993
55750,1037860185,0.5221295356750488,0.00016035663583333334,0.15,18.45792093936569,2.5870837217605174,17451.728549718857
55800,1038788779,0.5806595087051392,0.00016020187016666665,0.15,18.514115958210382,2.5921923598373073,17478.07942557335
55850,1039717260,0.6561991572380066,0.00016004712333333334,0.15,18.416030307237637,2.583275482476149,17483.04624271393
55900,1040648425,0.5524047613143921,0.00015989192916666665,0.15,18.46926631890037,2.5881151199000336,17488.060688972473
55950,1041573309,0.6011273860931396,0.0001597377818333333,0.15,18.34468532439455,2.576789574944959,17493.07009625435
56000,1042502813,0.6644479036331177,0.0001595828645,0.15,18.436321082174665,2.585120098379515,17520.708836078644
56050,1043433211,0.5770398378372192,0.00015942779816666665,0.15,18.550083738735147,2.5954621580668316,17525.67538022995
56100,1044362649,0.619882345199585,0.00015927289183333333,0.15,18.43501199992066,2.585001090901878,17530.666791677475
56150,1045298665,0.6853986978530884,0.00015911688916666665,0.15,18.56548386456949,2.596862169506317,17535.65544438362
56200,1046229533,0.5971952676773071,0.00015896174449999998,0.15,18.463375448757365,2.5875795862506696,17540.64600586891
56250,1047158677,0.5322563648223877,0.00015880688716666665,0.15,18.525081744955738,2.593189249541431,17567.69207596779
56300,1048091041,0.5993981957435608,0.00015865149316666668,0.15,18.49304797984807,2.590277089077097,17572.71094274521
56350,1049024571,0.6186030507087708,0.00015849590483333335,0.15,18.51617509966876,2.592379554515342,17577.71886897087
56400,1049954812,0.5883715152740479,0.00015834086466666667,0.15,18.450939167344348,2.5864490152131228,17582.714171886444
56450,1050890091,0.5767865777015686,0.00015818498483333333,0.15,18.550865779399807,2.5955332526727095,17608.544716119766
56500,1051815022,0.5843429565429688,0.00015803082966666667,0.15,18.441083818486323,2.5855530744078474,17613.530960321426
56550,1052746594,0.5375189185142517,0.00015787556766666666,0.15,18.477338992800046,2.588848999345459,17618.54291987419
56600,1053680498,0.6109599471092224,0.000157719917,0.15,18.52359323244144,2.593053930221949,17623.555979013443
56650,1054613302,0.5793460607528687,0.00015756444966666665,0.15,18.501775194874746,2.5910704722613405,17649.415852308273
56700,1055540873,0.5289482474327087,0.00015740985449999998,0.15,18.493719594864025,2.590338144987639,17654.392738819122
56750,1056471862,0.47225236892700195,0.00015725468966666667,0.15,18.4657754328897,2.5877977666263363,17659.40793991089
56800,1057396988,0.5311912298202515,0.00015710050199999997,0.15,18.34948529265922,2.5772259356962928,17664.44570493698
56850,1058330738,0.6195356249809265,0.000156944877,0.15,18.5205387071821,2.592776246107464,17669.4634642601
56900,1059266809,0.5726457238197327,0.00015678886516666668,0.15,18.566574766447825,2.596961342404348,17695.251316070557
56950,1060190926,0.5582366585731506,0.00015663484566666664,0.15,18.424854454103198,2.584077677645745,17700.26991701126
57000,1061125303,0.5960968732833862,0.00015647911616666665,0.15,18.532974988595118,2.593906817145011,17705.28331041336
57050,1062059317,0.5476871132850647,0.00015632344716666666,0.15,18.52577503619811,2.59325227601801,17710.29159808159
57100,1062991703,0.6660861968994141,0.0001561680495,0.15,18.4934843405994,2.5903167582363094,17735.996643781662
57150,1063917217,0.6357501149177551,0.00015601379716666665,0.15,18.452707552436397,2.586609777494218,17740.99105501175
57200,1064847040,0.5953021049499512,0.00015585882666666664,0.15,18.442648313069004,2.585695301188091,17746.013324975967
57250,1065775499,0.5194277763366699,0.00015570408349999996,0.15,18.415593946486304,2.5832358133169366,17751.037269830704
57300,1066709876,0.6424241662025452,0.000155548354,0.15,18.532974988595118,2.593906817145011,17776.423359155655
57350,1067634378,0.6743645071983337,0.00015539427033333332,0.15,18.432530504824946,2.5847755004386315,17781.429190158844
57400,1068570130,0.5546473860740662,0.00015523831166666666,0.15,18.560247535553483,2.5963861395957712,17786.436247110367
57450,1069501724,0.5769135355949402,0.00015508304599999998,0.15,18.477775353551383,2.588888668504671,17791.467296123505
57500,1070431096,0.5433182120323181,0.00015492815066666665,0.15,18.43370291766666,2.584882083424242,17796.486645698547
57550,1071367739,0.518940269947052,0.0001547720435,0.15,18.577920145982507,2.597992740543864,17821.76859521866
57600,1072293759,0.6613791584968567,0.00015461770683333333,0.15,18.462796076242125,2.587526916022011,17826.76263475418
57650,1073226783,0.5898611545562744,0.0001544622028333333,0.15,18.506138802388083,2.591467163853462,17831.777220726013
57700,1074153658,0.5975531339645386,0.00015430772366666664,0.15,18.384175972390267,2.5803796338536604,17836.78221821785
57750,1075085450,0.5535513758659363,0.000154152425,0.15,18.481702600313387,2.5892456909375805,17862.207404136658
57800,1076011140,0.496267706155777,0.00015399814333333335,0.15,18.45621660419491,2.5869287821995375,17867.181428670883
57850,1076942646,0.5997005105018616,0.00015384289233333335,0.15,18.476029910546046,2.5887299918678224,17872.17454433441
57900,1077869422,0.503535807132721,0.00015368842966666664,0.15,18.38221234900926,2.5802011226372055,17877.16877436638
57950,1078802512,0.6481665968894958,0.00015353291466666666,0.15,18.507447884642087,2.5915861713310986,17902.692662239075
58000,1079732016,0.5843780040740967,0.0001533779973333333,0.15,18.436321082174665,2.585120098379515,17907.698853731155
58050,1080658938,0.6336492300033569,0.0001532235103333333,0.15,18.480779966504507,2.5891618151367735,17912.68735742569
58100,1081588816,0.4850222170352936,0.00015306853066666663,0.15,18.44373921494734,2.585794474086122,17917.68966650963
58150,1082519453,0.61761075258255,0.00015291342449999998,0.15,18.45879366086836,2.5871630600789417,17922.68545818329
58200,1083453852,0.6788784861564636,0.0001527576913333333,0.15,18.53341134934645,2.593946486304223,17947.940836668015
58250,1084382336,0.6372085213661194,0.000152602944,0.15,18.511922800861313,2.591992981896483,17952.922277212143
58300,1085313721,0.6213297843933105,0.00015244771316666664,0.15,18.47362992641371,2.5885118114921557,17957.92594218254
58350,1086244226,0.6275287866592407,0.00015229262899999998,0.15,18.456175496360355,2.5869250451236687,17962.949773311615
58400,1087169957,0.5929744243621826,0.0001521383405,0.15,18.361485213320904,2.5783168375746275,17990.009522914886
58450,1088096887,0.6429227590560913,0.00015198385216666664,0.15,18.3852668742686,2.5804788067516906,17995.045784950256
58500,1089027483,0.6153388023376465,0.0001518287528333333,0.15,18.554031421963472,2.5958210383603157,18000.029056549072
58550,1089958571,0.5970972776412964,0.00015167357149999998,0.15,18.467739056270702,2.5879762778427913,18005.039261341095
58600,1090889934,0.5988438129425049,0.0001515183443333333,0.15,18.473193565662374,2.588472142332943,18030.29709482193
58650,1091822166,0.6028082966804504,0.0001513629723333333,0.15,18.490429815340065,2.590039074121824,18035.296549081802
58700,1092752190,0.5996421575546265,0.00015120796833333332,0.15,18.542627003748304,2.5947842730680275,18040.29203248024
58750,1093682332,0.49956390261650085,0.00015105294466666663,0.15,18.448975543963346,2.586270503996668,18045.297737121582
58800,1094615961,0.5801888108253479,0.00015089733983333334,0.15,18.518138723049766,2.592558065731797,18050.329090833664
58850,1095545157,0.5714830756187439,0.00015074247383333332,0.15,18.43021203165599,2.5845647301505448,18075.94204735756
58900,1096475643,0.5501766204833984,0.00015058739283333329,0.15,18.551838264614403,2.595621660419491,18080.952782154083
58950,1097407380,0.541357696056366,0.0001504321033333333,0.15,18.48061169843505,2.5891465180395503,18085.94429254532
59000,1098340239,0.5836353898048401,0.0001502766268333333,0.15,18.502866096753078,2.5911696451593706,18090.94450879097
59050,1099271019,0.5801312923431396,0.0001501214968333333,0.15,18.461630005752028,2.5874209096138205,18116.6062271595
59100,1100203130,0.6658596992492676,0.00014996614499999998,0.15,18.488029831207726,2.589820893746157,18121.653113365173
59150,1101129524,0.6264038681983948,0.000149811746,0.15,18.470252811228967,2.588204801020815,18126.685859441757
59200,1102058731,0.6176111698150635,0.00014965687816666665,0.15,18.430430212031656,2.5845845647301506,18131.721347808838
59250,1102990897,0.5770739316940308,0.00014950151716666663,0.15,18.48912073308606,2.5899200666441873,18157.85257577896
59300,1103924625,0.6620203256607056,0.0001493458958333333,0.15,18.520102346430768,2.5927365769482518,18162.86034846306
59350,1104854759,0.5854557156562805,0.00014919087349999998,0.15,18.544820161097377,2.5949836510088526,18167.8520321846
59400,1105788135,0.6829349994659424,0.00014903531083333333,0.15,18.513120574409424,2.5921018704008567,18172.860846996307
59450,1106718090,0.5083629488945007,0.0001488803183333333,0.15,18.445266477577007,2.585933316143364,18177.84256696701
59500,1107650729,0.5688753128051758,0.0001487248785,0.15,18.49850248923974,2.590772953567249,18203.566571950912
59550,1108585370,0.548672616481781,0.000148569105,0.15,18.538211317611122,2.5943828470555563,18208.569274425507
59600,1109513931,0.6955803632736206,0.0001484143448333333,0.15,18.513458011005664,2.59213254645506,18213.5646173954
59650,1110446702,0.5427097082138062,0.00014825888299999998,0.15,18.501120653747744,2.591010968522522,18218.54591846466
59700,1111380309,0.621330976486206,0.00014810328183333332,0.15,18.51770236229843,2.5925183965725846,18244.022966861725
59750,1112311584,0.6357460021972656,0.0001479480693333333,0.15,18.47144812265704,2.5883134656960944,18249.079112291336
59800,1113235448,0.584746778011322,0.00014779409199999999,0.15,18.419810192200334,2.5836191083818485,18254.064589738846
59850,1114166206,0.4812111556529999,0.00014763896566666665,0.15,18.461193645000694,2.5873812404546084,18259.101875305176
59900,1115099054,0.509928822517395,0.00014748349099999997,0.15,18.502647916377413,2.591149810579765,18286.745969057083
59950,1116027777,0.5773954391479492,0.0001473287038333333,0.15,18.42083027550231,2.583711843227483,18291.75305891037
60000,1116963100,0.5738242864608765,0.00014717281666666663,0.15,18.551738500902474,2.595612590991134,18296.765931367874
60050,1117889901,0.6249784231185913,0.00014701834983333332,0.15,18.478367493420528,2.5889424994018664,18301.747881650925
60100,1118822661,0.6162640452384949,0.00014686288983333334,0.15,18.500902473372076,2.590991133942916,18306.736658334732
60150,1119755432,0.543626070022583,0.00014670742799999996,0.15,18.501120653747744,2.591010968522522,18332.99773645401
60200,1120687268,0.5257147550582886,0.000146552122,0.15,18.482575321816054,2.589325029256005,18338.034584522247
60250,1121613739,0.5646027326583862,0.00014639771016666664,0.15,18.471788021373314,2.5883443655793923,18343.05146431923
60300,1122545531,0.555126965045929,0.0001462424115,0.15,18.481702600313387,2.5892456909375805,18348.03329563141
60350,1123481679,0.569529116153717,0.00014608638683333332,0.15,18.568102029077494,2.59710018446159,18374.679167032242
60400,1124411271,0.6516994833946228,0.00014593145483333332,0.15,18.438066525179998,2.5852787750163633,18379.69850897789
60450,1125341801,0.6064221262931824,0.00014577636649999997,0.15,18.55271552755403,2.595701411595821,18384.717352867126
60500,1126272944,0.6021992564201355,0.000145621176,0.15,18.468829958149037,2.5880754507408215,18389.679444789886
60550,1127207156,0.5592164993286133,0.00014546547399999998,0.15,18.529702282960113,2.5936092984509194,18418.308465480804
60600,1128140334,0.6207939982414246,0.00014530994433333333,0.15,18.50919332764742,2.5917448479679472,18423.3493373394
60650,1129069618,0.5904547572135925,0.00014515506366666667,0.15,18.431957474661324,2.584723406787393,18428.369704961777
60700,1129997761,0.6499342322349548,0.00014500037316666665,0.15,18.505124013079193,2.5913749102799266,18433.341997861862
60750,1130927683,0.5245781540870667,0.00014484538616666668,0.15,18.444611936450006,2.585873812404546,18438.328271389008
60800,1131860652,0.6314757466316223,0.0001446898913333333,0.15,18.505047900509748,2.5913679909554315,18465.63224506378
60850,1132789122,0.593126654624939,0.0001445351463333333,0.15,18.415812126861972,2.583255647896543,18470.64811730385
60900,1133715593,0.6680963039398193,0.0001443807345,0.15,18.471788021373314,2.5883443655793923,18475.63480424881
60950,1134647198,0.6035584211349487,0.000144225467,0.15,18.477993533927048,2.588908503084277,18480.6302857399
61000,1135580376,0.645948588848114,0.00014406993733333333,0.15,18.50919332764742,2.5917448479679472,18507.663335084915
61050,1136515193,0.6070983409881592,0.00014391413449999998,0.15,18.541702203621796,2.594700200329254,18512.678377389908
61100,1137448217,0.5755031108856201,0.00014375863049999996,0.15,18.506138802388083,2.591467163853462,18517.705484867096
61150,1138371817,0.4254601001739502,0.00014360469716666666,0.15,18.414546614562564,2.5831406013238696,18522.671573400497
61200,1139302685,0.6214941740036011,0.0001434495525,0.15,18.463375448757365,2.5875795862506696,18548.93757724762
61250,1140236534,0.536489725112915,0.00014329391099999998,0.15,18.522502330563103,2.5929547573239184,18553.957584142685
61300,1141165609,0.510653018951416,0.00014313906516666666,0.15,18.427812047523652,2.5843465497748777,18558.97413253784
61350,1142090782,0.6231275796890259,0.00014298486966666667,0.15,18.445908764654277,2.5859917058776616,18563.961156368256
61400,1143021892,0.5239373445510864,0.00014282968466666667,0.15,18.468175417022035,2.588015947002003,18568.94901561737
61450,1143953552,0.6592563390731812,0.00014267440799999997,0.15,18.479084435805383,2.5890076759823075,18594.67296051979
61500,1144885993,0.5624703764915466,0.00014251900116666667,0.15,18.494575242477737,2.5904159311343395,18599.69866681099
61550,1145816564,0.611807644367218,0.00014236390599999996,0.15,18.457484578614356,2.587044052601305,18604.748837947845
61600,1146740054,0.546485960483551,0.000142209991,0.15,18.412353457213495,2.582941223383045,18609.720502376556
61650,1147672517,0.6040799021720886,0.0001420545805,0.15,18.49501160322907,2.5904556002935517,18635.42515850067
61700,1148604309,0.5459258556365967,0.0001418992818333333,0.15,18.481702600313387,2.5892456909375805,18640.456367731094
61750,1149532845,0.5571803450584412,0.00014174452583333333,0.15,18.417121209115972,2.5833746553741794,18645.470902204514
61800,1150462847,0.5592954754829407,0.00014158952549999998,0.15,18.542188372278492,2.5947443974798627,18650.45407152176
61850,1151396366,0.5937287211418152,0.00014143393899999996,0.15,18.515956919293096,2.592359719935736,18676.178153514862
61900,1152328719,0.5828756093978882,0.0001412785468333333,0.15,18.4928297994724,2.590257254497491,18681.18773341179
61950,1153263723,0.5513373017311096,0.0001411227128333333,0.15,18.54541127000813,2.5950373881825572,18686.205511808395
62000,1154193637,0.6880219578742981,0.00014096772716666665,0.15,18.540433846399235,2.5945848951272033,18691.22021842003
62050,1155122217,0.6197713017463684,0.00014081296383333333,0.15,18.41799393061864,2.5834539936926038,18696.18367934227
62100,1156055604,0.6139001250267029,0.00014065739933333333,0.15,18.513338754785092,2.592121704980463,18723.712001800537
62150,1156985592,0.5229067206382751,0.00014050240133333332,0.15,18.44592101870401,2.5859928198821827,18728.735045671463
62200,1157915118,0.5376179218292236,0.0001403474803333333,0.15,18.436757442925998,2.5851597675387272,18733.741928339005
62250,1158838421,0.6068581938743591,0.0001401935965,0.15,18.408625089720072,2.582602280883643,18738.69792842865
62300,1159769872,0.5542692542076111,0.00014003835466666663,0.15,18.47493900866771,2.5886308189697917,18768.351827144623
62350,1160704755,0.5404635667800903,0.00013988254083333333,0.15,18.543011285875796,2.5948192078068906,18773.377109766006
62400,1161637559,0.5534172654151917,0.00013972707349999998,0.15,18.501775194874746,2.5910704722613405,18778.398782253265
62450,1162561379,0.5673216581344604,0.0001395731035,0.15,18.418932929260706,2.5835393572055185,18783.371128320694
62500,1163491103,0.5829480290412903,0.00013941814949999998,0.15,18.440684689688002,2.5855167899716367,18812.844722509384
62550,1164425689,0.5152370929718018,0.00013926238516666665,0.15,18.53712041573279,2.5942836741575266,18817.872724056244
62600,1165353433,0.47059115767478943,0.00013910776116666666,0.15,18.401412222067954,2.581946565642541,18822.879499197006
62650,1166285335,0.5794858932495117,0.00013895244416666666,0.15,18.483884404070057,2.5894440367336418,18827.875888109207
62700,1167211905,0.5967532992362976,0.00013879801583333332,0.15,18.47376186298748,2.5885238057261346,18832.84029483795
62750,1168143345,0.605015218257904,0.00013864277583333333,0.15,18.474720828292046,2.588610984390186,18864.053282022476
62800,1169078382,0.539953887462616,0.00013848693633333333,0.15,18.546065811135133,2.5950968919213757,18869.102243423462
62850,1170007655,0.63910973072052,0.00013833205749999998,0.15,18.43173929428566,2.584703572207787,18874.09884905815
62900,1170933939,0.612796425819397,0.00013817767683333332,0.15,18.468059653879894,2.5880054230799905,18879.06054663658
62950,1171863608,0.5985171794891357,0.000138022732,0.15,18.439593787809667,2.585417617073606,18920.529299259186
63000,1172797985,0.49489545822143555,0.00013786700249999998,0.15,18.532974988595118,2.593906817145011,18925.513585329056
63050,1173730646,0.5621275901794434,0.00013771155899999996,0.15,18.498938849991074,2.590812622726461,18930.499440670013
63100,1174663615,0.6549838781356812,0.00013755606416666666,0.15,18.505047900509748,2.5913679909554315,18935.482350111008
63150,1175592297,0.5876209735870361,0.00013740128383333332,0.15,18.51587048408964,2.5923518621899673,18977.327535152435
63200,1176521955,0.4952663481235504,0.0001372463408333333,0.15,18.439375607434002,2.585397782494,18982.302452087402
63250,1177454022,0.5266345739364624,0.0001370909963333333,0.15,18.48715710970506,2.5897415554277328,18987.278245449066
63300,1178386287,0.6569664478302002,0.0001369356188333333,0.15,18.491084356467066,2.5900985778606422,18992.253273010254
63350,1179309359,0.6285436749458313,0.0001367817735,0.15,18.404019459287024,2.5821835872079113,18997.205337285995
63400,1180237796,0.5169785618782043,0.00013662703399999998,0.15,18.41515758573497,2.5831961441577245,19040.788966178894
63450,1181170886,0.588745653629303,0.000136471519,0.15,18.507447884642087,2.5915861713310986,19045.76232457161
63500,1182103228,0.5859711766242981,0.00013631612866666666,0.15,18.492611619096735,2.590237419917885,19050.734426259995
63550,1183030084,0.5563409924507141,0.00013616165266666666,0.15,18.479464072095062,2.5890421883722783,19055.707564115524
63600,1183960237,0.6071522831916809,0.00013600662716666668,0.15,18.44919372433901,2.5862903385762737,19097.810744524002
63650,1184895593,0.5922726392745972,0.00013585073450000001,0.15,18.552393042029475,2.5956720947299523,19102.794715881348
63700,1185831158,0.5465970039367676,0.00013569480699999998,0.15,18.556538469167148,2.596048951742468,19107.782785654068
63750,1186765414,0.5526255965232849,0.00013553909766666667,0.15,18.53057500446278,2.5936886367693437,19112.78509569168
63800,1187690906,0.4791702628135681,0.000135384849,0.15,18.452268920966585,2.5865699019060533,19137.935418605804
63850,1188621521,0.6102650165557861,0.0001352297465,0.15,18.458357300117022,2.587123390919729,19142.92546415329
63900,1189553610,0.5452972650527954,0.0001350743983333333,0.15,18.487593470456392,2.589781224586945,19147.909343004227
63950,1190482938,0.5606166124343872,0.00013491951033333335,0.15,18.43283019616399,2.5848027451058173,19152.90939426422
64000,1191410707,0.5672635436058044,0.00013476488216666665,0.15,18.49766727809235,2.590697025281123,19157.89348602295
64050,1192343126,0.587154746055603,0.00013460947899999998,0.15,18.494138881726403,2.5903762619751274,19188.677290678024
64100,1193276832,0.5928212404251099,0.0001344538613333333,0.15,18.519665985679435,2.5926969077890396,19193.66473007202
64150,1194209482,0.630692183971405,0.00013429841966666666,0.15,18.49872066961541,2.5907927881468553,19198.646094083786
64200,1195140581,0.5214020013809204,0.00013414323649999998,0.15,18.46795723664637,2.587996112422397,19203.627682209015
64250,1196068295,0.5785210132598877,0.00013398861749999998,0.15,18.496570699417816,2.5905973363107107,19247.713083028793
64300,1197001253,0.5317486524581909,0.0001338331245,0.15,18.504829720134083,2.5913481563758256,19252.717210292816
64350,1197934497,0.4934770464897156,0.0001336775838333333,0.15,18.510502409901424,2.591863855445584,19257.711009263992
64400,1198868203,0.5115334987640381,0.00013352196616666666,0.15,18.519665985679435,2.5926969077890396,19262.697274684906
64450,1199791506,0.6318953633308411,0.00013336808233333332,0.15,18.408625089720072,2.582602280883643,19294.91890692711
64500,1200719888,0.5296119451522827,0.00013321335199999998,0.15,18.414066683856635,2.5830969712596943,19299.90758562088
64550,1201651735,0.6336560249328613,0.00013305804416666666,0.15,18.482793502191722,2.589344863835611,19304.898691654205
64600,1202584539,0.5415608286857605,0.0001329025768333333,0.15,18.501775194874746,2.5910704722613405,19309.877054214478
64650,1203518366,0.6330807209014893,0.00013274693899999998,0.15,18.52206596981177,2.5929150881647063,19314.857859373093
64700,1204440041,0.6363814473152161,0.0001325933265,0.15,18.376166360953825,2.5796514873594387,19340.232286691666
64750,1205372526,0.5874830484390259,0.00013243791233333332,0.15,18.495447963980403,2.590495269452764,19345.29329776764
64800,1206307541,0.5875164866447449,0.0001322820765,0.15,18.5456294503838,2.5950572227621636,19350.32922720909
64850,1207237430,0.5995824933052063,0.000132127095,0.15,18.443957395323007,2.585814308665728,19355.34339952469
64900,1208164484,0.523078203201294,0.000131972586,0.15,18.48341175532339,2.589401068665763,19380.550292253494
64950,1209096397,0.6551641821861267,0.00013181726716666667,0.15,18.484102584445722,2.5894638713132476,19385.529446601868
65000,1210025439,0.6488266587257385,0.00013166242683333333,0.15,18.42715750639665,2.584287046036059,19390.509186267853
65050,1210957671,0.5062941312789917,0.00013150705483333332,0.15,18.490429815340065,2.590039074121824,19395.49310851097
65100,1211885363,0.579460859298706,0.00013135243949999998,0.15,18.496132067948004,2.590557460722546,19400.49337410927
65150,1212819047,0.609014093875885,0.0001311968255,0.15,18.519229624928098,2.592657238629827,19436.40174794197
65200,1213749893,0.667574405670166,0.0001310416845,0.15,18.46293908800603,2.5875399170914575,19441.410135030746
65250,1214685040,0.5840833783149719,0.00013088582666666664,0.15,18.548247614891803,2.5952952377174365,19446.393561840057
65300,1215617184,0.6220067143440247,0.0001307304693333333,0.15,18.488684372334728,2.589880397484975,19451.3798558712
65350,1216548418,0.6197277903556824,0.00013057526366666667,0.15,18.566751734588085,2.5969774304170987,19476.48584651947
65400,1217479033,0.5453413128852844,0.00013042016116666667,0.15,18.458357300117022,2.587123390919729,19481.473900079727
65450,1218413102,0.5942314267158508,0.000130264483,0.15,18.526865938076444,2.5933514489160405,19486.49126791954
65500,1219348469,0.5041452646255493,0.0001301085885,0.15,18.55261122240514,2.595691929309558,19491.499849557877
65550,1220273092,0.5910603404045105,0.00012995448466666666,0.15,18.434942977908925,2.5849948161735385,19518.72821545601
65600,1221201958,0.5958791971206665,0.00012979967366666666,0.15,18.42366662038598,2.583969692762362,19523.707925081253
65650,1222137534,0.6361351013183594,0.0001296437443333333,0.15,18.556756649542812,2.596068786322074,19528.68899846077
65700,1223070756,0.5547068119049072,0.00012948820733333334,0.15,18.510066049150087,2.5918241862863716,19533.67205119133
65750,1223999941,0.5508061647415161,0.00012933334316666666,0.15,18.429993851280322,2.5845448955709385,19538.655959367752
65800,1224926863,0.5228312015533447,0.00012917885616666667,0.15,18.480779966504507,2.5891618151367735,19575.912556886673
65850,1225857720,0.4712836742401123,0.00012902371333333332,0.15,18.463157268381696,2.5875597516710633,19580.889451026917
65900,1226791734,0.5528950095176697,0.0001288680443333333,0.15,18.52577503619811,2.59325227601801,19585.868176698685
65950,1227722008,0.6372897028923035,0.00012871299866666665,0.15,18.45159370847135,2.586508518951941,19590.84631729126
66000,1228647214,0.6001887321472168,0.00012855879766666666,0.15,18.446566711859,2.586051519259909,19627.904861688614
66050,1229578478,0.6377456784248352,0.000128403587,0.15,18.471229942281372,2.5882936311164886,19632.888691186905
66100,1230514021,0.5865512490272522,0.00012824766316666664,0.15,18.55610210841581,2.5960092825832555,19637.867943286896
66150,1231443602,0.592430055141449,0.00012809273299999998,0.15,18.437848344804333,2.5852589404367574,19642.84725379944
66200,1232375053,0.5080528855323792,0.00012793749116666664,0.15,18.47493900866771,2.5886308189697917,19671.462588071823
66250,1233303526,0.512997567653656,0.00012778274566666665,0.15,18.511703485126407,2.5919730441024007,19676.4508600235
66300,1234235197,0.5663331151008606,0.00012762746716666666,0.15,18.47930261618105,2.589027510561914,19681.46421766281
66350,1235170256,0.5769994854927063,0.000127471624,0.15,18.546502171886466,2.595136561080588,19686.48089671135
66400,1236102994,0.6331599950790405,0.00012731616766666664,0.15,18.500466112620742,2.590951464783704,19691.494459867477
66450,1237034316,0.5624161958694458,0.00012716094733333333,0.15,18.56850626046734,2.597136932769758,19717.015184640884
66500,1237962456,0.6581514477729797,0.0001270062573333333,0.15,18.40926671559196,2.58266061050836,19722.01961684227
66550,1238895722,0.642950177192688,0.000126850713,0.15,18.510938770652757,2.591903524604796,19727.034018278122
66600,1239827591,0.6537495851516724,0.00012669540150000001,0.15,18.483229862943055,2.5893845329948233,19732.034259557724
66650,1240754920,0.7385796904563904,0.00012654084666666664,0.15,18.488894648696068,2.589899513517824,19768.421426296234
66700,1241689066,0.6076908111572266,0.00012638515566666664,0.15,18.528393200706113,2.593490290973283,19773.372138023376
66750,1242622684,0.5876358151435852,0.00012622955266666666,0.15,18.517920542674098,2.5925382311521905,19778.35498404503
66800,1243555400,0.5944275259971619,0.0001260741,0.15,18.50002975186941,2.590911795624492,19783.3332324028
66850,1244488490,0.6518896222114563,0.000125918585,0.15,18.507447884642087,2.5915861713310986,19808.601538658142
66900,1245420516,0.6637937426567078,0.00012576324733333332,0.15,18.582542467501394,2.598412951591036,19813.573900699615
66950,1246347556,0.5763904452323914,0.00012560874066666665,0.15,18.38744867802527,2.580677152547752,19818.593779563904
67000,1247280459,0.6659087538719177,0.0001254532568333333,0.15,18.503738818255748,2.5912489834777954,19823.594002008438
67050,1248210194,0.5653499364852905,0.000125298301,0.15,18.44090287006367,2.5855366245512426,19828.586156845093
67100,1249138425,0.5654748678207397,0.00012514359583333333,0.15,18.50687853895845,2.5915344126325865,19853.946157217026
67150,1250070074,0.6142820715904236,0.00012498832099999997,0.15,18.478866255429715,2.588987841402701,19858.937168598175
67200,1251003681,0.58366858959198,0.0001248327198333333,0.15,18.51770236229843,2.5925183965725846,19863.92959022522
67250,1251935187,0.5923261046409607,0.0001246774688333333,0.15,18.476029910546046,2.5887299918678224,19868.91873884201
67300,1252867122,0.6016811728477478,0.00012452214633333332,0.15,18.484538945197055,2.58950354047246,19898.307406663895
67350,1253793120,0.5199669003486633,0.0001243678133333333,0.15,18.46235744477231,2.5874870404338464,19903.262029647827
67400,1254724318,0.6380890607833862,0.00012421261366666667,0.15,18.469920860027372,2.588174623638852,19908.247308969498
67450,1255656396,0.6316046714782715,0.00012405726733333332,0.15,18.487375290080728,2.589761390007339,19913.251053333282
67500,1256586395,0.5078948140144348,0.0001239022675,0.15,18.446139199079674,2.5860126544617885,19950.4494535923
67550,1257513284,0.5904982089996338,0.00012374778599999998,0.15,18.480122019299785,2.589102001754526,19955.40567922592
67600,1258447122,0.5522230863571167,0.00012359214633333334,0.15,18.52228415018744,2.5929349227443126,19960.386434793472
67650,1259379739,0.517733097076416,0.00012343671016666667,0.15,18.498066128488407,2.590733284408037,19965.368076324463
67700,1260312389,0.5392982363700867,0.00012328126849999997,0.15,18.49872066961541,2.5907927881468553,19970.350325345993
67750,1261246183,0.5864441394805908,0.00012312563616666665,0.15,18.521411428684768,2.592855584425888,20009.15943622589
67800,1262176196,0.5560492277145386,0.000122970634,0.15,18.542407688013398,2.594764335273945,20014.11385035515
67850,1263107647,0.6342682838439941,0.00012281539216666665,0.15,18.47493900866771,2.5886308189697917,20019.094483613968
67900,1264040627,0.5759261250495911,0.00012265989549999998,0.15,18.505266080885416,2.5913878255350378,20024.071931362152
67950,1264975224,0.6640570759773254,0.00012250412933333333,0.15,18.537338596108455,2.5943035087371324,20051.710523843765
68000,1265899506,0.5522300004959106,0.0001223500823333333,0.15,18.428144190126805,2.584376744556982,20056.68563747406
68050,1266829956,0.5450522899627686,0.00012219500733333334,0.15,18.45508459448202,2.586825872225638,20061.67566394806
68100,1267765125,0.6068425178527832,0.00012203914583333331,0.15,18.548683975643137,2.5953349068766487,20066.688760519028
68150,1268692836,0.5589452981948853,0.00012188452733333332,0.15,18.400757680940952,2.581887061903723,20101.78429031372
68200,1269620011,0.5098831653594971,0.00012172999816666666,0.15,18.48582422840737,2.58962038440067,20106.75847554207
68250,1270556412,0.6836986541748047,0.00012157393133333333,0.15,18.573120177717833,2.5975563797925303,20111.711049556732
68300,1271491878,0.5838629603385925,0.0001214180203333333,0.15,18.554574845786142,2.595870440526013,20116.684740543365
68350,1272426563,0.5485314130783081,0.0001212622395,0.15,18.539084039113792,2.594462185373981,20121.682391166687
68400,1273359466,0.515272319316864,0.00012110675566666665,0.15,18.503738818255748,2.5912489834777954,20160.727989435196
68450,1274285288,0.5849040746688843,0.000120952452,0.15,18.458848393013795,2.587168035728527,20165.712307929993
68500,1275217883,0.5576410293579102,0.0001207970195,0.15,18.497629767737074,2.5906936152488247,20170.72789788246
68550,1276155120,0.6321499943733215,0.00012064081333333331,0.15,18.58970188626852,2.599063807842593,20175.741903305054
68600,1277084382,0.6352356672286987,0.0001204859363333333,0.15,18.43152111390999,2.584683737628181,20204.533782482147
68650,1278007146,0.5865153670310974,0.00012033214233333332,0.15,18.397878618709626,2.5816253289736024,20209.560777664185
68700,1278940566,0.621049165725708,0.00012017657233333331,0.15,18.513993295912094,2.5921812087192815,20214.577072381973
68750,1279873106,0.5484461188316345,0.00012002114900000001,0.15,18.49653886585874,2.5905944423507945,20219.588628292084
68800,1280806361,0.6143579483032227,0.0001198656065,0.15,18.51072059027709,2.59188369002519,20245.611686468124
68850,1281741299,0.6417693495750427,0.0001197097835,0.15,18.54410218775413,2.594918380704921,20250.628269672394
68900,1282667253,0.5778056383132935,0.00011955545783333333,0.15,18.46148018183268,2.5874072892575164,20255.629153728485
68950,1283598011,0.6480051279067993,0.00011940033149999998,0.15,18.461193645000694,2.5873812404546084,20260.71595978737
69000,1284529033,0.533869206905365,0.00011924516116666666,0.15,18.4664299740167,2.587857270365155,20265.716474294662
69050,1285460616,0.6228946447372437,0.00011908989733333333,0.15,18.477557173175715,2.588868833925065,20291.637303829193
69100,1286388990,0.5626314282417297,0.00011893516833333331,0.15,18.50972964351224,2.5917936039556584,20296.58434176445
69150,1287319814,0.5518779158592224,0.000118780031,0.15,18.462502727254694,2.587500247932245,20301.563948631287
69200,1288256798,0.6787735223770142,0.000118623867,0.15,18.584683737628183,2.598607612511653,20306.55724954605
69250,1289186632,0.6069818735122681,0.00011846889466666667,0.15,18.442866493444672,2.5857151357676975,20340.32677102089
69300,1290121009,0.5930321216583252,0.00011831316516666664,0.15,18.532974988595118,2.593906817145011,20345.316717147827
69350,1291050824,0.5858458280563354,0.00011815819599999998,0.15,18.53846000478507,2.594405454980461,20350.26889848709
69400,1291983045,0.5421407222747803,0.00011800282583333332,0.15,18.490211634964396,2.590019239542218,20355.242382526398
69450,1292917884,0.60648512840271,0.00011784701933333331,0.15,18.54213856437313,2.5947398694884662,20393.24019908905
69500,1293849676,0.6109874248504639,0.00011769172066666666,0.15,18.481702600313387,2.5892456909375805,20398.24805188179
69550,1294774090,0.6057636141777039,0.00011753765166666664,0.15,18.43077597894569,2.584615998085972,20403.228955984116
69600,1295703330,0.7037813067436218,0.00011738277833333331,0.15,18.431084753158657,2.5846440684689687,20408.218690395355
69650,1296636695,0.47389093041419983,0.00011722721749999999,0.15,18.51290239403376,2.592082035821251,20413.203474760056
69700,1297566903,0.5626170039176941,0.00011707218283333333,0.15,18.450284626217346,2.5863895114743043,20438.37589764595
69750,1298495343,0.6410568356513977,0.00011691744283333332,0.15,18.511045537921685,2.591913230720153,20443.360372543335
69800,1299428455,0.5109826922416687,0.00011676192416666666,0.15,18.50788424539342,2.5916258404903108,20448.30675148964
69850,1300363602,0.6453261375427246,0.00011660606633333333,0.15,18.548247614891803,2.5952952377174365,20453.288031339645
69900,1301294250,0.5717132091522217,0.00011645095833333331,0.15,18.459011841244024,2.5871828946585476,20487.10866689682
69950,1302224766,0.5937230587005615,0.00011629587233333335,0.15,18.45639367673602,2.5869448797032746,20492.079932451248
70000,1303151721,0.6564299464225769,0.00011614137983333331,0.15,18.48143791370923,2.5892216285190206,20497.03052663803
70050,1304080037,0.4869076609611511,0.0001159866605,0.15,18.412757601602635,2.582977963782058,20502.002948760986
70100,1305011136,0.5160353183746338,0.00011583147733333332,0.15,18.46795723664637,2.587996112422397,20535.998688936234
70150,1305943775,0.5065866112709045,0.00011567603749999998,0.15,18.49850248923974,2.590772953567249,20540.979523658752
70200,1306877110,0.5941850543022156,0.00011552048166666664,0.15,18.60864103995534,2.600785549086849,20545.93115234375
70250,1307811047,0.6091899275779724,0.0001153648255,0.15,18.52424777356844,2.593113433960767,20550.907485723495
70300,1308741299,0.6592254042625427,0.0001152097835,0.15,18.451157347720017,2.5864688497927286,20555.879855155945
70350,1309669494,0.5838396549224854,0.00011505508433333333,0.15,18.410357617470297,2.5827597834063907,20581.04510641098
70400,1310602771,0.6455479264259338,0.00011489953816666665,0.15,18.511156951028422,2.591923359184402,20586.041027784348
70450,1311532036,0.49567073583602905,0.00011474466066666665,0.15,18.527494218039717,2.593408565276338,20591.015867710114
70500,1312464807,0.6003546714782715,0.00011458919883333331,0.15,18.501120653747744,2.591010968522522,20595.996282339096
70550,1313402451,0.6371304988861084,0.00011443292483333333,0.15,18.597774560168197,2.5997976872880177,20621.623250961304
70600,1314336674,0.5882902145385742,0.00011427722099999997,0.15,18.52992046333578,2.5936291330305257,20626.647297382355
70650,1315266555,0.49496757984161377,0.00011412224083333334,0.15,18.539775899194513,2.5945250817449557,20631.620881557465
70700,1316202736,0.6788703203201294,0.00011396621066666665,0.15,18.568756570204496,2.5971596882004087,20636.62282037735
70750,1317133747,0.6216338872909546,0.00011381104216666664,0.15,18.466211793641033,2.5878374357855485,20666.539886951447
70800,1318064010,0.5968432426452637,0.00011365599833333333,0.15,18.45137552809568,2.5864886843723345,20671.511377334595
70850,1318994273,0.620823085308075,0.00011350095449999999,0.15,18.45137552809568,2.5864886843723345,20676.488078594208
70900,1319920139,0.5916935205459595,0.00011334664349999999,0.15,18.459725655953424,2.587247786904857,20681.435780525208
70950,1320851711,0.5631898045539856,0.00011319138149999997,0.15,18.477338992800046,2.588848999345459,20686.408565044403
71000,1321781699,0.6458168029785156,0.00011303638349999999,0.15,18.44592101870401,2.5859928198821827,20724.35554742813
71050,1322711753,0.5251896977424622,0.0001128813745,0.15,18.44723010095801,2.586111827359819,20729.329533815384
71100,1323638554,0.5576837062835693,0.00011272690766666667,0.15,18.478367493420528,2.5889424994018664,20734.296483278275
71150,1324569598,0.5172418355941772,0.00011257173366666665,0.15,18.466866334768035,2.587896939524367,20739.282905817032
71200,1325500873,0.5038769245147705,0.00011241652116666666,0.15,18.47144812265704,2.5883134656960944,20765.660977363586
71250,1326425933,0.5310829281806946,0.0001122623445,0.15,18.34817621040522,2.5771069282186563,20770.64100241661
71300,1327354109,0.585514485836029,0.00011210764849999999,0.15,18.505781960283915,2.591434723662174,20775.615245580673
71350,1328287067,0.6015084981918335,0.00011195215549999998,0.15,18.504829720134083,2.5913481563758256,20780.5653693676
71400,1329217176,0.5123807787895203,0.00011179713733333332,0.15,18.448321002836344,2.5862110002578493,20805.592339992523
71450,1330147351,0.6096071004867554,0.00011164210816666665,0.15,18.449630085090348,2.5863300077354863,20810.563307762146
71500,1331081772,0.52352374792099,0.00011148637133333333,0.15,18.533847710097785,2.593986155463435,20815.53756904602
71550,1332007374,0.635442852973938,0.00011133210433333334,0.15,18.454462078315654,2.5867692798468775,20820.488043785095
71600,1332943786,0.6486405730247498,0.00011117603566666666,0.15,18.5733383580935,2.5975762143721366,20825.46118760109
71650,1333875325,0.6098309755325317,0.00011102077916666667,0.15,18.476684451673048,2.588789495606641,20850.50141644478
71700,1334807513,0.6314980983734131,0.0001108654145,0.15,18.489557093837398,2.5899597358034,20855.47374677658
71750,1335732994,0.5922511219978333,0.00011071116766666665,0.15,18.45204960523168,2.586549964111971,20860.42156600952
71800,1336663059,0.6237632036209106,0.00011055615683333334,0.15,18.447448281333678,2.5861316619394255,20865.396379470825
71850,1337597678,0.6069473028182983,0.000110400387,0.15,18.53777495685979,2.5943431778963446,20891.19110560417
71900,1338530020,0.5125616788864136,0.00011024499666666666,0.15,18.492611619096735,2.590237419917885,20896.183062314987
71950,1339464683,0.4115442633628845,0.00011008921949999999,0.15,18.53864767836246,2.594422516214769,20901.16972875595
72000,1340388899,0.49325767159461975,0.0001099351835,0.15,18.42682829571736,2.5842571177924873,20906.130042552948
72050,1341316643,0.6348322033882141,0.00010978055949999998,0.15,18.401412222067954,2.581946565642541,20931.650571107864
72100,1342251251,0.6229656338691711,0.00010962479149999997,0.15,18.537556776484124,2.5943233433167383,20936.62344431877
72150,1343181943,0.6170405745506287,0.00010946967616666665,0.15,18.459884562746694,2.5872622329769723,20941.593441724777
72200,1344111890,0.6148878335952759,0.00010931468499999999,0.15,18.541091793603957,2.594644708509451,20946.54338169098
72250,1345043660,0.5670925974845886,0.00010915938999999998,0.15,18.481266239562053,2.5892060217783683,20951.514461517334
72300,1345979104,0.57743901014328,0.00010900348266666666,0.15,18.55413848503481,2.595830771366801,20976.846166610718
72350,1346913426,0.611859142780304,0.00010884776233333334,0.15,18.531884086716783,2.59380764424698,20981.815608024597
72400,1347844525,0.6119839549064636,0.00010869257916666665,0.15,18.46795723664637,2.587996112422397,20986.793930768967
72450,1348772998,0.5958296656608582,0.00010853783366666667,0.15,18.511703485126407,2.5919730441024007,20991.748054504395
72500,1349707474,0.6041236519813538,0.00010838208766666664,0.15,18.53493861197612,2.5940853283614653,21017.00549030304
72550,1350637308,0.6076733469963074,0.00010822711533333333,0.15,18.442866493444672,2.5857151357676975,21021.99360513687
72600,1351571135,0.4706411063671112,0.00010807147749999999,0.15,18.52206596981177,2.5929150881647063,21026.97329568863
72650,1352501764,0.5238049626350403,0.00010791637266666667,0.15,18.554689369168194,2.5958808517425633,21031.92702794075
72700,1353437890,0.5862308144569397,0.00010776035166666666,0.15,18.56766566832616,2.597060515302378,21058.137121915817
72750,1354369022,0.6025417447090149,0.000107605163,0.15,18.46861177777337,2.588055616161215,21063.124245882034
72800,1355302794,0.6159998774528503,0.00010744953433333332,0.15,18.520975067933435,2.592815915266676,21068.10732793808
72850,1356230673,0.679548978805542,0.00010729488783333331,0.15,18.499860435441423,2.5908964032219477,21073.080839395523
72900,1357164896,0.56539386510849,0.00010713918399999997,0.15,18.52992046333578,2.5936291330305257,21078.032319784164
72950,1358096325,0.5188318490982056,0.00010698394583333334,0.15,18.474502647916378,2.5885911498105796,21103.083775281906
73000,1359028788,0.6372745037078857,0.00010682853533333333,0.15,18.49501160322907,2.5904556002935517,21108.057722091675
73050,1359958897,0.5573790669441223,0.00010667351716666664,0.15,18.448321002836344,2.5862110002578493,21113.02982735634
73100,1360885742,0.533451497554779,0.000106519043,0.15,18.479244756360156,2.589022250578196,21117.981266498566
73150,1361816159,0.6557363867759705,0.0001063639735,0.15,18.45443005335502,2.58676636848682,21143.29362487793
73200,1362745839,0.6164366602897644,0.00010620902683333334,0.15,18.439811968185335,2.5854374516532124,21148.266438007355
73250,1363681811,0.5716602802276611,0.00010605303149999999,0.15,18.564611143066823,2.596782831187893,21153.236716508865
73300,1364604531,0.614294171333313,0.00010589924483333332,0.15,18.397001355769998,2.5815455777972725,21158.25444817543
73350,1365536147,0.5517683029174805,0.0001057439755,0.15,18.478211714302716,2.588928337663883,21184.299545049667
73400,1366466344,0.5743165612220764,0.00010558894266666667,0.15,18.45006644584168,2.5863696768946984,21189.29149413109
73450,1367394671,0.5850945115089417,0.0001054342215,0.15,18.4129757819783,2.5829977983616637,21194.278170347214
73500,1368327827,0.5622608661651611,0.0001052786955,0.15,18.508756966896087,2.591705178808735,21199.27306818962
73550,1369256080,0.6493149399757385,0.00010512398666666667,0.15,18.507317170428262,2.5915742882207513,21204.23413014412
73600,1370188532,0.5019590854644775,0.00010496857800000001,0.15,18.4947934228534,2.5904357657139454,21229.983769655228
73650,1371120665,0.5366502404212952,0.00010481322249999998,0.15,18.488466191959063,2.5898605629053693,21234.956146478653
73700,1372050136,0.6277179718017578,0.00010465831066666667,0.15,18.435666541047663,2.5850605946406966,21239.956023454666
73750,1372979412,0.5849566459655762,0.00010450343133333331,0.15,18.527713533774623,2.5934285030704203,21244.90567803383
73800,1373910412,0.5436806678771973,0.00010434826466666666,0.15,18.46599361326537,2.5878176012059426,21270.28712940216
73850,1374843689,0.5661328434944153,0.00010419271849999998,0.15,18.511156951028422,2.591923359184402,21275.264390707016
73900,1375772940,0.6037207245826721,0.00010403784333333334,0.15,18.431302933534322,2.584663903048575,21280.24436855316
73950,1376706052,0.623127281665802,0.00010388232466666667,0.15,18.50788424539342,2.5916258404903108,21285.217882871628
74000,1377633568,0.629378080368042,0.00010372773866666667,0.15,18.492623016189487,2.590238456017226,21310.272448062897
74050,1378568495,0.633793294429779,0.0001035719175,0.15,18.543884007378463,2.594898546125315,21315.25779414177
74100,1379497779,0.6753578782081604,0.00010341703683333332,0.15,18.431957474661324,2.584723406787393,21320.24067735672
74150,1380425435,0.5964585542678833,0.00010326242749999999,0.15,18.399666779062617,2.5817878890056924,21325.236213445663
74200,1381352511,0.5762180089950562,0.00010310791483333333,0.15,18.483850386793204,2.5894409442539277,21330.19976758957
74250,1382287328,0.5689887404441833,0.000102952112,0.15,18.541702203621796,2.594700200329254,21355.921681165695
74300,1383221287,0.5873901844024658,0.00010279645216666664,0.15,18.524684134319774,2.5931531031199793,21360.89766573906
74350,1384154333,0.6769559979438782,0.00010264094449999999,0.15,18.506575163139416,2.5915068330126743,21365.870275735855
74400,1385077911,0.6479642391204834,0.00010248701483333334,0.15,18.41410798309275,2.583100725735705,21370.842883348465
74450,1386008746,0.5220301747322083,0.00010233187566666667,0.15,18.462720907630363,2.587520082511851,21396.054262638092
74500,1386939647,0.5861541032791138,0.00010217672549999998,0.15,18.464029989884363,2.5876390899894877,21401.027137041092
74550,1387868502,0.6076080203056335,0.00010202191633333333,0.15,18.423448440010315,2.583949858182756,21405.998252153397
74600,1388800679,0.6361527442932129,0.0001018665535,0.15,18.48933891346173,2.5899399012237936,21410.97161412239
74650,1389728184,0.580638587474823,0.00010171196933333332,0.15,18.49240370045458,2.5902185182231436,21436.06504869461
74700,1390661076,0.5871788263320923,0.00010155648733333333,0.15,18.50352063788008,2.591229148898189,21441.039637088776
74750,1391593176,0.6209710240364075,0.00010140113733333333,0.15,18.48781165083206,2.589801059166551,21446.01345896721
74800,1392528180,0.5053954720497131,0.00010124530333333332,0.15,18.54541127000813,2.5950373881825572,21450.993089914322
74850,1393454662,0.5185642242431641,0.00010109088966666665,0.15,18.472007337108224,2.5883643033734747,21455.947252750397
74900,1394384793,0.6565493941307068,0.00010093586783333333,0.15,18.448757363587678,2.5862506694170615,21482.118181943893
74950,1395317421,0.5716490745544434,0.00010078042983333331,0.15,18.498284308864072,2.5907531189876427,21487.106808185577
75000,1396251369,0.5720897912979126,0.00010062477183333333,0.15,18.524465953944105,2.5931332685403734,21492.10625386238
75050,1397180642,0.5516228079795837,0.00010046989299999999,0.15,18.43173929428566,2.584703572207787,21497.09416627884
75100,1398108290,0.5280981063842773,0.000100315285,0.15,18.495254805008376,2.590477709546216,21522.431171417236
75150,1399041512,0.5894491672515869,0.00010015974799999998,0.15,18.510066049150087,2.5918241862863716,21527.414986133575
75200,1399972809,0.5746591687202454,0.00010000453183333334,0.15,18.471884483408374,2.5883531348553066,21532.39962887764
75250,1400906438,0.607504665851593,9.9848927e-05,0.15,18.518138723049766,2.592558065731797,21537.384664535522
75300,1401832238,0.5918229222297668,9.969462699999999e-05,0.15,18.458409761543983,2.587128160140362,21563.165967702866
75350,1402762699,0.6354027390480042,9.953955016666667e-05,0.15,18.455302774857685,2.586845706805244,21568.140768766403
75400,1403693413,0.5682237148284912,9.938443116666667e-05,0.15,18.460320923498028,2.5873019021361845,21573.114384651184
75450,1404627295,0.616905152797699,9.922878416666664e-05,0.15,18.523156871690105,2.593014261062737,21578.090413808823
75500,1405556755,0.4925605356693268,9.907387416666664e-05,0.15,18.435448360671995,2.5850407600610903,21583.0638320446
75550,1406485855,0.5839545726776123,9.891902416666665e-05,0.15,18.52420448201611,2.593109498365101,21608.152480125427
75600,1407416668,0.5866649150848389,9.876388866666665e-05,0.15,18.46228454687903,2.587480413352639,21613.13717007637
75650,1408355269,0.5487631559371948,9.860745516666666e-05,0.15,18.61675625285122,2.6015232957137475,21618.109545707703
75700,1409285521,0.47142937779426575,9.845241316666666e-05,0.15,18.451157347720017,2.5864688497927286,21623.08802652359
75750,1410215743,0.5175324082374573,9.829737616666665e-05,0.15,18.546574686976633,2.595143153361512,21648.34213924408
75800,1411147381,0.5900120735168457,9.814210316666667e-05,0.15,18.47864807505405,2.5889680068230954,21653.315053462982
75850,1412078964,0.647818386554718,9.798683933333334e-05,0.15,18.477557173175715,2.588868833925065,21658.287446975708
75900,1413008941,0.6452257633209229,9.783184316666667e-05,0.15,18.44570283832834,2.5859729853025764,21663.26226210594
75950,1413936380,0.6369554400444031,9.767727e-05,0.15,18.49108780604514,2.590098891458649,21668.24359726906
76000,1414870174,0.5245323181152344,9.752163766666665e-05,0.15,18.521411428684768,2.592855584425888,21694.262490987778
76050,1415803572,0.6074103116989136,9.736607133333334e-05,0.15,18.51355693516076,2.5921415395600693,21699.24977016449
76100,1416732889,0.6245388984680176,9.721118516666666e-05,0.15,18.432612015788326,2.5847829105262115,21704.22687983513
76150,1417664318,0.6472460031509399,9.705594699999998e-05,0.15,18.474502647916378,2.5885911498105796,21709.209294319153
76200,1418589700,0.5513082146644592,9.690171666666666e-05,0.15,18.450075763617512,2.5863705239652286,21734.436329364777
76250,1419521998,0.5912187695503235,9.674633366666667e-05,0.15,18.491738897594065,2.5901580815994603,21739.408520936966
76300,1420458102,0.6487782597541809,9.659031633333334e-05,0.15,18.567229307574827,2.5970208461431663,21744.38165831566
76350,1421389773,0.5039390325546265,9.643503783333333e-05,0.15,18.47930261618105,2.589027510561914,21749.35543370247
76400,1422316079,0.5124562978744507,9.62806535e-05,0.15,18.46849828534971,2.5880452986681557,21774.558562278748
76450,1423248333,0.5653668642044067,9.612527783333333e-05,0.15,18.490866176091398,2.5900787432810364,21779.53439474106
76500,1424179091,0.6314281225204468,9.59701515e-05,0.15,18.461193645000694,2.5873812404546084,21784.50893855095
76550,1425107330,0.5410372018814087,9.581544499999997e-05,0.15,18.411230338972967,2.582839121724815,21789.487517118454
76600,1426040618,0.6510135531425476,9.565989699999998e-05,0.15,18.51137513140409,2.591943193764008,21794.46563386917
76650,1426966396,0.5521484613418579,9.550560066666668e-05,0.15,18.457971130074167,2.587088284552197,21819.685124635696
76700,1427901345,0.6569296717643738,9.534977583333333e-05,0.15,18.544320368129796,2.594938215284527,21824.674066781998
76750,1428838186,0.5911592841148376,9.519363566666665e-05,0.15,18.58184739274451,2.5983497629767736,21829.66507768631
76800,1429770319,0.5906495451927185,9.503828016666667e-05,0.15,18.488466191959063,2.5898605629053693,21834.652136564255
76850,1430696537,0.5029582381248474,9.488391049999999e-05,0.15,18.466743759470454,2.5878857963154958,21860.39271235466
76900,1431631552,0.6032084822654724,9.472807466666665e-05,0.15,18.5456294503838,2.5950572227621636,21865.38434457779
76950,1432559846,0.6086049675941467,9.457335899999998e-05,0.15,18.4123212408513,2.582938294622845,21870.376755475998
77000,1433490934,0.6217011213302612,9.441817766666665e-05,0.15,18.467739056270702,2.5879762778427913,21875.36945915222
77050,1434418128,0.5957103371620178,9.426364533333332e-05,0.15,18.390503203284606,2.580954836662237,21900.464156150818
77100,1435348218,0.49485525488853455,9.410863033333334e-05,0.15,18.54394289815775,2.5949038998325227,21905.418147802353
77150,1436279053,0.5542347431182861,9.395349116666666e-05,0.15,18.462720907630363,2.587520082511851,21910.394637346268
77200,1437210955,0.62288898229599,9.379817416666666e-05,0.15,18.483884404070057,2.5894440367336418,21915.371146202087
77250,1438141196,0.5970731377601624,9.364313399999999e-05,0.15,18.450939167344348,2.5864490152131228,21920.35699915886
77300,1439067678,0.5704135298728943,9.348872033333332e-05,0.15,18.472007337108224,2.5883643033734747,21945.515878915787
77350,1440005487,0.5550132989883423,9.333241883333334e-05,0.15,18.601047265803203,2.600095205982109,21950.50875711441
77400,1440937906,0.6102458238601685,9.317701566666666e-05,0.15,18.494138881726403,2.5903762619751274,21955.496631860733
77450,1441871986,0.6561999320983887,9.302133566666668e-05,0.15,18.52708411845211,2.5933712834956464,21960.49084162712
77500,1442802021,0.6222008466720581,9.286632983333334e-05,0.15,18.542846319483214,2.5948042108621103,21986.406240940094
77550,1443731008,0.6083617210388184,9.271149866666668e-05,0.15,18.42606660451832,2.584187873138029,21991.37890434265
77600,1444662998,0.6411687731742859,9.2556167e-05,0.15,18.48562984707539,2.58960271337049,21996.374473810196
77650,1445596594,0.6295592188835144,9.240056766666665e-05,0.15,18.517484181922764,2.592498561992979,22001.368050813675
77700,1446529992,0.55166095495224,9.224500133333334e-05,0.15,18.51355693516076,2.5921415395600693,22026.371804714203
77750,1447456760,0.5691123008728027,9.209053999999999e-05,0.15,18.477709546215806,2.588882686019619,22031.336058855057
77800,1448388211,0.5523860454559326,9.193529816666664e-05,0.15,18.47493900866771,2.5886308189697917,22036.323318004608
77850,1449320817,0.5664398670196533,9.177986383333333e-05,0.15,18.49784794811274,2.590713449828431,22041.31242084503
77900,1450250651,0.6014877557754517,9.16248915e-05,0.15,18.442866493444672,2.5857151357676975,22046.301308870316
77950,1451176594,0.5870389342308044,9.147056766666665e-05,0.15,18.461260866097774,2.587387351463434,22071.214569330215
78000,1452109629,0.5364135503768921,9.131506183333331e-05,0.15,18.50635698276375,2.5914869984330684,22076.20393538475
78050,1453041201,0.5984074473381042,9.115979983333334e-05,0.15,18.477338992800046,2.588848999345459,22081.193469285965
78100,1453971563,0.5883212685585022,9.100473949999998e-05,0.15,18.453339151476683,2.5866671955887894,22086.181929826736
78150,1454906567,0.5270864367485046,9.084890549999998e-05,0.15,18.54541127000813,2.5950373881825572,22111.268806934357
78200,1455832191,0.5473001599311829,9.069463483333332e-05,0.15,18.45490070978547,2.5868091554350428,22116.242260694504
78250,1456765534,0.5437286496162415,9.053907766666667e-05,0.15,18.512466033282426,2.5920423666620387,22121.236394166946
78300,1457694389,0.544316828250885,9.038426849999999e-05,0.15,18.423448440010315,2.583949858182756,22126.2288813591
78350,1458625785,0.549794614315033,9.022903583333334e-05,0.15,18.473848106789376,2.5885316460717616,22151.961522579193
78400,1459554269,0.5504592061042786,9.007428849999998e-05,0.15,18.511922800861313,2.591992981896483,22156.92537164688
78450,1460491308,0.6512455940246582,8.991811533333331e-05,0.15,18.585774639506514,2.598706785409683,22161.911628246307
78500,1461424002,0.5131253004074097,8.976266633333332e-05,0.15,18.499593391118076,2.5908721264652796,22166.899259328842
78550,1462357466,0.5461139678955078,8.9607089e-05,0.15,18.51486601741476,2.5922605470377054,22171.885308265686
78600,1463287630,0.6248030662536621,8.945206166666666e-05,0.15,18.44941190471468,2.58631017315588,22196.87362217903
78650,1464218589,0.5917447209358215,8.929690183333333e-05,0.15,18.56126884121541,2.596478985565037,22201.83694577217
78700,1465151756,0.5627139210700989,8.914137399999998e-05,0.15,18.508975147271755,2.5917250133883414,22206.821228981018
78750,1466081326,0.5736269354820251,8.898644566666666e-05,0.15,18.437630164428665,2.5852391058571516,22211.805715560913
78800,1467013877,0.5130546689033508,8.88310205e-05,0.15,18.496757046234404,2.5906142769304004,22237.306084632874
78850,1467942427,0.5032257437705994,8.867626216666666e-05,0.15,18.513238695270754,2.592112608660978,22242.265989542007
78900,1468871766,0.6373757123947144,8.852137233333334e-05,0.15,18.43304837653966,2.5848225796854236,22247.247760295868
78950,1469803954,0.5861804485321045,8.836600766666666e-05,0.15,18.489557093837398,2.5899597358034,22252.24384188652
79000,1470740751,0.545019268989563,8.820987483333333e-05,0.15,18.580974671241844,2.5982704246583492,22277.93318271637
79050,1471666078,0.511867344379425,8.805565366666665e-05,0.15,18.448979184942978,2.5862708349948162,22282.921706199646
79100,1472599828,0.5402440428733826,8.790002866666664e-05,0.15,18.5205387071821,2.592776246107464,22287.898156404495
79150,1473531345,0.5565519332885742,8.774477583333332e-05,0.15,18.476248090921715,2.5887498264474287,22292.912977218628
79200,1474461839,0.6072333455085754,8.758969349999998e-05,0.15,18.455957315984687,2.5869052105440624,22297.90478539467
79250,1475395633,0.5913411378860474,8.743406116666665e-05,0.15,18.521411428684768,2.592855584425888,22323.50150990486
79300,1476321774,0.7121854424476624,8.727970433333332e-05,0.15,18.465208549326103,2.5877462317569186,22328.466762542725
79350,1477257163,0.6339936256408691,8.712380616666667e-05,0.15,18.553047583156474,2.5957315984687703,22333.45074558258
79400,1478191166,0.5863686800003052,8.6968139e-05,0.15,18.52555685582244,2.5932324414384036,22338.437944173813
79450,1479123211,0.621392011642456,8.681279816666667e-05,0.15,18.486720748953726,2.5897018862685206,22364.225749731064
79500,1480050859,0.5663742423057556,8.665819016666667e-05,0.15,18.495254805008376,2.590477709546216,22369.19003033638
79550,1480980308,0.676439106464386,8.650328199999999e-05,0.15,18.43523018029633,2.5850209254814844,22374.17969584465
79600,1481915334,0.6279914975166321,8.634744433333332e-05,0.15,18.545847630759464,2.5950770573417694,22379.171300649643
79650,1482847104,0.567395806312561,8.619214933333334e-05,0.15,18.481266239562053,2.5892060217783683,22404.50644302368
79700,1483777939,0.5911714434623718,8.603701016666667e-05,0.15,18.462720907630363,2.587520082511851,22409.47972893715
79750,1484703794,0.5754595994949341,8.588270099999999e-05,0.15,18.459506340218518,2.5872278491107745,22414.444177865982
79800,1485633793,0.5087355375289917,8.572770116666665e-05,0.15,18.446139199079674,2.5860126544617885,22419.43362569809
79850,1486564936,0.5027217864990234,8.557251066666665e-05,0.15,18.468829958149037,2.5880754507408215,22424.42311191559
79900,1487500996,0.5381921529769897,8.541650066666664e-05,0.15,18.566356586072157,2.5969415078247415,22449.499334573746
79950,1488427170,0.6846386194229126,8.526213833333333e-05,0.15,18.465866496530825,2.587806045139166,22454.4671998024
80000,1489358478,0.628525972366333,8.510692033333333e-05,0.15,18.472102663784042,2.588372969434913,22459.458466529846
80050,1490291887,0.5125030279159546,8.495135216666666e-05,0.15,18.513775115536426,2.592161374139675,22464.45379114151
80100,1491223833,0.5519614219665527,8.479602783333333e-05,0.15,18.484757125572724,2.5895233750520656,22490.40803384781
80150,1492153260,0.6201306581497192,8.464112333333331e-05,0.15,18.434793819544996,2.5849812563222723,22495.39948630333
80200,1493081183,0.5678377747535706,8.44864695e-05,0.15,18.50073769838105,2.590976154398277,22500.37431359291
80250,1494017012,0.5693716406822205,8.4330498e-05,0.15,18.56177479818315,2.5965249816530136,22505.356743097305
80300,1494947319,0.653525710105896,8.417544683333331e-05,0.15,18.452248249598348,2.586568022690759,22530.270487070084
80350,1495879188,0.6420698165893555,8.402013533333334e-05,0.15,18.483229862943055,2.5893845329948233,22535.2602725029
80400,1496807364,0.5773561596870422,8.386543933333333e-05,0.15,18.505781960283915,2.591434723662174,22540.22288107872
80450,1497742962,0.5906420350074768,8.370950633333331e-05,0.15,18.557193010294146,2.596108455481286,22545.20964717865
80500,1498673709,0.5462853312492371,8.355438183333332e-05,0.15,18.460975464625026,2.5873614058750025,22550.195229291916
80550,1499610594,0.517918586730957,8.339823433333333e-05,0.15,18.582720114247177,2.598429101295198,22575.195729017258
80600,1500538484,0.6262022852897644,8.324358599999999e-05,0.15,18.50007975117633,2.59091634101603,22580.18726491928
80650,1501473224,0.6692060232162476,8.308779599999999e-05,0.15,18.540174940992127,2.5945613582720117,22585.151007413864
80700,1502406248,0.5745823979377747,8.293229199999998e-05,0.15,18.506138802388083,2.591467163853462,22590.139539957047
80750,1503336665,0.5803775787353516,8.27772225e-05,0.15,18.45443005335502,2.58676636848682,22615.70465016365
80800,1504268930,0.6511547565460205,8.262184499999999e-05,0.15,18.491084356467066,2.5900985778606422,22620.695060491562
80850,1505197216,0.603701114654541,8.246713066666666e-05,0.15,18.507975117632984,2.5916341016029985,22625.660974740982
80900,1506128777,0.5620774030685425,8.231187049999998e-05,0.15,18.47712081242438,2.588829164765853,22630.648022174835
80950,1507060745,0.6353433728218079,8.21565425e-05,0.15,18.485193486324057,2.589563044211278,22656.338544607162
81000,1507993241,0.5462642312049866,8.20011265e-05,0.15,18.495666144356072,2.59051510403237,22661.30530810356
81050,1508918964,0.5246180891990662,8.184683933333332e-05,0.15,18.456874551399633,2.5869885955817846,22666.25594162941
81100,1509851504,0.6147224307060242,8.169141599999998e-05,0.15,18.49653886585874,2.5905944423507945,22671.2416036129
81150,1510783164,0.5404458045959473,8.153613933333332e-05,0.15,18.479084435805383,2.5890076759823075,22676.218242406845
81200,1511712723,0.5607504844665527,8.138121283333333e-05,0.15,18.437411984052996,2.5852192712775452,22701.33146238327
81250,1512641666,0.5949577689170837,8.122638899999999e-05,0.15,18.42519388301565,2.5841085348196042,22706.31779050827
81300,1513569050,0.6103806495666504,8.107182499999998e-05,0.15,18.489991227370602,2.5899992024882366,22711.283049106598
81350,1514502074,0.5100310444831848,8.0916321e-05,0.15,18.506138802388083,2.591467163853462,22716.27113008499
81400,1515436583,0.6379801034927368,8.076056949999998e-05,0.15,18.53559315310312,2.594144832100284,22741.303772211075
81450,1516366978,0.501524031162262,8.060550366666665e-05,0.15,18.453993692603685,2.586726699327608,22746.290706157684
81500,1517294835,0.5451461672782898,8.045086083333334e-05,0.15,18.499421803971607,2.5908565276337825,22751.256627559662
81550,1518223459,0.6430414319038391,8.029609016666665e-05,0.15,18.41886665212131,2.583533332011028,22756.241775274277
81600,1519158133,0.6780573725700378,8.014031116666665e-05,0.15,18.538865858738124,2.594442350794375,22782.169174432755
81650,1520089254,0.48143962025642395,7.998512433333334e-05,0.15,18.468393597397704,2.5880357815816093,22787.157606363297
81700,1521020309,0.5867816209793091,7.98299485e-05,0.15,18.4670845151437,2.587916774103973,22792.146413564682
81750,1521946857,0.5486908555030823,7.967552383333332e-05,0.15,18.473323231517664,2.5884839301379694,22797.114027023315
81800,1522873424,0.559383749961853,7.952109599999998e-05,0.15,18.37806692187159,2.57982426562469,22802.10343146324
81850,1523800893,0.5319681167602539,7.936651783333333e-05,0.15,18.395957712676278,2.581450701152389,22827.283675193787
81900,1524733587,0.5869928002357483,7.921106883333333e-05,0.15,18.499593391118076,2.5908721264652796,22832.260416030884
81950,1525663347,0.4861203134059906,7.905610883333333e-05,0.15,18.537363426110534,2.5943057660100486,22837.22471690178
82000,1526595381,0.6333196759223938,7.89007698333333e-05,0.15,18.486502568578057,2.5896820516889143,22842.21025943756
82050,1527524632,0.5398221611976624,7.874589466666667e-05,0.15,18.431302933534322,2.584663903048575,22867.560945510864
82100,1528458756,0.47621360421180725,7.859020733333333e-05,0.15,18.527956839954776,2.5934506218140707,22872.54078745842
82150,1529389165,0.5942054986953735,7.843513916666667e-05,0.15,18.550303054470053,2.595482095860914,22877.53008389473
82200,1530320726,0.5679789185523987,7.827987899999998e-05,0.15,18.47712081242438,2.588829164765853,22882.497092962265
82250,1531255103,0.6734564900398254,7.812414949999998e-05,0.15,18.532974988595118,2.593906817145011,22908.252371788025
82300,1532184992,0.6368566155433655,7.7969168e-05,0.15,18.443957395323007,2.585814308665728,22913.240228176117
82350,1533114232,0.597523033618927,7.781429466666665e-05,0.15,18.431084753158657,2.5846440684689687,22918.232437849045
82400,1534040505,0.6851983666419983,7.765991583333333e-05,0.15,18.46784033814499,2.587985485285908,22923.201518774033
82450,1534973155,0.5916308164596558,7.750447416666667e-05,0.15,18.49872066961541,2.5907927881468553,22928.191227197647
82500,1535906179,0.7151519656181335,7.734897016666665e-05,0.15,18.506138802388083,2.591467163853462,22953.798280000687
82550,1536835452,0.6232216358184814,7.719409133333335e-05,0.15,18.43173929428566,2.584703572207787,22958.787350654602
82600,1537767753,0.557370662689209,7.703870783333333e-05,0.15,18.588025360874074,2.5989113964430977,22963.751883029938
82650,1538703824,0.6796553730964661,7.6882696e-05,0.15,18.566574766447825,2.596961342404348,22968.740864276886
82700,1539633856,0.6669774055480957,7.672769066666668e-05,0.15,18.446793740206676,2.586072158200607,22993.99090576172
82750,1540567210,0.580413281917572,7.657213166666668e-05,0.15,18.51268421365809,2.5920622012416445,22998.969205856323
82800,1541501697,0.5817508101463318,7.641638383333333e-05,0.15,18.535156792351785,2.594105162941071,23003.95469713211
82850,1542429312,0.6797657608985901,7.626178133333333e-05,0.15,18.494596857803653,2.5904178961639683,23008.917776346207
82900,1543358057,0.5517013072967529,7.610699049999999e-05,0.15,18.421266636253645,2.5837515123866948,23033.951127529144
82950,1544289431,0.576853334903717,7.595176149999998e-05,0.15,18.473411746038042,2.5884919769125494,23038.91839981079
83000,1545223280,0.571902334690094,7.579611999999999e-05,0.15,18.522502330563103,2.5929547573239184,23043.901485919952
83050,1546148695,0.5640722513198853,7.564188416666664e-05,0.15,18.450733710822234,2.5864303373474757,23048.87511062622
83100,1547079596,0.666335940361023,7.5486734e-05,0.15,18.464029989884363,2.5876390899894877,23053.86199116707
83150,1548011300,0.534900963306427,7.533144999999999e-05,0.15,18.47995715730805,2.589087014300732,23079.614252328873
83200,1548944082,0.5444226264953613,7.517598633333331e-05,0.15,18.50133883412341,2.5910308031021283,23084.598542928696
83250,1549873333,0.6298317909240723,7.502111116666666e-05,0.15,18.431302933534322,2.584663903048575,23089.59667134285
83300,1550803808,0.5589823126792908,7.486603199999999e-05,0.15,18.551618948879497,2.5956017226254087,23094.573172569275
83350,1551737008,0.5371012091636658,7.471049866666666e-05,0.15,18.509629688398753,2.5917845171271594,23120.314682006836
83400,1552666193,0.626327395439148,7.455563449999998e-05,0.15,18.429993851280322,2.5845448955709385,23125.31101679802
83450,1553598326,0.676366925239563,7.4400279e-05,0.15,18.488466191959063,2.5898605629053693,23130.306077241898
83500,1554526293,0.5566474199295044,7.424561783333334e-05,0.15,18.50161496132068,2.591055905574607,23135.269952774048
83550,1555460494,0.622853696346283,7.408991766666667e-05,0.15,18.529484102584444,2.593589463871313,23160.700967550278
83600,1556389514,0.5851465463638306,7.393508099999999e-05,0.15,18.426721145645317,2.584247376876847,23165.67508125305
83650,1557323506,0.5840640068054199,7.377941566666668e-05,0.15,18.525338675446775,2.5932126068587977,23170.64532995224
83700,1558250901,0.5459729433059692,7.362484983333332e-05,0.15,18.490210543105512,2.5900191402823194,23175.61590528488
83750,1559184871,0.5696344375610352,7.346918816666667e-05,0.15,18.52490231469544,2.593172937699585,23180.563946962357
83800,1560119457,0.5910624265670776,7.331342383333333e-05,0.15,18.53712041573279,2.5942836741575266,23205.549748659134
83850,1561052327,0.6606046557426453,7.315794550000001e-05,0.15,18.503084277128746,2.591189479738977,23210.55241584778
83900,1561985912,0.6240715980529785,7.300234799999998e-05,0.15,18.517266001547096,2.5924787274133725,23215.540832042694
83950,1562917905,0.5301379561424255,7.284701583333332e-05,0.15,18.581884520296676,2.5983531382087888,23220.50688147545
84000,1563848333,0.6510961651802063,7.269194449999999e-05,0.15,18.454648233730687,2.586786203066426,23245.57238483429
84050,1564774053,0.6330270171165466,7.253765783333331e-05,0.15,18.361267032945236,2.5782970029950216,23250.560336112976
84100,1565710498,0.5980664491653442,7.238158366666666e-05,0.15,18.5739928992205,2.5976357181109546,23255.548842668533
84150,1566640632,0.5205364227294922,7.222656133333333e-05,0.15,18.544820161097377,2.5949836510088526,23260.52364373207
84200,1567571390,0.5758855938911438,7.207143499999998e-05,0.15,18.461193645000694,2.5873812404546084,23286.414409399033
84250,1568501763,0.6178515553474426,7.191637283333332e-05,0.15,18.453557331852352,2.5866870301683957,23291.404046297073
84300,1569438076,0.6552022099494934,7.176032066666667e-05,0.15,18.5713747347125,2.5973977031556816,23296.38959980011
84350,1570368823,0.579987108707428,7.160519616666664e-05,0.15,18.460975464625026,2.5873614058750025,23301.37798142433
84400,1571293237,0.5372889041900635,7.145112716666666e-05,0.15,18.43077597894569,2.584615998085972,23306.341126918793
84450,1572221322,0.637035608291626,7.129644633333333e-05,0.15,18.40817581371363,2.58256143761033,23331.26778769493
84500,1573150914,0.5579679608345032,7.114151433333332e-05,0.15,18.438066525179998,2.5852787750163633,23336.250550031662
84550,1574089394,0.6806595325469971,7.0985101e-05,0.15,18.614356268718886,2.6013051153380804,23341.23669409752
84600,1575017999,0.5347955226898193,7.083033350000001e-05,0.15,18.514335273945292,2.59221229763139,23346.1982524395
84650,1575954312,0.5921510457992554,7.067428133333333e-05,0.15,18.5713747347125,2.5973977031556816,23371.079122066498
84700,1576888315,0.6553474068641663,7.051861416666667e-05,0.15,18.52555685582244,2.5932324414384036,23376.048039913177
84750,1577821988,0.5273109674453735,7.0363002e-05,0.15,18.519011444552433,2.592637404050221,23381.03851366043
84800,1578756035,0.518600344657898,7.020732749999999e-05,0.15,18.526429577325107,2.593311779756828,23386.026715517044
84850,1579681714,0.6296186447143555,7.005304766666668e-05,0.15,18.455997288460004,2.586908844405455,23411.718623161316
84900,1580612164,0.5617660880088806,6.989797266666665e-05,0.15,18.45508459448202,2.586825872225638,23416.71500968933
84950,1581545221,0.48400500416755676,6.974246316666668e-05,0.15,18.506793343515085,2.5915266675922806,23421.70339870453
85000,1582479466,0.5652415156364441,6.958675566666667e-05,0.15,18.530356824087114,2.593668802189738,23426.698283433914
85050,1583404430,0.5321276187896729,6.943259499999999e-05,0.15,18.441741765691045,2.585612887790095,23431.666726350784
85100,1584339874,0.5611985325813293,6.927668766666667e-05,0.15,18.55413848503481,2.595830771366801,23457.13367342949
85150,1585270049,0.4963243305683136,6.912165850000002e-05,0.15,18.449630085090348,2.5863300077354863,23462.120670557022
85200,1586202138,0.5821681618690491,6.896631033333333e-05,0.15,18.487593470456392,2.589781224586945,23467.106113433838
85250,1587128576,0.6418441534042358,6.881190400000001e-05,0.15,18.471130074168595,2.588284552197145,23472.093266010284
85300,1588058817,0.5952898263931274,6.865686383333333e-05,0.15,18.450939167344348,2.5864490152131228,23497.220658302307
85350,1588992732,0.5664435625076294,6.850121133333332e-05,0.15,18.523811412817107,2.5930737648015554,23502.20982646942
85400,1589926031,0.6331897974014282,6.834566150000001e-05,0.15,18.511593311779755,2.591963028343614,23507.195861577988
85450,1590861761,0.6087332367897034,6.81897065e-05,0.15,18.55981117480215,2.596346470436559,23512.18292236328
85500,1591788518,0.6209096908569336,6.803524699999998e-05,0.15,18.4774902304809,2.5888627482255364,23537.14338040352
85550,1592723115,0.5640532374382019,6.787948083333332e-05,0.15,18.537338596108455,2.5943035087371324,23542.12912464142
85600,1593651002,0.5333052277565002,6.7724833e-05,0.15,18.404248566951622,2.5822044151774204,23547.11722445488
85650,1594581210,0.5675957202911377,6.756979833333331e-05,0.15,18.450284626217346,2.5863895114743043,23552.10567188263
85700,1595508011,0.5861038565635681,6.741533149999998e-05,0.15,18.478367493420528,2.5889424994018664,23557.087569236755
85750,1596441959,0.6251979470252991,6.725967349999998e-05,0.15,18.524465953944105,2.5931332685403734,23582.815177440643
85800,1597376336,0.6237476468086243,6.7103944e-05,0.15,18.532974988595118,2.593906817145011,23587.80360007286
85850,1598308139,0.5846660733222961,6.694864349999999e-05,0.15,18.48192078068905,2.5892655255171864,23592.79130744934
85900,1599242516,0.6350420713424683,6.6792914e-05,0.15,18.532974988595118,2.593906817145011,23597.78287601471
85950,1600168866,0.5695697069168091,6.663852233333332e-05,0.15,18.46937554828934,2.588125049844485,23622.81309723854
86000,1601098634,0.5893189311027527,6.6483561e-05,0.15,18.44155741119067,2.5855961282900606,23627.78915476799
86050,1602033154,0.5776858329772949,6.632780766666668e-05,0.15,18.535811333478787,2.5941646666798897,23632.766595840454
86100,1602965870,0.6407990455627441,6.617235500000001e-05,0.15,18.50002975186941,2.590911795624492,23637.754301786423
86150,1603892099,0.5513006448745728,6.60179835e-05,0.15,18.46696307520536,2.587905734109578,23662.73096346855
86200,1604824991,0.6229566931724548,6.58625015e-05,0.15,18.50352063788008,2.591229148898189,23667.716032743454
86250,1605752790,0.5462942123413086,6.570786833333334e-05,0.15,18.40250312394629,2.5820457385405717,23672.70228600502
86300,1606689202,0.6369088888168335,6.555179966666666e-05,0.15,18.5733383580935,2.5975762143721366,23677.688222885132
86350,1607622589,0.6054013967514038,6.539623516666667e-05,0.15,18.513338754785092,2.592121704980463,23682.67638850212
86400,1608549500,0.6274272799491882,6.524174999999998e-05,0.15,18.4805606507696,2.589141877342691,23708.356667757034
86450,1609476276,0.49377715587615967,6.508728733333332e-05,0.15,18.38221234900926,2.5802011226372055,23713.3428542614
86500,1610405835,0.6479613780975342,6.493236083333333e-05,0.15,18.437411984052996,2.5852192712775452,23718.330196380615
86550,1611337022,0.5213171243667603,6.477716299999999e-05,0.15,18.469702679651704,2.588154789059246,23723.326768398285
86600,1612269972,0.548983633518219,6.462167133333334e-05,0.15,18.600964989233592,2.600087726293963,23748.79464173317
86650,1613205075,0.6273314356803894,6.446582083333332e-05,0.15,18.547374893389133,2.595215899399012,23753.775110960007
86700,1614139155,0.6590612530708313,6.431014083333333e-05,0.15,18.52708411845211,2.5933712834956464,23758.7681620121
86750,1615072069,0.6897894740104675,6.415465516666667e-05,0.15,18.503956998631413,2.5912688180574013,23763.756599664688
86800,1616001521,0.5513491630554199,6.399974649999998e-05,0.15,18.531222585533136,2.5937475077757397,23768.733671188354
86850,1616934809,0.6147662401199341,6.384419849999999e-05,0.15,18.51137513140409,2.591943193764008,23793.94334077835
86900,1617867811,0.5899505019187927,6.368869816666667e-05,0.15,18.50570244163675,2.59142749469425,23798.929075956345
86950,1618801572,0.6429567337036133,6.353307133333331e-05,0.15,18.52075688755777,2.59279608068707,23803.91705584526
87000,1619732319,0.6723554730415344,6.337794683333332e-05,0.15,18.460975464625026,2.5873614058750025,23808.9023001194
87050,1620659758,0.6801170110702515,6.322337366666666e-05,0.15,18.49108780604514,2.590098891458649,23834.611292123795
87100,1621587348,0.5548900365829468,6.306877533333333e-05,0.15,18.398357696808617,2.581668881528056,23839.601996183395
87150,1622519888,0.5051379799842834,6.291335199999999e-05,0.15,18.49653886585874,2.5905944423507945,23844.584695100784
87200,1623453858,0.6503015756607056,6.275769033333333e-05,0.15,18.52490231469544,2.593172937699585,23849.569685459137
87250,1624376842,0.5695499777793884,6.260385966666667e-05,0.15,18.402264933407768,2.582024084855252,23875.904328346252
87300,1625314222,0.610488772392273,6.244762966666666e-05,0.15,18.59253823115219,2.599321657377472,23880.89369726181
87350,1626244837,0.6007814407348633,6.229252716666666e-05,0.15,18.458357300117022,2.587123390919729,23885.87075972557
87400,1627176937,0.5433427691459656,6.213717716666666e-05,0.15,18.48781165083206,2.589801059166551,23890.858001232147
87450,1628110555,0.5850504040718079,6.198157416666665e-05,0.15,18.517920542674098,2.5925382311521905,23895.84424638748
87500,1629034474,0.5972363352775574,6.182758766666666e-05,0.15,18.420906770874872,2.5837187973522613,23921.949716329575
87550,1629965881,0.6045768857002258,6.167235316666665e-05,0.15,18.474066287165044,2.588551480651368,23926.933642864227
87600,1630892613,0.538904070854187,6.151789783333334e-05,0.15,18.381339627506595,2.580121784318781,23931.91841697693
87650,1631824559,0.55430006980896,6.13625735e-05,0.15,18.484757125572724,2.5895233750520656,23936.895688533783
87700,1632753901,0.5927525758743286,6.120768316666667e-05,0.15,18.529029428184067,2.593548129834915,23962.155648708344
87750,1633689774,0.6118261814117432,6.105170433333332e-05,0.15,18.56264751968582,2.5966043199714384,23967.128871679306
87800,1634618134,0.495462030172348,6.0896977666666646e-05,0.15,18.413630323105302,2.583057302100482,23972.107338905334
87850,1635552621,0.47861674427986145,6.074122983333334e-05,0.15,18.535156792351785,2.594105162941071,23977.083650827408
87900,1636483280,0.6347910761833191,6.0586119999999994e-05,0.15,18.459230021619693,2.587202729238154,24002.257197618484
87950,1637406286,0.646206796169281,6.0432285666666666e-05,0.15,18.402703564877584,2.5820639604434166,24007.209827184677
88000,1638343292,0.6195414066314697,6.027611799999999e-05,0.15,18.585120098379516,2.598647281670865,24012.188561677933
88050,1639272884,0.6124973893165588,6.012118600000001e-05,0.15,18.438066525179998,2.5852787750163633,24017.164701461792
88100,1640207008,0.6340099573135376,5.996549866666665e-05,0.15,18.527956839954776,2.5934506218140707,24022.139300107956
88150,1641137164,0.5219247937202454,5.9810472666666676e-05,0.15,18.54525879256719,2.5950235265970174,24047.47747182846
88200,1642068901,0.5569143295288086,5.965518316666665e-05,0.15,18.48061169843505,2.5891465180395503,24052.457697868347
88250,1643000726,0.631392240524292,5.9499878999999985e-05,0.15,18.48235714144039,2.589305194676399,24057.434940576553
88300,1643931715,0.5801939964294434,5.9344714166666654e-05,0.15,18.4657754328897,2.5877977666263363,24062.413751602173
88350,1644861156,0.5468170642852783,5.9189807333333316e-05,0.15,18.53100326979823,2.5937275699816573,24088.46674656868
88400,1645793179,0.5403372645378113,5.9034470166666644e-05,0.15,18.486284388202392,2.5896622171093084,24093.424791812897
88450,1646724025,0.5372227430343628,5.887932916666666e-05,0.15,18.46293908800603,2.5875399170914575,24098.399205207825
88500,1647651857,0.5491244792938232,5.8724690499999994e-05,0.15,18.403157665073287,2.5821052422793898,24103.37645483017
88550,1648584122,0.5780399441719055,5.8569312999999984e-05,0.15,18.491084356467066,2.5900985778606422,24128.64928126335
88600,1649510142,0.5614544153213501,5.841497633333333e-05,0.15,18.462796076242125,2.587526916022011,24133.603106737137
88650,1650441637,0.6913886070251465,5.825972716666665e-05,0.15,18.475811730170378,2.588710157288216,24138.578922748566
88700,1651371240,0.6489314436912537,5.8104793333333344e-05,0.15,18.438284705555667,2.5852986095959696,24143.557391881943
88750,1652301294,0.6060767769813538,5.794978433333332e-05,0.15,18.44723010095801,2.586111827359819,24148.532509803772
88800,1653228095,0.5963903665542603,5.779531749999998e-05,0.15,18.478367493420528,2.5889424994018664,24173.64391851425
88850,1654159733,0.5593434572219849,5.7640044499999995e-05,0.15,18.47864807505405,2.5889680068230954,24178.61916422844
88900,1655089116,0.5802688598632812,5.748514733333333e-05,0.15,18.433921098042326,2.584901918003848,24183.599106550217
88950,1656023361,0.6690488457679749,5.732943983333332e-05,0.15,18.530356824087114,2.593668802189738,24188.58391070366
89000,1656956693,0.5358771681785583,5.717388449999999e-05,0.15,18.512247852906757,2.5920225320824324,24214.305096149445
89050,1657879842,0.5535506010055542,5.702002633333333e-05,0.15,18.405554669431375,2.5823231517664884,24219.261435508728
89100,1658808125,0.621033251285553,5.6865312500000003e-05,0.15,18.412103060475633,2.5829184600432393,24224.253042697906
89150,1659741391,0.6559610962867737,5.6709768166666644e-05,0.15,18.510938770652757,2.591903524604796,24229.237302541733
89200,1660675592,0.5787863731384277,5.655406799999999e-05,0.15,18.529484102584444,2.593589463871313,24254.692399024963
89250,1661599500,0.5809307098388672,5.640008333333331e-05,0.15,18.420687455139962,2.5836988595581785,24259.64063024521
89300,1662532887,0.6286981701850891,5.624451883333332e-05,0.15,18.513338754785092,2.592121704980463,24264.617223501205
89350,1663460411,0.5342363119125366,5.608993150000001e-05,0.15,18.397048614554613,2.5815498740504195,24269.592977523804
89400,1664387946,0.5402882695198059,5.5935342333333344e-05,0.15,18.39726679493028,2.5815697086300258,24274.571553468704
89450,1665321333,0.6204924583435059,5.5779777833333315e-05,0.15,18.513338754785092,2.592121704980463,24300.17104768753
89500,1666246297,0.5588868856430054,5.5625617166666666e-05,0.15,18.441741765691045,2.585612887790095,24305.125604629517
89550,1667180190,0.5928040146827698,5.5469968333333325e-05,0.15,18.52337505206577,2.5930340956423428,24310.102613925934
89600,1668113258,0.5552383661270142,5.5314457e-05,0.15,18.50701152389075,2.5915465021718864,24315.07960677147
89650,1669046766,0.47162866592407227,5.515887233333334e-05,0.15,18.515738738917427,2.5923398853561297,24340.705917596817
89700,1669974216,0.552442729473114,5.500429733333331e-05,0.15,18.491307121780046,2.5901188292527313,24345.66193509102
89750,1670905667,0.5872645378112793,5.4849055500000005e-05,0.15,18.47493900866771,2.5886308189697917,24350.640910625458
89800,1671837470,0.6108737587928772,5.4693755000000005e-05,0.15,18.48192078068905,2.5892655255171864,24355.62162399292
89850,1672767139,0.5535885691642761,5.4538810166666656e-05,0.15,18.439593787809667,2.585417617073606,24381.224727630615
89900,1673693676,0.7098714709281921,5.4384387333333335e-05,0.15,18.473103915782758,2.588463992343887,24386.201833963394
89950,1674622806,0.6222034096717834,5.4229532333333324e-05,0.15,18.428902949401987,2.584445722672908,24391.150599718094
90000,1675554697,0.587125837802887,5.407421716666668e-05,0.15,18.48366622369439,2.5894242021540355,24396.123916387558
90050,1676484179,0.5716913938522339,5.391930350000001e-05,0.15,18.435884721423328,2.5850804292203025,24401.09445667267
90100,1677419876,0.5847058892250061,5.3763354e-05,0.15,18.559156633675148,2.5962869666977406,24426.34995508194
90150,1678345841,0.46230894327163696,5.360902650000001e-05,0.15,18.46169949756759,2.587427227051599,24431.301082372665
90200,1679282539,0.5769720673561096,5.345291016666665e-05,0.15,18.579011047860842,2.5980919134418947,24436.277389764786
90250,1680212989,0.6315646171569824,5.329783516666666e-05,0.15,18.45508459448202,2.586825872225638,24441.250061273575
90300,1681145078,0.5312126278877258,5.314248700000001e-05,0.15,18.487593470456392,2.589781224586945,24466.650262594223
90350,1682072275,0.47895702719688416,5.2987954166666644e-05,0.15,18.486262859877183,2.5896602599888348,24471.59998369217
90400,1683006146,0.4395955502986908,5.2832309000000004e-05,0.15,18.522938691314437,2.5929944264831306,24476.576320409775
90450,1683938730,0.4896007776260376,5.2676878333333327e-05,0.15,18.497411587361405,2.590673780669219,24481.566910505295
90500,1684868575,0.5739625692367554,5.252190416666665e-05,0.15,18.443084673820337,2.5857349703473034,24507.38750720024
90550,1685796902,0.5376172065734863,5.236718299999999e-05,0.15,18.4129757819783,2.5829977983616637,24512.381324768066
90600,1686728785,0.5570449829101562,5.221186916666665e-05,0.15,18.579691362947603,2.598153760267964,24517.35619044304
90650,1687660786,0.64497309923172,5.2056535666666654e-05,0.15,18.48584802745106,2.5896225479500963,24522.347148656845
90700,1688592171,0.5178334712982178,5.190130483333332e-05,0.15,18.47362992641371,2.5885118114921557,24527.335417032242
90750,1689525635,0.6102564930915833,5.17457275e-05,0.15,18.51486601741476,2.5922605470377054,24552.6697640419
90800,1690447486,0.5016895532608032,5.159208566666665e-05,0.15,18.379675412712338,2.579970492064758,24557.629177331924
90850,1691377925,0.585350751876831,5.143701250000001e-05,0.15,18.454866414106352,2.586806037646032,24562.60483980179
90900,1692312654,0.5646111965179443,5.128122433333333e-05,0.15,18.53995676061646,2.5945415236924054,24567.582125663757
90950,1693242664,0.5555495619773865,5.112622266666667e-05,0.15,18.446357379455343,2.586032489041395,24592.748508930206
91000,1694176249,0.5609164834022522,5.097062516666668e-05,0.15,18.517266001547096,2.5924787274133725,24597.725793123245
91050,1695100795,0.5780190825462341,5.0816534166666665e-05,0.15,18.433407767764574,2.5848552516149614,24602.677035570145
91100,1696039066,0.6804433465003967,5.066015566666667e-05,0.15,18.610210841581214,2.600928258325565,24607.65557193756
91150,1696967217,0.6459039449691772,5.050546383333334e-05,0.15,18.40948489596763,2.5826804450879663,24633.138700962067
91200,1697898415,0.5911966562271118,5.0350264166666654e-05,0.15,18.469920860027372,2.588174623638852,24638.12003302574
91250,1698822136,0.5373252034187317,5.019631066666666e-05,0.15,18.416959087646543,2.5833599170587767,24643.075535297394
91300,1699754214,0.5168505311012268,5.0040964333333335e-05,0.15,18.487375290080728,2.589761390007339,24648.05608701706
91350,1700684092,0.6607778668403625,4.9885984666666666e-05,0.15,18.44373921494734,2.585794474086122,24653.035384893417
91400,1701619030,0.5213795304298401,4.9730161666666667e-05,0.15,18.54410218775413,2.594918380704921,24678.76071190834
91450,1702547690,0.6365761756896973,4.957538500000001e-05,0.15,18.515431852619827,2.5923119866018025,24683.74061369896
91500,1703480604,0.6271278262138367,4.941989933333331e-05,0.15,18.503956998631413,2.5912688180574013,24688.710492372513
91550,1704414464,0.6062062382698059,4.926425599999999e-05,0.15,18.522720510938772,2.5929745919035248,24693.712693691254
91600,1705345464,0.547132134437561,4.910908933333334e-05,0.15,18.46599361326537,2.5878176012059426,24719.06317090988
91650,1706276860,0.6329940557479858,4.895385666666666e-05,0.15,18.473848106789376,2.5885316460717616,24724.04705810547
91700,1707203859,0.5920573472976685,4.8799356833333326e-05,0.15,18.482315176648857,2.5893013796953506,24729.01713180542
91750,1708132967,0.6381046175956726,4.864450549999998e-05,0.15,18.428466588650654,2.5844060535136957,24734.007184505463
91800,1709065892,0.5246992707252502,4.8489018e-05,0.15,18.50417517900708,2.5912886526370076,24759.295741796494
91850,1709999895,0.5908542275428772,4.833335083333334e-05,0.15,18.52555685582244,2.5932324414384036,24764.262499332428
91900,1710926586,0.6049140095710754,4.817890233333332e-05,0.15,18.476174336071455,2.5887431214610412,24769.208412885666
91950,1711862998,0.49521738290786743,4.8022833666666647e-05,0.15,18.5733383580935,2.5975762143721366,24774.194266319275
92000,1712791820,0.6285651326179504,4.786802999999999e-05,0.15,18.422793898883313,2.5838903544439376,24779.182993650436
92050,1713725669,0.5124120712280273,4.7712388499999986e-05,0.15,18.522502330563103,2.5929547573239184,24804.43284392357
92100,1714658638,0.5882139205932617,4.755689366666666e-05,0.15,18.505047900509748,2.5913679909554315,24809.41785645485
92150,1715586044,0.5097869634628296,4.740232599999998e-05,0.15,18.490429858840418,2.5900390780764018,24814.379152059555
92200,1716517264,0.5043268799781799,4.724712266666666e-05,0.15,18.470357220778705,2.5882142927980643,24819.367654323578
92250,1717451410,0.5346260666847229,4.709143166666666e-05,0.15,18.528393200706113,2.593490290973283,24844.562249422073
92300,1718387327,0.6142441630363464,4.693544549999998e-05,0.15,18.56352024118849,2.5966836582898627,24849.55904197693
92350,1719316350,0.5741620659828186,4.6780608333333315e-05,0.15,18.52266927187176,2.5929699338065237,24854.529704093933
92400,1720248021,0.5269615054130554,4.6625329833333336e-05,0.15,18.47930261618105,2.589027510561914,24859.52865743637
92450,1721177987,0.601490318775177,4.647033549999999e-05,0.15,18.445484657952676,2.5859531507229705,24884.724184274673
92500,1722110956,0.6127553582191467,4.631484066666666e-05,0.15,18.505047900509748,2.5913679909554315,24889.71373438835
92550,1723044046,0.4841785430908203,4.615932566666667e-05,0.15,18.507447884642087,2.5915861713310986,24894.70204257965
92600,1723972849,0.5471840500831604,4.600452516666667e-05,0.15,18.518282957173618,2.5925711779248743,24899.667938232422
92650,1724905708,0.5296146869659424,4.5849048666666665e-05,0.15,18.502866096753078,2.5911696451593706,24904.655478954315
92700,1725840525,0.6229718327522278,4.5693245833333336e-05,0.15,18.541702203621796,2.594700200329254,24929.85077738762
92750,1726770469,0.6040595769882202,4.553825516666666e-05,0.15,18.445048297201343,2.5859134815637583,24934.834329128265
92800,1727697479,0.6100223660469055,4.538375350000001e-05,0.15,18.482534492383763,2.589321317489433,24939.801753759384
92850,1728626521,0.6592988967895508,4.522891316666665e-05,0.15,18.42715750639665,2.584287046036059,24944.791874170303
92900,1729554133,0.6089421510696411,4.5074311166666655e-05,0.15,18.39879405755995,2.581708550687268,24970.077022075653
92950,1730488785,0.5196187496185303,4.491853583333334e-05,0.15,18.53842949798679,2.5944026816351626,24975.061731815338
93000,1731417973,0.5496456623077393,4.476367116666666e-05,0.15,18.525959007895366,2.593269000717761,24980.05382847786
93050,1732348522,0.544821560382843,4.460857966666667e-05,0.15,18.457048217863022,2.587004383442093,24985.022644519806
93100,1733279841,0.544633686542511,4.445335983333331e-05,0.15,18.472320844159707,2.5883928040145188,25010.000346660614
93150,1734209202,0.5267161130905151,4.429846633333331e-05,0.15,18.433484737290993,2.584862248844636,25014.983256578445
93200,1735140466,0.6502106785774231,4.414325566666666e-05,0.15,18.471229942281372,2.5882936311164886,25019.973489046097
93250,1736068235,0.5907889604568481,4.398862749999999e-05,0.15,18.49766727809235,2.590697025281123,25024.938262701035
93300,1737002403,0.6084774136543274,4.383293283333332e-05,0.15,18.528829561457446,2.593529960132495,25029.928243160248
93350,1737931016,0.6638376116752625,4.367816399999998e-05,0.15,18.41864847174564,2.583513497431422,25054.967929124832
93400,1738859321,0.5749098062515259,4.3523446499999995e-05,0.15,18.412539421226967,2.5829581292024515,25059.960364341736
93450,1739787563,0.5422393083572388,4.33687395e-05,0.15,18.507097854693356,2.591554350426669,25064.925132513046
93500,1740716517,0.6871798038482666,4.3213913833333326e-05,0.15,18.425412063391317,2.5841283693992105,25069.915321350098
93550,1741651323,0.5644274353981018,4.3058112833333314e-05,0.15,18.541484023246127,2.5946803657496478,25094.913396835327
93600,1742585722,0.5948984026908875,4.290237966666665e-05,0.15,18.53341134934645,2.593946486304223,25099.882748365402
93650,1743513114,0.6818806529045105,4.274781433333333e-05,0.15,18.39443045004661,2.5813118590951465,25104.86207485199
93700,1744440729,0.4599698781967163,4.259321183333333e-05,0.15,18.494596857803653,2.5904178961639683,25109.827355623245
93750,1745371718,0.586894154548645,4.2438047e-05,0.15,18.4657754328897,2.5877977666263363,25134.885987997055
93800,1746303939,0.5558746457099915,4.228267683333333e-05,0.15,18.490211634964396,2.590019239542218,25139.874573230743
93850,1747233300,0.7264987826347351,4.212778333333333e-05,0.15,18.433484737290993,2.584862248844636,25144.861431598663
93900,1748158220,0.7027667760848999,4.197362999999999e-05,0.15,18.440864502751417,2.585533136613765,25149.831758975983
93950,1749089352,0.5439980626106262,4.181844133333332e-05,0.15,18.46861177777337,2.588055616161215,25154.82321381569
94000,1750023861,0.5784111022949219,4.166268983333334e-05,0.15,18.53559315310312,2.594144832100284,25180.2617559433
94050,1750957567,0.480416864156723,4.150707216666668e-05,0.15,18.519665985679435,2.5926969077890396,25185.24844765663
94100,1751890239,0.5570979714393616,4.135162683333332e-05,0.15,18.499157030366742,2.5908324573060675,25190.230226039886
94150,1752812739,0.5957125425338745,4.119787683333334e-05,0.15,18.392615041071856,2.5811468219156235,25195.217059135437
94200,1753746610,0.6075157523155212,4.104223166666667e-05,0.15,18.522938691314437,2.5929944264831306,25220.78120279312
94250,1754679502,0.5402674078941345,4.0886749666666677e-05,0.15,18.50352063788008,2.591229148898189,25225.748255491257
94300,1755614319,0.5612908601760864,4.073094683333335e-05,0.15,18.541702203621796,2.594700200329254,25230.731634140015
94350,1756539943,0.6684607267379761,4.0576676166666656e-05,0.15,18.45490070978547,2.5868091554350428,25235.69539165497
94400,1757473440,0.6200587153434753,4.042109333333334e-05,0.15,18.515520558541763,2.592320050776524,25260.925273656845
94450,1758402350,0.6336232423782349,4.0266275e-05,0.15,18.42453934188865,2.584049031080786,25265.94986462593
94500,1759334648,0.568909764289856,4.011089200000001e-05,0.15,18.491738897594065,2.5901580815994603,25270.9713242054
94550,1760260206,0.5283499360084534,3.995663233333333e-05,0.15,18.453584815376026,2.5866895286705476,25275.995233297348
94600,1761195012,0.5809025764465332,3.9800831333333314e-05,0.15,18.541484023246127,2.5946803657496478,25280.99999642372
94650,1762127552,0.7315535545349121,3.9645408000000014e-05,0.15,18.49653886585874,2.5905944423507945,25307.38971066475
94700,1763060158,0.543984591960907,3.948997366666666e-05,0.15,18.49784794811274,2.590713449828431,25312.384657621384
94750,1763990465,0.5401601195335388,3.933492250000001e-05,0.15,18.452248249598348,2.586568022690759,25317.380926847458
94800,1764912800,0.550643801689148,3.918120000000001e-05,0.15,18.38932530504825,2.5808477550043865,25322.356597423553
94850,1765847287,0.5661289095878601,3.902545216666667e-05,0.15,18.535156792351785,2.594105162941071,25347.589591264725
94900,1766779728,0.5674849152565002,3.887004533333333e-05,0.15,18.494575242477737,2.5904159311343395,25352.5858771801
94950,1767712466,0.543635368347168,3.8714588999999993e-05,0.15,18.500466112620742,2.590951464783704,25357.578923225403
95000,1768639718,0.6283363699913025,3.8560047000000005e-05,0.15,18.487359438551717,2.589759948959247,25362.551501512527
95050,1769573083,0.48399776220321655,3.840448616666665e-05,0.15,18.51290239403376,2.592082035821251,25387.944763422012
95100,1770502851,0.6785077452659607,3.8249524833333334e-05,0.15,18.44155741119067,2.5855961282900606,25392.930915355682
95150,1771434060,0.6041490435600281,3.809432333333333e-05,0.15,18.470139040403037,2.588194458218458,25397.91948390007
95200,1772358592,0.553573489189148,3.7940234666666645e-05,0.15,18.337703552373206,2.5761548683975644,25402.90685415268
95250,1773286669,0.650684654712677,3.778555516666667e-05,0.15,18.50380811866975,2.591255283515432,25407.87177181244
95300,1774216602,0.6839594841003418,3.763056633333334e-05,0.15,18.444830116825674,2.585893646984152,25433.28735756874
95350,1775148152,0.5866561532020569,3.7475308000000005e-05,0.15,18.476902632048713,2.5888093301862467,25438.277565717697
95400,1776085070,0.58735191822052,3.731915500000001e-05,0.15,18.58337465537418,2.5984886050340164,25443.263268470764
95450,1777011046,0.6203058958053589,3.716482566666666e-05,0.15,18.461918813302496,2.5874471648456816,25448.232064962387
95500,1777942706,0.5755372047424316,3.7009549000000006e-05,0.15,18.479084435805383,2.5890076759823075,25473.60033106804
95550,1778871407,0.5322390794754028,3.685476549999998e-05,0.15,18.420393914750978,2.583672174068271,25478.590641260147
95600,1779803914,0.6315494775772095,3.6699347666666664e-05,0.15,18.495884324731737,2.590534938611976,25483.58344578743
95650,1780733187,0.6189490556716919,3.6544468833333316e-05,0.15,18.43173929428566,2.584703572207787,25488.57318711281
95700,1781658855,0.6769092679023743,3.639019083333332e-05,0.15,18.455777972725098,2.5868889066113727,25513.846979379654
95750,1782588238,0.6620780825614929,3.6235293666666655e-05,0.15,18.433921098042326,2.584901918003848,25518.815403938293
95800,1783521548,0.5168017745018005,3.607974199999999e-05,0.15,18.511811492155424,2.59198286292322,25523.78777241707
95850,1784455408,0.5895434617996216,3.5924098666666665e-05,0.15,18.522720510938772,2.5929745919035248,25528.765887737274
95900,1785382000,0.5641143918037415,3.576966666666665e-05,0.15,18.474200494457293,2.5885636813142994,25533.732976436615
95950,1786315211,0.5540478825569153,3.5614131499999984e-05,0.15,18.509847868774422,2.5918043517067657,25558.99112534523
96000,1787245980,0.5594136714935303,3.5459003333333325e-05,0.15,18.461411825376363,2.5874010750342147,25563.962344646454
96050,1788175451,0.5688226819038391,3.5304091500000007e-05,0.15,18.435666541047663,2.5850605946406966,25568.93391561508
96100,1789107103,0.5809740424156189,3.514881616666666e-05,0.15,18.575085732514555,2.5977350665922323,25573.92641711235
96150,1790044362,0.6031039357185364,3.499260633333333e-05,0.15,18.590138247019855,2.599103477001805,25598.9465572834
96200,1790976143,0.5910436511039734,3.48373095e-05,0.15,18.48148441993772,2.589225856357974,25603.917721748352
96250,1791906769,0.5483801960945129,3.4682205166666673e-05,0.15,18.45857548049269,2.5871432254993354,25608.894870519638
96300,1792838484,0.5873293876647949,3.4526919333333325e-05,0.15,18.48017533768372,2.589106848880338,25613.886841773987
96350,1793763624,0.569294273853302,3.437272933333331e-05,0.15,18.44525081744956,2.5859318924954144,25639.302684783936
96400,1794693931,0.5978643894195557,3.4217678166666664e-05,0.15,18.452248249598348,2.586568022690759,25644.28635597229
96450,1795625514,0.642360508441925,3.406241433333333e-05,0.15,18.477557173175715,2.588868833925065,25649.263545274734
96500,1796556976,0.6227790117263794,3.390717066666667e-05,0.15,18.47515718904338,2.588650653549398,25654.259308338165
96550,1797480554,0.6039870977401733,3.3753240999999986e-05,0.15,18.41410798309275,2.583100725735705,25659.228897094727
96600,1798415173,0.6635690331459045,3.3597471166666653e-05,0.15,18.53777495685979,2.5943431778963446,25684.623728990555
96650,1799344798,0.5507972240447998,3.344253366666665e-05,0.15,18.438721066307,2.5853382787551817,25689.612534046173
96700,1800273598,0.6571764945983887,3.328773366666666e-05,0.15,18.42235753813198,2.5838506852847254,25694.616903066635
96750,1801204026,0.5888175964355469,3.3132662333333335e-05,0.15,18.454648233730687,2.586786203066426,25699.615035295486
96800,1802129628,0.5049487948417664,3.297839533333332e-05,0.15,18.454462078315654,2.5867692798468775,25724.87170481682
96850,1803060243,0.5429083704948425,3.2823292833333314e-05,0.15,18.458357300117022,2.587123390919729,25729.847388267517
96900,1803991793,0.6267721056938171,3.2668034500000004e-05,0.15,18.476902632048713,2.5888093301862467,25734.836532831192
96950,1804924157,0.5192188024520874,3.25126405e-05,0.15,18.49304797984807,2.590277089077097,25739.82546854019
97000,1805847273,0.5577815771102905,3.2358787833333325e-05,0.15,18.404896722226653,2.5822633383842413,25764.836228132248
97050,1806774786,0.5751816034317017,3.220420233333333e-05,0.15,18.39683043417895,2.5815300394708136,25769.827937841415
97100,1807704510,0.5408420562744141,3.204924833333332e-05,0.15,18.440684689688002,2.5855167899716367,25774.818794488907
97150,1808635719,0.4737887382507324,3.189404683333332e-05,0.15,18.470139040403037,2.588194458218458,25779.808411598206
97200,1809566081,0.494220495223999,3.173898650000001e-05,0.15,18.453339151476683,2.5866671955887894,25784.799318790436
97250,1810492332,0.5336142778396606,3.158461133333333e-05,0.15,18.467401706675172,2.587945609697743,25809.807708740234
97300,1811426005,0.6491630673408508,3.142899916666666e-05,0.15,18.519011444552433,2.592637404050221,25814.78745985031
97350,1812361251,0.6141217947006226,3.127312483333334e-05,0.15,18.550211238272805,2.5954737489338915,25819.761167526245
97400,1813294319,0.4810645282268524,3.111761349999998e-05,0.15,18.50701152389075,2.5915465021718864,25824.749934911728
97450,1814220383,0.5948328375816345,3.096326949999999e-05,0.15,18.463673339181753,2.587606667198341,25850.08210849762
97500,1815156212,0.5767357349395752,3.080729799999999e-05,0.15,18.56177479818315,2.5965249816530136,25855.073123931885
97550,1816089038,0.5418174862861633,3.0651827000000004e-05,0.15,18.50221155562608,2.5911101414205526,25860.05938577652
97600,1817017970,0.5675349831581116,3.0497004999999997e-05,0.15,18.424975702639983,2.5840887002399984,25865.053824186325
97650,1817945365,0.5512605309486389,3.0342439166666664e-05,0.15,18.490210543105512,2.5900191402823194,25870.051212072372
97700,1818873032,0.514533519744873,3.0187828000000013e-05,0.15,18.399884959438285,2.5818077235852988,25895.394327163696
97750,1819807805,0.685911238193512,3.0032032499999992e-05,0.15,18.540829482119126,2.5946208620108298,25900.379301786423
97800,1820739201,0.47084179520606995,2.9876799833333344e-05,0.15,18.473848106789376,2.5885316460717616,25905.374139547348
97850,1821672577,0.5269321203231812,2.972123716666667e-05,0.15,18.513120574409424,2.5921018704008567,25910.35990166664
97900,1822597123,0.495498925447464,2.9567146166666654e-05,0.15,18.433407767764574,2.5848552516149614,25935.63491010666
97950,1823529454,0.6565240025520325,2.9411757666666667e-05,0.15,18.492393438721066,2.5902175853382787,25940.626178264618
98000,1824461543,0.6797851324081421,2.925640949999999e-05,0.15,18.487593470456392,2.589781224586945,25945.62128353119
98050,1825389661,0.5909357666969299,2.910172316666668e-05,0.15,18.408830354840628,2.582620941349148,25950.610567092896
98100,1826318948,0.6324096918106079,2.8946842000000004e-05,0.15,18.52793284950953,2.5934484408645027,25976.089205741882
98150,1827249167,0.5204278826713562,2.87918055e-05,0.15,18.450502806593015,2.5864093460539106,25981.090597629547
98200,1828180915,0.5435846447944641,2.863651416666666e-05,0.15,18.48082987881072,2.589166352619156,25986.080637216568
98250,1829112058,0.5801678895950317,2.8481323666666667e-05,0.15,18.468829958149037,2.5880754507408215,25991.06947350502
98300,1830040088,0.6615054607391357,2.8326652000000006e-05,0.15,18.407084911835295,2.5824622647122997,25996.049916028976
98350,1830966086,0.700116753578186,2.8172318999999986e-05,0.15,18.46235744477231,2.5874870404338464,26021.042303085327
98400,1831900133,0.5988890528678894,2.8016644499999984e-05,0.15,18.526429577325107,2.593311779756828,26026.030229091644
98450,1832831133,0.5911800265312195,2.7861477833333336e-05,0.15,18.46599361326537,2.5878176012059426,26031.015697717667
98500,1833759130,0.5323817729949951,2.7706811666666663e-05,0.15,18.406430370708293,2.582402760973481,26036.002918481827
98550,1834687669,0.5984159111976624,2.7552055166666675e-05,0.15,18.513019379535848,2.5920926708668954,26061.212245941162
98600,1835623267,0.5689837336540222,2.739612216666667e-05,0.15,18.557193010294146,2.596108455481286,26066.20044374466
98650,1836556621,0.5134416222572327,2.724056316666666e-05,0.15,18.51268421365809,2.5920622012416445,26071.20161151886
98700,1837488028,0.5633108019828796,2.7085328666666662e-05,0.15,18.474066287165044,2.588551480651368,26076.188228845596
98750,1838421602,0.585069477558136,2.6929732999999987e-05,0.15,18.51704782117143,2.5924588928337666,26101.108699798584
98800,1839349943,0.6440556049346924,2.67750095e-05,0.15,18.50907169630752,2.591733790573411,26106.06563591957
98850,1840283495,0.5027108788490295,2.6619417499999996e-05,0.15,18.516611460420098,2.5924192236745545,26111.05139398575
98900,1841214484,0.5708528161048889,2.646425266666666e-05,0.15,18.4657754328897,2.5877977666263363,26116.037110090256
98950,1842148212,0.5561178922653198,2.630863133333333e-05,0.15,18.520102346430768,2.5927365769482518,26121.022038698196
99000,1843075684,0.5632310509681702,2.615405266666667e-05,0.15,18.49174575324986,2.590158704840896,26146.01134109497
99050,1844007245,0.5376814603805542,2.599879250000001e-05,0.15,18.47712081242438,2.588829164765853,26150.997232437134
99100,1844938817,0.5366038680076599,2.5843530499999998e-05,0.15,18.477338992800046,2.588848999345459,26155.98399567604
99150,1845873260,0.640184760093689,2.5687789999999998e-05,0.15,18.534284070849118,2.5940258246226473,26160.975759744644
99200,1846796079,0.5780370831489563,2.553398683333332e-05,0.15,18.39897519738416,2.5817250179440148,26186.44154715538
99250,1847724582,0.6045713424682617,2.537923633333333e-05,0.15,18.41646666798897,2.583315151635361,26191.397914409637
99300,1848658420,0.6442504525184631,2.522359666666668e-05,0.15,18.52228415018744,2.5929349227443126,26196.382668972015
99350,1849588936,0.5398306250572205,2.5068510666666676e-05,0.15,18.45639367673602,2.5869448797032746,26201.360915660858
99400,1850517802,0.4682409167289734,2.4913699666666675e-05,0.15,18.42366662038598,2.583969692762362,26226.868307113647
99450,1851443932,0.6594873666763306,2.475934466666667e-05,0.15,18.464989233591197,2.5877262939628363,26231.8234539032
99500,1852380003,0.5799856185913086,2.4603332833333334e-05,0.15,18.566574766447825,2.596961342404348,26236.79940676689
99550,1853310871,0.5227169990539551,2.444818816666667e-05,0.15,18.463375448757365,2.5875795862506696,26241.779722690582
99600,1854243356,0.5085428357124329,2.429277399999999e-05,0.15,18.495447963980403,2.590495269452764,26246.755616426468
99650,1855169981,0.5938326716423035,2.413833649999999e-05,0.15,18.474858441662015,2.588623494696547,26272.133730649948
99700,1856100915,0.6014686226844788,2.3983180833333314e-05,0.15,18.464684531011365,2.5876985937283057,26277.109459877014
99750,1857033191,0.48216038942337036,2.3827801499999986e-05,0.15,18.49130253684273,2.590118412440248,26282.085515975952
99800,1857966006,0.5935279130935669,2.367233233333332e-05,0.15,18.50199337525041,2.5910903068409463,26287.077431678772
99850,1858899558,0.5777856707572937,2.3516740333333317e-05,0.15,18.516611460420098,2.5924192236745545,26312.318110466003
99900,1859826711,0.6960469484329224,2.3362214833333327e-05,0.15,18.485385596937554,2.589580508812505,26317.263805389404
99950,1860761165,0.4839300215244293,2.3206472500000007e-05,0.15,18.534502251224787,2.594045659202253,26322.24165391922
100000,1861694387,0.5547277331352234,2.305093549999999e-05,0.15,18.510066049150087,2.5918241862863716,26327.236718177795
100050,1862624650,0.6162258386611938,2.2895891666666677e-05,0.15,18.45137552809568,2.5864886843723345,26352.535947084427
100100,1863551748,0.55186927318573,2.2741375333333344e-05,0.15,18.48428901826302,2.589480819842093,26357.50222969055
100150,1864481780,0.5275601148605347,2.2586369999999985e-05,0.15,18.446793740206676,2.586072158200607,26362.48932480812
100200,1865410789,0.6347513198852539,2.243153516666668e-05,0.15,18.426502965269652,2.584227542297241,26367.477949619293
100250,1866343703,0.6104130744934082,2.2276049499999983e-05,0.15,18.503956998631413,2.5912688180574013,26372.464643001556
100300,1867275187,0.515628457069397,2.212080216666665e-05,0.15,18.475593549794713,2.58869032270861,26397.409325122833
100350,1868202593,0.582092821598053,2.19662345e-05,0.15,18.490429858840418,2.5900390780764018,26402.364427804947
100400,1869136618,0.6121907830238342,2.181056366666667e-05,0.15,18.525993216573774,2.5932721105976158,26407.34494113922
100450,1870069312,0.45834094285964966,2.1655114666666673e-05,0.15,18.499593391118076,2.5908721264652796,26412.336666345596
100500,1871004030,0.5770133137702942,2.1499328333333343e-05,0.15,18.53973858024079,2.594521689112799,26437.46050429344
100550,1871930886,0.5354273319244385,2.1344852333333318e-05,0.15,18.479464072095062,2.5890421883722783,26442.421807527542
100600,1872859147,0.5077363848686218,2.119014216666667e-05,0.15,18.4116666997243,2.582878790884027,26447.410873413086
100650,1873790312,0.5955060720443726,2.1034948000000006e-05,0.15,18.46926631890037,2.5881151199000336,26452.398416280746
100700,1874723380,0.5749184489250183,2.087943666666665e-05,0.15,18.50701152389075,2.5915465021718864,26477.633890867233
100750,1875651468,0.583688497543335,2.0724755333333322e-05,0.15,18.50402743440466,2.5912752213095143,26482.616302490234
100800,1876585537,0.5716396570205688,2.056907716666668e-05,0.15,18.526865938076444,2.5933514489160405,26487.575964689255
100850,1877516823,0.5947973728179932,2.0413862833333318e-05,0.15,18.471666303032706,2.5883333002757003,26492.56287097931
100900,1878447042,0.6617028713226318,2.0258826333333344e-05,0.15,18.450502806593015,2.5864093460539106,26497.550555706024
100950,1879376722,0.651044487953186,2.0103879666666678e-05,0.15,18.439811968185335,2.5854374516532124,26522.564170837402
101000,1880302544,0.5991106629371643,1.994957599999999e-05,0.15,18.458848393013795,2.587168035728527,26527.53171491623
101050,1881231850,0.4784267246723175,1.979469166666665e-05,0.15,18.432393835412658,2.584763075946605,26532.52209019661
101100,1882161805,0.5876936912536621,1.9639699166666656e-05,0.15,18.445266477577007,2.585933316143364,26537.511105537415
101150,1883095038,0.6273279786109924,1.948416033333332e-05,0.15,18.510284229525755,2.591844020865978,26562.4781999588
101200,1884019848,0.5526853203773499,1.933002533333333e-05,0.15,18.438671345402344,2.5853337586729404,26567.446938037872
101250,1884948307,0.5710485577583313,1.917528216666665e-05,0.15,18.415593946486304,2.5832358133169366,26572.434537649155
101300,1885881980,0.5651017427444458,1.9019670000000008e-05,0.15,18.519011444552433,2.592637404050221,26577.411239147186
101350,1886811198,0.652767539024353,1.886480033333332e-05,0.15,18.430648392407324,2.584604399309757,26602.374843597412
101400,1887743969,0.5396237969398499,1.8709338499999992e-05,0.15,18.501120653747744,2.591010968522522,26607.359631061554
101450,1888672222,0.4922734498977661,1.8554629666666652e-05,0.15,18.507317170428262,2.5915742882207513,26612.321868896484
101500,1889606522,0.5296618938446045,1.8398912999999993e-05,0.15,18.53144772596545,2.593767975087768,26617.310099840164
101550,1890538578,0.5905559062957764,1.8243570333333334e-05,0.15,18.486938929329394,2.589721720848127,26622.29501247406
101600,1891472306,0.4941546320915222,1.8087949e-05,0.15,18.520102346430768,2.5927365769482518,26647.42954826355
101650,1892398403,0.58446204662323,1.7933599499999986e-05,0.15,18.464331286386475,2.5876664805805887,26652.40105032921
101700,1893332307,0.6110117435455322,1.7777948833333324e-05,0.15,18.52359323244144,2.593053930221949,26657.3896150589
101750,1894263736,0.571999192237854,1.762271066666665e-05,0.15,18.474502647916378,2.5885911498105796,26662.37761116028
101800,1895193922,0.555996835231781,1.7467679666666668e-05,0.15,18.449848265466013,2.586349842315092,26687.795951604843
101850,1896125285,0.6806764602661133,1.7312452500000008e-05,0.15,18.473193565662374,2.588472142332943,26692.794709205627
101900,1897051008,0.54526287317276,1.7158165333333318e-05,0.15,18.456874551399633,2.5869885955817846,26697.771488189697
101950,1897983603,0.5773477554321289,1.700273283333332e-05,0.15,18.497629767737074,2.5906936152488247,26702.758730649948
102000,1898911578,0.5301517248153687,1.684807033333332e-05,0.15,18.40599400995696,2.582363091814269,26727.867477416992
102050,1899842105,0.5665216445922852,1.6692982499999996e-05,0.15,18.45661185711169,2.586964714282881,26732.85085129738
102100,1900770380,0.48692649602890015,1.6538269999999988e-05,0.15,18.507755801898078,2.591614163808916,26737.814848661423
102150,1901699081,0.675549328327179,1.63834865e-05,0.15,18.420393914750978,2.583672174068271,26742.804976940155
102200,1902632281,0.5017955303192139,1.622795316666665e-05,0.15,18.509629688398753,2.5917845171271594,26747.80227780342
102250,1903562830,0.49051061272621155,1.607286166666666e-05,0.15,18.457048217863022,2.587004383442093,26773.72297501564
102300,1904492370,0.7141444683074951,1.5917938333333326e-05,0.15,18.532977111412393,2.593907010128399,26778.732834339142
102350,1905423766,0.6843899488449097,1.5762705666666674e-05,0.15,18.473848106789376,2.5885316460717616,26783.71916294098
102400,1906350190,0.6632971167564392,1.5608301666666677e-05,0.15,18.37523057698792,2.579566416089811,26788.730075597763
102450,1907282477,0.6685559749603271,1.54529205e-05,0.15,18.4915207172184,2.5901382470198544,26815.38725924492
102500,1908217184,0.6160126328468323,1.5297135999999988e-05,0.15,18.539520399865125,2.5945018545331933,26820.370344877243
102550,1909146229,0.5675468444824219,1.5142295166666652e-05,0.15,18.523107903341575,2.5930098093946885,26825.34349656105
102600,1910082487,0.5279077291488647,1.4986252166666668e-05,0.15,18.570283832834164,2.5972985302576514,26830.33374428749
102650,1911010440,0.5661356449127197,1.4831593333333336e-05,0.15,18.405557649205626,2.582323422655057,26855.754739284515
102700,1911938173,0.576091468334198,1.4676971166666673e-05,0.15,18.401194041692285,2.5819267310629352,26860.738273382187
102750,1912861036,0.5899083614349365,1.4523160666666655e-05,0.15,18.39985246032379,2.5818047691203443,26865.699133634567
102800,1913799164,0.5749603509902954,1.4366805999999997e-05,0.15,18.607374496697542,2.600670408790686,26870.681025743484
102850,1914726886,0.5844317674636841,1.4212185666666653e-05,0.15,18.40097586131662,2.581906896483329,26875.653222322464
102900,1915662363,0.5510295629501343,1.4056272833333348e-05,0.15,18.55479302616181,2.595890275105619,26901.090209960938
102950,1916597004,0.5602649450302124,1.3900499333333347e-05,0.15,18.538211317611122,2.5943828470555563,26906.108625650406
103000,1917526423,0.5523965358734131,1.374559616666665e-05,0.15,18.530564638328414,2.593687694393492,26911.078011751175
103050,1918456763,0.5390453934669495,1.3590539500000008e-05,0.15,18.45290279072535,2.5866275264295773,26916.067073583603
103100,1919390667,0.5982369780540466,1.3434888833333346e-05,0.15,18.52359323244144,2.593053930221949,26941.112367391586
103150,1920317256,0.5429604053497314,1.3280457333333338e-05,0.15,18.378503282622926,2.5798639347839023,26946.09975004196
103200,1921246917,0.5644699931144714,1.3125513833333335e-05,0.15,18.53538958449637,2.5941263258633067,26951.06467628479
103250,1922180700,0.5705952644348145,1.2969883333333341e-05,0.15,18.521193248309103,2.592835749846282,26956.055181741714
103300,1923119147,0.5689465403556824,1.2813475500000015e-05,0.15,18.613701727591884,2.6012456115992624,26981.048566818237
103350,1924053337,0.6208992004394531,1.2657777166666671e-05,0.15,18.52926592220878,2.593569629291707,26986.022653102875
103400,1924983017,0.5378969311714172,1.2502830500000005e-05,0.15,18.439811968185335,2.5854374516532124,26991.011842012405
103450,1925910390,0.5577847361564636,1.2348268333333344e-05,0.15,18.489771911635696,2.589979264694154,26995.977241754532
103500,1926841445,0.6528868079185486,1.2193092500000001e-05,0.15,18.4670845151437,2.587916774103973,27000.96644639969
103550,1927773127,0.6507458090782166,1.2037812166666671e-05,0.15,18.479520796556717,2.5890473451415197,27025.9352786541
103600,1928709407,0.5427069664001465,1.1881765499999984e-05,0.15,18.570720193585498,2.5973381994168636,27030.92532658577
103650,1929629905,0.5418597459793091,1.1728349166666673e-05,0.15,18.352699577318766,2.577518143392615,27035.892819166183
103700,1930564755,0.5234431028366089,1.1572540833333322e-05,0.15,18.542356744748794,2.594759704068072,27040.881767988205
103750,1931489716,0.5695965886116028,1.1418380666666682e-05,0.15,18.34621258702422,2.5769284170022018,27065.90395116806
103800,1932426953,0.6046624183654785,1.1262174499999987e-05,0.15,18.58970188626852,2.599063807842593,27070.895436048508
103850,1933350762,0.6544577479362488,1.1108206333333348e-05,0.15,18.4187136135258,2.583519419411436,27075.88833642006
103900,1934282037,0.5498473048210144,1.0952993833333334e-05,0.15,18.47144812265704,2.5883134656960944,27080.85898208618
103950,1935214874,0.592369019985199,1.0797520999999999e-05,0.15,18.502429736001744,2.5911299760001585,27106.421191215515
104000,1936146633,0.5910489559173584,1.064222783333334e-05,0.15,18.481048059186385,2.5891861871987625,27111.410092830658
104050,1937077446,0.4947699010372162,1.0487092333333336e-05,0.15,18.46228454687903,2.587480413352639,27116.40021944046
104100,1937999715,0.5240326523780823,1.0333380833333348e-05,0.15,18.38800941063881,2.5807281282398917,27121.361132621765
104150,1938929538,0.6678440570831299,1.0178410333333343e-05,0.15,18.442648313069004,2.585695301188091,27126.34212899208
104200,1939861693,0.5755631327629089,1.0023051166666651e-05,0.15,18.488902552710396,2.5899002320645814,27151.78895354271
104250,1940796939,0.5032023787498474,9.867176833333335e-06,0.15,18.550211238272805,2.5954737489338915,27156.78161096573
104300,1941722112,0.6053261756896973,9.712981333333336e-06,0.15,18.445908764654277,2.5859917058776616,27161.749161481857
104350,1942654091,0.5984945893287659,9.557651500000007e-06,0.15,18.485411666699726,2.589582878790884,27166.754969120026
104400,1943586895,0.6116564273834229,9.40218416666666e-06,0.15,18.501775194874746,2.5910704722613405,27192.212500333786
104450,1944517609,0.648716926574707,9.247065166666656e-06,0.15,18.460320923498028,2.5873019021361845,27197.187958955765
104500,1945446750,0.5370071530342102,9.092208333333329e-06,0.15,18.429121129777656,2.584465557252514,27202.164717674255
104550,1946372660,0.5750632286071777,8.937889999999992e-06,0.15,18.460602918893052,2.5873275380811864,27207.118110895157
104600,1947302626,0.6825302839279175,8.782895666666678e-06,0.15,18.445484657952676,2.5859531507229705,27232.450501680374
104650,1948233197,0.5907816290855408,8.627800500000016e-06,0.15,18.457484578614356,2.587044052601305,27237.422905683517
104700,1949167112,0.5570871233940125,8.472148000000001e-06,0.15,18.523811412817107,2.5930737648015554,27242.39386367798
104750,1950098434,0.6210029721260071,8.316927666666674e-06,0.15,18.56850626046734,2.597136932769758,27247.34157395363
104800,1951031623,0.5696579217910767,8.161396166666679e-06,0.15,18.50941150802309,2.5917646825475535,27252.328463077545
104850,1951966121,0.5899761915206909,8.005646499999985e-06,0.15,18.535374972727453,2.5941249975206775,27277.540176153183
104900,1952898441,0.6359761357307434,7.850259833333317e-06,0.15,18.492175258345398,2.5901977507586724,27282.51062822342
104950,1953832609,0.5840044617652893,7.694565166666677e-06,0.15,18.528829561457446,2.593529960132495,27287.490792036057
105000,1954758244,0.5654451847076416,7.54029266666667e-06,0.15,18.455120025520376,2.586829093229125,27292.437350034714
105050,1955694788,0.5690099596977234,7.384202000000006e-06,0.15,18.575956522601505,2.5978142293274096,27317.67359852791
105100,1956625458,0.5692574977874756,7.2290903333333426e-06,0.15,18.459448201995357,2.5872225638177597,27322.64821791649
105150,1957555842,0.7277583479881287,7.074026333333327e-06,0.15,18.453775512228017,2.5867068647480016,27327.62006378174
105200,1958484073,0.5630016326904297,6.919321166666658e-06,0.15,18.50687853895845,2.5915344126325865,27332.577491283417
105250,1959417339,0.5683556795120239,6.763776833333334e-06,0.15,18.510938770652757,2.591903524604796,27357.791872739792
105300,1960349637,0.5175092220306396,6.608393833333336e-06,0.15,18.491738897594065,2.5901580815994603,27362.76349234581
105350,1961282078,0.6022372245788574,6.4529869999999985e-06,0.15,18.494575242477737,2.5904159311343395,27367.733273029327
105400,1962208186,0.6332182884216309,6.298635666666663e-06,0.15,18.46455060212138,2.587686418374671,27372.704053878784
105450,1963137778,0.6108992695808411,6.143703666666677e-06,0.15,18.438066525179998,2.5852787750163633,27377.656787872314
105500,1964066600,0.5591583847999573,5.988899999999985e-06,0.15,18.422793898883313,2.5838903544439376,27402.86884379387
105550,1965002935,0.6530174016952515,5.832844166666672e-06,0.15,18.571811095463833,2.597437372314894,27407.847935914993
105600,1965934221,0.6501675844192505,5.677629833333341e-06,0.15,18.471666303032706,2.5883333002757003,27412.826047182083
105650,1966860351,0.48981690406799316,5.523274833333335e-06,0.15,18.464989233591197,2.5877262939628363,27417.78297662735
105700,1967790977,0.6239801645278931,5.368170500000013e-06,0.15,18.45857548049269,2.5871432254993354,27443.268941164017
105750,1968720195,0.5701678395271301,5.213300833333322e-06,0.15,18.430648392407324,2.584604399309757,27448.24647808075
105800,1969657498,0.6412168741226196,5.057083666666651e-06,0.15,18.59101096852252,2.5991828153202294,27453.222128868103
105850,1970585630,0.5422288179397583,4.902395000000015e-06,0.15,18.504904697344287,2.5913549724858442,27458.178786993027
105900,1971516729,0.5006818175315857,4.747211833333331e-06,0.15,18.46795723664637,2.587996112422397,27483.444307804108
105950,1972450369,0.6001654863357544,4.591605166666679e-06,0.15,18.51835690342543,2.5925779003114027,27488.417556524277
106000,1973385351,0.6412934064865112,4.435774833333338e-06,0.15,18.544974909256798,2.594997719023345,27493.388823747635
106050,1974316516,0.6528142094612122,4.280580666666678e-06,0.15,18.46926631890037,2.5881151199000336,27498.364446163177
106100,1975240358,0.6035878658294678,4.126607000000015e-06,0.15,18.41937156073052,2.5835792327936837,27503.314982414246
106150,1976169763,0.5520281195640564,3.971706166666677e-06,0.15,18.43435745879366,2.58494158716306,27528.292295455933
106200,1977100829,0.5156787037849426,3.8165285000000155e-06,0.15,18.46730269551937,2.587936608683579,27533.265800714493
106250,1978029893,0.5879883170127869,3.661684499999984e-06,0.15,18.427593867147987,2.5843267151952714,27538.238131284714
106300,1978956881,0.5359563827514648,3.507186500000003e-06,0.15,18.482095860913947,2.5892814419012677,27543.18631720543
106350,1979890477,0.6526696085929871,3.351587166666658e-06,0.15,18.517484181922764,2.592498561992979,27568.17736721039
106400,1980820542,0.5543670058250427,3.1965763333333448e-06,0.15,18.447448281333678,2.5861316619394255,27573.154938936234
106450,1981753401,0.6029216647148132,3.041099833333338e-06,0.15,18.502866096753078,2.5911696451593706,27578.132467508316
106500,1982677790,0.4897952079772949,2.887034999999993e-06,0.15,18.334867207489538,2.575897018862685,27583.106642484665
106550,1983609277,0.6659844517707825,2.731787166666655e-06,0.15,18.57179599649095,2.5974359996809953,27608.04483962059
106600,1984543313,0.4962325692176819,2.5761145000000037e-06,0.15,18.526211396949442,2.593291945177222,27613.026697397232
106650,1985477679,0.5962749123573303,2.420386833333332e-06,0.15,18.53275680821945,2.5938869825654045,27617.99818134308
106700,1986405874,0.5780192613601685,2.26568766666666e-06,0.15,18.410357617470297,2.5827597834063907,27622.97266817093
106750,1987333412,0.5664598345756531,2.111097999999989e-06,0.15,18.493061647659303,2.5902783316053912,27627.922295570374
106800,1988268086,0.5760549902915955,1.9553189999999996e-06,0.15,18.538865858738124,2.594442350794375,27653.311382055283
106850,1989200439,0.5933449268341064,1.7999268333333428e-06,0.15,18.4928297994724,2.590257254497491,27658.289832115173
106900,1990132242,0.6284939646720886,1.644626333333343e-06,0.15,18.48192078068905,2.5892655255171864,27663.270153045654
106950,1991059604,0.6222118139266968,1.490066000000001e-06,0.15,18.48955259590079,2.589959326900072,27668.250019073486
107000,1991990054,0.6025285720825195,1.3349910000000075e-06,0.15,18.45508459448202,2.586825872225638,27693.643586874008
107050,1992923672,0.5528445243835449,1.1793879999999921e-06,0.15,18.517920542674098,2.5925382311521905,27698.618761777878
107100,1993856036,0.5506917834281921,1.0239939999999836e-06,0.15,18.49304797984807,2.590277089077097,27703.59591317177
107150,1994786035,0.6315674781799316,8.689941666666811e-07,0.15,18.446139199079674,2.5860126544617885,27708.568835258484
107200,1995715795,0.6261079907417297,7.140341666666771e-07,0.15,18.537363426110534,2.5943057660100486,27733.528913259506
107250,1996647510,0.5875151753425598,5.587483333333254e-07,0.15,18.48017533768372,2.589106848880338,27738.504847049713
107300,1997577828,0.5719925761222839,4.036953333333204e-07,0.15,18.452466429974017,2.586587857270365,27743.48229122162
107350,1998512106,0.5591110587120056,2.479823333333297e-07,0.15,18.531011365214113,2.593728305928556,27748.454755067825
107400,1999441206,0.5615768432617188,9.313233333333447e-08,0.15,18.52420448201611,2.593109498365101,27753.407099962234
