updates,tokens,loss,lr,mask_rate,seq_len,walk_len,seconds
50,1378986,9.4802827835083,2.068479e-06,0.6999667219582065,27.351607592677073,3.39560069024337,5.425092935562134
100,2749733,9.33936882019043,4.1245995e-06,0.6998676819475024,27.188190491302535,3.3807445901184123,10.524760484695435
150,4122053,9.112202644348145,6.183079499999999e-06,0.6997026518836408,27.219390285022907,3.3835809350020827,15.61643934249878
200,5495473,8.817399978637695,8.243209499999999e-06,0.6994714960888597,27.241208322589603,3.385564392962691,20.687830686569214
250,6866014,8.451273918151855,1.0299021e-05,0.6991750124056565,27.325564239572532,3.393233112688412,37.192950963974
300,8243295,8.096853256225586,1.23649425e-05,0.698810841532002,27.317789634448697,3.3925263304044275,42.261733055114746
350,9617144,7.756930828094482,1.4425715999999997e-05,0.698381434472457,27.249717357240613,3.3863379415673283,47.350512742996216
400,10993094,7.472080230712891,1.6489640999999998e-05,0.6978851579753753,27.291389808993,3.390126346272091,52.43037486076355
450,12359026,7.227936267852783,1.8538539e-05,0.6973269533357981,27.233670946646463,3.38487917696786,67.59052991867065
500,13729531,6.981529712677002,2.05942965e-05,0.6967012496241006,27.183390523037865,3.3803082293670785,72.65013885498047
550,15104282,6.701594352722168,2.2656423e-05,0.6960075616421283,27.2676081480453,3.387964377095027,77.74609136581421
600,16479891,6.431670188903809,2.4719836499999997e-05,0.695247230870992,27.284626217347324,3.389511474304302,82.82900905609131
650,17855258,6.106905460357666,2.6782886999999995e-05,0.6944208208306851,27.27982624908265,3.389075113552968,87.89297676086426
700,19222961,5.807024002075195,2.88344415e-05,0.6935333609818684,27.268980779966505,3.3880891618151368,102.93993616104126
750,20597844,5.435716152191162,3.0896766e-05,0.6925752543946541,27.270226312553305,3.3882023920503004,108.02544856071472
800,21971671,5.056458473205566,3.295750649999999e-05,0.6915517992856858,27.24928099648928,3.386298272408116,113.12265467643738
850,23348237,4.673152923583984,3.50223555e-05,0.690460047007357,27.303607910030347,3.391237082730032,118.19982600212097
900,24716380,4.252054214477539,3.707457e-05,0.689309259794673,27.277753409362788,3.388886673578435,133.4577260017395
950,26092022,3.818026065826416,3.9138032999999994e-05,0.6880861117891515,27.285280758474325,3.3895709780431207,138.5236415863037
1000,27468632,3.4196550846099854,4.1202947999999996e-05,0.68679579948085,27.304480631533014,3.3913164210484554,143.60534691810608
1050,28841876,2.974963665008545,4.3262814e-05,0.6854425583040109,27.237717436578933,3.385247039688994,148.6870472431183
1100,30217859,2.583125352859497,4.532678849999999e-05,0.684020417455482,27.292044350119998,3.3901858500109086,163.76095294952393
1150,31581470,2.19063663482666,4.7372204999999994e-05,0.6825456881711842,27.18739532658107,3.380672302416461,168.79989171028137
1200,32959818,1.8630892038345337,4.9439726999999994e-05,0.6809888819546203,27.33895313088839,3.3944502846262172,173.88382124900818
1250,34340421,1.6619515419006348,5.15106315e-05,0.6793628709969982,27.383680107900112,3.3985163734454646,178.955148935318
1300,35714303,1.4436520338058472,5.35714545e-05,0.6776785498214233,27.250371898367614,3.386397445306147,184.00533437728882
1350,37078376,1.3117492198944092,5.5617563999999996e-05,0.6759408955810459,27.196606587447164,3.381509689767924,199.0868570804596
1400,38453589,1.2798340320587158,5.7680383499999996e-05,0.6741231261278339,27.276771723823312,3.3887974294384833,204.15802526474
1450,39827559,1.1776196956634521,5.974133849999999e-05,0.6722408970217766,27.252117341372948,3.3865561219429954,209.22764015197754
1500,41204873,1.1323862075805664,6.18073095e-05,0.6702877727184428,27.3184441755757,3.3925858341432455,214.28512477874756
1550,42572466,1.0772995948791504,6.3858699e-05,0.6682827399268798,27.266787622617432,3.3878897838743116,229.3718400001526
1600,43948999,1.0370663404464722,6.59234985e-05,0.6661984960207149,27.302953368903346,3.391177578991213,234.40122389793396
1650,45317986,0.9897339344024658,6.797697899999999e-05,0.6640599025358165,27.153281631195828,3.3775710573814384,239.49286651611328
1700,46693353,0.9680830836296082,7.004002949999999e-05,0.6618452887483043,27.27982624908265,3.389075113552968,244.57486128807068
1750,48067147,1.0041718482971191,7.21007205e-05,0.6595671141374068,27.248626455362277,3.386238768669298,259.7132337093353
1800,49435719,1.0122666358947754,7.41535785e-05,0.6572319195216781,27.286306723024165,3.3896642475476515,264.7519533634186
1850,50811812,0.9396915435791016,7.6217718e-05,0.6548177958223415,27.294226153876668,3.3903841958069694,269.83884716033936
1900,52182141,0.9756925106048584,7.82732115e-05,0.652347922811482,27.179899637027194,3.379990876093381,274.91141080856323
1950,53557420,0.9125270247459412,8.033613e-05,0.6498030483515129,27.278080806077316,3.3889164369161193,279.9718668460846
2000,54923473,0.9059508442878723,8.23852095e-05,0.6472097119883198,27.23608341973044,3.385098492702767,295.0230872631073
2050,56299500,0.8861006498336792,8.444925e-05,0.644531410245625,27.292917071622668,3.3902651883293333,300.0923602581024
2100,57671215,0.8336094617843628,8.65068225e-05,0.641795541807416,27.207390364361228,3.3824900331237484,305.1828508377075
2150,59046109,0.8561676740646362,8.85691635e-05,0.638987247709302,27.270444492928974,3.3882222266299067,310.2458028793335
2200,60425964,0.8055111169815063,9.0638946e-05,0.6361023003067373,27.36884384235476,3.397167622032251,325.30627369880676
2250,61795757,0.8001282215118408,9.26936355e-05,0.6331724772939465,27.31065076959885,3.3918773426908047,330.330926656723
2300,63173093,0.7643470168113708,9.47596395e-05,0.6301603056142336,27.318880536327033,3.3926255033024573,335.4095559120178
2350,64546678,0.7533020377159119,9.682001699999998e-05,0.6270902112853756,27.244481028224605,3.3858619116567823,340.4828870296478
2400,65921781,0.7634530663490295,9.888267149999999e-05,0.6239505788212906,27.274589920066646,3.3885990836424225,355.55788683891296
2450,67289484,0.7866557836532593,0.000100934226,0.6207621935027404,27.268980779966505,3.3880891618151368,360.5887117385864
2500,68664829,0.7581120729446411,0.00010299724349999999,0.6174899720220132,27.279389888331316,3.389035444393756,365.63171792030334
2550,70043221,0.7537478804588318,0.00010506483149999998,0.6141440758590402,27.33982585239106,3.3945296229446416,370.72609186172485
2600,71417862,0.7565289735794067,0.00010712679299999999,0.6107410572786066,27.26542634428863,3.387766031298966,375.77579379081726
2650,72793042,0.7708315253257751,0.000109189563,0.6072705281367591,27.276117182696314,3.388737925699665,390.8405566215515
2700,74160690,0.7544302344322205,0.000111241035,0.6037533610276682,27.26788420129197,3.3879894728447244,395.87957668304443
2750,75534902,0.7358088493347168,0.00011330235299999998,0.6001533751473819,27.256917309637622,3.386992482694329,400.9693088531494
2800,76913239,0.7389121055603027,0.0001153698585,0.5964761891642554,27.338734950512723,3.3944304500466114,406.0475091934204
2850,78283447,0.7104707956314087,0.00011742517049999999,0.5927547837014683,27.177499652894856,3.3797726957177137,421.12490224838257
2900,79653339,0.6937640309333801,0.00011948000849999998,0.5889685477576438,27.312624611213014,3.3920567828375465,426.14781498908997
2950,81030642,0.7075933814048767,0.00012154596299999999,0.5850956134986871,27.31822599520003,3.3925659995636392,431.22406101226807
3000,82404645,0.7174221873283386,0.0001236069675,0.5811658034424195,27.25277188249995,3.3866156256818134,436.3115005493164
3050,83777086,0.7116365432739258,0.000125665629,0.5771744975736005,27.221790269155246,3.38379911537775,451.355831861496
3100,85143260,0.7642565965652466,0.00012771488999999999,0.573135942340017,27.23849589281442,3.3853178084376747,456.42181158065796
3150,86518451,0.7382633686065674,0.00012977767649999998,0.5690047586398105,27.27633536307198,3.3887577602792707,461.47232723236084
3200,87892850,0.7058690786361694,0.00013183927499999998,0.5648098210803563,27.26062637602396,3.3873296705476332,466.5625033378601
3250,89274795,0.685881495475769,0.0001339121925,0.5605251921098896,27.41029811373148,3.400936192157407,471.615473985672
3300,90646994,0.6828665137290955,0.00013597049099999998,0.5562046433783693,27.216990300890572,3.3833627546264156,486.7351303100586
3350,92012959,0.6829720139503479,0.0001380194385,0.5518382690811255,27.234328893851185,3.3849389903501077,491.7623641490936
3400,93389877,0.6688182950019836,0.00014008481549999998,0.5473707902936852,27.31058968205169,3.3918717892774257,496.8393874168396
3450,94772284,0.6454113125801086,0.00014215842599999998,0.5428187482449085,27.41946168950949,3.4017692445008625,501.9119279384613
3500,96147739,0.6947804689407349,0.0001442216085,0.5382232149907878,27.281571692087986,3.389233790189817,516.9666814804077
3550,97512582,0.6614846587181091,0.000146268873,0.5335976861546323,27.21195868889066,3.3829053353536964,521.9848630428314
3600,98894032,0.6656678915023804,0.000148341048,0.528849482608702,27.400479996826466,3.4000436360751327,527.0455849170685
3650,100267210,0.6119180917739868,0.000150400815,0.5240635154792782,27.23640835432493,3.385128032211357,532.1224849224091
3700,101642137,0.650568425655365,0.00015246320549999997,0.5192053297562815,27.271099034055972,3.3882817303687247,547.2380559444427
3750,103020254,0.6396567821502686,0.00015453038099999997,0.514269477151071,27.334371342999386,3.39403375845449,552.2818644046783
3800,104383381,0.6507557034492493,0.00015657507149999998,0.5093219209926546,27.177745434245153,3.379795039476832,557.3096115589142
3850,105759210,0.6338914632797241,0.000158638815,0.5042623162530783,27.28898982486066,3.389908165896424,562.3911483287811
3900,107137723,0.6305578947067261,0.00016070658449999998,0.4991263954315672,27.342225836523394,3.3947478033203087,567.4537882804871
3950,108511407,0.6488697528839111,0.0001627671105,0.4939423046404061,27.24644465160561,3.3860404228732377,582.490104675293
4000,109877471,0.6189494132995605,0.00016481620649999996,0.48872147391627274,27.236302735465348,3.3851184304968496,587.5109603404999
4050,111252211,0.6288895606994629,0.0001668783165,0.4834015470832009,27.267389967669637,3.3879445425154215,592.5754084587097
4100,112628656,0.6518773436546326,0.000168942984,0.4780087523335891,27.301207925898012,3.391018902354365,597.644049167633
4150,114003143,0.6626444458961487,0.00017100471449999998,0.4725574592571271,27.262371819029294,3.3874883471844814,612.7398846149445
4200,115380380,0.6486532092094421,0.00017307056999999997,0.467028938443473,27.31691691294603,3.3924469920860023,617.7695405483246
4250,116748127,0.6288399696350098,0.0001751221905,0.46147280973485777,27.269858042906133,3.388168912991467,622.8005259037018
4300,118122482,0.6484994292259216,0.00017718372299999999,0.4558238868077943,27.259753654521294,3.387250332229208,627.8851389884949
4350,119491579,0.6195782423019409,0.00017923736849999997,0.4501308445915182,27.155463434952495,3.3777694031774996,643.1811993122101
4400,120865714,0.5888248682022095,0.00018129857099999998,0.4443508856372285,27.255390047007953,3.3868536406370864,648.2305815219879
4450,122231327,0.6040140390396118,0.0001833469905,0.43854129724683377,27.22731079033416,3.384300980939469,653.2115063667297
4500,123605649,0.6295921206474304,0.0001854084735,0.432628761867554,27.259099113394292,3.38719082849039,658.2297415733337
4550,124980125,0.5871743559837341,0.0001874701875,0.42664944621222656,27.26215363865363,3.3874685126048756,663.2753653526306
4600,126355569,0.5940083265304565,0.00018953335349999997,0.42059972819700914,27.281353511712318,3.3892139556102108,678.3134517669678
4650,127724614,0.6442689895629883,0.00019158692099999997,0.4145124021246426,27.29573729962517,3.3905215726931974,683.3226053714752
4700,129096945,0.5659945607185364,0.00019364541749999998,0.408344628854172,27.219608465398576,3.383600769581689,688.3002262115479
4750,130472950,0.6039711236953735,0.00019570942499999997,0.40209416307020623,27.292480710871335,3.390225519170121,693.305668592453
4800,131847173,0.6161910891532898,0.00019777075949999997,0.3957856520083912,27.25713549001329,3.3870123172739355,708.1282875537872
4850,133221022,0.6093354225158691,0.000199831533,0.38941278770232163,27.249717357240613,3.3863379415673283,713.1024551391602
4900,134591508,0.5577994585037231,0.00020188726199999997,0.3829897045500039,27.324467660897998,3.3931334237179995,718.0862736701965
4950,135965434,0.5761957764625549,0.00020394815099999999,0.37648451325085375,27.25124461987028,3.3864767836245706,723.0802516937256
5000,137341857,0.6149259209632874,0.0002060127855,0.3699012505263522,27.300771565146675,3.3909792331951523,737.9648764133453
5050,138722383,0.533842921257019,0.0002080835745,0.3632317579590229,27.382152845270443,3.398377531388222,742.9682319164276
5100,140091329,0.5752253532409668,0.0002101369935,0.35655234193274077,27.293763458011007,3.390342132546455,747.9471929073334
5150,141465662,0.5766737461090088,0.00021219849299999999,0.3497806633107807,27.259317293769957,3.387210663069996,752.9501037597656
5200,142843031,0.5850896835327148,0.0002142645465,0.3429276986578282,27.319535077454034,3.3926850070412757,757.9579284191132
5250,144221016,0.5284180641174316,0.000216331524,0.33600522451873555,27.331753178491383,3.3937957434992168,773.7332906723022
5300,145599133,0.5487180948257446,0.00021839869949999996,0.32901561821884545,27.334371342999386,3.39403375845449,778.9378123283386
5350,146965912,0.5802986025810242,0.00022044886799999996,0.32201786242514446,27.25055825823431,3.3864143871122097,784.1291735172272
5400,148341466,0.5559941530227661,0.00022251219899999998,0.31490916563698973,27.28353531546899,3.3894123014062716,789.2909786701202
5450,149716998,0.5366905927658081,0.000224575497,0.3077343589226899,27.283098954717655,3.38937263224706,805.1672031879425
5500,151091815,0.5183394551277161,0.00022663772249999998,0.30049711020010106,27.268917230299305,3.3880833845726643,810.2377727031708
5550,152457208,0.572344183921814,0.00022868581199999996,0.29324399525478284,27.222924475636017,3.38390222505782,815.2137129306793
5600,153833356,0.5270864963531494,0.00023075003399999997,0.28586772518110204,27.295317055755003,3.3904833687050004,820.2250761985779
5650,155205764,0.5243099331855774,0.00023280864599999998,0.27844548937058533,27.221135728028244,3.3837396116389313,835.1489503383636
5700,156576445,0.5223948955535889,0.0002348646675,0.2709667952453345,27.186881409048535,3.3806255826407763,840.1535134315491
5750,157948303,0.5336688756942749,0.00023692245449999998,0.2634158376398533,27.210226709244896,3.382747882658627,845.1543388366699
5800,159320549,0.5375676155090332,0.00023898082349999998,0.2557968466609255,27.359558178483134,3.396323470771194,850.1867363452911
5850,160695267,0.5588976740837097,0.0002410429005,0.24809804536647742,27.2669536069183,3.387904873356209,855.2012164592743
5900,162071701,0.5507572293281555,0.00024310755149999997,0.24032336536191556,27.300989745522344,3.3909990677747586,870.715991973877
5950,163446111,0.529640793800354,0.0002451691665,0.23249395398207442,27.260844556399626,3.3873495051272386,875.7738134860992
6000,164814529,0.5161643028259277,0.00024722179349999997,0.22463299303389275,27.283236302735464,3.3893851184304964,880.8065490722656
6050,166186024,0.4868171215057373,0.000249279036,0.21668859497374993,27.203026756847887,3.3820933415316263,885.9008219242096
6100,167559609,0.57756507396698,0.0002513394135,0.20866610505592453,27.244481028224605,3.3858619116567823,901.1402499675751
6150,168934228,0.465866357088089,0.000253401342,0.20057146567577025,27.264989983537298,3.3877263621397544,906.1817774772644
6200,170303900,0.5469716787338257,0.00025545585,0.192440178783825,27.308238296514872,3.3916580269558976,911.2247428894043
6250,171681027,0.46689024567604065,0.0002575215405,0.18419843694394217,27.31473510918936,3.3922486462899415,916.214040517807
6300,173055547,0.5111255049705505,0.0002595833205,0.1759061089192888,27.263026360156296,3.3875478509232995,931.1093080043793
6350,174430705,0.5134633779525757,0.00026164605749999997,0.1675437601810521,27.275680821944977,3.388698256540452,936.0794470310211
6400,175804587,0.5495170950889587,0.00026370688049999995,0.1591230758207901,27.250371898367614,3.386397445306147,941.0714967250824
6450,177169386,0.4935747981071472,0.000265754079,0.15069265162670253,27.211081425951033,3.382825584177367,946.0377278327942
6500,178545160,0.5236586928367615,0.00026781773999999997,0.15,27.28789892298233,3.3898089929983937,951.0283117294312
6550,179920560,0.524480402469635,0.00026988084,0.15,27.28048079020965,3.3891346172917864,965.9888224601746
6600,181295542,0.5109356045722961,0.00027194331299999996,0.15,27.272189935934307,3.3883809032667553,970.9822199344635
6650,182665654,0.5495684742927551,0.000273998481,0.15,27.317010925911156,3.392455538719196,975.9534225463867
6700,184038766,0.47977668046951294,0.000276058149,0.15,27.23509927207093,3.3850090247337206,980.9979043006897
6750,185414221,0.5295331478118896,0.00027812133149999997,0.15,27.281571692087986,3.389233790189817,997.739753484726
6800,186785254,0.5007801651954651,0.000280177881,0.15,27.193863181069876,3.38126028918817,1002.7613577842712
6850,188158839,0.5749565362930298,0.0002822382585,0.15,27.244481028224605,3.3858619116567823,1007.8419332504272
6900,189527136,0.4593517482280731,0.000284290704,0.15,27.28082382965149,3.3891658026955898,1012.9607403278351
6950,190901150,0.5143716335296631,0.000286351725,0.15,27.252990062875618,3.3866354602614197,1030.0290200710297
7000,192275527,0.49302202463150024,0.0002884132905,0.15,27.260190015272627,3.3872900013884206,1035.0575201511383
7050,193648210,0.5163180232048035,0.000290472315,0.15,27.226590237419916,3.384235476129083,1040.0563230514526
7100,195012921,0.5479648113250732,0.0002925193815,0.15,27.209326900071776,3.3826660818247065,1045.038202047348
7150,196389069,0.5247297286987305,0.0002945836035,0.15,27.295317055755003,3.3904833687050004,1050.0360462665558
7200,197765646,0.5014912486076355,0.00029664846899999997,0.15,27.303826090406012,3.3912569173096374,1064.8139538764954
7250,199136734,0.5267646312713623,0.00029870510099999994,0.15,27.19495408294821,3.3813594620862015,1069.8161280155182
7300,200512024,0.4476272761821747,0.00029991466266666663,0.15,27.27829898645298,3.3889362714957256,1074.8394582271576
7350,201874821,0.4639730453491211,0.00029968752983333327,0.15,27.171165962197943,3.379196905654359,1079.8878190517426
7400,203250562,0.5076793432235718,0.0002994582396666666,0.15,27.287244381855327,3.3897494892595756,1095.065194606781
7450,204625489,0.44177165627479553,0.0002992290851666666,0.15,27.271099034055972,3.3882817303687247,1100.1176578998566
7500,206003408,0.516467273235321,0.000298999432,0.15,27.33044409623738,3.39367673602158,1105.1309475898743
7550,207372332,0.4563784897327423,0.00029877127799999995,0.15,27.29332482654119,3.3903022569582904,1110.1808578968048
7600,208746049,0.5197962522506714,0.00029854232516666665,0.15,27.24709919273261,3.386099926612055,1125.3841178417206
7650,210122054,0.5265703201293945,0.00029831299099999996,0.15,27.292480710871335,3.390225519170121,1130.3828959465027
7700,211498664,0.4676892161369324,0.000298083556,0.15,27.304480631533014,3.3913164210484554,1135.3768408298492
7750,212863045,0.48747432231903076,0.00029785615916666665,0.15,27.202747428024562,3.3820679480022333,1140.383361339569
7800,214241514,0.48404446244239807,0.0002976264143333333,0.15,27.341353115020727,3.394668465001884,1145.3551046848297
7850,215617761,0.49196597933769226,0.0002973970398333333,0.15,27.297280679136005,3.3906618799214554,1160.2354290485382
7900,216988915,0.4686848223209381,0.00029716851416666665,0.15,27.196263165202215,3.3814784695638376,1165.2277793884277
7950,218363248,0.5004786849021912,0.00029693945866666663,0.15,27.259317293769957,3.387210663069996,1170.2181186676025
8000,219730599,0.5366307497024536,0.0002967115668333333,0.15,27.26196267644948,3.387451152404498,1175.1886413097382
8050,221105141,0.49614831805229187,0.0002964824765,0.15,27.26346272090763,3.3875875200825116,1190.1287565231323
8100,222477186,0.4665003716945648,0.0002962538023333333,0.15,27.213935775631235,3.3830850705119304,1195.120403289795
8150,223854170,0.4832621216773987,0.00029602430499999996,0.15,27.311898764305692,3.391990796755063,1200.1570191383362
8200,225224568,0.5380955338478088,0.0002957959053333333,0.15,27.32271313501874,3.3929739213653405,1205.2893137931824
8250,226601167,0.5794251561164856,0.00029556647216666664,0.15,27.30426245115735,3.39129658646885,1221.8702700138092
8300,227975379,0.4205383062362671,0.0002953374368333333,0.15,27.256917309637622,3.386992482694329,1226.9270079135895
8350,229348150,0.5294184684753418,0.0002951086416666666,0.15,27.228335680425253,3.3843941527659323,1231.9926221370697
8400,230726454,0.45923277735710144,0.0002948789243333333,0.15,27.33808040938572,3.3943709463077933,1237.0336623191833
8450,232096577,0.41655319929122925,0.0002946505705,0.15,27.317230241646065,3.3924754765132787,1242.0083310604095
8500,233469854,0.48481616377830505,0.00029442169099999996,0.15,27.23837197770593,3.385306543427812,1259.1097612380981
8550,234845298,0.5141369104385376,0.0002941924503333333,0.15,27.281353511712318,3.3892139556102108,1264.152087211609
8600,236214978,0.51066654920578,0.0002939641703333333,0.15,27.167026994862844,3.378820635896622,1269.2009825706482
8650,237580118,0.46797579526901245,0.00029373664699999997,0.15,27.217880213733153,3.383443655793923,1274.2854614257812
8700,238956530,0.47244003415107727,0.000293507245,0.15,27.30055338477101,3.390959398615546,1291.302229642868
8750,240328751,0.4670727849006653,0.00029327854149999996,0.15,27.217426661641905,3.383402423785628,1296.3828675746918
8800,241704393,0.565397322177887,0.0002930492678333333,0.15,27.285280758474325,3.3895709780431207,1301.4461450576782
8850,243078143,0.5385884046554565,0.00029282030949999996,0.15,27.24775373385961,3.3861594303508737,1306.5626871585846
8900,244442249,0.5208180546760559,0.00029259295849999996,0.15,27.197264534651886,3.3815695031501716,1322.8449177742004
8950,245811181,0.49628302454948425,0.0002923648031666667,0.15,27.152190729317493,3.3774718844834086,1327.965563774109
9000,247185206,0.48724034428596497,0.00029213579899999996,0.15,27.253208243251283,3.3866552948410256,1333.0314412117004
9050,248563532,0.4726976156234741,0.00029190607799999994,0.15,27.33851677013706,3.3944106154670055,1338.0573766231537
9100,249928012,0.5341988205909729,0.00029167866466666667,0.15,27.20472126963873,3.382247388148975,1343.0469708442688
9150,251300420,0.4881015419960022,0.00029144992999999996,0.15,27.221135728028244,3.3837396116389313,1358.9927592277527
9200,252679087,0.4617842137813568,0.00029122015216666666,0.15,27.34528036178273,3.3950254874347934,1364.0020422935486
9250,254055290,0.4500713050365448,0.000290990785,0.15,27.29640795763334,3.3905825416030306,1369.0033524036407
9300,255421585,0.4760434925556183,0.0002907630691666666,0.15,27.240908365898395,3.385537124172581,1373.993305683136
9350,256797678,0.4169149696826935,0.00029053372033333334,0.15,27.294226153876668,3.3903841958069694,1388.8728830814362
9400,258175630,0.4782221019268036,0.00029030406166666664,0.15,27.33109863736438,3.393736239760398,1393.8405027389526
9450,259549666,0.4475700557231903,0.00029007505566666663,0.15,27.25342642362695,3.3866751294206314,1398.8478751182556
9500,260927321,0.6220724582672119,0.00028984544649999995,0.15,27.325207767221375,3.393200706111034,1403.895626783371
9550,262293418,0.48012596368789673,0.0002896177636666666,0.15,27.23696068267007,3.3851782438790976,1419.5519745349884
9600,263667410,0.465274840593338,0.000289388765,0.15,27.252553702124285,3.386595791102208,1424.5273718833923
9650,265043459,0.515006422996521,0.0002891594235,0.15,27.293353432374,3.390304857488546,1429.52077627182
9700,266416153,0.4348308742046356,0.00028893064116666665,0.15,27.226808417795585,3.384255310708689,1434.5208175182343
9750,267782712,0.4629082977771759,0.0002887028813333333,0.15,27.24617194353617,3.3860156312305607,1439.513287305832
9800,269153789,0.464496374130249,0.0002884743685,0.15,27.194735902572546,3.3813396275065952,1455.2779903411865
9850,270530080,0.5040006041526794,0.0002882449866666666,0.15,27.298153400638675,3.3907412182398797,1460.3304946422577
9900,271901630,0.4146675765514374,0.000288016395,0.15,27.204117658726222,3.382192514429656,1465.4258337020874
9950,273275754,0.4174547791481018,0.0002877873743333333,0.15,27.25517186663229,3.386833806057481,1470.466715812683
10000,274643919,0.5194997787475586,0.00028755934683333327,0.15,27.278192040832604,3.3889265491666007,1485.9953927993774
10050,276016426,0.431991845369339,0.00028733059566666663,0.15,27.223099351409246,3.383918122855386,1491.0021522045135
10100,277395203,0.5032187104225159,0.0002871007995,0.15,27.3474621655394,3.395223833230854,1496.0346488952637
10150,278770592,0.48493561148643494,0.00028687156799999996,0.15,27.280262609833983,3.38911478271218,1501.0898513793945
10200,280139846,0.4444515109062195,0.000286643359,0.15,27.299904298588405,3.390900390780764,1516.3972792625427
10250,281515422,0.4749445617198944,0.0002864140963333333,0.15,27.28397167622032,3.3894519705654833,1521.4660913944244
10300,282892351,0.4886733591556549,0.00028618460816666664,0.15,27.310807862427357,3.391891623857032,1526.520315170288
10350,284264264,0.4768156111240387,0.000285955956,0.15,27.21131761112323,3.382847055556658,1531.5881106853485
10400,285639466,0.4849446713924408,0.00028572675566666665,0.15,27.276553543447648,3.388777594858877,1536.6567401885986
10450,287006080,0.4674317240715027,0.00028549898666666663,0.15,27.247268522210703,3.386115320200973,1552.2516853809357
10500,288383614,0.4439055025577545,0.0002852693976666667,0.15,27.322807783089036,3.3929825257353667,1557.3200163841248
10550,289755516,0.48122936487197876,0.0002850407473333333,0.15,27.211099430747566,3.3828272209770516,1562.3661270141602
10600,291130828,0.49961113929748535,0.00028481152866666664,0.15,27.278735347204314,3.388975940654938,1567.3763391971588
10650,292501446,0.49105238914489746,0.0002845830923333333,0.15,27.327099449716883,3.3933726772469894,1582.6725432872772
10700,293876494,0.47913089394569397,0.00028435391766666666,0.15,27.27349901818831,3.388499910744392,1587.7197904586792
10750,295254732,0.3977058231830597,0.00028412421133333334,0.15,27.33677132713172,3.3942519388301564,1592.8012194633484
10800,296627778,0.4743434488773346,0.0002838953703333333,0.15,27.233790189816926,3.3848900172560845,1597.8728907108307
10850,297996438,0.553566575050354,0.0002836672603333333,0.15,27.28806124890342,3.3898237499003105,1602.9353630542755
10900,299364446,0.41715916991233826,0.00028343925899999996,0.15,27.13386357776147,3.3758057797964978,1618.4825904369354
10950,300739098,0.48202064633369446,0.0002832101503333333,0.15,27.2656445246643,3.3877858658785724,1623.5597758293152
11000,302114366,0.45762142539024353,0.000282980939,0.15,27.277862625701648,3.388896602336513,1628.627314567566
11050,303491438,0.4116760194301605,0.00028275142699999995,0.15,27.313644207311025,3.3921494733919118,1633.6690163612366
11100,304859108,0.49206840991973877,0.000282523482,0.15,27.268322832761783,3.388029348432889,1649.1778783798218
11150,306233617,0.5573462247848511,0.0002822943971666666,0.15,27.26280817978063,3.387528016343694,1654.2119226455688
11200,307608665,0.48081105947494507,0.0002820652225,0.15,27.27349901818831,3.388499910744392,1659.2721564769745
11250,308981403,0.5157495737075806,0.00028183643283333335,0.15,27.22768113929825,3.3843346490271142,1664.3326213359833
11300,310352131,0.45540663599967957,0.00028160797816666666,0.15,27.329292607065955,3.3935720551878137,1680.1184611320496
11350,311723208,0.43498674035072327,0.00028137946533333334,0.15,27.194735902572546,3.3813396275065952,1685.1775586605072
11400,313099268,0.41262584924697876,0.000281150122,0.15,27.293571612749666,3.3903246920681513,1690.2617309093475
11450,314474294,0.41568347811698914,0.000280920951,0.15,27.273062657436977,3.38846024158518,1695.356692790985
11500,315847791,0.48048168420791626,0.0002806920348333333,0.15,27.242735585219272,3.3857032350199336,1700.4319903850555
11550,317217683,0.4926227033138275,0.00028046371949999995,0.15,27.312624611213014,3.3920567828375465,1716.2828359603882
11600,318590806,0.49308115243911743,0.00028023486566666663,0.15,27.235317452446594,3.385028859313327,1721.2710707187653
11650,319967372,0.4306453466415405,0.000280005438,0.15,27.303607910030347,3.391237082730032,1726.276666879654
11700,321340924,0.49336525797843933,0.00027977651266666663,0.15,27.243826487097607,3.3858024079179643,1731.2754542827606
11750,322708814,0.4457246959209442,0.000279548531,0.15,27.272709147459924,3.388428104314538,1746.2298214435577
11800,324083026,0.48148390650749207,0.0002793194956666666,0.15,27.256917309637622,3.386992482694329,1751.2209050655365
11850,325455148,0.42066624760627747,0.00027909080866666663,0.15,27.215463038260904,3.383223912569173,1756.229124546051
11900,326828018,0.49289190769195557,0.00027886199699999996,0.15,27.230299303806255,3.3845726639823868,1761.2353320121765
11950,328206003,0.5030211210250854,0.0002786323328333333,0.15,27.331753178491383,3.3937957434992168,1776.1492142677307
12000,329574256,0.4558352828025818,0.0002784042906666666,0.15,27.27994656671186,3.38908605151926,1781.1195669174194
12050,330950151,0.4582151174545288,0.0002781749748333333,0.15,27.290298907114664,3.39002717337406,1786.1216733455658
12100,332321910,0.46076175570487976,0.0002779463483333333,0.15,27.208263085863894,3.382569371442172,1791.1559977531433
12150,333693504,0.4769490957260132,0.0002777177493333333,0.15,27.204990380228892,3.3822718527480813,1796.26243185997
12200,335063682,0.45637962222099304,0.0002774893863333333,0.15,27.3183268203206,3.392575165483691,1812.8830299377441
12250,336438092,0.3693588376045227,0.00027726031799999996,0.15,27.260844556399626,3.3873495051272386,1817.9451065063477
12300,337811094,0.49356094002723694,0.0002770314843333333,0.15,27.23291746831426,3.3848106789376597,1823.1590383052826
12350,339188353,0.41374510526657104,0.00027680194116666665,0.15,27.317353273697364,3.392486661245215,1828.2912094593048
12400,340555253,0.48261740803718567,0.00027657412449999996,0.15,27.252970731318285,3.3866337028471167,1844.4171812534332
12450,341931489,0.4775136411190033,0.0002763447518333333,0.15,27.29706249876034,3.390642045341849,1849.4263184070587
12500,343306625,0.5388859510421753,0.0002761155625,0.15,27.275244461193644,3.3886585873812405,1854.4872126579285
12550,344679451,0.4840560853481293,0.00027588675816666664,0.15,27.22942658230359,3.3844933256639624,1859.6366760730743
12600,346054477,0.4518982768058777,0.00027565758716666664,0.15,27.273062657436977,3.38846024158518,1877.7712886333466
12650,347420475,0.493634432554245,0.0002754299208333333,0.15,27.234986841055907,3.3849988037323553,1882.8039555549622
12700,348793829,0.4606066048145294,0.0002752010285,0.15,27.2398992403356,3.385445385485055,1887.8601169586182
12750,350168503,0.4332115948200226,0.0002749719161666666,0.15,27.266080885415633,3.3878255350377846,1892.899917602539
12800,351548402,0.5496532320976257,0.00027474193299999996,0.15,27.36971656385743,3.3972469603506754,1897.9420845508575
12850,352915610,0.4128071367740631,0.000274514065,0.15,27.259111571895687,3.387191961081426,1914.8576037883759
12900,354294013,0.4572350084781647,0.00027428433116666665,0.15,27.340044032766727,3.394549457524248,1919.935199022293
12950,355671415,0.45293036103248596,0.00027405476416666666,0.15,27.320189618581033,3.3927445107800938,1924.9515895843506
13000,357039192,0.4421044886112213,0.0002738268013333333,0.15,27.129281789872465,3.3753892536247694,1929.9738442897797
13050,358412106,0.4435615837574005,0.0002735979823333333,0.15,27.231172025308922,3.384652002300811,1944.9816811084747
13100,359780073,0.4175187051296234,0.0002733699878333333,0.15,27.274244357604275,3.3885676688731157,1949.9324791431427
13150,361156683,0.42928120493888855,0.0002731405528333333,0.15,27.304480631533014,3.3913164210484554,1954.9346635341644
13200,362535174,0.47583460807800293,0.0002729108043333333,0.15,27.34178947577206,3.3947081341610965,1959.9324872493744
13250,363910068,0.42180711030960083,0.0002726816553333333,0.15,27.270444492928974,3.3882222266299067,1975.7798891067505
13300,365276055,0.5041391253471375,0.0002724539908333333,0.15,27.234767525320997,3.3849788659382725,1980.8114085197449
13350,366649288,0.4121946692466736,0.0002722251186666666,0.15,27.237499256203265,3.3852272051093877,1985.8483884334564
13400,368022862,0.48086947202682495,0.00027199618966666664,0.15,27.24426284784894,3.385842077077177,1990.8494391441345
13450,369398548,0.4942798316478729,0.00027176690866666665,0.15,27.286153479976992,3.3896503163615446,1995.865477323532
13500,370772903,0.5038112998008728,0.0002715378495,0.15,27.259753654521294,3.387250332229208,2011.0912537574768
13550,372139836,0.42128702998161316,0.0002713100273333333,0.15,27.253628678523008,3.3866935162293643,2016.1016261577606
13600,373510407,0.4225166440010071,0.0002710815988333333,0.15,27.184699605291865,3.3804272368447155,2021.1644794940948
13650,374886104,0.491958886384964,0.00027085231599999996,0.15,27.28637166035266,3.3896701509411504,2026.313231229782
13700,376262219,0.4404160678386688,0.0002706229635,0.15,27.294662514628,3.390423864966182,2042.6111536026
13750,377630109,0.41269606351852417,0.0002703949818333333,0.15,27.272709147459924,3.388428104314538,2047.5852921009064
13800,379005003,0.44862809777259827,0.0002701658328333333,0.15,27.270444492928974,3.3882222266299067,2052.5891840457916
13850,380379930,0.4760757088661194,0.0002699366783333333,0.15,27.271099034055972,3.3882817303687247,2057.5888981819153
13900,381761017,0.484872967004776,0.00026970649716666665,0.15,27.39328004442946,3.3993890949481327,2072.56160902977
13950,383123396,0.5405933260917664,0.000269479434,0.15,27.162831964271472,3.378439269479225,2077.563814640045
14000,384494704,0.4521642327308655,0.00026925088266666666,0.15,27.19931769046155,3.381756153678323,2082.541778087616
14050,385869763,0.4520784318447113,0.00026902170616666663,0.15,27.273717198563975,3.3885197453239972,2087.5452930927277
14100,387252907,0.48581674695014954,0.0002687911821666666,0.15,27.434079774679176,3.4030981613344706,2092.5397374629974
14150,388625491,0.48582279682159424,0.0002685624181666666,0.15,27.224626614038915,3.384056964912628,2107.4567925930023
14200,389995317,0.4801868796348572,0.00026833411383333334,0.15,27.311308716803573,3.3919371560730522,2112.432896375656
14250,391364953,0.4481737017631531,0.00026810584116666663,0.15,27.166154273360178,3.378741297578198,2117.4270584583282
14300,392739770,0.5213853716850281,0.00026787670499999996,0.15,27.268917230299305,3.3880833845726643,2122.4181141853333
14350,394114983,0.4635443389415741,0.0002676475028333333,0.15,27.276771723823312,3.3887974294384833,2137.306655406952
14400,395480761,0.4557914435863495,0.00026741987316666665,0.15,27.230600526357765,3.3846000478507055,2142.2781388759613
14450,396858581,0.44791072607040405,0.00026719023649999997,0.15,27.328480472856377,3.3934982248051253,2147.2729783058167
14500,398232914,0.5060228109359741,0.000266961181,0.15,27.259317293769957,3.387210663069996,2152.2633674144745
14550,399607951,0.4819880425930023,0.0002667320081666666,0.15,27.273280837812642,3.3884800761647855,2167.208385705948
14600,400981184,0.47849196195602417,0.00026650313599999996,0.15,27.237499256203265,3.3852272051093877,2172.198611497879
14650,402355124,0.446584552526474,0.00026627414599999995,0.15,27.393332801658826,3.3993938910598938,2177.1646959781647
14700,403728060,0.4641890525817871,0.0002660453233333333,0.15,27.23160838606026,3.3846916714600237,2182.155237674713
14750,405103251,0.44772210717201233,0.00026581612483333333,0.15,27.27633536307198,3.3887577602792707,2187.1447920799255
14800,406479883,0.4477500319480896,0.0002655866861666666,0.15,27.304916992284348,3.391356090207668,2202.130156993866
14850,407847443,0.4286758005619049,0.0002653587595,0.15,27.266129675412714,3.387829970492065,2207.2968413829803
14900,409219807,0.47915005683898926,0.00026513003216666666,0.15,27.220263006525578,3.383660273320507,2212.3041892051697
14950,410594272,0.46386149525642395,0.0002649009546666666,0.15,27.26193545827796,3.3874486780252693,2217.413944005966
15000,411971971,0.511171817779541,0.00026467133816666667,0.15,27.326080488724042,3.3932800444294586,2234.68474650383
15050,413346249,0.47406095266342163,0.0002644422918333333,0.15,27.258226391891625,3.387111490171966,2239.8490517139435
15100,414718077,0.46044260263442993,0.0002642136538333333,0.15,27.351224180556663,3.39556583459606,2244.904947042465
15150,416088923,0.39724645018577576,0.0002639851795,0.15,27.19015411468354,3.380923101334867,2249.9508459568024
15200,417461441,0.3900071084499359,0.0002637564265,0.15,27.223317531784915,3.383937957434992,2265.32998418808
15250,418837622,0.4477130174636841,0.000263527063,0.15,27.295971596882005,3.3905428724438185,2270.526805639267
15300,420204577,0.44382527470588684,0.00026329923716666666,0.15,27.254067309992823,3.386733391817529,2275.602931499481
15350,421582859,0.4035954177379608,0.00026306952349999997,0.15,27.337644048634388,3.3943312771485807,2280.5945057868958
15400,422955069,0.42870840430259705,0.00026284082183333334,0.15,27.21720848126624,3.383382589206022,2285.5896530151367
15450,424332834,0.5024707317352295,0.0002626111943333333,0.15,27.327389570978042,3.3933990519070947,2300.443377971649
15500,425694663,0.49953699111938477,0.00026238422283333333,0.15,27.15186617752612,3.3774423797751014,2305.593508005142
15550,427069216,0.41287314891815186,0.00026215513066666664,0.15,27.263680901283298,3.3876073546621175,2310.569580554962
15600,428446277,0.42349809408187866,0.0002619256205,0.15,27.31342602693536,3.3921296388123054,2315.5598771572113
15650,429821292,0.4219260811805725,0.0002616964513333333,0.15,27.27284447706131,3.388440407005574,2330.357744216919
15700,431196714,0.43331047892570496,0.00026146721433333334,0.15,27.280917150960985,3.389174286450999,2335.350646495819
15750,432566727,0.49371761083602905,0.0002612388788333333,0.15,27.315037084296993,3.3922760985724536,2340.4283974170685
15800,433943106,0.4309312701225281,0.0002610094823333333,0.15,27.29989884364401,3.390899894876728,2345.467360019684
15850,435313699,0.4206186830997467,0.0002607810501666667,0.15,27.185135966043198,3.380466906003927,2362.022075176239
15900,436687548,0.43331819772720337,0.0002605520753333333,0.15,27.249717357240613,3.3863379415673283,2367.0917608737946
15950,438055339,0.4475826025009155,0.0002603241101666666,0.15,27.27073530584576,3.3882486641677967,2372.2044970989227
16000,439432224,0.4575304090976715,0.0002600946293333333,0.15,27.309935140924686,3.3918122855386077,2377.2807240486145
16050,440805952,0.44976791739463806,0.00025986567466666663,0.15,27.247317373108277,3.386119761191661,2382.2912907600403
16100,442179196,0.4058581292629242,0.00025963680066666664,0.15,27.237717436578933,3.385247039688994,2397.2043256759644
16150,443554277,0.4426529109477997,0.0002594076205,0.15,27.27415355931531,3.38855941448321,2402.1926267147064
16200,444925995,0.44698426127433777,0.0002591790008333333,0.15,27.34903102320759,3.395366456655235,2407.1844413280487
16250,446302792,0.4081648588180542,0.00025894953466666664,0.15,27.308189697919353,3.3916536089017595,2412.273721933365
16300,447681943,0.4700217545032501,0.00025871967616666663,0.15,27.35488029831208,3.395898208937462,2427.7138109207153
16350,449051986,0.47807326912879944,0.0002584913356666667,0.15,27.174226947259854,3.379475177023623,2432.712830066681
16400,450421449,0.42748263478279114,0.0002582630918333333,0.15,27.30407129755164,3.3912792088683315,2437.690942287445
16450,451798070,0.4526612162590027,0.000258033655,0.15,27.304698811908683,3.3913362556280617,2442.7397401332855
16500,453172766,0.4416419565677643,0.000257804539,0.15,27.266517246166966,3.387865204196997,2458.0393421649933
16550,454547682,0.4202682673931122,0.0002575753863333333,0.15,27.270880853680307,3.3882618957891193,2463.0788943767548
16600,455924424,0.4241042137145996,0.0002573459293333333,0.15,27.307098796041018,3.391554436003729,2468.1614894866943
16650,457293744,0.37283065915107727,0.00025711770933333335,0.15,27.301220192997846,3.3910200175452587,2473.2756123542786
16700,458668165,0.462606281042099,0.0002568886391666666,0.15,27.261062736775294,3.387369339706845,2478.4152266979218
16750,460040892,0.4431239366531372,0.0002566598513333333,0.15,27.227462958922587,3.384314814447508,2494.192173242569
16800,461412112,0.5114367604255676,0.00025643131466666664,0.15,27.197572247456215,3.381597477041474,2499.2324278354645
16850,462782785,0.4443419873714447,0.00025620286916666667,0.15,27.328196028391417,3.393472366217402,2504.259339570999
16900,464154973,0.4389009475708008,0.00025597417116666663,0.15,27.216772120514907,3.3833429200468093,2509.3124537467957
16950,465530340,0.3738325536251068,0.00025574494333333335,0.15,27.27982624908265,3.389075113552968,2525.6239314079285
17000,466897094,0.38043442368507385,0.00025551715099999997,0.15,27.108991014935437,3.3735446377214036,2530.669355869293
17050,468265809,0.5025209784507751,0.0002552890318333333,0.15,27.289157827577956,3.389923438870723,2535.769563436508
17100,469638767,0.4361365735530853,0.0002550602055,0.15,27.232044746811592,3.384731340619236,2540.8379452228546
17150,471014794,0.41724449396133423,0.00025483086766666665,0.15,27.292917071622668,3.3902651883293333,2557.5220696926117
17200,472389028,0.4435478448867798,0.0002546018286666666,0.15,27.257353670388955,3.387032151853541,2562.589991092682
17250,473767442,0.4673461318016052,0.000254372093,0.15,27.340262213142392,3.394569292103854,2567.654448747635
17300,475134111,0.4510040283203125,0.0002541443148333333,0.15,27.248365100885238,3.3862150091713854,2572.6667354106903
17350,476510182,0.4596443772315979,0.00025391496966666667,0.15,27.293789793125335,3.3903445266477577,2577.778878927231
17400,477881930,0.47113198041915894,0.00025368634499999996,0.15,27.20804490548823,3.3825495368625664,2593.3105812072754
17450,479257891,0.4273197054862976,0.00025345701816666664,0.15,27.291607989368664,3.390146180851697,2598.316295862198
17500,480624274,0.45715123414993286,0.00025322928766666664,0.15,27.242662891777655,3.3856966265252413,2603.2835149765015
17550,481997375,0.5164828896522522,0.0002530004375,0.15,27.23488109169526,3.3849891901541143,2608.288729429245
17600,483369629,0.40278539061546326,0.00025277172849999996,0.15,27.218081202768907,3.383461927524446,2623.209377527237
17650,484747647,0.49770069122314453,0.0002525420588333333,0.15,27.332407719618384,3.3938552472380352,2628.197041273117
17700,486117855,0.48574912548065186,0.00025231369083333335,0.15,27.177499652894856,3.3797726957177137,2633.192446947098
17750,487483622,0.4349055588245392,0.00025208606299999996,0.15,27.230381210622856,3.384580110056623,2638.170003414154
17800,488857548,0.40319809317588806,0.0002518570753333333,0.15,27.25124461987028,3.3864767836245706,2653.094064950943
17850,490227481,0.5056315064430237,0.00025162875316666667,0.15,27.172045143503183,3.3792768312275623,2658.0837812423706
17900,491605730,0.4930950701236725,0.000251399045,0.15,27.33698950750739,3.3942717734097627,2663.080636739731
17950,492975281,0.41925331950187683,0.0002511707865,0.15,27.305825823430897,3.3914387112209905,2668.161372423172
18000,494354377,0.48979026079177856,0.00025094093716666665,0.15,27.353789396433744,3.395799036039431,2673.2447390556335
18050,495729469,0.45291897654533386,0.00025071175516666665,0.15,27.274371739690977,3.388579249062816,2688.9019198417664
18100,497102262,0.4241723418235779,0.00025048295633333333,0.15,27.228772041176587,3.384433821925144,2693.8823597431183
18150,498478938,0.4385649561882019,0.0002502535103333333,0.15,27.305789713787018,3.391435428526093,2698.871286869049
18200,499841251,0.4062231481075287,0.00025002645816666664,0.15,27.16151606986203,3.37831964271473,2703.8421919345856
18250,501224043,0.4732736647129059,0.0002497959928333333,0.15,27.427098002657832,3.402463454787075,2718.7358729839325
18300,502598354,0.4180602431297302,0.000249566941,0.15,27.258880933018624,3.387170993910784,2723.7247569561005
18350,503972951,0.48122894763946533,0.0002493378415,0.15,27.264553622785964,3.3876866929805427,2728.72509264946
18400,505341798,0.4579309821128845,0.0002491097003333333,0.15,27.29178961639684,3.390162692399713,2733.7196040153503
18450,506719629,0.43965280055999756,0.0002488800618333333,0.15,27.328698653232046,3.3935180593847316,2748.678802728653
18500,508096393,0.5139349699020386,0.00024865060116666663,0.15,27.30753515679235,3.3915941051629415,2753.673927307129
18550,509470297,0.4629180133342743,0.00024842161716666665,0.15,27.250808259118948,3.386437114465359,2758.6704308986664
18600,510833622,0.3408115804195404,0.0002481943963333333,0.15,27.181693117473483,3.3801539197703168,2763.7104256153107
18650,512205711,0.47376686334609985,0.0002479657148333333,0.15,27.2148084971339,3.3831644088303547,2768.6911108493805
18700,513577657,0.47743913531303406,0.0002477370571666666,0.15,27.211972152250233,3.382906559295476,2783.577315092087
18750,514952705,0.41990092396736145,0.0002475078825,0.15,27.27349901818831,3.388499910744392,2788.5432012081146
18800,516326532,0.49097728729248047,0.0002472789113333333,0.15,27.24928099648928,3.386298272408116,2793.546103000641
18850,517694411,0.4884369373321533,0.0002470509315,0.15,27.272489831725018,3.388408166520456,2798.5138676166534
18900,519072583,0.43301519751548767,0.0002468212361666666,0.15,27.33546224487772,3.39413293135252,2813.2427186965942
18950,520443418,0.476151704788208,0.00024659276366666665,0.15,27.189935934307872,3.380903266755261,2818.2104778289795
19000,521820710,0.5203889608383179,0.000246363215,0.15,27.318007814824366,3.3925461649840334,2823.1852316856384
19050,523187819,0.43846672773361206,0.0002461353635,0.15,27.25713773028152,3.3870125209346837,2828.1838717460632
19100,524565892,0.4372752010822296,0.00024590568466666666,0.15,27.333498621496716,3.393954420136065,2842.960060596466
19150,525938344,0.42704692482948303,0.0002456769426666667,0.15,27.22200844953091,3.3838189499573557,2847.9487838745117
19200,527315218,0.43649357557296753,0.0002454474636666666,0.15,27.30971696054902,3.3917924509590023,2852.938385248184
19250,528684227,0.4969969391822815,0.0002452192955,0.15,27.15371799194716,3.377610726540651,2857.9382061958313
19300,530052392,0.45187100768089294,0.00024499126799999997,0.15,27.278192040832604,3.3889265491666007,2862.9111726284027
19350,531423095,0.5100787281990051,0.00024476281749999997,0.15,27.18731776979987,3.380665251799988,2877.8137469291687
19400,532792522,0.49661341309547424,0.00024453457966666664,0.15,27.162008846222506,3.3783644405656825,2882.7911598682404
19450,534166602,0.4745410680770874,0.0002443055663333333,0.15,27.254299145129618,3.3867544677390566,2887.77485871315
19500,535534052,0.47696512937545776,0.000244077658,0.15,27.26393651806364,3.38763059255124,2892.743698120117
19550,536908396,0.4057643711566925,0.00024384860066666662,0.15,27.259535474145625,3.387230497649602,2907.605482816696
19600,538281002,0.4376336634159088,0.00024361983299999996,0.15,27.225062974790248,3.384096634071841,2912.5816748142242
19650,539655093,0.5185225605964661,0.0002433908178333333,0.15,27.254517325505287,3.386774302318663,2917.5704352855682
19700,541026830,0.4109857678413391,0.00024316219499999998,0.15,27.20782672511256,3.38252970228296,2922.5733964443207
19750,542395182,0.42600250244140625,0.0002429341363333333,0.15,27.281920408326023,3.389265491666002,2937.409529685974
19800,543769977,0.42824965715408325,0.00024270500383333332,0.15,27.26848086954797,3.388043715413452,2942.3867647647858
19850,545148017,0.4077128469944,0.00024247533049999998,0.15,27.332844080369718,3.393894916397247,2947.3554832935333
19900,546526398,0.46164587140083313,0.00024224560033333332,0.15,27.33960767201539,3.3945097883650353,2952.3780200481415
19950,547893892,0.41814249753952026,0.00024201768466666665,0.15,27.26481378100327,3.3877103437275697,2957.3521699905396
20000,549270909,0.4872380793094635,0.0002417881818333333,0.15,27.31255330543269,3.3920503004938807,2972.256119251251
20050,550646111,0.5184231400489807,0.0002415589815,0.15,27.276553543447648,3.388777594858877,2977.2482481002808
20100,552021390,0.4919702112674713,0.00024132976833333332,0.15,27.278080806077316,3.3889164369161193,2982.2486670017242
20150,553391513,0.4442668557167053,0.00024110141449999996,0.15,27.317230241646065,3.3924754765132787,2987.238646507263
20200,554769674,0.45044946670532227,0.00024087172099999997,0.15,27.335244064502053,3.3941130967729136,3002.118111848831
20250,556143215,0.44263577461242676,0.00024064279749999996,0.15,27.24360830672194,3.385782573338358,3007.1182618141174
20300,557520870,0.3997913897037506,0.0002404131883333333,0.15,27.325207767221375,3.393200706111034,3012.1017994880676
20350,558893278,0.5000413060188293,0.00024018445366666663,0.15,27.221135728028244,3.3837396116389313,3017.108773469925
20400,560259859,0.42630913853645325,0.00023995669016666665,0.15,27.24661057500598,3.3860555068187255,3031.9427399635315
20450,561636458,0.44696614146232605,0.000239727257,0.15,27.30426245115735,3.39129658646885,3036.933938264847
20500,563008140,0.40131449699401855,0.00023949864333333332,0.15,27.206735823234226,3.3824305293849295,3041.9288964271545
20550,564382099,0.4200381636619568,0.00023926965016666664,0.15,27.251899160997283,3.3865362873633895,3046.9281742572784
20600,565753135,0.4321480989456177,0.00023904114416666665,0.15,27.335433447643354,3.394130313422123,3051.896483182907
20650,567128271,0.4737967550754547,0.00023881195483333332,0.15,27.275244461193644,3.3886585873812405,3066.801509618759
20700,568499700,0.5106319785118103,0.0002385833833333333,0.15,27.201717674593887,3.38197433405399,3071.7777197360992
20750,569880391,0.4706808030605316,0.00023835326816666667,0.15,27.38542555090545,3.3986750500823137,3076.772011756897
20800,571256495,0.4128839373588562,0.0002381239175,0.15,27.294444334252336,3.3904040303865757,3081.7630784511566
20850,572621217,0.4245930016040802,0.00023789646383333331,0.15,27.209546215806682,3.3826860196187893,3096.5909473896027
20900,573994527,0.4730863571166992,0.0002376675788333333,0.15,27.239026518832933,3.38536604716663,3101.580990791321
20950,575368750,0.46917423605918884,0.00023743854166666665,0.15,27.25713549001329,3.3870123172739355,3106.5692834854126
21000,576743545,0.48883524537086487,0.00023720940916666664,0.15,27.26848086954797,3.388043715413452,3111.5811471939087
21050,578111831,0.4338645040988922,0.0002369813615,0.15,27.28060451391658,3.3891458649015074,3126.5469601154327
21100,579488408,0.5083966851234436,0.00023675193199999999,0.15,27.303826090406012,3.3912569173096374,3131.5388009548187
21150,580865876,0.4760392904281616,0.00023652235399999996,0.15,27.321498700835036,3.3928635182577307,3136.528465986252
21200,582241969,0.3971112072467804,0.00023629300516666665,0.15,27.294226153876668,3.3903841958069694,3141.524183988571
21250,583613717,0.4699154198169708,0.00023606438049999997,0.15,27.20804490548823,3.3825495368625664,3146.5130076408386
21300,584980507,0.3741282820701599,0.00023583658216666664,0.15,27.250777573969216,3.3864343249062925,3161.4994904994965
21350,586350308,0.43367239832878113,0.00023560828199999998,0.15,27.16942697899518,3.379038816272289,3166.472236633301
21400,587727050,0.4648362100124359,0.00023537882499999996,0.15,27.307098796041018,3.391554436003729,3171.4723439216614
21450,589106300,0.449439138174057,0.00023514895,0.15,27.35684392169308,3.396076720153917,3176.4642605781555
21500,590473530,0.46010348200798035,0.0002349210783333333,0.15,27.2595502033655,3.387231836669591,3191.3242683410645
21550,591848754,0.32825276255607605,0.0002346918743333333,0.15,27.27698990419898,3.3888172640180896,3196.304856300354
21600,593226706,0.4102104902267456,0.00023446221566666663,0.15,27.33109863736438,3.393736239760398,3201.2827422618866
21650,594600830,0.47476133704185486,0.00023423319499999998,0.15,27.25517186663229,3.386833806057481,3206.2795956134796
21700,595970909,0.45769569277763367,0.00023400484849999998,0.15,27.316352978706437,3.3923957253369483,3211.263998746872
21750,597342547,0.4622062146663666,0.00023377624216666665,0.15,27.20586310173156,3.382351191066505,3226.127510547638
21800,598718827,0.47912585735321045,0.00023354686216666665,0.15,27.297935220263007,3.3907213836602734,3231.1500058174133
21850,600092709,0.5058776140213013,0.00023331788183333333,0.15,27.250371898367614,3.386397445306147,3236.1717989444733
21900,601467020,0.4390265643596649,0.00023308882999999996,0.15,27.258880933018624,3.387170993910784,3241.200711965561
21950,602833843,0.4255704879760742,0.00023286102616666666,0.15,27.25143552117394,3.38649413828854,3256.1371932029724
22000,604208506,0.5089271068572998,0.00023263191566666664,0.15,27.265862705039968,3.3878057004581787,3261.1388545036316
22050,605583455,0.4232282042503357,0.00023240275749999997,0.15,27.27153539480731,3.3883213995279373,3266.1249935626984
22100,606954785,0.413924902677536,0.00023217420249999998,0.15,27.199754051212885,3.381795822837535,3271.1212577819824
22150,608326965,0.3901384770870209,0.00023194550583333334,0.15,27.35824228407369,3.396203844006699,3285.909069776535
22200,609701353,0.4481161832809448,0.00023171644116666665,0.15,27.260408195648292,3.387309835968027,3290.887243747711
22250,611075411,0.40495145320892334,0.00023148743149999998,0.15,27.253862784378285,3.386714798579844,3295.860465526581
22300,612454870,0.40556076169013977,0.00023125752166666664,0.15,27.360989348830753,3.3964535771664326,3300.8656311035156
22350,613828642,0.4436558485031128,0.00023102855966666665,0.15,27.248190094610944,3.3861990995100864,3305.8539254665375
22400,615194387,0.4304247796535492,0.00023080093549999997,0.15,27.229942579153043,3.3845402344684588,3320.6130442619324
22450,616569468,0.4592611789703369,0.0002305717553333333,0.15,27.27415355931531,3.38855941448321,3325.587019443512
22500,617946628,0.47203636169433594,0.00023034222866666663,0.15,27.315389650316362,3.3923081500287604,3330.572861433029
22550,619321269,0.4590102434158325,0.00023011312183333332,0.15,27.26542634428863,3.387766031298966,3335.5623910427094
22600,620687685,0.4709399938583374,0.0002298853858333333,0.15,27.243320838982374,3.3857564399074884,3350.4422430992126
22650,622063899,0.41142556071281433,0.0002296560168333333,0.15,27.296626138009003,3.3906023761826365,3355.416300535202
22700,623442423,0.4619712829589844,0.0002294262628333333,0.15,27.342444016899062,3.394767637899915,3360.3888506889343
22750,624818417,0.4575141966342926,0.00022919693049999997,0.15,27.292262530495666,3.390205684590515,3365.3964483737946
22800,626195621,0.4606754183769226,0.0002289673965,0.15,27.31626237181903,3.3923874883471843,3380.3907420635223
22850,627562345,0.44565948843955994,0.00022873960916666665,0.15,27.249461679559772,3.3863146981417973,3385.345213651657
22900,628938284,0.45831018686294556,0.000228510286,0.15,27.29117162861733,3.390106511692485,3390.311962366104
22950,630310901,0.47037473320961,0.0002282815165,0.15,27.225281155165916,3.384116468651447,3395.3018503189087
23000,631688105,0.5287468433380127,0.00022805198249999998,0.15,27.31626237181903,3.3923874883471843,3400.2969448566437
23050,633056875,0.42428767681121826,0.00022782385416666664,0.15,27.290254406252494,3.3900231278411357,3415.124780893326
23100,634428755,0.397065132856369,0.0002275952075,0.15,27.210663069996233,3.382787551817839,3420.1015219688416
23150,635801075,0.4321972131729126,0.00022736648749999998,0.15,27.219390285022907,3.3835809350020827,3425.1028356552124
23200,637175089,0.4771687388420105,0.00022713748516666664,0.15,27.252990062875618,3.3866354602614197,3430.109315633774
23250,638544046,0.4214327037334442,0.00022690932566666667,0.15,27.293982773745913,3.390362070340537,3445.0119409561157
23300,639920722,0.4310472011566162,0.00022667987966666663,0.15,27.305789713787018,3.391435428526093,3449.9629230499268
23350,641294967,0.36272141337394714,0.0002264508388333333,0.15,27.257571850764624,3.387051986433147,3454.957629919052
23400,642664592,0.40827301144599915,0.00022622256799999997,0.15,27.16593609298451,3.3787214629985916,3459.962658882141
23450,644035460,0.4678625762462616,0.00022599408999999997,0.15,27.190590475434874,3.3809627704940795,3474.836666584015
23500,645404725,0.46799740195274353,0.00022576587916666666,0.15,27.30012361432331,3.3909203285748464,3479.844063282013
23550,646779047,0.423759788274765,0.00022553682549999998,0.15,27.259099113394292,3.38719082849039,3484.926931142807
23600,648154227,0.45468053221702576,0.00022530762883333334,0.15,27.276117182696314,3.388737925699665,3490.0259852409363
23650,649531497,0.4365066885948181,0.0002250780838333333,0.15,27.317571454073033,3.3925064958248212,3495.108342885971
23700,650896340,0.46331581473350525,0.00022485060999999997,0.15,27.21195868889066,3.3829053353536964,3511.012119293213
23750,652269496,0.43267926573753357,0.00022462175066666665,0.15,27.235971993573596,3.3850883630521453,3516.064330816269
23800,653646579,0.4941874146461487,0.00022439223683333332,0.15,27.313862387686694,3.392169307971518,3521.113767147064
23850,655022650,0.48187002539634705,0.00022416289166666666,0.15,27.293789793125335,3.3903445266477577,3526.254426717758
23900,656397852,0.46608611941337585,0.0002239336913333333,0.15,27.276553543447648,3.388777594858877,3541.86461353302
23950,657766919,0.4013991057872772,0.00022370551349999997,0.15,27.296175931094982,3.3905614482813617,3546.8657126426697
24000,659143518,0.3610035181045532,0.00022347608033333331,0.15,27.30426245115735,3.39129658646885,3551.941972732544
24050,660518346,0.43759939074516296,0.00022324694233333332,0.15,27.26913541067497,3.38810321915227,3556.9895935058594
24100,661894505,0.3861779570579529,0.00022301758249999997,0.15,27.29553523613067,3.3905032032846067,3572.0882470607758
24150,663266696,0.4188470244407654,0.000222788884,0.15,27.358461599808596,3.396223781800781,3577.056822538376
24200,664642822,0.4007345139980316,0.00022255952966666664,0.15,27.29488069500367,3.3904436995457883,3582.1270582675934
24250,666019432,0.39560720324516296,0.00022233009466666664,0.15,27.304480631533014,3.3913164210484554,3587.21635890007
24300,667393457,0.47854045033454895,0.0002221010905,0.15,27.253208243251283,3.3866552948410256,3592.269767522812
24350,668769627,0.4748026728630066,0.00022187172883333332,0.15,27.295753416506336,3.3905230378642126,3608.3038527965546
24400,670136758,0.5154812932014465,0.00022164387366666665,0.15,27.257576361751337,3.3870523965228485,3613.3451402187347
24450,671509144,0.5009381771087646,0.00022141514266666663,0.15,27.22069936727691,3.3836999424797187,3618.3807616233826
24500,672882938,0.4149113595485687,0.00022118617699999998,0.15,27.248626455362277,3.386238768669298,3623.517103910446
24550,674258338,0.4119343161582947,0.00022095694366666664,0.15,27.28048079020965,3.3891346172917864,3639.1233994960785
24600,675622312,0.4137559235095978,0.00022072961466666665,0.15,27.194632745833,3.381330249621182,3644.1063623428345
24650,676997459,0.4579192101955414,0.00022050042349999998,0.15,27.275462641569312,3.388678421960847,3649.1763553619385
24700,678367733,0.4510023593902588,0.0002202720445,0.15,27.17880873514886,3.379891703195351,3654.203032016754
24750,679737149,0.4576234817504883,0.00022004380849999998,0.15,27.161790665846837,3.378344605986076,3669.396586418152
24800,681107118,0.4038695693016052,0.0002198154803333333,0.15,27.314159821357364,3.392196347396124,3674.4277799129486
24850,682480835,0.5283408164978027,0.00021958652749999997,0.15,27.24709919273261,3.386099926612055,3679.4502143859863
24900,683854827,0.41209232807159424,0.00021935752883333332,0.15,27.252553702124285,3.386595791102208,3684.518997192383
24950,685231206,0.4153553545475006,0.0002191281323333333,0.15,27.29989884364401,3.390899894876728,3689.58314704895
25000,686605022,0.3795190453529358,0.00021889916299999996,0.15,27.24906281611361,3.38627843782851,3705.3515124320984
25050,687972373,0.49253764748573303,0.00021867127116666663,0.15,27.26196267644948,3.387451152404498,3710.380667924881
25100,689354021,0.45091283321380615,0.00021844099649999998,0.15,27.404407243588473,3.400400658508043,3715.4367899894714
25150,690734129,0.43579623103141785,0.00021821097849999998,0.15,27.3738619909951,3.3976238173631903,3720.5053861141205
25200,692112532,0.39147529006004333,0.00021798124466666666,0.15,27.340044032766727,3.394549457524248,3736.472978591919
25250,693480829,0.4108637869358063,0.00021775319516666663,0.15,27.28082382965149,3.3891658026955898,3741.4514055252075
25300,694855921,0.4417566955089569,0.00021752401316666665,0.15,27.274371739690977,3.388579249062816,3746.4778707027435
25350,696232784,0.45683708786964417,0.00021729453599999998,0.15,27.309498780173353,3.391772616379396,3751.540513753891
25400,697603806,0.4574749767780304,0.0002170660323333333,0.15,27.19364500069421,3.3812404546085646,3766.6807844638824
25450,698979789,0.4157932996749878,0.0002168367018333333,0.15,27.292044350119998,3.3901858500109086,3771.7189893722534
25500,700345017,0.49464932084083557,0.00021660916383333333,0.15,27.21963473961241,3.383603158146583,3776.7076194286346
25550,701718998,0.4538433849811554,0.00021638016699999997,0.15,27.252335521748616,3.3865759565226017,3781.797444343567
25600,703097819,0.5116512179374695,0.00021615036349999998,0.15,27.348334887042068,3.3953031715492794,3786.859962940216
25650,704475925,0.44950032234191895,0.00021592067916666665,0.15,27.334153162623718,3.394013923874884,3805.064696073532
25700,705842385,0.44169989228248596,0.00021569293583333332,0.15,27.244198101922002,3.3858361910838184,3810.1148879528046
25750,707219908,0.4920866787433624,0.00021546334866666666,0.15,27.32258960271337,3.392962691155761,3815.1407561302185
25800,708595110,0.45931532979011536,0.0002152341483333333,0.15,27.276553543447648,3.388777594858877,3820.2724080085754
25850,709966165,0.4647912085056305,0.00021500563916666663,0.15,27.194299541821213,3.3812999583473826,3840.1718163490295
25900,711340608,0.4643942415714264,0.0002147765653333333,0.15,27.261499097526627,3.3874090088660567,3845.2162129879
25950,712710940,0.4088868796825409,0.00021454817666666665,0.15,27.3213972406093,3.3928542946008453,3850.2062623500824
26000,714086032,0.43142637610435486,0.00021431899466666665,0.15,27.274371739690977,3.388579249062816,3855.2327120304108
26050,715465953,0.46605944633483887,0.00021408900783333328,0.15,27.370152924608764,3.397286629509887,3871.7739629745483
26100,716842211,0.39739149808883667,0.00021385963149999997,0.15,27.297498859511673,3.3906817145010617,3876.8089044094086
26150,718207285,0.422610878944397,0.00021363211916666664,0.15,27.21656431932371,3.383324029029428,3881.8407452106476
26200,719579594,0.3740544319152832,0.00021340340099999997,0.15,27.219172104647242,3.3835611004224764,3886.908852815628
26250,720951001,0.44891005754470825,0.00021317483316666663,0.15,27.201281313842554,3.381934664894778,3892.027701854706
26300,722328458,0.4286428987979889,0.00021294525699999995,0.15,27.321280520459368,3.3928436836781244,3910.972416162491
26350,723700275,0.4573073089122772,0.0002127166208333333,0.15,27.351004864821757,3.3955458968019783,3915.957446575165
26400,725072914,0.44056275486946106,0.00021248784766666668,0.15,27.22571751591725,3.3841561378106593,3920.9668283462524
26450,726450998,0.37112557888031006,0.000212258167,0.15,27.333716801872384,3.3939742547156713,3925.9704716205597
26500,727827905,0.46854397654533386,0.00021202868249999997,0.15,27.310371501676023,3.3918519546978203,3940.815376520157
26550,729202579,0.35526490211486816,0.00021179957016666666,0.15,27.266080885415633,3.3878255350377846,3945.8112835884094
26600,730573725,0.4592204689979553,0.00021157104583333333,0.15,27.337626604992423,3.3943296913629477,3950.78763794899
26650,731949268,0.43194395303726196,0.00021134178866666668,0.15,27.283317135093323,3.389392466826666,3955.7799377441406
26700,733325317,0.43730422854423523,0.00021111244716666666,0.15,27.293353432374,3.390304857488546,3971.2664835453033
26750,734699991,0.41736969351768494,0.00021088333483333332,0.15,27.266080885415633,3.3878255350377846,3976.2584908008575
26800,736069839,0.4783368706703186,0.00021065502683333332,0.15,27.311747348273386,3.391977031661217,3981.224415540695
26850,737445712,0.40768343210220337,0.00021042571466666667,0.15,27.28986254636333,3.389987504214848,3986.2036678791046
26900,738821321,0.5291656255722046,0.00021019644649999996,0.15,27.284626217347324,3.389511474304302,3991.200521469116
26950,740198855,0.43145835399627686,0.00020996685749999998,0.15,27.322807783089036,3.3929825257353667,4006.2456624507904
27000,741574904,0.4787622392177582,0.00020973751599999996,0.15,27.293353432374,3.390304857488546,4011.2126970291138
27050,742943234,0.4422207176685333,0.00020950946099999998,0.15,27.281481776856207,3.3892256160778373,4016.1594562530518
27100,744321153,0.3539733588695526,0.00020927980783333334,0.15,27.33044409623738,3.39367673602158,4021.1427550315857
27150,745697037,0.44306108355522156,0.0002090504938333333,0.15,27.290080726738996,3.390007338794454,4037.173865556717
27200,747072624,0.43320342898368835,0.0002088212293333333,0.15,27.28418985659599,3.3894718051450896,4042.1636414527893
27250,748441350,0.46044737100601196,0.00020859310833333333,0.15,27.289377143312866,3.3899433766648057,4047.1350140571594
27300,749817366,0.5038811564445496,0.0002083637723333333,0.15,27.292698891247,3.390245353749727,4052.1230704784393
27350,751192722,0.44834521412849426,0.00020813454633333332,0.15,27.279608068706985,3.389055278973362,4067.534928560257
27400,752565449,0.3894452452659607,0.0002079057585,0.15,27.227462958922587,3.384314814447508,4072.521413087845
27450,753937318,0.42380383610725403,0.00020767711366666665,0.15,27.210444889620565,3.3827677172382327,4077.516355037689
27500,755304878,0.5027189254760742,0.000207449187,0.15,27.266129675412714,3.387829970492065,4082.480108976364
27550,756676054,0.439978688955307,0.00020722065766666666,0.15,27.196699525953548,3.3815181387230497,4087.4745705127716
27600,758052950,0.4177248775959015,0.000206991175,0.15,27.310153321300355,3.391832120118214,4102.527831077576
27650,759427558,0.4145970344543457,0.00020676207366666664,0.15,27.264771803161633,3.3877065275601486,4107.516160488129
27700,760795206,0.41471266746520996,0.00020653413233333334,0.15,27.26788420129197,3.3879894728447244,4112.478198289871
27750,762167999,0.4158848524093628,0.00020630533349999997,0.15,27.228772041176587,3.384433821925144,4117.466366291046
27800,763542519,0.42458173632621765,0.0002060762468333333,0.15,27.263026360156296,3.3875478509232995,4132.434008836746
27850,764920372,0.4324778616428375,0.00020584660466666668,0.15,27.32913501398338,3.3935577285439433,4137.4216821193695
27900,766286315,0.4479278326034546,0.00020561894749999998,0.15,27.23389026238137,3.3848991147619425,4142.407069206238
27950,767661605,0.40124356746673584,0.0002053897325,0.15,27.27829898645298,3.3889362714957256,4147.3695278167725
28000,769039084,0.41382625699043274,0.00020516015266666666,0.15,27.3217168812107,3.392883352837337,4163.425184726715
28050,770413274,0.44916531443595886,0.000204931121,0.15,27.25648094888629,3.3869528135351175,4168.4147963523865
28100,771786870,0.4600159823894501,0.0002047021883333333,0.15,27.244699208600274,3.3858817462363886,4173.400997161865
28150,773154936,0.4074743986129761,0.00020447417733333333,0.15,27.276218199218437,3.3887471090198575,4178.365331411362
28200,774531150,0.47437968850135803,0.0002042448083333333,0.15,27.296626138009003,3.3906023761826365,4183.350557565689
28250,775905329,0.40594562888145447,0.0002040157785,0.15,27.25626276851062,3.386932978955511,4199.419897317886
28300,777281928,0.45003774762153625,0.00020378634533333332,0.15,27.30426245115735,3.39129658646885,4204.411164999008
28350,778650973,0.4659014046192169,0.00020355817116666665,0.15,27.29573729962517,3.3905215726931974,4209.422526597977
28400,780024525,0.49317920207977295,0.00020332924583333332,0.15,27.243826487097607,3.3858024079179643,4214.522874593735
28450,781399320,0.4340176582336426,0.0002031001133333333,0.15,27.26848086954797,3.388043715413452,4230.675101041794
28500,782773488,0.4084124267101288,0.00020287108533333328,0.15,27.256044588134955,3.386913144375905,4235.663588047028
28550,784151550,0.41909119486808777,0.00020264140833333333,0.15,27.33328044112105,3.3939345855564587,4240.65016245842
28600,785520441,0.39442744851112366,0.00020241325983333332,0.15,27.29266687933647,3.3902424435760423,4245.6927099227905
28650,786894290,0.4885128140449524,0.000202184285,0.15,27.249717357240613,3.3863379415673283,4265.670810222626
28700,788272462,0.4172356128692627,0.00020195458966666663,0.15,27.33546224487772,3.39413293135252,4270.638481378555
28750,789648929,0.5292572975158691,0.00020172517849999998,0.15,27.301644286649346,3.391058571513577,4275.605893135071
28800,791017996,0.436469167470932,0.00020149700066666664,0.15,27.296175931094982,3.3905614482813617,4280.553463935852
28850,792391262,0.4561218321323395,0.00020126812299999997,0.15,27.238153797330266,3.385286708848206,4285.56854724884
28900,793764033,0.40286383032798767,0.00020103932783333329,0.15,27.228335680425253,3.3843941527659323,4314.450634002686
28950,795136727,0.47697943449020386,0.00020081054549999999,0.15,27.226808417795585,3.384255310708689,4319.562388420105
29000,796510268,0.4643913805484772,0.00020058162199999998,0.15,27.24360830672194,3.385782573338358,4324.562126159668
29050,797878455,0.5194869637489319,0.0002003535908333333,0.15,27.278630672302416,3.3889664247547646,4329.573187828064
29100,799251732,0.45365723967552185,0.0002001247113333333,0.15,27.23837197770593,3.385306543427812,4357.927562236786
29150,800624063,0.4352014362812042,0.00019989598949999999,0.15,27.219608465398576,3.383600769581689,4362.908483505249
29200,801999386,0.4248307943344116,0.00019966676899999997,0.15,27.278953527579983,3.388995775234544,4367.875124931335
29250,803367012,0.3594650328159332,0.0001994388313333333,0.15,27.267445569822154,3.3879495972565596,4372.84814953804
29300,804744645,0.4606776535511017,0.0001992092258333333,0.15,27.324771406470038,3.3931610369518213,4394.355423212051
29350,806123466,0.4419035315513611,0.00019897942233333332,0.15,27.348334887042068,3.3953031715492794,4399.350584030151
29400,807499306,0.41581404209136963,0.00019875011566666665,0.15,27.28920800523633,3.38992800047603,4404.3456399440765
29450,808864061,0.40964022278785706,0.00019852265649999997,0.15,27.210204163011404,3.382745833001037,4409.3554251194
29500,810236744,0.4201104938983917,0.000198293876,0.15,27.226590237419916,3.384235476129083,4414.366470813751
29550,811616368,0.43335339426994324,0.00019806393866666664,0.15,27.364262054465755,3.396751095860523,4437.314991950989
29600,812988215,0.44175031781196594,0.00019783529749999997,0.15,27.21000852886923,3.382728048079021,4442.344217538834
29650,814362713,0.41998112201690674,0.0001976062145,0.15,27.262589999404963,3.3875081817640877,4447.408436059952
29700,815734453,0.4985223114490509,0.00019737759116666664,0.15,27.349469654677407,3.3954063322434007,4452.417302846909
29750,817108885,0.4708707928657532,0.00019714851916666662,0.15,27.261280917150962,3.3873891742864513,4478.359282493591
29800,818486936,0.4691776633262634,0.000196918844,0.15,27.333062260745383,3.393914750976853,4483.330773591995
29850,819866362,0.4733051359653473,0.00019668893966666665,0.15,27.36033480770375,3.3963940734276137,4488.2952880859375
29900,821229786,0.4909757077693939,0.0001964617023333333,0.15,27.183666959087645,3.3803333599170586,4493.236964464188
29950,822604889,0.5097519755363464,0.00019623251849999998,0.15,27.274589920066646,3.3885990836424225,4512.260981082916
30000,823982852,0.38395869731903076,0.00019600285799999998,0.15,27.33131681774005,3.393756074340004,4517.306179046631
30050,825358153,0.5119585990905762,0.00019577364116666666,0.15,27.27851716682865,3.388956106075332,4522.345896244049
30100,826733443,0.44446009397506714,0.00019554442616666665,0.15,27.27829898645298,3.3889362714957256,4527.387011289597
30150,828101476,0.4241899847984314,0.00019531642066666666,0.15,27.27556025201372,3.388687295637611,4532.371860742569
30200,829475457,0.5126923322677612,0.00019508742383333332,0.15,27.252335521748616,3.3865759565226017,4547.595358133316
30250,830852089,0.4488537311553955,0.00019485798516666666,0.15,27.304916992284348,3.391356090207668,4552.579527378082
30300,832226059,0.47561970353126526,0.00019462899016666664,0.15,27.252117341372948,3.3865561219429954,4557.562672615051
30350,833590583,0.49816179275512695,0.0001944015695,0.15,27.205598532578357,3.382327139325305,4562.520509719849
30400,834962012,0.45681384205818176,0.00019417299799999997,0.15,27.201717674593887,3.38197433405399,4581.459513425827
30450,836341933,0.38586869835853577,0.00019394301116666665,0.15,27.370152924608764,3.397286629509887,4586.477487325668
30500,837717542,0.4265594184398651,0.00019371374299999997,0.15,27.284626217347324,3.389511474304302,4591.510155439377
30550,839094295,0.4876687824726105,0.00019348428416666666,0.15,27.307316976416686,3.391574270583335,4596.542456626892
30600,840462317,0.48000335693359375,0.00019325628049999998,0.15,27.27534093627881,3.388667357843528,4618.640766143799
30650,841839059,0.43102139234542847,0.0001930268235,0.15,27.307098796041018,3.391554436003729,4623.626305103302
30700,843213964,0.41686931252479553,0.00019279767266666665,0.15,27.27066267330464,3.388242061209513,4628.642342567444
30750,844586042,0.49172818660736084,0.00019256899299999997,0.15,27.214590316758237,3.3831445742507484,4633.642072439194
30800,845954317,0.46558472514152527,0.00019234094716666665,0.15,27.280385198181673,3.389125927107425,4638.606164455414
30850,847327594,0.479875385761261,0.00019211206766666666,0.15,27.23837197770593,3.385306543427812,4653.77315735817
30900,848701839,0.47174909710884094,0.0001918830268333333,0.15,27.257571850764624,3.387051986433147,4658.758519887924
30950,850076139,0.5014702677726746,0.00019165397683333331,0.15,27.25866275264296,3.3871511593311783,4663.75409579277
31000,851444392,0.4019961953163147,0.00019142593466666666,0.15,27.27994656671186,3.38908605151926,4668.721294641495
31050,852818747,0.39474329352378845,0.00019119687549999997,0.15,27.259753654521294,3.387250332229208,4683.83660030365
31100,854192288,0.5044418573379517,0.00019096795199999997,0.15,27.24360830672194,3.385782573338358,4688.821936845779
31150,855567930,0.4879341423511505,0.00019073867833333333,0.15,27.285280758474325,3.3895709780431207,4693.852333068848
31200,856944111,0.44318389892578125,0.00019050931483333331,0.15,27.295971596882005,3.3905428724438185,4698.842207431793
31250,858313090,0.44205644726753235,0.00019028115166666666,0.15,27.294421405215726,3.3904019459287027,4718.069841384888
31300,859689656,0.4973500072956085,0.000190051724,0.15,27.303607910030347,3.391237082730032,4723.131247520447
31350,861067355,0.46120572090148926,0.00018982210749999998,0.15,27.326080488724042,3.3932800444294586,4728.171699523926
31400,862441501,0.4652751684188843,0.00018959308316666667,0.15,27.25560822738362,3.3868734752166927,4733.206146240234
31450,863805310,0.380888968706131,0.00018936578166666668,0.15,27.191343009809394,3.381031182709945,4738.211052417755
31500,865179467,0.45001229643821716,0.0001891367555,0.15,27.255826407759287,3.386893309796299,4763.181443929672
31550,866555043,0.4046265482902527,0.00018890749283333332,0.15,27.28397167622032,3.3894519705654833,4768.161725282669
31600,867926615,0.430523544549942,0.00018867889749999995,0.15,27.204554019477555,3.3822321835888687,4773.129405260086
31650,869303643,0.44282636046409607,0.00018844939283333334,0.15,27.31277148580836,3.392070135073487,4778.115495443344
31700,870667826,0.4093666076660156,0.00018822202899999998,0.15,27.198799744796236,3.3817090677087482,4794.649604320526
31750,872045217,0.42448922991752625,0.0001879924638333333,0.15,27.319971438205368,3.3927246762004883,4799.645612239838
31800,873420551,0.4631427824497223,0.00018776324149999998,0.15,27.27917170795565,3.3890156098141504,4804.642348766327
31850,874799636,0.309524804353714,0.00018753339399999995,0.15,27.353571216058075,3.3957792014598245,4809.642069101334
31900,876165414,0.4334169626235962,0.00018730576433333333,0.15,27.230600526357765,3.3846000478507055,4825.071038484573
31950,877544455,0.4476039409637451,0.00018707592416666665,0.15,27.35269849455541,3.395699863141401,4830.064922809601
32000,878922044,0.4817062318325043,0.00018684632599999998,0.15,27.32389868496737,3.393081698633398,4835.050909280777
32050,880294298,0.4762060046195984,0.00018661761699999998,0.15,27.218081202768907,3.383461927524446,4840.048022270203
32100,881671546,0.391729474067688,0.00018638807566666665,0.15,27.317135093321696,3.3924668266656086,4845.035941362381
32150,883037885,0.38889726996421814,0.0001861603525,0.15,27.241785628838027,3.3856168753489118,4860.281235218048
32200,884414880,0.43776580691337585,0.0001859308533333333,0.15,27.312116944681357,3.392010631334669,4865.270823478699
32250,885787783,0.42315012216567993,0.00018570203616666666,0.15,27.230953844933257,3.384632167721205,4870.267271995544
32300,887164239,0.4643489718437195,0.00018547262683333332,0.15,27.301426106273677,3.391038736933971,4875.257351398468
32350,888533625,0.3913084864616394,0.0001852443958333333,0.15,27.30253608740729,3.3911396443097535,4890.676864862442
32400,889905747,0.4749709367752075,0.00018501570883333333,0.15,27.215463038260904,3.383223912569173,4895.672233343124
32450,891278595,0.3889249265193939,0.00018478690083333332,0.15,27.229862943054922,3.384532994823175,4900.663357496262
32500,892650189,0.39928507804870605,0.00018455830183333331,0.15,27.204990380228892,3.3822718527480813,4905.665417671204
32550,894019597,0.5851027965545654,0.00018433006716666662,0.15,27.302974718877103,3.391179519897918,4910.654715061188
32600,895394689,0.3748391568660736,0.00018410088516666666,0.15,27.274371739690977,3.388579249062816,4929.549602985382
32650,896767988,0.44501519203186035,0.00018387200199999996,0.15,27.238808338457268,3.385346212587024,4934.549494504929
32700,898145038,0.45059913396835327,0.00018364249366666663,0.15,27.313207846559692,3.392109804232699,4939.533362388611
32750,899518711,0.4046376049518585,0.00018341354816666665,0.15,27.246226471229942,3.3860205882936314,4944.537895202637
32800,900883070,0.4445487856864929,0.000183186155,0.15,27.20230879655475,3.3820280724140677,4965.503313064575
32850,902256919,0.4136326313018799,0.00018295718016666664,0.15,27.249717357240613,3.3863379415673283,4970.496335268021
32900,903626159,0.5143568515777588,0.0001827289735,0.15,27.158299779836167,3.378027252712379,4975.474807977676
32950,905003473,0.396103173494339,0.00018249942116666668,0.15,27.3184441755757,3.3925858341432455,4980.440264701843
33000,906370175,0.3943941593170166,0.0001822716375,0.15,27.24902304808996,3.3862748225536325,4995.815234422684
33050,907746246,0.42936524748802185,0.00018204229233333334,0.15,27.293789793125335,3.3903445266477577,5000.8370013237
33100,909120084,0.4149218797683716,0.00018181331933333334,0.15,27.249499176864948,3.3863181069877224,5005.837385177612
33150,910491249,0.4866982698440552,0.0001815847918333333,0.15,27.19648134557788,3.3814983041434434,5010.862044095993
33200,911864273,0.4957645535469055,0.0001813559545,0.15,27.233353829065592,3.384850348096872,5015.895512342453
33250,913229303,0.43422603607177734,0.00018112844949999996,0.15,27.21568705638408,3.3832442778530987,5030.927423238754
33300,914604329,0.37098246812820435,0.00018089927849999996,0.15,27.273062657436977,3.38846024158518,5035.912711858749
33350,915981896,0.46700894832611084,0.00018066968399999998,0.15,27.323462324216038,3.393042029474185,5040.902079582214
33400,917352841,0.40979528427124023,0.00018044119316666662,0.15,27.192117738064542,3.381101612551322,5045.887988567352
33450,918722513,0.4412410259246826,0.0001802129145,0.15,27.308238296514872,3.3916580269558976,5060.78337430954
33500,920101136,0.45454296469688416,0.00017998314399999998,0.15,27.344407640280064,3.39494614911637,5065.779887914658
33550,921477636,0.5424667000770569,0.00017975372733333332,0.15,27.302298827776344,3.3911180752523946,5070.773145675659
33600,922850836,0.44069623947143555,0.00017952486066666665,0.15,27.236844715076263,3.385167701370569,5075.788644552231
33650,924221220,0.4502950608730316,0.0001792964633333333,0.15,27.18099053890553,3.3800900489914123,5091.278187513351
33700,925585920,0.41583743691444397,0.00017906901333333331,0.15,27.20910758433687,3.3826461440306246,5096.230374574661
33750,926962541,0.42149385809898376,0.0001788395765,0.15,27.304698811908683,3.3913362556280617,5101.201787233353
33800,928338051,0.41312941908836365,0.00017861032483333333,0.15,27.28266259396632,3.3893329630878473,5106.212650060654
33850,929713176,0.4296010732650757,0.0001783811373333333,0.15,27.27502628081798,3.3886387528016346,5111.200218915939
33900,931083508,0.38308611512184143,0.00017815274866666666,0.15,27.3213972406093,3.3928542946008453,5125.9858021736145
33950,932452847,0.43555891513824463,0.00017792452549999997,0.15,27.16026340321717,3.378205763928834,5130.9759085178375
34000,933828962,0.4160012900829315,0.000177695173,0.15,27.294662514628,3.390423864966182,5135.9597182273865
34050,935204054,0.49671611189842224,0.000177465991,0.15,27.274371739690977,3.388579249062816,5140.946427345276
34100,936572780,0.4519692361354828,0.00017723787,0.15,27.289377143312866,3.3899433766648057,5155.985894918442
34150,937951689,0.35380974411964417,0.00017700805183333332,0.15,27.350080330047405,3.3954618481861276,5160.957925081253
34200,939330334,0.4209761917591095,0.00017677827766666664,0.15,27.344844001031397,3.3949858182755817,5165.9529230594635
34250,940705140,0.3814500570297241,0.00017654914333333331,0.15,27.268699049923637,3.388063549993058,5170.945677757263
34300,942079836,0.4618195593357086,0.00017632002733333332,0.15,27.266517246166966,3.387865204196997,5185.917848825455
34350,943446692,0.3873322904109955,0.00017609221799999998,0.15,27.252093468378657,3.386553951670787,5190.9186182022095
34400,944824578,0.48116335272789,0.0001758625703333333,0.15,27.32978955511038,3.393617232282762,5196.042767047882
34450,946199758,0.4296795725822449,0.00017563337366666666,0.15,27.276117182696314,3.388737925699665,5201.030158758163
34500,947573244,0.4333150088787079,0.00017540445933333332,0.15,27.242517404843603,3.385683400440328,5206.084033727646
34550,948943015,0.4443695843219757,0.00017517616416666665,0.15,27.31021213812904,3.39183746710264,5220.85168337822
34600,950319229,0.5367372632026672,0.00017494679516666666,0.15,27.296626138009003,3.3906023761826365,5225.839936256409
34650,951696730,0.37809470295906067,0.00017471721166666663,0.15,27.322153241962038,3.392923021996549,5230.828268289566
34700,953069105,0.44441306591033936,0.00017448848249999996,0.15,27.220481186901242,3.3836801079001124,5235.815590381622
34750,954443372,0.3949432671070099,0.00017425943799999997,0.15,27.258008211515957,3.38709165559236,5251.523677825928
34800,955813374,0.38395175337791443,0.00017403110433333332,0.15,27.314817768562087,3.3922561607783717,5256.5532994270325
34850,957184385,0.44079431891441345,0.0001738026025,0.15,27.193426820318543,3.3812206200289583,5261.620048046112
34900,958559906,0.4151780903339386,0.00017357334899999996,0.15,27.282880774341987,3.3893527976674536,5266.751466751099
34950,959937385,0.4209698736667633,0.00017334376916666665,0.15,27.3217168812107,3.392883352837337,5282.13384270668
35000,961303680,0.4048004448413849,0.0001731160533333333,0.15,27.240908365898395,3.385537124172581,5287.1349058151245
35050,962677881,0.4093935489654541,0.0001728870198333333,0.15,27.256699129261957,3.3869726481147238,5292.206114053726
35100,964052159,0.41627776622772217,0.00017265797349999998,0.15,27.258226391891625,3.387111490171966,5297.2018365859985
35150,965427372,0.4272800087928772,0.0001724287713333333,0.15,27.276771723823312,3.3887974294384833,5302.195707321167
35200,966802255,0.48380520939826965,0.00017219962416666664,0.15,27.270226312553305,3.3882023920503004,5317.118808031082
35250,968173346,0.41917577385902405,0.000171971109,0.15,27.336530026317888,3.3942300023925354,5322.087083339691
35300,969549428,0.3921244442462921,0.00017174176199999996,0.15,27.294007973501003,3.390364361227364,5327.075803995132
35350,970921704,0.4017592966556549,0.00017151304933333333,0.15,27.21851756352024,3.383501596683658,5332.064792871475
35400,972297841,0.42981648445129395,0.00017128369316666666,0.15,27.295098875379335,3.3904635341253946,5347.040824890137
35450,973663872,0.4287024736404419,0.00017105602133333334,0.15,27.235644788260625,3.3850586171146024,5351.999516487122
35500,975044057,0.3877960443496704,0.00017082599050000002,0.15,27.37538925362477,3.397762659420434,5356.965917348862
35550,976420656,0.4313987195491791,0.0001705965573333333,0.15,27.30426245115735,3.39129658646885,5361.9653153419495
35600,977796166,0.44183382391929626,0.00017036730566666664,0.15,27.28266259396632,3.3893329630878473,5376.9011108875275
35650,979168082,0.4901559054851532,0.00017013865299999998,0.15,27.35297870643592,3.39572533694872,5381.903687953949
35700,980543240,0.45978519320487976,0.00016990946000000002,0.15,27.275680821944977,3.388698256540452,5386.86915230751
35750,981920037,0.3575812876224518,0.0001696799938333333,0.15,27.308189697919353,3.3916536089017595,5391.859560012817
35800,983293941,0.4910428524017334,0.00016945100983333333,0.15,27.250808259118948,3.386437114465359,5396.852724075317
35850,984670529,0.4919784665107727,0.00016922157849999996,0.15,27.30404427078168,3.3912767518892437,5411.66846871376
35900,986040201,0.45246636867523193,0.00016899329983333333,0.15,27.308238296514872,3.3916580269558976,5416.638410568237
35950,987417031,0.4164288640022278,0.00016876382816666664,0.15,27.308844239046355,3.3917131126405775,5421.6257038116455
36000,988791485,0.44769486784935,0.00016853475249999997,0.15,27.261717277902296,3.387428843445663,5426.617499828339
36050,990166159,0.45161306858062744,0.00016830564016666663,0.15,27.266080885415633,3.3878255350377846,5441.866527557373
36100,991533499,0.4669901132583618,0.00016807775016666667,0.15,27.261743360714572,3.387431214610416,5446.841715335846
36150,992908602,0.45316728949546814,0.0001678485663333333,0.15,27.274589920066646,3.3885990836424225,5451.832489013672
36200,994283210,0.43914568424224854,0.00016761946500000002,0.15,27.264771803161633,3.3877065275601486,5456.825032949448
36250,995660084,0.42107725143432617,0.00016738998599999998,0.15,27.30971696054902,3.3917924509590023,5471.7128710746765
36300,997030215,0.4515160024166107,0.00016716163083333333,0.15,27.175972390265187,3.3796338536604718,5476.720320701599
36350,998394816,0.42428097128868103,0.0001669341973333333,0.15,27.207133742722704,3.3824667038838823,5481.68566608429
36400,999771151,0.44517049193382263,0.00016670480816666667,0.15,27.299026122141342,3.3908205565583036,5486.68274641037
36450,1001143361,0.46037590503692627,0.00016647610649999996,0.15,27.21720848126624,3.383382589206022,5491.670551538467
36500,1002517826,0.41223886609077454,0.00016624702899999997,0.15,27.26193545827796,3.3874486780252693,5506.786299228668
36550,1003887828,0.4585261940956116,0.00016601869533333332,0.15,27.314817768562087,3.3922561607783717,5511.734548568726
36600,1005261831,0.45671215653419495,0.00016578969483333332,0.15,27.25277188249995,3.3866156256818134,5516.730668067932
36650,1006637275,0.4365798532962799,0.00016556045416666666,0.15,27.281353511712318,3.3892139556102108,5521.724115848541
36700,1008014105,0.3488282561302185,0.0001653309825,0.15,27.308844239046355,3.3917131126405775,5536.62825012207
36750,1009389791,0.4336601793766022,0.00016510170149999998,0.15,27.286153479976992,3.3896503163615446,5541.616708517075
36800,1010758781,0.44935426115989685,0.0001648735365,0.15,27.294640720950635,3.3904218837227855,5546.613132476807
36850,1012133807,0.43931639194488525,0.0001646443655,0.15,27.273062657436977,3.38846024158518,5551.618008852005
36900,1013504697,0.44222405552864075,0.00016441588383333332,0.15,27.191026836186207,3.381002439653292,5566.550272464752
36950,1014873387,0.3935171663761139,0.00016418776883333333,0.15,27.14739076105282,3.3770355237320744,5571.521897315979
37000,1016242113,0.4215131103992462,0.00016395964783333332,0.15,27.289377143312866,3.3899433766648057,5576.461350440979
37050,1017617282,0.41759559512138367,0.00016373045299999999,0.15,27.275899002320646,3.3887180911200585,5581.431713104248
37100,1018994970,0.4551491141319275,0.00016350083833333333,0.15,27.325862308348373,3.3932602098498523,5586.416768550873
37150,1020365486,0.4176200032234192,0.00016327241899999996,0.15,27.18360870341353,3.3803280639466844,5601.295483112335
37200,1021734223,0.40751996636390686,0.00016304429616666662,0.15,27.28959645904777,3.3899633144588885,5606.28498005867
37250,1023111922,0.37331148982048035,0.00016281467966666665,0.15,27.326080488724042,3.3932800444294586,5611.240049600601
37300,1024486453,0.4180644154548645,0.00016258559116666665,0.15,27.263244540531964,3.3875676855029058,5616.205694675446
37350,1025865989,0.4541114568710327,0.00016235566849999997,0.15,27.36251661146042,3.3965924192236745,5631.05734205246
37400,1027244403,0.43843773007392883,0.00016212593283333333,0.15,27.340262213142392,3.394569292103854,5636.048850774765
37450,1028608333,0.4635799825191498,0.00016189861116666667,0.15,27.193755482893373,3.381250498444852,5641.016610145569
37500,1029990828,0.4060423970222473,0.00016166819533333334,0.15,27.421207132514827,3.401927921137711,5646.00768661499
37550,1031366316,0.4247076213359833,0.00016143894733333333,0.15,27.28222623321499,3.389293293928635,5660.943834543228
37600,1032743520,0.49591776728630066,0.0001612094133333333,0.15,27.31626237181903,3.3923874883471843,5665.93447971344
37650,1034111938,0.4880559742450714,0.00016098134366666664,0.15,27.283236302735464,3.3893851184304964,5670.901606321335
37700,1035487470,0.41664043068885803,0.00016075208833333333,0.15,27.283098954717655,3.38937263224706,5675.890777587891
37750,1036858217,0.43960919976234436,0.00016052363049999998,0.15,27.188190491302535,3.3807445901184123,5680.881349802017
37800,1038232594,0.3950601816177368,0.00016029456766666666,0.15,27.260190015272627,3.3872900013884206,5695.896027088165
37850,1039603957,0.45468950271606445,0.00016006600716666664,0.15,27.200408592339887,3.381855326576353,5701.003731250763
37900,1040972089,0.4464484453201294,0.00015983798516666666,0.15,27.27753409362788,3.3888667357843527,5706.095529556274
37950,1042347258,0.430507093667984,0.00015960879033333333,0.15,27.275899002320646,3.3887180911200585,5711.0635805130005
38000,1043722273,0.46487611532211304,0.00015937962116666665,0.15,27.27284447706131,3.388440407005574,5725.874814033508
38050,1045093966,0.39881432056427,0.00015915100566666666,0.15,27.206954003609894,3.382450363964536,5730.866361141205
38100,1046458512,0.5214639902114868,0.00015892358133333333,0.15,27.20603716404817,3.38236701491347,5735.895121574402
38150,1047832251,0.40853551030158997,0.00015869462483333332,0.15,27.247535553483942,3.3861395957712674,5740.950364112854
38200,1049203427,0.5104613304138184,0.0001584660955,0.15,27.196699525953548,3.3815181387230497,5756.10609126091
38250,1050577903,0.4053588807582855,0.00015823701616666668,0.15,27.26215363865363,3.3874685126048756,5761.189876079559
38300,1051949948,0.48634666204452515,0.000158008342,0.15,27.213935775631235,3.3830850705119304,5766.182388782501
38350,1053320610,0.4291202127933502,0.00015777989833333332,0.15,27.32797671265651,3.393452428423319,5771.162818431854
38400,1054696362,0.3936731517314911,0.0001575506063333333,0.15,27.287462562230992,3.389769323839181,5776.2145302295685
38450,1056066086,0.41164714097976685,0.000157322319,0.15,27.16789971636551,3.3788999742150465,5791.669333457947
38500,1057440496,0.44722604751586914,0.00015709325066666664,0.15,27.260844556399626,3.3873495051272386,5796.825942277908
38550,1058808001,0.44285669922828674,0.00015686533316666666,0.15,27.265033096738176,3.3877302815216526,5801.9758558273315
38600,1060184017,0.4501517117023468,0.00015663599716666667,0.15,27.292698891247,3.390245353749727,5807.148684024811
38650,1061556106,0.4346655011177063,0.00015640731566666667,0.15,27.2148084971339,3.3831644088303547,5822.016121864319
38700,1062935851,0.49069955945014954,0.00015617735816666667,0.15,27.366662038598093,3.3969692762361903,5827.132261991501
38750,1064301827,0.34210431575775146,0.0001559496955,0.15,27.23454820958609,3.3849589281441905,5832.2297151088715
38800,1065680538,0.3868745267391205,0.00015571991033333334,0.15,27.3461530832854,3.395104825753218,5837.254099369049
38850,1067049140,0.4695967137813568,0.00015549181,0.15,27.145645318047485,3.3768768470952257,5852.542231559753
38900,1068425266,0.435756117105484,0.00015526245566666665,0.15,27.29488069500367,3.3904436995457883,5857.709822177887
38950,1069801975,0.4427225589752197,0.00015503300416666666,0.15,27.306444254914016,3.3914949322649104,5862.758370637894
39000,1071167060,0.4391191005706787,0.00015480548999999999,0.15,27.21678363505862,3.3833439668235106,5867.707656145096
39050,1072545067,0.41383299231529236,0.00015457582216666667,0.15,27.332189539242716,3.393835412658429,5872.710668802261
39100,1073917992,0.4038321375846863,0.00015434700133333334,0.15,27.23139020568459,3.3846718368804174,5887.775703430176
39150,1075292457,0.4380011260509491,0.00015411792383333332,0.15,27.26193545827796,3.3874486780252693,5892.813139677048
39200,1076660600,0.4454106092453003,0.0001538899,0.15,27.277753409362788,3.388886673578435,5897.796334266663
39250,1078041588,0.40922778844833374,0.00015365973533333334,0.15,27.391316421048455,3.399210583731678,5902.791115522385
39300,1079418198,0.40799158811569214,0.00015343030033333334,0.15,27.304480631533014,3.3913164210484554,5917.496321439743
39350,1080792850,0.42156875133514404,0.00015320119166666664,0.15,27.2656445246643,3.3877858658785724,5922.495278596878
39400,1082168437,0.486295223236084,0.00015297192716666664,0.15,27.28418985659599,3.3894718051450896,5927.488978385925
39450,1083538450,0.45483675599098206,0.00015274359166666664,0.15,27.315037084296993,3.3922760985724536,5932.4543216228485
39500,1084917073,0.4439079761505127,0.00015251382116666666,0.15,27.344407640280064,3.39494614911637,5947.2186415195465
39550,1086289987,0.4055161476135254,0.00015228500216666664,0.15,27.231172025308922,3.384652002300811,5952.2131996154785
39600,1087662406,0.44000884890556335,0.00015205626566666667,0.15,27.221353908403913,3.3837594462185376,5957.206614017487
39650,1089028987,0.36747217178344727,0.00015182850216666666,0.15,27.24661057500598,3.3860555068187255,5962.172795057297
39700,1090405080,0.42764797806739807,0.0001515991533333333,0.15,27.294226153876668,3.3903841958069694,5967.162395000458
39750,1091779633,0.47727862000465393,0.00015137006116666663,0.15,27.263680901283298,3.3876073546621175,5981.993136882782
39800,1093152536,0.539186418056488,0.000151141244,0.15,27.230953844933257,3.384632167721205,5987.096416711807
39850,1094527452,0.4067322611808777,0.00015091209133333332,0.15,27.270880853680307,3.3882618957891193,5992.244141101837
39900,1095893197,0.4891843795776367,0.00015068446716666665,0.15,27.229942579153043,3.3845402344684588,5997.433853387833
39950,1097265539,0.40618136525154114,0.0001504557435,0.15,27.219826645774244,3.3836206041612953,6017.54177069664
40000,1098637419,0.4379020631313324,0.00015022709683333333,0.15,27.210663069996233,3.382787551817839,6022.707148313522
40050,1100012786,0.44704315066337585,0.000149997869,0.15,27.27982624908265,3.389075113552968,6027.773350477219
40100,1101380368,0.4144468903541565,0.00014976993866666667,0.15,27.266568306882526,3.3878698460802297,6032.851318597794
40150,1102755339,0.39863520860671997,0.00014954077683333332,0.15,27.271971755558642,3.388361068687149,6049.691160917282
40200,1104132158,0.3531024158000946,0.000149311307,0.15,27.308626058670686,3.391693278060971,6054.7076625823975
40250,1105508691,0.4295210838317871,0.00014908188483333333,0.15,27.302953368903346,3.391177578991213,6059.845970392227
40300,1106879485,0.4693562984466553,0.00014885341916666663,0.15,27.330608501475396,3.393691681952309,6064.902698516846
40350,1108255985,0.35071349143981934,0.00014862400249999997,0.15,27.302298827776344,3.3911180752523946,6069.900183200836
40400,1109631143,0.5032930970191956,0.00014839480949999998,0.15,27.275680821944977,3.388698256540452,6084.640082120895
40450,1111007071,0.4173136353492737,0.00014816548816666664,0.15,27.290953448241666,3.390086677112879,6089.64691901207
40500,1112383505,0.42334967851638794,0.00014793608249999998,0.15,27.300989745522344,3.3909990677747586,6094.708756446838
40550,1113749404,0.3876655399799347,0.00014770843266666666,0.15,27.23301299944174,3.384819363585613,6099.662660360336
40600,1115124386,0.4588804841041565,0.000147479269,0.15,27.272189935934307,3.3883809032667553,6115.084933996201
40650,1116498807,0.39064082503318787,0.00014725019883333332,0.15,27.261062736775294,3.387369339706845,6120.096959590912
40700,1117871820,0.39530593156814575,0.0001470213633333333,0.15,27.233135648689927,3.3848305135172656,6125.14310503006
40750,1119239853,0.41296952962875366,0.00014679335783333332,0.15,27.27556025201372,3.388687295637611,6130.184062957764
40800,1120615891,0.4500674903392792,0.00014656401816666667,0.15,27.293135251998333,3.3902850229089396,6146.4561676979065
40850,1121991687,0.42219892144203186,0.0001463347188333333,0.15,27.288335283733662,3.3898486621576054,6151.529674768448
40900,1123365800,0.47060638666152954,0.0001461057,0.15,27.25495368625662,3.3868139714778747,6156.605937242508
40950,1124741024,0.4009256660938263,0.000145876496,0.15,27.27698990419898,3.3888172640180896,6161.665813207626
41000,1126107088,0.4242868423461914,0.00014564881866666664,0.15,27.236302735465348,3.3851184304968496,6166.72120475769
41050,1127482763,0.34730666875839233,0.0001454195395,0.15,27.285935299601324,3.3896304817819383,6182.488294124603
41100,1128856568,0.49279990792274475,0.00014519057199999998,0.15,27.248844635737946,3.3862586032489044,6187.558915615082
41150,1130231341,0.4965912103652954,0.00014496144316666665,0.15,27.268044508796635,3.3880040462542396,6192.618386745453
41200,1131602828,0.4883776307106018,0.00014473286199999998,0.15,27.344425392774543,3.3949477629795037,6197.673298120499
41250,1132975962,0.49405694007873535,0.00014450400633333332,0.15,27.235535632822263,3.385048693892933,6213.800593852997
41300,1134347787,0.40548717975616455,0.00014427536883333334,0.15,27.209572168117898,3.3826883789198092,6218.869951248169
41350,1135717566,0.4040773808956146,0.00014404707233333332,0.15,27.168990618243846,3.378999147113077,6223.962148666382
41400,1137093428,0.4037517011165619,0.00014381776199999999,0.15,27.289644365987662,3.389967669635242,6228.937901496887
41450,1138463881,0.4559030830860138,0.00014358935316666666,0.15,27.323809713693276,3.393073610335753,6243.879984140396
41500,1139840392,0.5218296051025391,0.00014335993466666665,0.15,27.302517008152012,3.391137909832001,6248.874494314194
41550,1141216364,0.45369234681129456,0.00014313060599999998,0.15,27.291826169744333,3.390166015431303,6253.865936756134
41600,1142586209,0.42879191040992737,0.0001429022985,0.15,27.170299700497846,3.3791181545907136,6258.859101295471
41650,1143953296,0.385037899017334,0.00014267445066666663,0.15,27.25669909881171,3.386972645346519,6263.827474355698
41700,1145328960,0.4455074667930603,0.0001424451733333333,0.15,27.28571711922566,3.3896106472023324,6278.62926697731
41750,1146706560,0.400153785943985,0.00014221557333333332,0.15,27.32411686534304,3.393101533213004,6283.615777015686
41800,1148083676,0.3762079179286957,0.00014198605399999998,0.15,27.314516928813696,3.392228811710336,6288.6081120967865
41850,1149451115,0.5173362493515015,0.0001417581475,0.15,27.263717202328735,3.387610654757158,6293.584744930267
41900,1150823886,0.4396041929721832,0.00014152935233333332,0.15,27.228335680425253,3.3843941527659323,6308.287274599075
41950,1152197163,0.4810718894004822,0.00014130047283333332,0.15,27.23837197770593,3.385306543427812,6313.277916669846
42000,1153573256,0.44160863757133484,0.00014107112399999998,0.15,27.294226153876668,3.3903841958069694,6318.270399570465
42050,1154950218,0.34867599606513977,0.00014084163033333333,0.15,27.311462403554355,3.391951127595851,6323.261118173599
42100,1156318372,0.45537689328193665,0.00014061360466666663,0.15,27.277972725097694,3.388906611372518,6339.056485414505
42150,1157694322,0.4730948209762573,0.00014038427966666666,0.15,27.291389808993,3.390126346272091,6344.165265321732
42200,1159074980,0.3784530460834503,0.00014015416999999997,0.15,27.384771009778447,3.3986155463434953,6349.263820648193
42250,1160447960,0.4130321443080902,0.00013992534,0.15,27.232481107562926,3.3847710097784476,6354.475608587265
42300,1161816444,0.41524404287338257,0.0001396972593333333,0.15,27.284552197144908,3.389504745194991,6359.703090190887
42350,1163191613,0.4291232228279114,0.00013946806449999997,0.15,27.275899002320646,3.3887180911200585,6380.908354520798
42400,1164564450,0.4599052965641022,0.00013923925833333334,0.15,27.229644762679253,3.3845131602435687,6386.045636415482
42450,1165942061,0.3891015350818634,0.00013900965649999998,0.15,27.324335045718705,3.3931213677926095,6391.137279510498
42500,1167317901,0.41089174151420593,0.00013878034983333333,0.15,27.28920800523633,3.38992800047603,6396.25931429863
42550,1168685241,0.4593519866466522,0.00013855245983333331,0.15,27.261743360714572,3.387431214610416,6412.284850358963
42600,1170061774,0.4403379261493683,0.00013832303766666664,0.15,27.302953368903346,3.391177578991213,6417.426759719849
42650,1171437031,0.4530697762966156,0.00013809382816666667,0.15,27.277644445325983,3.3888767677569076,6422.503677368164
42700,1172813795,0.41803720593452454,0.0001378643675,0.15,27.30753515679235,3.3915941051629415,6427.619842529297
42750,1174180310,0.410266250371933,0.000137636615,0.15,27.24529468059654,3.385935880054231,6449.491241931915
42800,1175557668,0.4266382157802582,0.00013740705533333333,0.15,27.319316897078366,3.3926651724616694,6454.76904296875
42850,1176932716,0.4147571623325348,0.00013717788066666664,0.15,27.27349901818831,3.388499910744392,6459.940767526627
42900,1178304904,0.4292420446872711,0.00013694918266666666,0.15,27.216772120514907,3.3833429200468093,6465.026558160782
42950,1179678016,0.45241430401802063,0.00013672033066666666,0.15,27.23509927207093,3.3850090247337206,6470.15073800087
43000,1181045730,0.47021257877349854,0.00013649237833333332,0.15,27.26920009570141,3.3881090996092187,6487.772742271423
43050,1182421977,0.4193604588508606,0.0001362630038333333,0.15,27.297280679136005,3.3906618799214554,6492.7993285655975
43100,1183797355,0.41157564520835876,0.00013603377416666665,0.15,27.280044429458318,3.389094948132574,6497.912807941437
43150,1185174625,0.48696085810661316,0.00013580422916666666,0.15,27.317571454073033,3.3925064958248212,6502.96243929863
43200,1186541635,0.47750237584114075,0.00013557639416666666,0.15,27.255163888667358,3.3868330807879414,6517.684047460556
43250,1187918432,0.42949360609054565,0.00013534692799999998,0.15,27.308189697919353,3.3916536089017595,6522.695739507675
43300,1189292204,0.41448161005973816,0.000135117966,0.15,27.248190094610944,3.3861990995100864,6527.685333967209
43350,1190666922,0.44782382249832153,0.00013488884633333333,0.15,27.2669536069183,3.387904873356209,6532.727057218552
43400,1192031325,0.42239853739738464,0.00013466144583333334,0.15,27.203186059494378,3.382107823590398,6537.715903043747
43450,1193403381,0.4382334053516388,0.00013443276983333334,0.15,27.214153956006903,3.3831049050915367,6552.922123908997
43500,1194782730,0.4090041518211365,0.0001342028783333333,0.15,27.358807545074082,3.3962552313703713,6557.921257972717
43550,1196159274,0.4903704524040222,0.00013397345433333334,0.15,27.303171549279014,3.3911974135708194,6562.994416713715
43600,1197534509,0.3808998763561249,0.0001337442485,0.15,27.277208084574646,3.388837098597695,6568.079805135727
43650,1198898395,0.3820623755455017,0.00013351693416666666,0.15,27.192878219953744,3.3811707472685217,6584.381472110748
43700,1200270385,0.4097912013530731,0.00013328826916666665,0.15,27.2128448737529,3.3829858976139,6589.464061975479
43750,1201647358,0.3714517652988434,0.00013305877366666665,0.15,27.311680583930023,3.391970962175457,6594.533404588699
43800,1203023088,0.4843987226486206,0.00013282948533333333,0.15,27.28702620147966,3.3897296546799693,6599.603910207748
43850,1204386842,0.4245896339416504,0.000132602193,0.15,27.19024643113486,3.3809314937395327,6615.5020451545715
43900,1205756918,0.3729642927646637,0.00013237384699999998,0.15,27.174881488386852,3.379534680762441,6620.551552772522
43950,1207132571,0.42208096385002136,0.00013214457149999997,0.15,27.28549893884999,3.3895908126227265,6625.619027137756
44000,1208505881,0.3820653557777405,0.0001319156865,0.15,27.239026518832933,3.38536604716663,6630.677354097366
44050,1209879895,0.4430105686187744,0.00013168668416666668,0.15,27.252990062875618,3.3866354602614197,6635.756467580795
44100,1211246476,0.4018101990222931,0.00013145892066666664,0.15,27.24661057500598,3.3860555068187255,6651.7181577682495
44150,1212623405,0.4616299867630005,0.0001312294325,0.15,27.310807862427357,3.391891623857032,6656.806060791016
44200,1214002468,0.4828673303127289,0.00013099958866666665,0.15,27.35313485530674,3.3957395323006128,6661.803630828857
44250,1215381498,0.5139418840408325,0.00013076975033333334,0.15,27.35248031417974,3.3956800285617947,6666.789486169815
44300,1216748563,0.4190080463886261,0.00013054190616666666,0.15,27.256260467341892,3.3869327697583533,6681.589700937271
44350,1218124920,0.41901496052742004,0.0001303125133333333,0.15,27.299462482892675,3.390860225717516,6686.59358215332
44400,1219498813,0.49202287197113037,0.00013008353116666666,0.15,27.25059007874328,3.3864172798857526,6691.590858459473
44450,1220871738,0.41661009192466736,0.00012985471033333333,0.15,27.23139020568459,3.3846718368804174,6696.574180364609
44500,1222246302,0.4410444498062134,0.00012962561633333335,0.15,27.263899081658963,3.387627189241724,6711.431797027588
44550,1223615897,0.43582406640052795,0.0001293973505,0.15,27.306703086370526,3.3915184623973205,6716.395330429077
44600,1224993519,0.3866575360298157,0.0001291677468333333,0.15,27.324553226094373,3.393141202372216,6721.380294084549
44650,1226366367,0.4238598644733429,0.00012893893883333333,0.15,27.229862943054922,3.384532994823175,6726.3706114292145
44700,1227739677,0.44124460220336914,0.00012871005383333333,0.15,27.239026518832933,3.38536604716663,6731.356331586838
44750,1229107556,0.47583019733428955,0.000128482074,0.15,27.272489831725018,3.388408166520456,6746.179054021835
44800,1230478798,0.5047027468681335,0.00012825353366666665,0.15,27.198008608207548,3.381637146200686,6751.177356958389
44850,1231848500,0.4002872109413147,0.00012802524999999999,0.15,27.167463355614178,3.378860305055834,6756.166393280029
44900,1233222426,0.4257411062717438,0.00012779626233333334,0.15,27.25124461987028,3.3864767836245706,6761.220665216446
44950,1234595222,0.4375067949295044,0.00012756746299999997,0.15,27.370523965228486,3.397320360475317,6779.09635925293
45000,1235968807,0.40034380555152893,0.00012733853216666664,0.15,27.244481028224605,3.3858619116567823,6784.1710159778595
45050,1237344163,0.4389086961746216,0.00012710930616666665,0.15,27.279608068706985,3.389055278973362,6789.320358514786
45100,1238713887,0.4873026907444,0.00012688101883333332,0.15,27.16789971636551,3.3788999742150465,6794.5301876068115
45150,1240085173,0.428384006023407,0.00012665247116666666,0.15,27.19888132971022,3.3817164845191106,6811.698750495911
45200,1241454812,0.4097929298877716,0.00012642419799999998,0.15,27.307580349310154,3.391598213573651,6816.774499416351
45250,1242831884,0.4418999254703522,0.000126194686,0.15,27.313644207311025,3.3921494733919118,6821.917142868042
45300,1244207416,0.3401091694831848,0.00012596543066666668,0.15,27.283098954717655,3.38937263224706,6826.967457532883
45350,1245583509,0.4729723632335663,0.0001257360818333333,0.15,27.294226153876668,3.3903841958069694,6831.979911804199
45400,1246948968,0.38325145840644836,0.00012550850533333332,0.15,27.224240370045457,3.384021851822314,6848.307732105255
45450,1248326172,0.49178603291511536,0.00012527897133333333,0.15,27.31626237181903,3.3923874883471843,6853.287229537964
45500,1249702034,0.4169805943965912,0.000125049661,0.15,27.289644365987662,3.389967669635242,6858.2617835998535
45550,1251078325,0.4587964415550232,0.00012482027916666666,0.15,27.298153400638675,3.3907412182398797,6863.252428770065
45600,1252456640,0.4607435464859009,0.00012459055999999998,0.15,27.33829858976139,3.394390780887399,6878.675270318985
45650,1253821417,0.4904446005821228,0.00012436309716666664,0.15,27.21064279448122,3.3827857085892017,6883.643787145615
45700,1255196883,0.4094521701335907,0.00012413385283333332,0.15,27.28178987246365,3.3892536247694225,6888.681276321411
45750,1256568785,0.45455437898635864,0.0001239052025,0.15,27.211099430747566,3.3828272209770516,6893.673982858658
45800,1257947958,0.44939202070236206,0.0001236753403333333,0.15,27.355316659063412,3.395937878096674,6909.2742512226105
45850,1259313318,0.3943077623844147,0.00012344778033333332,0.15,27.222266528431295,3.383842411675572,6914.346383571625
45900,1260688861,0.44383057951927185,0.00012321852316666664,0.15,27.283317135093323,3.389392466826666,6919.392866134644
45950,1262063909,0.49886611104011536,0.0001229893485,0.15,27.27349901818831,3.388499910744392,6924.474656820297
46000,1263437703,0.4842345416545868,0.00012276038283333334,0.15,27.248626455362277,3.386238768669298,6929.520286083221
46050,1264815886,0.4474888741970062,0.00012253068566666665,0.15,27.335680425253386,3.3941527659321262,6945.398248434067
46100,1266187824,0.47478652000427246,0.0001223020293333333,0.15,27.353417337905736,3.3957652125368853,6950.429883956909
46150,1267561233,0.45143333077430725,0.0001220731278333333,0.15,27.240990142213935,3.3855445583830845,6955.463569164276
46200,1268936017,0.383831262588501,0.00012184399716666665,0.15,27.268262689172303,3.388023880833846,6960.534410476685
46250,1270311296,0.37576183676719666,0.000121614784,0.15,27.278080806077316,3.3889164369161193,6976.602729320526
46300,1271680968,0.4973771870136261,0.00012138650533333333,0.15,27.308238296514872,3.3916580269558976,6981.770026445389
46350,1273055576,0.4512706696987152,0.000121157404,0.15,27.264771803161633,3.3877065275601486,6986.9749121665955
46400,1274431009,0.43450358510017395,0.00012092816516666666,0.15,27.281135331336653,3.3891941210306054,6992.1506979465485
46450,1275807157,0.43449434638023376,0.00012069880716666665,0.15,27.295317055755003,3.3904833687050004,7013.0585741996765
46500,1277176092,0.37904736399650574,0.00012047065133333331,0.15,27.293544142276097,3.3903221947523723,7018.166679143906
46550,1278549798,0.409781277179718,0.00012024170033333333,0.15,27.246881012356944,3.3860800920324494,7023.2449424266815
46600,1279925022,0.390209823846817,0.00012001249633333331,0.15,27.27698990419898,3.3888172640180896,7028.409798622131
46650,1281299564,0.4494454860687256,0.00011978340599999999,0.15,27.26346272090763,3.3875875200825116,7033.485759973526
46700,1282679078,0.5269358158111572,0.00011955348699999999,0.15,27.362080250709088,3.3965527500644623,7049.325436592102
46750,1284049091,0.4520955979824066,0.00011932515149999998,0.15,27.315037084296993,3.3922760985724536,7054.36225771904
46800,1285421598,0.4461403489112854,0.00011909640033333332,0.15,27.223099351409246,3.383918122855386,7059.352133989334
46850,1286791212,0.46632617712020874,0.00011886813133333332,0.15,27.16571791260884,3.3787016284189857,7064.339773178101
46900,1288169076,0.40474432706832886,0.00011863848733333333,0.15,27.329353194359047,3.3935775631235496,7079.316138982773
46950,1289537450,0.412092924118042,0.000118410425,0.15,27.282359039795836,3.389305367254167,7084.351096153259
47000,1290913873,0.46978268027305603,0.00011818102116666666,0.15,27.300771565146675,3.3909792331951523,7089.337187290192
47050,1292286446,0.42972177267074585,0.00011795225899999998,0.15,27.22440843366325,3.384037130333023,7094.3821630477905
47100,1293667005,0.4053097665309906,0.00011772216583333332,0.15,27.382807386397445,3.3984370351270403,7109.510921239853
47150,1295036663,0.44147196412086487,0.00011749388949999998,0.15,27.16659063411151,3.3787809667374105,7114.584052324295
47200,1296405730,0.4344417154788971,0.00011726571166666666,0.15,27.296175931094982,3.3905614482813617,7119.6632606983185
47250,1297783704,0.4451209604740143,0.00011703604933333331,0.15,27.331534998115714,3.3937759089196105,7124.707467794418
47300,1299163383,0.4523806869983673,0.00011680610283333334,0.15,27.36535295634409,3.396850268758554,7129.778961658478
47350,1300540697,0.4724056124687195,0.0001165765505,0.15,27.3184441755757,3.3925858341432455,7145.942214488983
47400,1301907729,0.38657110929489136,0.00011634871183333333,0.15,27.25560252013717,3.3868729563761066,7151.017870903015
47450,1303279301,0.3888172209262848,0.0001161201165,0.15,27.204554019477555,3.3822321835888687,7156.0782034397125
47500,1304657374,0.4716636836528778,0.00011589043766666665,0.15,27.333498621496716,3.393954420136065,7161.117425918579
47550,1306034193,0.412415474653244,0.00011566096783333332,0.15,27.308626058670686,3.391693278060971,7177.13813495636
47600,1307409791,0.3823845684528351,0.0001154317015,0.15,27.284408036971655,3.389491639724696,7182.202769994736
47650,1308775591,0.4475542902946472,0.00011520406816666666,0.15,27.231039157827578,3.384639923438871,7187.257754087448
47700,1310147471,0.44201627373695374,0.00011497542149999999,0.15,27.210663069996233,3.382787551817839,7192.31418299675
47750,1311519351,0.4278882145881653,0.00011474677483333331,0.15,27.210663069996233,3.382787551817839,7207.937040090561
47800,1312899096,0.4388449192047119,0.00011451681733333332,0.15,27.366662038598093,3.3969692762361903,7212.9257345199585
47850,1314269406,0.3870973289012909,0.00011428843233333332,0.15,27.320958609139485,3.39281441901268,7217.902916669846
47900,1315644806,0.4821590483188629,0.00011405919899999999,0.15,27.28048079020965,3.3891346172917864,7222.905612707138
47950,1317022494,0.46435144543647766,0.00011382958433333332,0.15,27.325862308348373,3.3932602098498523,7227.89400935173
48000,1318399368,0.4532946050167084,0.00011360010533333332,0.15,27.30971696054902,3.3917924509590023,7242.748817920685
48050,1319767401,0.431612491607666,0.0001133720998333333,0.15,27.27556025201372,3.388687295637611,7247.740206003189
48100,1321140502,0.4947470426559448,0.00011314324966666665,0.15,27.23488109169526,3.3849891901541143,7252.714904546738
48150,1322518696,0.46551841497421265,0.00011291355066666667,0.15,27.335898605629055,3.394172600511732,7257.700860261917
48200,1323893920,0.43623626232147217,0.00011268434666666667,0.15,27.27698990419898,3.3888172640180896,7272.443604707718
48250,1325271025,0.46113768219947815,0.00011245482916666665,0.15,27.314298748438027,3.3922089771307298,7277.432814836502
48300,1326643018,0.46230652928352356,0.00011222616366666665,0.15,27.35451391658027,3.3958649015072977,7282.407242298126
48350,1328015844,0.38508859276771545,0.00011199735933333332,0.15,27.22942658230359,3.3844933256639624,7287.408421278
48400,1329388263,0.4416315257549286,0.00011176862283333333,0.15,27.221353908403913,3.3837594462185376,7302.34364771843
48450,1330764257,0.3747870624065399,0.00011153929049999998,0.15,27.292262530495666,3.390205684590515,7307.330544233322
48500,1332132092,0.4632451832294464,0.000111311318,0.15,27.27161256878539,3.388328415344126,7312.297437429428
48550,1333510275,0.4783762991428375,0.00011108162083333333,0.15,27.335680425253386,3.3941527659321262,7317.278317689896
48600,1334888986,0.5039477944374084,0.00011085183566666664,0.15,27.3461530832854,3.395104825753218,7322.259389638901
48650,1336265486,0.4068518280982971,0.000110622419,0.15,27.302298827776344,3.3911180752523946,7336.980647802353
48700,1337639214,0.4145161509513855,0.00011039346433333332,0.15,27.247317373108277,3.386119761191661,7341.964856624603
48750,1339007621,0.419840931892395,0.00011016539649999997,0.15,27.283016987000558,3.3893651806364145,7346.9361300468445
48800,1340380535,0.43291202187538147,0.0001099365775,0.15,27.231172025308922,3.384652002300811,7351.938975811005
48850,1341755660,0.42810243368148804,0.00010970739000000001,0.15,27.27502628081798,3.3886387528016346,7366.77102971077
48900,1343128838,0.43726056814193726,0.00010947852699999998,0.15,27.23640835432493,3.385128032211357,7371.7395696640015
48950,1344495342,0.4669768214225769,0.00010925077633333334,0.15,27.24507536486163,3.3859159422601484,7376.683594465256
49000,1345870280,0.42577776312828064,0.00010902161999999999,0.15,27.27131721443164,3.388301564948331,7381.708739519119
49050,1347241511,0.45965227484703064,0.0001087930815,0.15,27.197790427831883,3.3816173116210804,7396.571162700653
49100,1348617120,0.48942068219184875,0.00010856381333333332,0.15,27.284626217347324,3.389511474304302,7401.549999952316
49150,1349994379,0.44657614827156067,0.00010833427016666665,0.15,27.317353273697364,3.392486661245215,7406.538336277008
49200,1351361939,0.35039037466049194,0.0001081063435,0.15,27.266129675412714,3.387829970492065,7411.535077095032
49250,1352735194,0.4659610390663147,0.00010787746766666667,0.15,27.237935616954598,3.3852668742686003,7416.52786898613
49300,1354112420,0.4224376082420349,0.00010764792999999998,0.15,27.316698732570362,3.3924271575063965,7431.341153383255
49350,1355490163,0.4133293926715851,0.00010741830616666665,0.15,27.32695321022671,3.393359382747882,7436.316898107529
49400,1356855545,0.4121098220348358,0.0001071907425,0.15,27.222705159901107,3.3838822872637375,7441.281233787537
49450,1358230428,0.4044976234436035,0.00010696159533333334,0.15,27.270226312553305,3.3882023920503004,7446.279796361923
49500,1359607731,0.47138264775276184,0.00010673204483333332,0.15,27.31822599520003,3.3925659995636392,7461.001514673233
49550,1360975904,0.42706939578056335,0.000106504016,0.15,27.137136283396472,3.3761032984905883,7465.9839220047
49600,1362344146,0.36641132831573486,0.00010627597566666667,0.15,27.27972725097695,3.389066113725177,7470.970649957657
49650,1363721493,0.41948801279067993,0.0001060464178333333,0.15,27.3190987167027,3.3926453378820636,7475.945017814636
49700,1365094814,0.44236069917678833,0.00010581753099999997,0.15,27.2392446992086,3.3853858817462363,7490.840672969818
49750,1366469774,0.456707626581192,0.00010558837099999999,0.15,27.271753575182974,3.3883412341075427,7495.830281972885
49800,1367845218,0.46101537346839905,0.00010535913033333332,0.15,27.281353511712318,3.3892139556102108,7500.822569608688
49850,1369212371,0.4120056927204132,0.00010513127149999999,0.15,27.25801499322115,3.3870922721110137,7505.7965705394745
49900,1370582447,0.3556460738182068,0.00010490292549999998,0.15,27.174881488386852,3.379534680762441,7510.795457363129
49950,1371961422,0.3959640562534332,0.00010467309633333331,0.15,27.351389412301405,3.3955808556637637,7525.567203760147
50000,1373334237,0.4629853367805481,0.00010444429383333333,0.15,27.22920840192792,3.3844734910843566,7530.554627895355
50050,1374698794,0.45199212431907654,0.00010421686766666666,0.15,27.206256479783075,3.3823869527075527,7535.521288633347
50100,1376074722,0.4291054904460907,0.00010398754633333332,0.15,27.290953448241666,3.390086677112879,7540.512830734253
50150,1377452773,0.38068127632141113,0.00010375787116666667,0.15,27.333062260745383,3.393914750976853,7555.3393976688385
50200,1378829185,0.44397616386413574,0.00010352846916666665,0.15,27.30055338477101,3.390959398615546,7560.326976060867
50250,1380203331,0.4240187108516693,0.00010329944483333334,0.15,27.25560822738362,3.3868734752166927,7565.306142568588
50300,1381574895,0.45777928829193115,0.00010307085083333331,0.15,27.345960602918893,3.3950873275380813,7570.278830051422
50350,1382942727,0.507732093334198,0.00010284287883333331,0.15,27.130372691750797,3.3754884265227996,7585.233052015305
50400,1384314673,0.4407851994037628,0.00010261422116666665,0.15,27.211972152250233,3.382906559295476,7590.25448513031
50450,1385691965,0.5073056817054749,0.00010238467249999998,0.15,27.318007814824366,3.3925461649840334,7595.257638692856
50500,1387057215,0.44133129715919495,0.00010215713083333331,0.15,27.220073371082222,3.3836430337347476,7600.264744520187
50550,1388433649,0.4697990417480469,0.00010192772516666665,0.15,27.300989745522344,3.3909990677747586,7605.298880338669
50600,1389807641,0.4327288269996643,0.0001016987265,0.15,27.252553702124285,3.386595791102208,7620.417853832245
50650,1391185395,0.4446505010128021,0.00010146910083333331,0.15,27.327171390602377,3.3933792173274884,7625.433637857437
50700,1392560245,0.44320443272590637,0.00010123995916666665,0.15,27.269571771426303,3.388142888311482,7630.458061695099
50750,1393927882,0.4414495825767517,0.00010101201966666667,0.15,27.26766488555706,3.387969535050642,7635.452656030655
50800,1395305691,0.41225895285606384,0.00010078238483333333,0.15,27.328262292480712,3.3934783902255194,7650.430144548416
50850,1396679749,0.3756137192249298,0.00010055337516666667,0.15,27.253862784378285,3.386714798579844,7655.450893640518
50900,1398059604,0.3894639313220978,0.00010032339933333332,0.15,27.36884384235476,3.397167622032251,7660.45422577858
50950,1399427923,0.4582356810569763,0.00010009534616666666,0.15,27.2812624611213,3.3892056782837545,7665.477634429932
51000,1400804027,0.43756070733070374,9.986599549999999e-05,0.15,27.294444334252336,3.3904040303865757,7680.6939487457275
51050,1402172794,0.4803674519062042,9.963786766666667e-05,0.15,27.148918023682487,3.3771743657893167,7685.709383964539
51100,1403550075,0.4270661771297455,9.940832083333332e-05,0.15,27.317789634448697,3.3925263304044275,7690.722155570984
51150,1404918504,0.4978671967983246,9.918024933333334e-05,0.15,27.283455618470374,3.389405056224579,7695.730134010315
51200,1406293959,0.41486847400665283,9.895100683333332e-05,0.15,27.281571692087986,3.389233790189817,7700.723965167999
51250,1407665960,0.42184680700302124,9.872233999999998e-05,0.15,27.21306305412857,3.383005732193506,7716.193816184998
51300,1409040700,0.424716979265213,9.849321666666666e-05,0.15,27.267389967669637,3.3879445425154215,7721.214255332947
51350,1410413768,0.42672619223594666,9.8264372e-05,0.15,27.23422655056826,3.3849296864152962,7726.243879079819
51400,1411781625,0.5038084387779236,9.803639583333334e-05,0.15,27.272051200255202,3.3883682909322914,7731.2648665905
51450,1413154253,0.4335963726043701,9.78076245e-05,0.15,27.225499335541585,3.384136303231053,7746.393562555313
51500,1414528795,0.398750364780426,9.757853416666666e-05,0.15,27.26346272090763,3.3875875200825116,7751.409086465836
51550,1415902589,0.43630251288414,9.73495685e-05,0.15,27.248626455362277,3.386238768669298,7756.425242185593
51600,1417272866,0.4821030795574188,9.712118899999997e-05,0.15,27.320300661934763,3.3927546056304334,7761.432338953018
51650,1418645901,0.3964017629623413,9.689234983333333e-05,0.15,27.23357200944126,3.384870182676478,7776.526417970657
51700,1420022863,0.4429900050163269,9.666285616666665e-05,0.15,27.311462403554355,3.391951127595851,7781.534786462784
51750,1421397031,0.37035509943962097,9.643382816666666e-05,0.15,27.256044588134955,3.386913144375905,7786.552550077438
51800,1422772222,0.4562985599040985,9.620462966666666e-05,0.15,27.27633536307198,3.3887577602792707,7791.582048177719
51850,1424135734,0.4705289900302887,9.597737766666666e-05,0.15,27.185421484966902,3.3804928622697186,7796.575437545776
51900,1425515314,0.43019968271255493,9.574744766666665e-05,0.15,27.363389332963088,3.396671757542099,7811.677834749222
51950,1426886050,0.4254544973373413,9.551899166666667e-05,0.15,27.18797231092687,3.380724755538806,7816.700581789017
52000,1428260372,0.3729564845561981,9.5289938e-05,0.15,27.259099113394292,3.38719082849039,7821.724808454514
52050,1429629813,0.46166932582855225,9.506169783333334e-05,0.15,27.303632666081825,3.391239333280166,7826.7275495529175
52100,1431005730,0.4346388578414917,9.483237833333332e-05,0.15,27.290735267865998,3.3900668425332725,7841.764010429382
52150,1432382923,0.40245163440704346,9.460284616666664e-05,0.15,27.316044191443364,3.392367653767579,7846.776999950409
52200,1433760402,0.40411320328712463,9.437326633333333e-05,0.15,27.3217168812107,3.392883352837337,7851.78329372406
52250,1435132634,0.3605026304721832,9.414456099999999e-05,0.15,27.217644842017574,3.3834222583652345,7856.820305585861
52300,1436501657,0.4332227110862732,9.391639049999998e-05,0.15,27.295298668155354,3.390481697105032,7871.911786556244
52350,1437883470,0.42555341124534607,9.368608833333332e-05,0.15,27.407679949223475,3.4006981772021345,7876.929172277451
52400,1439254019,0.38026946783065796,9.345766349999997e-05,0.15,27.18426324454053,3.380387567685503,7881.939246177673
52450,1440627890,0.44108858704566956,9.3228685e-05,0.15,27.250153717991946,3.386377610726541,7886.956861972809
52500,1441995912,0.4109044075012207,9.300068133333332e-05,0.15,27.27534093627881,3.388667357843528,7891.984646081924
52550,1443373094,0.3968454897403717,9.277115099999998e-05,0.15,27.315826011067696,3.3923478191879726,7907.05496430397
52600,1444746734,0.4399600327014923,9.254221099999998e-05,0.15,27.24557193010294,3.385961084554813,7912.062289476395
52650,1446123190,0.45249682664871216,9.231280166666665e-05,0.15,27.301426106273677,3.391038736933971,7917.0849187374115
52700,1447490277,0.43881216645240784,9.208495383333332e-05,0.15,27.25669909881171,3.386972645346519,7922.125990629196
52750,1448863840,0.42186105251312256,9.185602666666665e-05,0.15,27.244044667473272,3.3858222424975706,7937.033305644989
52800,1450238195,0.4517674446105957,9.162696749999998e-05,0.15,27.259753654521294,3.387250332229208,7942.0464017391205
52850,1451612748,0.44104644656181335,9.139787533333332e-05,0.15,27.263680901283298,3.3876073546621175,7947.045857667923
52900,1452990007,0.48226892948150635,9.116833216666667e-05,0.15,27.317353273697364,3.392486661245215,7952.076377868652
52950,1454361769,0.3979809284210205,9.093970516666665e-05,0.15,27.34990828614722,3.3954462078315655,7967.180636405945
53000,1455734694,0.41843774914741516,9.071088433333332e-05,0.15,27.23139020568459,3.3846718368804174,7972.196816921234
53050,1457112635,0.3915078639984131,9.04812275e-05,0.15,27.330880456988716,3.3937164051807924,7977.205741643906
53100,1458489531,0.43694350123405457,9.025174483333333e-05,0.15,27.310153321300355,3.391832120118214,7982.230851650238
53150,1459853296,0.47356361150741577,9.002445066666665e-05,0.15,27.190465746869766,3.3809514315336147,7987.215336799622
53200,1461230324,0.44037431478500366,8.979494599999999e-05,0.15,27.31277148580836,3.392070135073487,8002.284008741379
53250,1462607143,0.4701002240180969,8.956547616666664e-05,0.15,27.308626058670686,3.391693278060971,8007.29692196846
53300,1463982972,0.3999575972557068,8.933617133333334e-05,0.15,27.28898982486066,3.389908165896424,8012.31570982933
53350,1465360132,0.421365350484848,8.910664466666666e-05,0.15,27.315389650316362,3.3923081500287604,8017.356493473053
53400,1466727516,0.449609637260437,8.887874733333333e-05,0.15,27.2626206236542,3.3875109657867455,8032.403573036194
53450,1468105567,0.40255314111709595,8.864907216666666e-05,0.15,27.333062260745383,3.393914750976853,8037.416336297989
53500,1469479856,0.45676425099372864,8.8420024e-05,0.15,27.25844457226729,3.387131324751572,8042.415323257446
53550,1470853199,0.41743308305740356,8.81911335e-05,0.15,27.239681059959935,3.3854255509054485,8047.427631855011
53600,1472218735,0.4055640697479248,8.796354416666664e-05,0.15,27.225775580189808,3.3841614163808913,8062.530418872833
53650,1473595686,0.4466152489185333,8.773405233333332e-05,0.15,27.31124422317869,3.3919312930162446,8067.524416685104
53700,1474973330,0.3482949435710907,8.750444499999999e-05,0.15,27.324989586845707,3.3931808715314276,8072.544520616531
53750,1476346684,0.4589628279209137,8.727555266666667e-05,0.15,27.2398992403356,3.385445385485055,8077.5721554756165
53800,1477719092,0.38891252875328064,8.7046818e-05,0.15,27.221135728028244,3.3837396116389313,8082.6265070438385
53850,1479087961,0.43468448519706726,8.681867316666665e-05,0.15,27.292228247866657,3.390202567987878,8097.86643743515
53900,1480459665,0.40714582800865173,8.659005583333334e-05,0.15,27.20717218398556,3.382470198544142,8102.862980127335
53950,1481834460,0.41413408517837524,8.636092333333333e-05,0.15,27.26848086954797,3.388043715413452,8107.870372056961
54000,1483207077,0.3979836106300354,8.613215383333331e-05,0.15,27.225281155165916,3.384116468651447,8112.9449100494385
54050,1484576155,0.4607183039188385,8.590397416666664e-05,0.15,27.296395246829892,3.3905813860754446,8127.880791902542
54100,1485951478,0.42819252610206604,8.567475366666665e-05,0.15,27.278953527579983,3.388995775234544,8132.897173643112
54150,1487324634,0.4754537045955658,8.544589433333333e-05,0.15,27.235971993573596,3.3850883630521453,8137.916710615158
54200,1488701893,0.416687548160553,8.521635116666665e-05,0.15,27.317353273697364,3.392486661245215,8142.969166278839
54250,1490070465,0.4865855574607849,8.498825583333333e-05,0.15,27.286306723024165,3.3896642475476515,8148.003796339035
54300,1491446173,0.4559556245803833,8.475897116666666e-05,0.15,27.286589840728325,3.3896899855207567,8163.055938005447
54350,1492819384,0.4154581129550934,8.453010266666664e-05,0.15,27.23706289545193,3.385187535950175,8168.070732593536
54400,1494193981,0.48058223724365234,8.430100316666667e-05,0.15,27.264553622785964,3.3876866929805427,8173.101080656052
54450,1495570162,0.3782668113708496,8.407163966666667e-05,0.15,27.295971596882005,3.3905428724438185,8178.123259782791
54500,1496937788,0.44520172476768494,8.3843702e-05,0.15,27.267445569822154,3.3879495972565596,8193.097054719925
54550,1498312506,0.43234074115753174,8.361458233333332e-05,0.15,27.2669536069183,3.387904873356209,8198.157703399658
54600,1499688016,0.483182817697525,8.338533066666664e-05,0.15,27.28266259396632,3.3893329630878473,8203.189521312714
54650,1501068300,0.3830907344818115,8.315528333333332e-05,0.15,27.377352877005773,3.397941170636889,8208.188235282898
54700,1502433539,0.4287852346897125,8.29277435e-05,0.15,27.219854055347316,3.383623095940665,8223.10105586052
54750,1503806288,0.4361268877983093,8.269895199999999e-05,0.15,27.22789931967392,3.3843544836067205,8228.105081796646
54800,1505186121,0.4804234504699707,8.246897983333332e-05,0.15,27.368407481603427,3.397127952873039,8233.104543209076
54850,1506561433,0.4654965400695801,8.223976116666665e-05,0.15,27.278735347204314,3.388975940654938,8238.11796760559
54900,1507935073,0.417137086391449,8.201082116666666e-05,0.15,27.24557193010294,3.385961084554813,8243.130367517471
54950,1509305614,0.4849689304828644,8.178239766666666e-05,0.15,27.325564239572532,3.393233112688412,8258.059166908264
55000,1510681454,0.47522249817848206,8.1553091e-05,0.15,27.28920800523633,3.38992800047603,8263.066743850708
55050,1512057987,0.42600923776626587,8.132366883333333e-05,0.15,27.302953368903346,3.391177578991213,8268.065877437592
55100,1513434047,0.4575725793838501,8.109432550000001e-05,0.15,27.293571612749666,3.3903246920681513,8273.063178777695
55150,1514802520,0.4063415229320526,8.086624666666665e-05,0.15,27.284332881410002,3.389484807400909,8288.03209900856
55200,1516174598,0.43407294154167175,8.0637567e-05,0.15,27.214590316758237,3.3831445742507484,8293.029284477234
55250,1517552165,0.3972732424736023,8.040797250000001e-05,0.15,27.323462324216038,3.393042029474185,8298.05045580864
55300,1518921482,0.42935410141944885,8.0179753e-05,0.15,27.159827042465835,3.3781660947696213,8303.093837499619
55350,1520294858,0.4603034257888794,7.995085699999998e-05,0.15,27.240335601086937,3.3854850546442674,8318.217976808548
55400,1521664277,0.3695198893547058,7.97226205e-05,0.15,27.30319403461201,3.3911994576920006,8323.210716724396
55450,1523040909,0.41223448514938354,7.949318183333334e-05,0.15,27.304916992284348,3.391356090207668,8328.228630781174
55500,1524413867,0.3616012632846832,7.926435549999998e-05,0.15,27.232044746811592,3.384731340619236,8333.236214399338
55550,1525791511,0.4823784828186035,7.903474816666666e-05,0.15,27.324989586845707,3.3931808715314276,8338.263005256653
55600,1527154946,0.4961872100830078,7.8807509e-05,0.15,27.183886274822555,3.3803532977111415,8353.198820829391
55650,1528531743,0.4551602303981781,7.857804283333333e-05,0.15,27.308189697919353,3.3916536089017595,8358.196438074112
55700,1529908265,0.4497685432434082,7.83486225e-05,0.15,27.30273518852768,3.3911577444116072,8363.200474977493
55750,1531282752,0.38867276906967163,7.811954133333333e-05,0.15,27.262371819029294,3.3874883471844814,8368.216556549072
55800,1532653282,0.41067659854888916,7.789111966666666e-05,0.15,27.325344923837626,3.3932131748943295,8383.220433235168
55850,1534028077,0.45390158891677856,7.766198716666665e-05,0.15,27.26848086954797,3.388043715413452,8388.18477845192
55900,1535398208,0.3685320019721985,7.743363199999998e-05,0.15,27.175972390265187,3.3796338536604718,8393.210676193237
55950,1536770814,0.464661180973053,7.720486433333331e-05,0.15,27.225062974790248,3.384096634071841,8398.249370098114
56000,1538146698,0.4929473102092743,7.697555033333331e-05,0.15,27.290080726738996,3.390007338794454,8413.165311813354
56050,1539515028,0.4145830273628235,7.674749533333333e-05,0.15,27.281481776856207,3.3892256160778373,8418.155771255493
56100,1540891550,0.4808667004108429,7.651807499999999e-05,0.15,27.30273518852768,3.3911577444116072,8423.150914669037
56150,1542268919,0.45741796493530273,7.62885135e-05,0.15,27.319535077454034,3.3926850070412757,8428.162162303925
56200,1543641932,0.4883418679237366,7.605967799999999e-05,0.15,27.233135648689927,3.3848305135172656,8433.162805080414
56250,1545009888,0.42311757802963257,7.583168533333332e-05,0.15,27.27402504186937,3.3885477310790333,8448.056425333023
56300,1546384738,0.4024837017059326,7.560254366666666e-05,0.15,27.269571771426303,3.388142888311482,8453.06971669197
56350,1547761502,0.4811766445636749,7.537308299999998e-05,0.15,27.30753515679235,3.3915941051629415,8458.08435869217
56400,1549138123,0.4766787886619568,7.514364616666668e-05,0.15,27.304698811908683,3.3913362556280617,8463.078491210938
56450,1550510168,0.42733317613601685,7.491497199999999e-05,0.15,27.213935775631235,3.3830850705119304,8478.114381551743
56500,1551880896,0.42519450187683105,7.468651733333334e-05,0.15,27.329292607065955,3.3935720551878137,8483.081073999405
56550,1553254217,0.43522489070892334,7.445763050000001e-05,0.15,27.2392446992086,3.3853858817462363,8488.072710514069
56600,1554628176,0.4268849492073059,7.422863733333335e-05,0.15,27.251899160997283,3.3865362873633895,8493.070564746857
56650,1556007734,0.4431122839450836,7.3998711e-05,0.15,27.362952972211755,3.396632088382887,8508.11818265915
56700,1557373006,0.38809889554977417,7.377116566666666e-05,0.15,27.220512002552038,3.383682909322913,8513.101115703583
56750,1558746228,0.3461136519908905,7.354229533333332e-05,0.15,27.2372810758276,3.3852073705297814,8518.110878944397
56800,1560115633,0.4311279356479645,7.331406116666667e-05,0.15,27.161572485471172,3.37832477140647,8523.108590602875
56850,1561490395,0.4912678301334381,7.308493416666665e-05,0.15,27.26782632842097,3.3879842116746333,8528.136803388596
56900,1562863584,0.3868127763271332,7.285606933333331e-05,0.15,27.236626534700598,3.3851478667909634,8543.378580570221
56950,1564230297,0.43899089097976685,7.262828383333331e-05,0.15,27.249242363824866,3.386294760347715,8548.348350763321
57000,1565608040,0.3944249451160431,7.239865999999999e-05,0.15,27.32695321022671,3.393359382747882,8553.351982355118
57050,1566981647,0.41532355546951294,7.216972550000001e-05,0.15,27.244917388975942,3.385901580815995,8558.357104063034
57100,1568353076,0.46153777837753296,7.194115399999999e-05,0.15,27.201717674593887,3.38197433405399,8573.541162967682
57150,1569721703,0.4700718820095062,7.171304950000001e-05,0.15,27.2874033016987,3.389763936518064,8578.51489853859
57200,1571098335,0.42166686058044434,7.148361083333332e-05,0.15,27.304916992284348,3.391356090207668,8583.533210992813
57250,1572472569,0.42841166257858276,7.125457183333332e-05,0.15,27.257353670388955,3.387032151853541,8588.54272556305
57300,1573844691,0.49538788199424744,7.102588483333333e-05,0.15,27.215463038260904,3.383223912569173,8603.516396284103
57350,1575209809,0.48350027203559875,7.079836516666665e-05,0.15,27.217441582263337,3.3834037802057577,8608.525355577469
57400,1576589598,0.39633482694625854,7.056840033333332e-05,0.15,27.36753476010076,3.3970486145546146,8613.48804116249
57450,1577966670,0.3924819529056549,7.033888833333332e-05,0.15,27.313644207311025,3.3921494733919118,8618.483953237534
57500,1579340442,0.42816615104675293,7.010992633333334e-05,0.15,27.248190094610944,3.3861990995100864,8623.467333555222
57550,1580720605,0.39987558126449585,6.987989916666667e-05,0.15,27.374952892873434,3.397722990261222,8638.378428220749
57600,1582089441,0.4943147897720337,6.965175983333334e-05,0.15,27.291570300661935,3.39014275460563,8643.37416434288
57650,1583470473,0.4452439546585083,6.942158783333333e-05,0.15,27.392189142551125,3.399289922050102,8648.370545625687
57700,1584846434,0.45724233984947205,6.9192261e-05,0.15,27.291607989368664,3.390146180851697,8653.363292217255
57750,1586220261,0.4252741038799286,6.896328983333331e-05,0.15,27.24928099648928,3.386298272408116,8668.608657360077
57800,1587589163,0.36016082763671875,6.87351395e-05,0.15,27.29288619507138,3.390262381370125,8673.575221300125
57850,1588965080,0.45796260237693787,6.850581999999997e-05,0.15,27.290735267865998,3.3900668425332725,8678.566306829453
57900,1590343120,0.37249863147735596,6.827614666666665e-05,0.15,27.332844080369718,3.393894916397247,8683.57027053833
57950,1591715572,0.4363861680030823,6.804740466666665e-05,0.15,27.22200844953091,3.3838189499573557,8698.763909339905
58000,1593091555,0.44295451045036316,6.781807416666664e-05,0.15,27.292044350119998,3.3901858500109086,8703.764878034592
58050,1594457311,0.42666780948638916,6.759044816666666e-05,0.15,27.23016189488795,3.3845601722625407,8708.735174655914
58100,1595832733,0.39661848545074463,6.736121116666667e-05,0.15,27.280917150960985,3.389174286450999,8713.753323554993
58150,1597205735,0.45275554060935974,6.71323775e-05,0.15,27.23291746831426,3.3848106789376597,8718.75020647049
58200,1598583071,0.4874429404735565,6.690282149999999e-05,0.15,27.318880536327033,3.3926255033024573,8736.735096693039
58250,1599951060,0.437349408864975,6.667482333333332e-05,0.15,27.27468298907409,3.3886075444612813,8741.72456407547
58300,1601326295,0.41296932101249695,6.64456175e-05,0.15,27.277208084574646,3.388837098597695,8746.719987869263
58350,1602703708,0.47477197647094727,6.621604866666666e-05,0.15,27.3204077989567,3.3927643453597,8751.721893310547
58400,1604077502,0.438656210899353,6.598708300000001e-05,0.15,27.248626455362277,3.386238768669298,8766.63123679161
58450,1605455597,0.4371051788330078,6.575740049999999e-05,0.15,27.333934982248053,3.3939940892952776,8771.636108160019
58500,1606825610,0.4322671592235565,6.552906499999999e-05,0.15,27.315037084296993,3.3922760985724536,8776.627892017365
58550,1608195598,0.41855931282043457,6.530073366666665e-05,0.15,27.17313604538152,3.3793760041255925,8781.624897956848
58600,1609568578,0.44695818424224854,6.507190366666666e-05,0.15,27.232481107562926,3.3847710097784476,8796.73250412941
58650,1610944011,0.47839826345443726,6.484266483333331e-05,0.15,27.281135331336653,3.3891941210306054,8801.76227259636
58700,1612307523,0.47589442133903503,6.461541283333332e-05,0.15,27.185421484966902,3.3804928622697186,8806.730814933777
58750,1613684441,0.38911524415016174,6.438592649999999e-05,0.15,27.31058968205169,3.3918717892774257,8811.711879968643
58800,1615056926,0.45830100774765015,6.415717899999999e-05,0.15,27.222662990657913,3.3838784536961737,8816.696047067642
58850,1616434900,0.4831271469593048,6.392751666666664e-05,0.15,27.331534998115714,3.3937759089196105,8831.709972858429
58900,1617801811,0.3892180025577545,6.369969816666665e-05,0.15,27.253190047053195,3.3866536406411996,8836.698560714722
58950,1619177123,0.3701728582382202,6.347047950000001e-05,0.15,27.278735347204314,3.388975940654938,8841.678116559982
59000,1620552919,0.433456152677536,6.324118016666665e-05,0.15,27.288335283733662,3.3898486621576054,8846.668842554092
59050,1621931971,0.40280482172966003,6.301133816666666e-05,0.15,27.352916674931073,3.3957196977210065,8861.752732515335
59100,1623306887,0.4967699646949768,6.278218549999999e-05,0.15,27.270880853680307,3.3882618957891193,8866.746734142303
59150,1624678374,0.4405372142791748,6.255360433333333e-05,0.15,27.344425392774543,3.3949477629795037,8871.761527299881
59200,1626050793,0.4117913246154785,6.232486783333331e-05,0.15,27.221353908403913,3.3837594462185376,8876.793046474457
59250,1627431473,0.4395868480205536,6.209475449999999e-05,0.15,27.38520737052978,3.3986552155027074,8891.699673652649
59300,1628810657,0.42081618309020996,6.186489050000001e-05,0.15,27.355534839439077,3.3959577126762794,8896.692433357239
59350,1630179394,0.4499478042125702,6.163676766666668e-05,0.15,27.28959645904777,3.3899633144588885,8901.668239116669
59400,1631556675,0.473672479391098,6.140722083333333e-05,0.15,27.317789634448697,3.3925263304044275,8906.673415660858
59450,1632932438,0.38333120942115784,6.1177927e-05,0.15,27.28768074260666,3.3897891584187874,8911.70794415474
59500,1634308289,0.39976194500923157,6.094861849999998e-05,0.15,27.289426185611998,3.3899478350556365,8927.07908129692
59550,1635683876,0.3802652060985565,6.071935400000001e-05,0.15,27.28418985659599,3.3894718051450896,8932.098142623901
59600,1637051777,0.4717961549758911,6.049137049999998e-05,0.15,27.272928463194834,3.388448042108621,8937.089912176132
59650,1638427573,0.38979461789131165,6.0262071166666656e-05,0.15,27.288335283733662,3.3898486621576054,8942.081600427628
59700,1639805129,0.4899413287639618,6.003247849999998e-05,0.15,27.32324414384037,3.393022194894579,8958.6584918499
59750,1641179792,0.4732222855091095,5.9803367999999996e-05,0.15,27.265862705039968,3.3878057004581787,8963.683367967606
59800,1642543887,0.39362508058547974,5.957601883333333e-05,0.15,27.19704521891698,3.381549565356089,8968.674801111221
59850,1643921443,0.3536898195743561,5.934642616666665e-05,0.15,27.32324414384037,3.393022194894579,8973.674254894257
59900,1645296447,0.39971432089805603,5.9117258833333323e-05,0.15,27.27262629668564,3.3884205724259675,8988.561432361603
59950,1646662519,0.5050147175788879,5.888958016666667e-05,0.15,27.09546383164409,3.3723148937858265,8993.552303552628
60000,1648042077,0.42733049392700195,5.865965383333333e-05,0.15,27.362952972211755,3.396632088382887,8998.567731380463
60050,1649408823,0.4623226821422577,5.843186283333334e-05,0.15,27.249900311029588,3.386354573729963,9003.559068918228
60100,1650783728,0.4167262017726898,5.8202711999999984e-05,0.15,27.27066267330464,3.388242061209513,9008.583877801895
60150,1652156554,0.4520345628261566,5.797390766666665e-05,0.15,27.22942658230359,3.3844933256639624,9023.537769794464
60200,1653533153,0.37708982825279236,5.774447449999998e-05,0.15,27.30426245115735,3.39129658646885,9028.53669667244
60250,1654900944,0.4062081575393677,5.751650933333334e-05,0.15,27.27073530584576,3.3882486641677967,9033.527962446213
60300,1656277884,0.4334551990032196,5.728701933333333e-05,0.15,27.31102604280302,3.3919114584366383,9038.542043447495
60350,1657652514,0.44229304790496826,5.705791433333333e-05,0.15,27.265208163912966,3.3877461967193607,9053.480694770813
60400,1659023272,0.49194687604904175,5.6829454666666676e-05,0.15,27.188408671678204,3.3807644246980186,9058.487884759903
60450,1660391723,0.4105445444583893,5.660137949999999e-05,0.15,27.283894249940186,3.3894449318127444,9063.531777381897
60500,1661766826,0.4806639850139618,5.637219566666666e-05,0.15,27.274589920066646,3.3885990836424225,9068.512539625168
60550,1663144734,0.44530177116394043,5.614254433333333e-05,0.15,27.330225915861714,3.3936569014419744,9084.15709900856
60600,1664520904,0.48182663321495056,5.5913182666666676e-05,0.15,27.295753416506336,3.3905230378642126,9089.187428474426
60650,1665899472,0.4600311815738678,5.568342133333334e-05,0.15,27.34331673840173,3.394846976218339,9094.190564632416
60700,1667268737,0.44234317541122437,5.545521049999998e-05,0.15,27.30012361432331,3.3909203285748464,9099.164262771606
60750,1668641387,0.38702812790870667,5.522643550000001e-05,0.15,27.225935696292918,3.3841759723902656,9104.224244356155
60800,1670020230,0.4666638970375061,5.4996628333333334e-05,0.15,27.348771247793405,3.3953428407084916,9121.995241641998
60850,1671390493,0.41944167017936707,5.4768251166666676e-05,0.15,27.17859055477319,3.3798718686157447,9126.990347146988
60900,1672758867,0.44156894087791443,5.454018883333332e-05,0.15,27.282359039795836,3.389305367254167,9131.966511964798
60950,1674133101,0.430601567029953,5.4311149833333324e-05,0.15,27.257353670388955,3.387032151853541,9136.962436676025
61000,1675505520,0.4267621636390686,5.408241333333334e-05,0.15,27.221353908403913,3.3837594462185376,9152.035747289658
61050,1676878720,0.45939671993255615,5.385354666666665e-05,0.15,27.236844715076263,3.385167701370569,9157.029067993164
61100,1678255209,0.42473652958869934,5.3624131833333326e-05,0.15,27.30208064740068,3.391098240672789,9162.042707920074
61150,1679624925,0.31591036915779114,5.339584583333332e-05,0.15,27.3091155594545,3.391737778132227,9167.02016210556
61200,1680997938,0.44886115193367004,5.316701033333334e-05,0.15,27.233135648689927,3.3848305135172656,9182.24942612648
61250,1682375648,0.41176852583885193,5.2937392000000004e-05,0.15,27.326298669099707,3.393299879009064,9187.249793291092
61300,1683748705,0.42042168974876404,5.270854916666665e-05,0.15,27.234008370192594,3.384909851835691,9192.289590597153
61350,1685119444,0.4838469624519348,5.248009266666665e-05,0.15,27.32951192280086,3.3935919929818965,9197.299667358398
61400,1686492578,0.38115963339805603,5.2251237e-05,0.15,27.235535632822263,3.385048693892933,9202.302287340164
61450,1687866427,0.45790788531303406,5.202226216666665e-05,0.15,27.249717357240613,3.3863379415673283,9217.586955308914
61500,1689244445,0.4474111795425415,5.17925925e-05,0.15,27.332407719618384,3.3938552472380352,9222.575263500214
61550,1690618151,0.4128367602825165,5.1563641499999985e-05,0.15,27.246881012356944,3.3860800920324494,9227.59276509285
61600,1691983797,0.41587570309638977,5.133603383333334e-05,0.15,27.22796873753888,3.3843607943217164,9232.567440986633
61650,1693358405,0.407222181558609,5.110693249999999e-05,0.15,27.264771803161633,3.3877065275601486,9247.532147169113
61700,1694734487,0.4416032135486603,5.0877585499999986e-05,0.15,27.294007973501003,3.390364361227364,9252.523570299149
61750,1696110932,0.378237783908844,5.064817800000001e-05,0.15,27.301207925898012,3.391018902354365,9257.519614458084
61800,1697480505,0.4360046684741974,5.041991583333334e-05,0.15,27.30626445490071,3.3914785868091557,9262.495568037033
61850,1698854629,0.41658279299736023,5.0190895166666655e-05,0.15,27.25517186663229,3.386833806057481,9277.49344921112
61900,1700228016,0.4347990155220032,4.9961997333333315e-05,0.15,27.2405537814626,3.385504889223873,9282.496890544891
61950,1701602052,0.44436293840408325,4.973299133333332e-05,0.15,27.25342642362695,3.3866751294206314,9287.493454933167
62000,1702967016,0.4677569568157196,4.9505497333333324e-05,0.15,27.21437116197464,3.3831246510886035,9292.47250533104
62050,1704348059,0.41623643040657043,4.9275323499999986e-05,0.15,27.39240732292679,3.399309756629708,9297.448509693146
62100,1705722249,0.4550860524177551,4.904629183333333e-05,0.15,27.25648094888629,3.3869528135351175,9312.415233373642
62150,1707096318,0.39811429381370544,4.881728033333334e-05,0.15,27.254080964753953,3.3867346331594503,9317.420353651047
62200,1708469518,0.4592933654785156,4.8588413666666645e-05,0.15,27.236844715076263,3.385167701370569,9322.414138317108
62250,1709838332,0.4524857699871063,4.8360277999999985e-05,0.15,27.291131669192122,3.390102879017466,9327.385777950287
62300,1711207330,0.45671409368515015,4.813211166666665e-05,0.15,27.153499811571493,3.3775908919610447,9342.491411447525
62350,1712584380,0.38855084776878357,4.790260333333332e-05,0.15,27.313207846559692,3.392109804232699,9347.496898889542
62400,1713960770,0.4251752197742462,4.7673205e-05,0.15,27.300117024019677,3.3909197294563342,9352.498638153076
62450,1715328726,0.42549750208854675,4.744521233333331e-05,0.15,27.27402504186937,3.3885477310790333,9357.482152462006
62500,1716702267,0.3985792398452759,4.721628883333332e-05,0.15,27.24360830672194,3.385782573338358,9372.407106637955
62550,1718075489,0.3649294972419739,4.6987418499999984e-05,0.15,27.2372810758276,3.3852073705297814,9377.411688804626
62600,1719448194,0.4174630045890808,4.675863433333332e-05,0.15,27.227026598171253,3.3842751452882953,9382.40469455719
62650,1720818017,0.44950422644615173,4.6530330500000004e-05,0.15,27.169863339746513,3.379078485431501,9387.416270256042
62700,1722185907,0.45419037342071533,4.6302348833333325e-05,0.15,27.272709147459924,3.388428104314538,9392.401355028152
62750,1723563364,0.4712054431438446,4.6072772666666646e-05,0.15,27.321280520459368,3.3928436836781244,9407.34758234024
62800,1724939424,0.399208128452301,4.584342933333332e-05,0.15,27.293571612749666,3.3903246920681513,9412.354681015015
62850,1726316276,0.4658246338367462,4.561395399999999e-05,0.15,27.309280599797688,3.3917527817997897,9417.386721372604
62900,1727686619,0.45347830653190613,4.538556349999999e-05,0.15,27.321616556344207,3.392874232394928,9422.363455295563
62950,1729062888,0.4234371483325958,4.515618533333334e-05,0.15,27.29771703988734,3.390701549080667,9437.28659915924
63000,1730445427,0.36036720871925354,4.4925762166666653e-05,0.15,27.422079854017493,3.402007259456136,9442.297572135925
63050,1731816053,0.41668474674224854,4.4697324499999987e-05,0.15,27.1857905071702,3.380526409742745,9447.289601802826
63100,1733190309,0.4765545427799225,4.446828183333332e-05,0.15,27.25779003114029,3.3870718210127535,9452.30786705017
63150,1734558683,0.46191340684890747,4.4240219499999994e-05,0.15,27.282359039795836,3.389305367254167,9467.236607313156
63200,1735930409,0.4079631567001343,4.401159850000001e-05,0.15,27.207608544736896,3.3825098677033547,9472.25684928894
63250,1737305336,0.422334760427475,4.378244399999998e-05,0.15,27.271099034055972,3.3882817303687247,9477.254145383835
63300,1738681847,0.5092594623565674,4.3553025499999994e-05,0.15,27.302517008152012,3.391137909832001,9482.244179010391
63350,1740052179,0.45329445600509644,4.3324636833333315e-05,0.15,27.3213972406093,3.3928542946008453,9487.228743076324
63400,1741419978,0.40604931116104126,4.3096670333333324e-05,0.15,27.1297181506238,3.375428922783982,9504.164051532745
63450,1742791902,0.42938145995140076,4.2868016333333344e-05,0.15,27.2115357914989,3.3828668901362637,9509.198423147202
63500,1744165971,0.4324299991130829,4.263900483333332e-05,0.15,27.254080964753953,3.3867346331594503,9514.231369972229
63550,1745536446,0.36901938915252686,4.241059233333334e-05,0.15,27.32424834516309,3.3931134859239176,9519.219517946243
63600,1746912979,0.41242557764053345,4.2181170166666675e-05,0.15,27.302953368903346,3.391177578991213,9534.061445713043
63650,1748288401,0.4352419972419739,4.195193316666665e-05,0.15,27.280917150960985,3.389174286450999,9539.067698478699
63700,1749662360,0.4242909550666809,4.172293999999998e-05,0.15,27.251899160997283,3.3865362873633895,9544.075550556183
63750,1751042534,0.4026259481906891,4.149291100000001e-05,0.15,27.375171073249103,3.3977428248408277,9549.077287197113
63800,1752408279,0.365865558385849,4.1265286833333336e-05,0.15,27.229942579153043,3.3845402344684588,9564.447177648544
63850,1753783162,0.4720740020275116,4.103613966666668e-05,0.15,27.270226312553305,3.3882023920503004,9569.445323228836
63900,1755158507,0.4269377589225769,4.080691549999998e-05,0.15,27.279389888331316,3.389035444393756,9574.4369328022
63950,1756531982,0.47156134247779846,4.057800299999999e-05,0.15,27.24229922446794,3.385663565860722,9579.429463148117
64000,1757899586,0.42606303095817566,4.0350068999999994e-05,0.15,27.267006938352342,3.3879097216683944,9584.395425081253
64050,1759272786,0.41047918796539307,4.012120233333333e-05,0.15,27.236844715076263,3.385167701370569,9599.412855148315
64100,1760649473,0.4254152476787567,3.989175449999998e-05,0.15,27.306007894162683,3.3914552631056982,9604.418547391891
64150,1762026259,0.4899292290210724,3.966229016666667e-05,0.15,27.307971517543685,3.391633774322153,9609.432566404343
64200,1763399899,0.42310503125190735,3.9433350166666666e-05,0.15,27.24557193010294,3.385961084554813,9614.427172899246
64250,1764762960,0.41229191422462463,3.9206173333333333e-05,0.15,27.176429539835713,3.3796754127123374,9629.433157682419
64300,1766141539,0.37989887595176697,3.897641016666667e-05,0.15,27.343534918777397,3.3948668107979447,9634.447627067566
64350,1767518908,0.36471793055534363,3.874684866666668e-05,0.15,27.319535077454034,3.3926850070412757,9639.45816707611
64400,1768893362,0.39492031931877136,3.8517773000000005e-05,0.15,27.261717277902296,3.387428843445663,9644.46696138382
64450,1770259657,0.4864968955516815,3.829005716666668e-05,0.15,27.240908365898395,3.385537124172581,9659.520714759827
64500,1771633495,0.42244428396224976,3.806108416666668e-05,0.15,27.249499176864948,3.3863181069877224,9664.497925043106
64550,1773006530,0.4784398376941681,3.7832244999999996e-05,0.15,27.23357200944126,3.384870182676478,9669.489885091782
64600,1774386385,0.4944283068180084,3.7602269166666654e-05,0.15,27.36884384235476,3.397167622032251,9674.48806810379
64650,1775763237,0.4459139406681061,3.7372793833333324e-05,0.15,27.309280599797688,3.3917527817997897,9679.514432191849
64700,1777129631,0.43653109669685364,3.7145061499999996e-05,0.15,27.24288220751256,3.385716564319324,9694.559171676636
64750,1778502028,0.4171828627586365,3.6916328666666654e-05,0.15,27.220917547652576,3.383719777059325,9699.556232452393
64800,1779875096,0.43024423718452454,3.6687484000000014e-05,0.15,27.23422655056826,3.3849296864152962,9704.554839611053
64850,1781249473,0.43858784437179565,3.6458421166666676e-05,0.15,27.260190015272627,3.3872900013884206,9709.58783698082
64900,1782615845,0.41240251064300537,3.623069249999998e-05,0.15,27.242443576042746,3.385676688731159,9724.724861621857
64950,1783993412,0.4879796802997589,3.6001097999999984e-05,0.15,27.323462324216038,3.393042029474185,9729.740149736404
65000,1785369186,0.4804149866104126,3.577180233333333e-05,0.15,27.28789892298233,3.3898089929983937,9734.750418901443
65050,1786744135,0.3884390592575073,3.554264416666667e-05,0.15,27.27153539480731,3.3883213995279373,9739.761470794678
65100,1788113642,0.4612950086593628,3.531439300000001e-05,0.15,27.30494856049127,3.391358960044661,9744.75833940506
65150,1789487425,0.4533209204673767,3.508542916666667e-05,0.15,27.248408274986613,3.386218934089692,9759.622668743134
65200,1790862319,0.4738905131816864,3.485628016666666e-05,0.15,27.270444492928974,3.3882222266299067,9764.637446403503
65250,1792238181,0.43978387117385864,3.462696983333333e-05,0.15,27.289644365987662,3.389967669635242,9769.637084245682
65300,1793615110,0.47195419669151306,3.439748166666667e-05,0.15,27.310807862427357,3.391891623857032,9774.650640249252
65350,1794980547,0.5264737606048584,3.4169908833333316e-05,0.15,27.223801738575645,3.3839819762341494,9789.554139852524
65400,1796356266,0.4060547649860382,3.394062233333332e-05,0.15,27.286808021103994,3.389709820100363,9794.557410001755
65450,1797724296,0.45248499512672424,3.3712617333333316e-05,0.15,27.134299938512804,3.3758454489557095,9799.58143734932
65500,1799099443,0.39517778158187866,3.348342616666665e-05,0.15,27.275462641569312,3.388678421960847,9804.608365774155
65550,1800466662,0.40908384323120117,3.325555633333333e-05,0.15,27.259330887630593,3.387211898875509,9819.707859277725
65600,1801838817,0.47368139028549194,3.302686383333333e-05,0.15,27.216117579387905,3.3832834163079912,9824.729061841965
65650,1803214910,0.4634304940700531,3.279751500000001e-05,0.15,27.294226153876668,3.3903841958069694,9829.734113454819
65700,1804591718,0.46298453211784363,3.2568046999999986e-05,0.15,27.308407878295018,3.391673443481365,9834.745379924774
65750,1805968790,0.4073254466056824,3.2338534999999984e-05,0.15,27.313644207311025,3.3921494733919118,9839.743326425552
65800,1807336064,0.42886027693748474,3.211065600000001e-05,0.15,27.260427466305128,3.3873115878459212,9854.653728485107
65850,1808710221,0.3272574841976166,3.1881629833333344e-05,0.15,27.255826407759287,3.386893309796299,9859.657338142395
65900,1810085808,0.3965079188346863,3.165236533333334e-05,0.15,27.28418985659599,3.3894718051450896,9864.652621984482
65950,1811463650,0.471500962972641,3.142272499999998e-05,0.15,27.32891683360771,3.393537893964337,9869.656780004501
66000,1812830088,0.4358701705932617,3.1194985333333344e-05,0.15,27.24375947045219,3.3857963154956536,9887.490646123886
66050,1814205587,0.39771848917007446,3.096573549999999e-05,0.15,27.282444413590653,3.3893131285082414,9892.492978811264
66100,1815582450,0.4318203926086426,3.073625833333334e-05,0.15,27.309498780173353,3.391772616379396,9897.493451833725
66150,1816955067,0.44662246108055115,3.0507488833333327e-05,0.15,27.225281155165916,3.384116468651447,9902.496822357178
66200,1818335615,0.37456846237182617,3.027739749999999e-05,0.15,27.382589206021777,3.3984172005474345,9917.50180721283
66250,1819700865,0.40491893887519836,3.0049855833333347e-05,0.15,27.220073371082222,3.3836430337347476,9922.480599403381
66300,1821074670,0.4687842130661011,2.9820888333333338e-05,0.15,27.248844635737946,3.3862586032489044,9927.484493494034
66350,1822450257,0.4558677077293396,2.9591623833333334e-05,0.15,27.28418985659599,3.3894718051450896,9932.485592603683
66400,1823824733,0.4508424699306488,2.9362544499999997e-05,0.15,27.26215363865363,3.3874685126048756,9937.505297660828
66450,1825193877,0.4121090769767761,2.9134353833333346e-05,0.15,27.297711141239333,3.3907010128399393,9953.487688302994
66500,1826568100,0.42856645584106445,2.8905316666666666e-05,0.15,27.25713549001329,3.3870123172739355,9958.48022723198
66550,1827945095,0.45992156863212585,2.86758175e-05,0.15,27.312116944681357,3.392010631334669,9963.49891114235
66600,1829320341,0.4568639397621155,2.8446609833333332e-05,0.15,27.277426264950314,3.3888569331773013,9968.5007417202
66650,1830687835,0.47847700119018555,2.8218694166666656e-05,0.15,27.26481378100327,3.3877103437275697,9983.293013572693
66700,1832060518,0.421944797039032,2.7989913666666663e-05,0.15,27.226590237419916,3.384235476129083,9988.269431829453
66750,1833436281,0.40079474449157715,2.776061983333333e-05,0.15,27.28768074260666,3.3897891584187874,9993.283495664597
66800,1834814541,0.4599734842777252,2.7530909833333337e-05,0.15,27.337207687883055,3.394291607989368,9998.277341604233
66850,1836188049,0.504680871963501,2.7301991833333327e-05,0.15,27.242953765594937,3.3857230695995395,10013.193309545517
66900,1837555994,0.43678179383277893,2.707400099999999e-05,0.15,27.273805726134462,3.388527793284951,10018.174143791199
66950,1838927170,0.3961106538772583,2.6845471666666663e-05,0.15,27.196699525953548,3.3815181387230497,10023.20097565651
67000,1840304825,0.4662405252456665,2.6615862499999984e-05,0.15,27.325207767221375,3.393200706111034,10028.206626176834
67050,1841679235,0.43030238151550293,2.6386794166666658e-05,0.15,27.260844556399626,3.3873495051272386,10033.215889692307
67100,1843046905,0.4572817087173462,2.615884916666665e-05,0.15,27.268322832761783,3.388029348432889,10048.103716373444
67150,1844424186,0.4665945768356323,2.5929302333333335e-05,0.15,27.317789634448697,3.3925263304044275,10053.137494325638
67200,1845801742,0.41201016306877136,2.5699709666666658e-05,0.15,27.32324414384037,3.393022194894579,10058.143348455429
67250,1847172918,0.40186846256256104,2.547118033333333e-05,0.15,27.196699525953548,3.3815181387230497,10063.144573450089
67300,1848554170,0.3981409966945648,2.5240971666666675e-05,0.15,27.396552750064462,3.3996866136422237,10078.097034931183
67350,1849920091,0.39646050333976746,2.5013318166666674e-05,0.15,27.233451630911556,3.384859239173778,10083.104331493378
67400,1851294479,0.41524675488471985,2.4784253499999985e-05,0.15,27.260408195648292,3.387309835968027,10088.111186027527
67450,1852672057,0.44980961084365845,2.4554657166666668e-05,0.15,27.323680504591707,3.3930618640537915,10093.117331981659
67500,1854047721,0.4108618497848511,2.4325379833333336e-05,0.15,27.28571711922566,3.3896106472023324,10108.264197587967
67550,1855415446,0.41368740797042847,2.409742566666667e-05,0.15,27.269419411436317,3.3881290374033015,10113.261916160583
67600,1856790879,0.42804285883903503,2.3868186833333326e-05,0.15,27.281135331336653,3.3891941210306054,10118.251056909561
67650,1858165652,0.4187968373298645,2.3639057999999987e-05,0.15,27.268044508796635,3.3880040462542396,10123.248639822006
67700,1859537774,0.3901921808719635,2.3410371000000006e-05,0.15,27.215463038260904,3.383223912569173,10128.25274181366
67750,1860913075,0.48562055826187134,2.318115416666665e-05,0.15,27.27851716682865,3.388956106075332,10143.278579711914
67800,1862280987,0.438607394695282,2.2953168833333336e-05,0.15,27.27314777892974,3.3884679799027038,10148.255375146866
67850,1863655452,0.4548996388912201,2.2724091333333316e-05,0.15,27.26193545827796,3.3874486780252693,10153.25255060196
67900,1865031391,0.42817336320877075,2.2494768166666654e-05,0.15,27.29117162861733,3.390106511692485,10158.252049207687
67950,1866404811,0.4772368371486664,2.2265864833333326e-05,0.15,27.241208322589603,3.385564392962691,10173.386469364166
68000,1867771337,0.4062071144580841,2.2038110500000007e-05,0.15,27.245513996331447,3.385955817848313,10178.350549697876
68050,1869141160,0.45144006609916687,2.180980666666665e-05,0.15,27.169863339746513,3.379078485431501,10183.366966485977
68100,1870521807,0.45983782410621643,2.157969883333335e-05,0.15,27.384552829402782,3.398595711763889,10188.375013589859
68150,1871894732,0.4365561008453369,2.1350877999999982e-05,0.15,27.23139020568459,3.3846718368804174,10203.311353206635
68200,1873264305,0.36987531185150146,2.1122615833333346e-05,0.15,27.30626445490071,3.3914785868091557,10208.310673475266
68250,1874640981,0.4807562530040741,2.0893169833333345e-05,0.15,27.305789713787018,3.391435428526093,10213.28824877739
68300,1876020561,0.3919568955898285,2.0663239833333333e-05,0.15,27.363389332963088,3.396671757542099,10218.301137924194
68350,1877394850,0.45380693674087524,2.0434191666666677e-05,0.15,27.25844457226729,3.387131324751572,10223.297003984451
68400,1878770899,0.4114556312561035,2.0204850166666665e-05,0.15,27.293353432374,3.390304857488546,10238.208952903748
68450,1880140428,0.4107009768486023,1.9976595333333334e-05,0.15,27.30538719196108,3.3913988356328257,10243.18826341629
68500,1881509613,0.396910697221756,1.9748397833333318e-05,0.15,27.15720887795783,3.377928079814348,10248.186442613602
68550,1882888115,0.47541362047195435,1.9518647499999983e-05,0.15,27.34200765614773,3.394727968740703,10253.194960355759
68600,1884260490,0.47325992584228516,1.9289918333333342e-05,0.15,27.220481186901242,3.3836801079001124,10269.868520498276
68650,1885628457,0.44976720213890076,1.9061923833333335e-05,0.15,27.274244357604275,3.3885676688731157,10274.86430311203
68700,1887000612,0.4428732097148895,1.8833231333333332e-05,0.15,27.216117579387905,3.3832834163079912,10279.883307695389
68750,1888381303,0.42915406823158264,1.8603116166666653e-05,0.15,27.38542555090545,3.3986750500823137,10284.913484573364
68800,1889755482,0.43914365768432617,1.8374086333333315e-05,0.15,27.25626276851062,3.386932978955511,10299.835910320282
68850,1891131564,0.46239426732063293,1.8144739333333346e-05,0.15,27.294007973501003,3.390364361227364,10304.832729101181
68900,1892499509,0.3890773355960846,1.791674850000001e-05,0.15,27.273805726134462,3.388527793284951,10309.811343669891
68950,1893869255,0.48248109221458435,1.7688457499999985e-05,0.15,27.168336077116845,3.378939643374259,10314.81061720848
69000,1895246327,0.3954993486404419,1.7458945499999987e-05,0.15,27.313644207311025,3.3921494733919118,10319.807420015335
69050,1896624290,0.43048232793807983,1.7229284999999993e-05,0.15,27.33131681774005,3.393756074340004,10335.544213294983
69100,1897989716,0.4135739207267761,1.700171399999999e-05,0.15,27.223582422840735,3.383962038440067,10340.543619394302
69150,1899364412,0.40402817726135254,1.6772598000000014e-05,0.15,27.266517246166966,3.387865204196997,10345.58092045784
69200,1900740934,0.4803473651409149,1.6543177666666675e-05,0.15,27.30273518852768,3.3911577444116072,10350.582969665527
69250,1902121460,0.42368343472480774,1.6313090000000007e-05,0.15,27.382152845270443,3.398377531388222,10365.619213581085
69300,1903498840,0.49191659688949585,1.6083526666666657e-05,0.15,27.3197532578297,3.392704841620882,10370.619221687317
69350,1904864827,0.43600791692733765,1.5855862166666676e-05,0.15,27.234767525320997,3.3849788659382725,10375.594616413116
69400,1906238951,0.38634341955184937,1.5626841499999998e-05,0.15,27.25517186663229,3.386833806057481,10380.582455158234
69450,1907615792,0.45153453946113586,1.5397367999999988e-05,0.15,27.30906241942202,3.391732947220184,10395.449706077576
69500,1908995779,0.43240469694137573,1.516737016666666e-05,0.15,27.371462006862764,3.397405636987524,10400.454324960709
69550,1910361183,0.45047271251678467,1.4939802833333325e-05,0.15,27.223143791370923,3.3839221628519023,10405.445848703384
69600,1911737925,0.5166575908660889,1.4710345833333348e-05,0.15,27.307098796041018,3.391554436003729,10410.439856767654
69650,1913111554,0.37689584493637085,1.4481407666666667e-05,0.15,27.245353749727276,3.3859412499752066,10415.459877252579
69700,1914486778,0.4567412734031677,1.4252203666666673e-05,0.15,27.27698990419898,3.3888172640180896,10430.350190401077
69750,1915858144,0.4822829067707062,1.4023642666666657e-05,0.15,27.342012919690564,3.394728447244596,10435.348824501038
69800,1917230915,0.42032480239868164,1.3794847499999983e-05,0.15,27.228335680425253,3.3843941527659323,10440.33888721466
69850,1918604742,0.4375803470611572,1.3565876333333336e-05,0.15,27.24928099648928,3.386298272408116,10445.33269071579
69900,1919976699,0.4194912314414978,1.333721683333333e-05,0.15,27.2121903326259,3.3829263938750818,10460.353261470795
69950,1921350482,0.4204195737838745,1.310825299999999e-05,0.15,27.248408274986613,3.386218934089692,10465.364670038223
70000,1922719252,0.4711780548095703,1.288012466666667e-05,0.15,27.290254406252494,3.3900231278411357,10470.34533905983
70050,1924096566,0.38165077567100525,1.265057233333333e-05,0.15,27.3184441755757,3.3925858341432455,10475.358970403671
70100,1925469414,0.3847079873085022,1.2421764333333328e-05,0.15,27.229862943054922,3.384532994823175,10490.596168518066
70150,1926846255,0.38289520144462585,1.2192290833333319e-05,0.15,27.30906241942202,3.391732947220184,10495.598544597626
70200,1928214618,0.45993900299072266,1.1964230333333347e-05,0.15,27.28213972406093,3.389285429460084,10500.586808919907
70250,1929593197,0.44569963216781616,1.173446716666665e-05,0.15,27.343534918777397,3.3948668107979447,10505.590004444122
70300,1930970555,0.46862882375717163,1.1504907500000005e-05,0.15,27.319316897078366,3.3926651724616694,10510.597718000412
70350,1932348419,0.38012439012527466,1.1275263500000009e-05,0.15,27.329353194359047,3.3935775631235496,10525.536184310913
70400,1933719738,0.455289363861084,1.1046710333333341e-05,0.15,27.199535870837217,3.3817759882579286,10530.540272951126
70450,1935090730,0.3981647789478302,1.0818211666666654e-05,0.15,27.334556184703725,3.3940505622457935,10535.530409097672
70500,1936463952,0.42383062839508057,1.0589341333333324e-05,0.15,27.2372810758276,3.3852073705297814,10540.526892662048
70550,1937838901,0.4313221275806427,1.0360183166666658e-05,0.15,27.27153539480731,3.3883213995279373,10555.424238204956
70600,1939213619,0.3962588310241699,1.0131063500000014e-05,0.15,27.2669536069183,3.387904873356209,10560.43295097351
70650,1940582840,0.37537097930908203,9.902860000000002e-06,0.15,27.299246351383683,3.390840577398517,10565.424867868423
70700,1941960209,0.5610183477401733,9.673298500000004e-06,0.15,27.319535077454034,3.3926850070412757,10570.431294441223
70750,1943337743,0.4289388656616211,9.443709499999997e-06,0.15,27.322807783089036,3.3929825257353667,10585.441824674606
70800,1944711350,0.4631226062774658,9.214774999999985e-06,0.15,27.244917388975942,3.385901580815995,10590.43852519989
70850,1946084979,0.4243628978729248,8.985836833333338e-06,0.15,27.245353749727276,3.3859412499752066,10595.439711332321
70900,1947453936,0.44258013367652893,8.757677333333334e-06,0.15,27.293982773745913,3.390362070340537,10600.415209054947
70950,1948830029,0.39767545461654663,8.528328500000014e-06,0.15,27.294226153876668,3.3903841958069694,10605.416202545166
71000,1950204560,0.5032255053520203,8.299239999999984e-06,0.15,27.263244540531964,3.3875676855029058,10620.375401735306
71050,1951579685,0.4140920341014862,8.07005249999999e-06,0.15,27.27502628081798,3.3886387528016346,10625.378719329834
71100,1952947718,0.39530423283576965,7.842047000000007e-06,0.15,27.27556025201372,3.388687295637611,10630.358526229858
71150,1954324900,0.37502655386924744,7.612516666666657e-06,0.15,27.315826011067696,3.3923478191879726,10635.37694978714
71200,1955696802,0.4262433350086212,7.383866333333343e-06,0.15,27.211099430747566,3.3828272209770516,10651.281952857971
71250,1957069012,0.3756529688835144,7.155164666666679e-06,0.15,27.21720848126624,3.383382589206022,10656.283074140549
71300,1958443040,0.44884857535362244,6.926159999999992e-06,0.15,27.395087327538082,3.399553393412553,10661.301348209381
71350,1959820563,0.4170149862766266,6.696572833333336e-06,0.15,27.32258960271337,3.392962691155761,10666.271753072739
71400,1961193411,0.3925236463546753,6.467764833333333e-06,0.15,27.229862943054922,3.384532994823175,10681.105780363083
71450,1962570725,0.41405189037323,6.238212499999995e-06,0.15,27.3184441755757,3.3925858341432455,10686.102942943573
71500,1963943309,0.42021986842155457,6.009448500000002e-06,0.15,27.224626614038915,3.384056964912628,10691.10819864273
71550,1965310286,0.45781388878822327,5.7816189999999925e-06,0.15,27.254505941462636,3.3867732674056943,10696.085608959198
71600,1966683739,0.5091508030891418,5.552710166666674e-06,0.15,27.241862863716605,3.3856238967015098,10701.083952903748
71650,1968058193,0.47392916679382324,5.323634500000007e-06,0.15,27.261717277902296,3.387428843445663,10716.154315948486
71700,1969432955,0.4418778121471405,5.094507499999989e-06,0.15,27.26782632842097,3.3879842116746333,10721.165444135666
71750,1970805289,0.4345209300518036,4.86578516666668e-06,0.15,27.36131270436239,3.3964829731238537,10726.1507833004
71800,1972183978,0.4334185719490051,4.6360036666666655e-06,0.15,27.345716722534068,3.395065156594006,10731.134057283401
71850,1973561061,0.4485926926136017,4.406489833333349e-06,0.15,27.313862387686694,3.392169307971518,10745.921118974686
71900,1974934580,0.39574626088142395,4.177569999999986e-06,0.15,27.243171945970605,3.385742904179146,10750.914005041122
71950,1976310365,0.3087158799171448,3.948272500000016e-06,0.15,27.288117103357994,3.389828827577999,10755.91408753395
72000,1977677441,0.3531002104282379,3.7204265000000068e-06,0.15,27.2564797830768,3.386952707552436,10760.893907546997
72050,1979049002,0.48118796944618225,3.4918329999999996e-06,0.15,27.20433583910189,3.3822123490092624,10775.909975767136
72100,1980419947,0.4569593667984009,3.2633421666666603e-06,0.15,27.192117738064542,3.381101612551322,10780.907405853271
72150,1981794852,0.4941153824329376,3.0341913333333357e-06,0.15,27.27066267330464,3.388242061209513,10785.916500091553
72200,1983164117,0.4141024649143219,2.8059805000000156e-06,0.15,27.30012361432331,3.3909203285748464,10790.883444070816
72250,1984537757,0.42235127091407776,2.577040500000016e-06,0.15,27.24557193010294,3.385961084554813,10795.900688409805
72300,1985911639,0.4078875482082367,2.3480601666666765e-06,0.15,27.250371898367614,3.386397445306147,10810.869259119034
72350,1987286621,0.446803480386734,2.118896499999989e-06,0.15,27.272189935934307,3.3883809032667553,10815.8773355484
72400,1988661614,0.48749756813049316,1.8897309999999832e-06,0.15,27.272408116309975,3.388400737846361,10820.864159345627
72450,1990025236,0.4301469326019287,1.6624606666666761e-06,0.15,27.187614642315975,3.3806922402105433,10825.841216087341
72500,1991399096,0.4282819926738739,1.4334840000000069e-06,0.15,27.24993553761628,3.3863577761469346,10840.860007047653
72550,1992775321,0.4353216588497162,1.2041131666666648e-06,0.15,27.29684431838467,3.390622210762243,10845.854776620865
72600,1994155638,0.3907166123390198,9.740603333333485e-07,0.15,27.37800741813277,3.398000674375706,10850.866775512695
72650,1995520745,0.4042123258113861,7.465425000000136e-07,0.15,27.21722226652843,3.3833838424116753,10855.861671924591
72700,1996894891,0.40883469581604004,5.175181666666639e-07,0.15,27.25560822738362,3.3868734752166927,10870.944915056229
72750,1998269983,0.4332866370677948,2.8833616666665836e-07,0.15,27.274371739690977,3.388579249062816,10875.967087745667
72800,1999644943,0.44286078214645386,5.917616666667457e-08,0.15,27.271753575182974,3.3883412341075427,10881.007069826126
