6.983887195587158,2,42698,0.4566676616668701
6.9815449714660645,3,85397,0.05618476867675781
6.981888771057129,4,128096,0.08342909812927246
6.981305122375488,5,170795,0.05807924270629883
6.9818572998046875,6,213494,0.059050798416137695
6.977717399597168,7,256193,0.056217193603515625
6.978297710418701,8,298892,0.05608558654785156
6.976335525512695,9,341591,0.05578494071960449
6.975030422210693,10,384290,0.05592942237854004
6.9732842445373535,11,426989,0.056037187576293945
6.971876621246338,12,469688,0.0561673641204834
6.96434211730957,13,512387,0.05599856376647949
6.963072776794434,14,555086,0.05603766441345215
6.959620475769043,15,597785,0.05601215362548828
6.954715251922607,16,640484,0.05595517158508301
6.951902389526367,17,683183,0.055994272232055664
6.946154594421387,18,725882,0.05582833290100098
6.938065528869629,19,768581,0.0557861328125
6.935178279876709,20,811280,0.05581164360046387
6.929452419281006,21,853979,0.055899620056152344
6.924183368682861,22,896678,0.0560307502746582
6.918102264404297,23,939377,0.05580639839172363
6.914051055908203,24,982076,0.055861711502075195
6.904480457305908,25,1024775,0.056051015853881836
6.897402286529541,26,1067474,0.05670428276062012
6.8888983726501465,27,1110173,0.056084632873535156
6.880739688873291,28,1152872,0.05598044395446777
6.872267723083496,29,1195571,0.0558629035949707
6.864478588104248,30,1238270,0.056052207946777344
6.8557024002075195,31,1280969,0.05585646629333496
6.84981632232666,32,1323668,0.05580735206604004
6.83829402923584,33,1366367,0.05607438087463379
6.829619884490967,34,1409066,0.05576944351196289
6.819974899291992,35,1451765,0.055735111236572266
6.808191776275635,36,1494464,0.05596280097961426
6.798542499542236,37,1537163,0.05603146553039551
6.787988662719727,38,1579862,0.05594635009765625
6.780616283416748,39,1622561,0.05725264549255371
6.766982078552246,40,1665260,0.05627775192260742
6.7542033195495605,41,1707959,0.05583906173706055
6.743954181671143,42,1750658,0.055951595306396484
6.733098983764648,43,1793357,0.05595827102661133
6.72258186340332,44,1836056,0.05585503578186035
6.709569931030273,45,1878755,0.05587267875671387
6.699188232421875,46,1921454,0.055835723876953125
6.689550399780273,47,1964153,0.05597209930419922
6.677706241607666,48,2006852,0.05592489242553711
6.666111946105957,49,2049551,0.05578732490539551
6.655819892883301,50,2092250,0.05586600303649902
6.642254829406738,51,2134949,0.056012868881225586
6.628312587738037,52,2177648,0.05602312088012695
6.61578369140625,53,2220347,0.05602836608886719
6.603210926055908,54,2263046,0.055960655212402344
6.589178562164307,55,2305745,0.05610537528991699
6.579078674316406,56,2348444,0.05583977699279785
6.571756362915039,57,2391143,0.05610966682434082
6.556960582733154,58,2433842,0.05597066879272461
6.54585075378418,59,2476541,0.055918216705322266
6.531529903411865,60,2519240,0.05584430694580078
6.519427299499512,61,2561939,0.05595254898071289
6.505533218383789,62,2604638,0.05573868751525879
6.494477272033691,63,2647337,0.05582594871520996
6.478804588317871,64,2690036,0.05670928955078125
6.470427513122559,65,2732735,0.05645608901977539
6.462245464324951,66,2775434,0.05585956573486328
6.44908332824707,67,2818133,0.0559084415435791
6.429476261138916,68,2860832,0.055770158767700195
6.418814182281494,69,2903531,0.055858612060546875
6.402458190917969,70,2946230,0.0559232234954834
6.398114204406738,71,2988929,0.05571413040161133
6.388798713684082,72,3031628,0.0557861328125
6.369492530822754,73,3074327,0.055847883224487305
6.35992956161499,74,3117026,0.05584239959716797
6.347349166870117,75,3159725,0.05591583251953125
6.333904266357422,76,3202424,0.05578947067260742
6.3209052085876465,77,3245123,0.05587196350097656
6.309203624725342,78,3287822,0.05571627616882324
6.290029048919678,79,3330521,0.05607032775878906
6.284486293792725,80,3373220,0.05623817443847656
6.265201568603516,81,3415919,0.056189537048339844
6.258962631225586,82,3458618,0.055938005447387695
6.2448649406433105,83,3501317,0.055875539779663086
6.233723163604736,84,3544016,0.0558931827545166
6.2196149826049805,85,3586715,0.05591917037963867
6.207380294799805,86,3629414,0.05584263801574707
6.191193580627441,87,3672113,0.056081533432006836
6.179366111755371,88,3714812,0.05585169792175293
6.166355133056641,89,3757511,0.055976152420043945
6.157934188842773,90,3800210,0.055802106857299805
6.1366753578186035,91,3842909,0.055909156799316406
6.13289213180542,92,3885608,0.05575203895568848
6.1150102615356445,93,3928307,0.05565977096557617
6.105961322784424,94,3971006,0.0556337833404541
6.091943264007568,95,4013705,0.055753231048583984
6.08194637298584,96,4056404,0.05589866638183594
6.06098747253418,97,4099103,0.0557103157043457
6.062939643859863,98,4141802,0.05627012252807617
6.039847373962402,99,4184501,0.055683135986328125
6.025727272033691,100,4227200,0.05560159683227539
6.01231575012207,101,4269899,0.0557708740234375
6.005075454711914,102,4312598,0.05695366859436035
5.985008716583252,103,4355297,0.056791067123413086
5.977917194366455,104,4397996,0.05635833740234375
5.963560104370117,105,4440695,0.0560307502746582
5.946179389953613,106,4483394,0.05596780776977539
5.942111968994141,107,4526093,0.056125640869140625
5.923540115356445,108,4568792,0.05605626106262207
5.909578323364258,109,4611491,0.056028127670288086
5.897143363952637,110,4654190,0.055982351303100586
5.883694171905518,111,4696889,0.0561213493347168
5.873841285705566,112,4739588,0.05611991882324219
5.868417263031006,113,4782287,0.05670452117919922
5.8333868980407715,114,4824986,0.05645346641540527
5.830469131469727,115,4867685,0.05603981018066406
5.814970970153809,116,4910384,0.05605769157409668
5.805819034576416,117,4953083,0.05585789680480957
5.786876201629639,118,4995782,0.05649590492248535
5.770596504211426,119,5038481,0.05609846115112305
5.761142730712891,120,5081180,0.05635690689086914
5.752531051635742,121,5123879,0.05614471435546875
5.743150234222412,122,5166578,0.05607342720031738
5.714390277862549,123,5209277,0.056868553161621094
5.703063011169434,124,5251976,0.05642509460449219
5.694771766662598,125,5294675,0.05607128143310547
5.6840033531188965,126,5337374,0.05607414245605469
5.659998416900635,127,5380073,0.05631256103515625
5.653402805328369,128,5422772,0.05614352226257324
5.652142524719238,129,5465471,0.0571751594543457
5.620302200317383,130,5508170,0.05811572074890137
5.617733001708984,131,5550869,0.0564885139465332
5.589788436889648,132,5593568,0.05602097511291504
5.593758583068848,133,5636267,0.05611395835876465
5.575568199157715,134,5678966,0.05600166320800781
5.556307792663574,135,5721665,0.05613827705383301
5.552250862121582,136,5764364,0.05628848075866699
5.544157028198242,137,5807063,0.05626225471496582
5.515308380126953,138,5849762,0.05627036094665527
5.511172294616699,139,5892461,0.056296586990356445
5.48837947845459,140,5935160,0.05637764930725098
5.500359535217285,141,5977859,0.05626630783081055
5.476856708526611,142,6020558,0.056883811950683594
5.463837623596191,143,6063257,0.05771374702453613
5.463051795959473,144,6105956,0.05656599998474121
5.43993616104126,145,6148655,0.056983232498168945
5.428242206573486,146,6191354,0.05617332458496094
5.420735836029053,147,6234053,0.05699443817138672
5.404176235198975,148,6276752,0.056488752365112305
5.396417140960693,149,6319451,0.056975603103637695
5.371427536010742,150,6362150,0.05638456344604492
5.36582612991333,151,6404849,0.056192874908447266
5.365805625915527,152,6447548,0.0571742057800293
5.347610950469971,153,6490247,0.058481693267822266
5.330610275268555,154,6532946,0.05934023857116699
5.332364559173584,155,6575645,0.05658674240112305
5.313939571380615,156,6618344,0.05693483352661133
5.293593406677246,157,6661043,0.058678627014160156
5.290736675262451,158,6703742,0.05780458450317383
5.265995979309082,159,6746441,0.05746150016784668
5.244939804077148,160,6789140,0.056493520736694336
5.244744777679443,161,6831839,0.056247711181640625
5.221095085144043,162,6874538,0.05609393119812012
5.218104839324951,163,6917237,0.05596351623535156
5.213605880737305,164,6959936,0.05764317512512207
5.165195465087891,165,7002635,0.05748152732849121
5.166418075561523,166,7045334,0.05591011047363281
5.141599178314209,167,7088033,0.05603337287902832
5.110143184661865,168,7130732,0.05593585968017578
5.104498386383057,169,7173431,0.05678582191467285
5.098530292510986,170,7216130,0.05661511421203613
5.078709602355957,171,7258829,0.056165456771850586
5.063689231872559,172,7301528,0.05838346481323242
5.05853271484375,173,7344227,0.05806756019592285
5.027797698974609,174,7386926,0.057581424713134766
5.035717487335205,175,7429625,0.057654380798339844
5.001585006713867,176,7472324,0.057627201080322266
4.994206428527832,177,7515023,0.05730032920837402
4.955149173736572,178,7557722,0.057103633880615234
4.991236209869385,179,7600421,0.05681419372558594
4.956758499145508,180,7643120,0.056401729583740234
4.947967052459717,181,7685819,0.05613207817077637
4.897300720214844,182,7728518,0.05620932579040527
4.890944957733154,183,7771217,0.05618405342102051
4.908217430114746,184,7813916,0.05623340606689453
4.887329578399658,185,7856615,0.05826425552368164
4.909980773925781,186,7899314,0.05848836898803711
4.879886627197266,187,7942013,0.056937217712402344
4.852571487426758,188,7984712,0.05605030059814453
4.828613758087158,189,8027411,0.05609893798828125
4.8308539390563965,190,8070110,0.05850386619567871
4.838082313537598,191,8112809,0.058281660079956055
4.841302871704102,192,8155508,0.05822896957397461
4.778417110443115,193,8198207,0.056635379791259766
4.802246570587158,194,8240906,0.05786943435668945
4.809815883636475,195,8283605,0.05798792839050293
4.771897315979004,196,8326304,0.056720733642578125
4.758468151092529,197,8369003,0.056623220443725586
4.741555213928223,198,8411702,0.05843496322631836
4.766988277435303,199,8454401,0.056519269943237305
4.737888813018799,200,8497100,0.057795047760009766
4.753767013549805,201,8539799,0.05896139144897461
4.739458084106445,202,8582498,0.05712246894836426
4.719956874847412,203,8625197,0.055602312088012695
4.681382179260254,204,8667896,0.05615687370300293
4.6847004890441895,205,8710595,0.05553841590881348
4.665998458862305,206,8753294,0.05576896667480469
4.666773319244385,207,8795993,0.0555417537689209
4.677955150604248,208,8838692,0.055882930755615234
4.649478435516357,209,8881391,0.05688214302062988
4.6308512687683105,210,8924090,0.055570125579833984
4.672522068023682,211,8966789,0.0554354190826416
4.6133270263671875,212,9009488,0.055505990982055664
4.585041522979736,213,9052187,0.055504798889160156
4.569736957550049,214,9094886,0.056082963943481445
4.662370204925537,215,9137585,0.055318593978881836
4.6186137199401855,216,9180284,0.05593419075012207
4.660167694091797,217,9222983,0.05553841590881348
4.603824138641357,218,9265682,0.05525922775268555
4.60184383392334,219,9308381,0.056099891662597656
4.6183929443359375,220,9351080,0.05545401573181152
4.558502674102783,221,9393779,0.055301666259765625
4.581808567047119,222,9436478,0.05612039566040039
4.591185569763184,223,9479177,0.0555877685546875
4.602502822875977,224,9521876,0.05531764030456543
4.533481121063232,225,9564575,0.055891990661621094
4.590047836303711,226,9607274,0.055760860443115234
4.532451152801514,227,9649973,0.0553896427154541
4.534696102142334,228,9692672,0.05578279495239258
4.549163341522217,229,9735371,0.05582571029663086
4.520666599273682,230,9778070,0.05550575256347656
4.516303062438965,231,9820769,0.05620408058166504
4.546311378479004,232,9863468,0.055878400802612305
4.508693218231201,233,9906167,0.055542707443237305
4.496910572052002,234,9948866,0.055773258209228516
4.529938220977783,235,9991565,0.0557248592376709
4.52767276763916,236,10034264,0.05545520782470703
4.508516311645508,237,10076963,0.05556535720825195
4.485426425933838,238,10119662,0.056223154067993164
4.5594305992126465,239,10162361,0.05555534362792969
4.468463897705078,240,10205060,0.05537104606628418
4.52522087097168,241,10247759,0.05532073974609375
4.475992679595947,242,10290458,0.05581831932067871
4.50919246673584,243,10333157,0.05537819862365723
4.5040130615234375,244,10375856,0.05539059638977051
4.516077518463135,245,10418555,0.05593371391296387
4.532861709594727,246,10461254,0.05580592155456543
4.48656702041626,247,10503953,0.05524444580078125
4.507127285003662,248,10546652,0.055365800857543945
4.444533348083496,249,10589351,0.05581474304199219
4.502475738525391,250,10632050,0.05556821823120117
4.467954635620117,251,10674749,0.0554966926574707
4.447225570678711,252,10717448,0.05630970001220703
4.438236236572266,253,10760147,0.0559084415435791
4.494082450866699,254,10802846,0.05609297752380371
4.431636333465576,255,10845545,0.055977821350097656
4.422652721405029,256,10888244,0.05619215965270996
4.507786750793457,257,10930943,0.05579090118408203
4.445126533508301,258,10973642,0.05553245544433594
4.480668067932129,259,11016341,0.055413007736206055
4.423211097717285,260,11059040,0.05636882781982422
4.434783935546875,261,11101739,0.05571556091308594
4.4268388748168945,262,11144438,0.055741071701049805
4.4411540031433105,263,11187137,0.05571174621582031
4.432168483734131,264,11229836,0.05574989318847656
4.448195457458496,265,11272535,0.05626225471496582
4.406970977783203,266,11315234,0.0558927059173584
4.426795482635498,267,11357933,0.05563688278198242
4.428711891174316,268,11400632,0.05563640594482422
4.436887264251709,269,11443331,0.056177377700805664
4.468258857727051,270,11486030,0.05595517158508301
4.4081573486328125,271,11528729,0.05623960494995117
4.451838493347168,272,11571428,0.05618572235107422
4.395689964294434,273,11614127,0.05586528778076172
4.405089855194092,274,11656826,0.05570197105407715
4.359007835388184,275,11699525,0.055954933166503906
4.385315418243408,276,11742224,0.0558171272277832
4.437498569488525,277,11784923,0.05648350715637207
4.345195770263672,278,11827622,0.056265830993652344
4.408139705657959,279,11870321,0.05589413642883301
4.413290023803711,280,11913020,0.05605340003967285
4.407949447631836,281,11955719,0.05575299263000488
4.399652004241943,282,11998418,0.05606985092163086
4.396068096160889,283,12041117,0.056000709533691406
4.373696804046631,284,12083816,0.05587053298950195
4.377092361450195,285,12126515,0.055799245834350586
4.421878814697266,286,12169214,0.05574655532836914
4.395553112030029,287,12211913,0.05649685859680176
4.354633808135986,288,12254612,0.05586695671081543
4.369425296783447,289,12297311,0.055585622787475586
4.433790683746338,290,12340010,0.05582165718078613
4.39613676071167,291,12382709,0.05561661720275879
4.349182605743408,292,12425408,0.0563664436340332
4.37531852722168,293,12468107,0.05611085891723633
4.328149795532227,294,12510806,0.05580949783325195
4.343445301055908,295,12553505,0.05570411682128906
4.413037300109863,296,12596204,0.05580282211303711
4.3671135902404785,297,12638903,0.056139230728149414
4.35971212387085,298,12681602,0.056061744689941406
4.410591125488281,299,12724301,0.055707454681396484
4.367323398590088,300,12767000,0.055795907974243164
4.330526351928711,301,12809699,0.0557246208190918
4.318121433258057,302,12852398,0.058341026306152344
4.320051193237305,303,12895097,0.058260202407836914
4.350146293640137,304,12937796,0.057375431060791016
4.330801010131836,305,12980495,0.057498931884765625
4.326791286468506,306,13023194,0.05780673027038574
4.3491106033325195,307,13065893,0.05766439437866211
4.327198028564453,308,13108592,0.05746150016784668
4.346671104431152,309,13151291,0.05715322494506836
4.3655524253845215,310,13193990,0.05676865577697754
4.356497287750244,311,13236689,0.05606651306152344
4.329841136932373,312,13279388,0.0568699836730957
4.3351263999938965,313,13322087,0.05600762367248535
4.38191032409668,314,13364786,0.057994842529296875
4.344926357269287,315,13407485,0.0570986270904541
4.319201946258545,316,13450184,0.05743885040283203
4.3282647132873535,317,13492883,0.05652308464050293
4.3385210037231445,318,13535582,0.05672407150268555
4.334878444671631,319,13578281,0.05707740783691406
4.306740760803223,320,13620980,0.05605649948120117
4.305091381072998,321,13663679,0.057166337966918945
4.262121200561523,322,13706378,0.05651140213012695
4.315863609313965,323,13749077,0.056449174880981445
4.339050769805908,324,13791776,0.057615041732788086
4.365253448486328,325,13834475,0.05675315856933594
4.323532581329346,326,13877174,0.05625653266906738
4.292682647705078,327,13919873,0.056420087814331055
4.326464653015137,328,13962572,0.055769920349121094
4.3280029296875,329,14005271,0.05587434768676758
4.282944679260254,330,14047970,0.05584526062011719
4.332991123199463,331,14090669,0.055794715881347656
4.295522212982178,332,14133368,0.05588865280151367
4.29400110244751,333,14176067,0.05589032173156738
4.278665065765381,334,14218766,0.055921316146850586
4.265842437744141,335,14261465,0.05570363998413086
4.314863204956055,336,14304164,0.05598044395446777
4.293901443481445,337,14346863,0.05585622787475586
4.2689619064331055,338,14389562,0.0560300350189209
4.31132698059082,339,14432261,0.05568981170654297
4.3222880363464355,340,14474960,0.055672407150268555
4.245865345001221,341,14517659,0.055875539779663086
4.294021129608154,342,14560358,0.05597043037414551
4.293002128601074,343,14603057,0.05570030212402344
4.29210901260376,344,14645756,0.05754971504211426
4.291238307952881,345,14688455,0.05802726745605469
4.321427345275879,346,14731154,0.05561089515686035
4.281390190124512,347,14773853,0.05575227737426758
4.297832012176514,348,14816552,0.05579996109008789
4.25004243850708,349,14859251,0.055628299713134766
4.300248622894287,350,14901950,0.05583024024963379
4.285665035247803,351,14944649,0.05606245994567871
4.266946792602539,352,14987348,0.05701088905334473
4.330175399780273,353,15030047,0.055684804916381836
4.291214466094971,354,15072746,0.05576443672180176
4.275522232055664,355,15115445,0.055936574935913086
4.278029441833496,356,15158144,0.05668282508850098
4.291916847229004,357,15200843,0.05682015419006348
4.25732946395874,358,15243542,0.05560564994812012
4.2719879150390625,359,15286241,0.055877685546875
4.297397613525391,360,15328940,0.055649518966674805
4.263840198516846,361,15371639,0.055687665939331055
4.296250820159912,362,15414338,0.05547213554382324
4.277007579803467,363,15457037,0.05650186538696289
4.257969856262207,364,15499736,0.05617380142211914
4.221454620361328,365,15542435,0.055539608001708984
4.23429012298584,366,15585134,0.05580401420593262
4.231229305267334,367,15627833,0.05567479133605957
4.21867036819458,368,15670532,0.055474042892456055
4.26719856262207,369,15713231,0.05537056922912598
4.278568744659424,370,15755930,0.055571556091308594
4.228288173675537,371,15798629,0.0554811954498291
4.249940872192383,372,15841328,0.055930376052856445
4.268214702606201,373,15884027,0.055655479431152344
4.250545978546143,374,15926726,0.05553388595581055
4.233760356903076,375,15969425,0.055724143981933594
4.309489727020264,376,16012124,0.05553293228149414
4.232696056365967,377,16054823,0.05662417411804199
4.205532073974609,378,16097522,0.05774736404418945
4.232441425323486,379,16140221,0.05637073516845703
4.268641471862793,380,16182920,0.05616927146911621
4.2826948165893555,381,16225619,0.05623984336853027
4.262914657592773,382,16268318,0.05562090873718262
4.25337553024292,383,16311017,0.05594301223754883
4.231880187988281,384,16353716,0.055459022521972656
4.241147994995117,385,16396415,0.057141780853271484
4.265474796295166,386,16439114,0.05556178092956543
4.217729091644287,387,16481813,0.05687379837036133
4.237337112426758,388,16524512,0.05670785903930664
4.262773036956787,389,16567211,0.05590176582336426
4.283140182495117,390,16609910,0.05615973472595215
4.241815090179443,391,16652609,0.05595731735229492
4.236049652099609,392,16695308,0.0566253662109375
4.233606338500977,393,16738007,0.05758786201477051
4.26572847366333,394,16780706,0.055532217025756836
4.2361860275268555,395,16823405,0.0554964542388916
4.260549068450928,396,16866104,0.05554008483886719
4.24267053604126,397,16908803,0.05556678771972656
4.233497142791748,398,16951502,0.05566740036010742
4.237216949462891,399,16994201,0.055440425872802734
4.240471363067627,400,17036900,0.055531978607177734
4.192323207855225,401,17079599,0.05548357963562012
4.2309675216674805,402,17122298,0.056221961975097656
4.228202819824219,403,17164997,0.055814504623413086
4.230413436889648,404,17207696,0.05629420280456543
4.208436489105225,405,17250395,0.05608081817626953
4.228028774261475,406,17293094,0.0557401180267334
4.201636791229248,407,17335793,0.05554842948913574
4.222196578979492,408,17378492,0.05546689033508301
4.2361159324646,409,17421191,0.05525541305541992
4.2082624435424805,410,17463890,0.056050777435302734
4.248985290527344,411,17506589,0.055228233337402344
4.237517356872559,412,17549288,0.055571794509887695
4.217741966247559,413,17591987,0.055550336837768555
4.199357986450195,414,17634686,0.055353403091430664
4.209819316864014,415,17677385,0.05524778366088867
4.243505477905273,416,17720084,0.05589008331298828
4.25875186920166,417,17762783,0.05544328689575195
4.222838878631592,418,17805482,0.05534672737121582
4.23419713973999,419,17848181,0.05553793907165527
4.213374614715576,420,17890880,0.05552506446838379
4.192863464355469,421,17933579,0.05571579933166504
4.204965591430664,422,17976278,0.05694270133972168
4.2116827964782715,423,18018977,0.05542492866516113
4.224386692047119,424,18061676,0.055319786071777344
4.224184989929199,425,18104375,0.055596113204956055
4.209079742431641,426,18147074,0.055438995361328125
4.202696800231934,427,18189773,0.05544400215148926
4.21285343170166,428,18232472,0.05545759201049805
4.2466583251953125,429,18275171,0.055333852767944336
4.254538059234619,430,18317870,0.05537700653076172
4.231917858123779,431,18360569,0.05519843101501465
4.22642707824707,432,18403268,0.056199073791503906
4.230247497558594,433,18445967,0.05562138557434082
4.2084479331970215,434,18488666,0.055414676666259766
4.23412561416626,435,18531365,0.05590176582336426
4.219592094421387,436,18574064,0.055974483489990234
4.1923370361328125,437,18616763,0.0558927059173584
4.201924800872803,438,18659462,0.05599498748779297
4.214707851409912,439,18702161,0.05711698532104492
4.224464416503906,440,18744860,0.05670428276062012
4.17670202255249,441,18787559,0.05628037452697754
4.1920013427734375,442,18830258,0.056188106536865234
4.192144393920898,443,18872957,0.0564730167388916
4.213416576385498,444,18915656,0.05626511573791504
4.16300106048584,445,18958355,0.05673623085021973
4.197906494140625,446,19001054,0.0562901496887207
4.209333896636963,447,19043753,0.0560307502746582
4.22186279296875,448,19086452,0.05637383460998535
4.147688388824463,449,19129151,0.056896209716796875
4.206461429595947,450,19171850,0.05753588676452637
4.157017707824707,451,19214549,0.056722164154052734
4.197195529937744,452,19257248,0.057861328125
4.1787800788879395,453,19299947,0.05704903602600098
4.212021350860596,454,19342646,0.056331634521484375
4.193510055541992,455,19385345,0.0571589469909668
4.188920021057129,456,19428044,0.05673956871032715
4.1886186599731445,457,19470743,0.05653023719787598
4.20969820022583,458,19513442,0.05751848220825195
4.217305660247803,459,19556141,0.055953264236450195
4.168612957000732,460,19598840,0.05664324760437012
4.1574201583862305,461,19641539,0.05614066123962402
4.2244553565979,462,19684238,0.05585336685180664
4.181847095489502,463,19726937,0.05585789680480957
4.189528942108154,464,19769636,0.0572812557220459
4.220335006713867,465,19812335,0.05837249755859375
4.183446884155273,466,19855034,0.057428598403930664
4.181618690490723,467,19897733,0.05780935287475586
4.18665885925293,468,19940432,0.05690145492553711
4.200455188751221,469,19983131,0.05696463584899902
4.160627365112305,470,20025830,0.05644392967224121
4.192271709442139,471,20068529,0.055938005447387695
4.146052837371826,472,20111228,0.05685877799987793
4.179938316345215,473,20153927,0.058284759521484375
4.187140464782715,474,20196626,0.05859494209289551
4.204936981201172,475,20239325,0.05610537528991699
4.173285961151123,476,20282024,0.0578763484954834
4.223335266113281,477,20324723,0.05742692947387695
4.179407596588135,478,20367422,0.05620145797729492
4.146799087524414,479,20410121,0.056110382080078125
4.160599231719971,480,20452820,0.05575370788574219
4.201119899749756,481,20495519,0.05557584762573242
4.141900062561035,482,20538218,0.05573415756225586
4.195495128631592,483,20580917,0.0556492805480957
4.140042304992676,484,20623616,0.057349443435668945
4.147373676300049,485,20666315,0.05788755416870117
4.175300598144531,486,20709014,0.05792045593261719
4.197231769561768,487,20751713,0.0581049919128418
4.146668434143066,488,20794412,0.05749034881591797
4.195496082305908,489,20837111,0.05826616287231445
4.20639705657959,490,20879810,0.05855679512023926
4.152149200439453,491,20922509,0.056108951568603516
4.155282020568848,492,20965208,0.05833625793457031
4.14832878112793,493,21007907,0.05823254585266113
4.188891887664795,494,21050606,0.05918097496032715
4.207515716552734,495,21093305,0.057322025299072266
4.1248297691345215,496,21136004,0.060388803482055664
4.193404674530029,497,21178703,0.05763840675354004
4.2310709953308105,498,21221402,0.05652737617492676
4.148929119110107,499,21264101,0.0573422908782959
4.2214741706848145,500,21306800,0.05696463584899902
4.222404479980469,501,21349499,0.05612587928771973
4.193597316741943,502,21392198,0.061560869216918945
4.175282001495361,503,21434897,0.059767723083496094
4.166295051574707,504,21477596,0.05828690528869629
4.1648383140563965,505,21520295,0.05662894248962402
4.164969444274902,506,21562994,0.05617260932922363
4.166359901428223,507,21605693,0.05514264106750488
4.187245845794678,508,21648392,0.05585312843322754
4.1834235191345215,509,21691091,0.05531144142150879
4.182056427001953,510,21733790,0.05521845817565918
4.164772033691406,511,21776489,0.05542922019958496
4.174826145172119,512,21819188,0.05522012710571289
4.167184352874756,513,21861887,0.05507183074951172
4.148332595825195,514,21904586,0.05561399459838867
4.160767078399658,515,21947285,0.05540800094604492
4.171404838562012,516,21989984,0.055159807205200195
4.195401668548584,517,22032683,0.055304527282714844
4.111135959625244,518,22075382,0.055359840393066406
4.162752151489258,519,22118081,0.05524921417236328
4.172321319580078,520,22160780,0.05591392517089844
4.1747331619262695,521,22203479,0.05567574501037598
4.1904473304748535,522,22246178,0.05592489242553711
4.212087154388428,523,22288877,0.05623650550842285
4.159510612487793,524,22331576,0.055678606033325195
4.202748775482178,525,22374275,0.05501866340637207
4.159312725067139,526,22416974,0.05491971969604492
4.141190052032471,527,22459673,0.055951833724975586
4.132643699645996,528,22502372,0.055202484130859375
4.137326717376709,529,22545071,0.05508255958557129
4.150151252746582,530,22587770,0.056964874267578125
4.15826940536499,531,22630469,0.05584549903869629
4.150118350982666,532,22673168,0.055423736572265625
4.123589992523193,533,22715867,0.05526566505432129
4.196897506713867,534,22758566,0.0552060604095459
4.162896633148193,535,22801265,0.055088043212890625
4.152139186859131,536,22843964,0.055229902267456055
4.1290602684021,537,22886663,0.05519556999206543
4.170777797698975,538,22929362,0.05569791793823242
4.165767669677734,539,22972061,0.0549771785736084
4.188134670257568,540,23014760,0.05517911911010742
4.157524585723877,541,23057459,0.055089712142944336
4.129601955413818,542,23100158,0.05563521385192871
4.145457744598389,543,23142857,0.055329322814941406
4.155718803405762,544,23185556,0.05546426773071289
4.192993640899658,545,23228255,0.05537724494934082
4.180506706237793,546,23270954,0.05649828910827637
4.142471790313721,547,23313653,0.05543375015258789
4.139382362365723,548,23356352,0.05518817901611328
4.128086566925049,549,23399051,0.05510210990905762
4.160377502441406,550,23441750,0.055892229080200195
4.1933135986328125,551,23484449,0.055475473403930664
4.136503219604492,552,23527148,0.055249929428100586
4.137032508850098,553,23569847,0.055052995681762695
4.1222429275512695,554,23612546,0.05573415756225586
4.10659122467041,555,23655245,0.055132150650024414
4.119917869567871,556,23697944,0.0551760196685791
4.170185089111328,557,23740643,0.055136919021606445
4.157476902008057,558,23783342,0.055230140686035156
4.145477771759033,559,23826041,0.05593276023864746
4.162647724151611,560,23868740,0.055528879165649414
4.14647102355957,561,23911439,0.05534815788269043
4.164970397949219,562,23954138,0.05530142784118652
4.122008323669434,563,23996837,0.05528378486633301
4.154331207275391,564,24039536,0.055600881576538086
4.1217942237854,565,24082235,0.05532050132751465
4.133787155151367,566,24124934,0.055268287658691406
4.141077995300293,567,24167633,0.05534100532531738
4.155657768249512,568,24210332,0.05515861511230469
4.177804946899414,569,24253031,0.05618739128112793
4.139607906341553,570,24295730,0.05550551414489746
4.16642951965332,571,24338429,0.0555109977722168
4.1480584144592285,572,24381128,0.05528974533081055
4.122620105743408,573,24423827,0.05526375770568848
4.112123012542725,574,24466526,0.05602073669433594
4.166291236877441,575,24509225,0.05535888671875
4.079146862030029,576,24551924,0.05522346496582031
4.148950576782227,577,24594623,0.055222272872924805
4.156214714050293,578,24637322,0.05550384521484375
4.139461517333984,579,24680021,0.0552215576171875
4.130111217498779,580,24722720,0.05528903007507324
4.125961780548096,581,24765419,0.055169105529785156
4.140110015869141,582,24808118,0.055271148681640625
4.101810455322266,583,24850817,0.05517864227294922
4.151838779449463,584,24893516,0.05601859092712402
4.145698547363281,585,24936215,0.05562305450439453
4.133182525634766,586,24978914,0.055197954177856445
4.10645866394043,587,25021613,0.05527043342590332
4.088416576385498,588,25064312,0.05524706840515137
4.129642963409424,589,25107011,0.05509448051452637
4.166778087615967,590,25149710,0.05551481246948242
4.1419453620910645,591,25192409,0.055399417877197266
4.133899688720703,592,25235108,0.05511164665222168
4.139086723327637,593,25277807,0.05521821975708008
4.101251125335693,594,25320506,0.05514645576477051
4.133994102478027,595,25363205,0.05561709403991699
4.1709065437316895,596,25405904,0.05628061294555664
4.160645484924316,597,25448603,0.05529475212097168
4.138045787811279,598,25491302,0.05520200729370117
4.145460605621338,599,25534001,0.055066585540771484
4.126448631286621,600,25576700,0.05522608757019043
4.137818336486816,601,25619399,0.055124521255493164
4.138807773590088,602,25662098,0.05761146545410156
4.127224922180176,603,25704797,0.055980682373046875
4.158796310424805,604,25747496,0.05569314956665039
4.106812953948975,605,25790195,0.05620574951171875
4.120934963226318,606,25832894,0.055991411209106445
4.096806526184082,607,25875593,0.055884361267089844
4.129282474517822,608,25918292,0.05582571029663086
4.153244495391846,609,25960991,0.056166887283325195
4.121511459350586,610,26003690,0.05703425407409668
4.12271785736084,611,26046389,0.05600905418395996
4.109477996826172,612,26089088,0.0567171573638916
4.145424842834473,613,26131787,0.05615687370300293
4.157554626464844,614,26174486,0.05575895309448242
4.0764970779418945,615,26217185,0.05670285224914551
4.154602527618408,616,26259884,0.05629682540893555
4.112096786499023,617,26302583,0.05619549751281738
4.106878757476807,618,26345282,0.05694842338562012
4.1149492263793945,619,26387981,0.05628633499145508
4.156486511230469,620,26430680,0.05592083930969238
4.13707971572876,621,26473379,0.05588531494140625
4.113523483276367,622,26516078,0.05569624900817871
4.127976894378662,623,26558777,0.05571556091308594
4.113858222961426,624,26601476,0.05655241012573242
4.129819393157959,625,26644175,0.05595040321350098
4.117179870605469,626,26686874,0.05562615394592285
4.113361358642578,627,26729573,0.05576205253601074
4.1151323318481445,628,26772272,0.05606985092163086
4.103392601013184,629,26814971,0.05591726303100586
4.108334541320801,630,26857670,0.05562424659729004
4.139834403991699,631,26900369,0.05642056465148926
4.168770790100098,632,26943068,0.055742740631103516
4.134136199951172,633,26985767,0.056183815002441406
4.080365180969238,634,27028466,0.05579638481140137
4.1215291023254395,635,27071165,0.0565648078918457
4.1131510734558105,636,27113864,0.056110382080078125
4.132278919219971,637,27156563,0.055799245834350586
4.084680080413818,638,27199262,0.05560946464538574
4.1667256355285645,639,27241961,0.05567502975463867
4.110920429229736,640,27284660,0.05565810203552246
4.133098602294922,641,27327359,0.05571317672729492
4.123716354370117,642,27370058,0.056014060974121094
4.098684310913086,643,27412757,0.056130170822143555
4.125965595245361,644,27455456,0.055733680725097656
4.087858200073242,645,27498155,0.0557255744934082
4.14591646194458,646,27540854,0.055997610092163086
4.0929856300354,647,27583553,0.05589103698730469
4.1499762535095215,648,27626252,0.05611729621887207
4.111058235168457,649,27668951,0.05588984489440918
4.085838317871094,650,27711650,0.05651259422302246
4.128039360046387,651,27754349,0.0556490421295166
4.105148792266846,652,27797048,0.05588388442993164
4.139603137969971,653,27839747,0.05560803413391113
4.083831787109375,654,27882446,0.05647611618041992
4.124218463897705,655,27925145,0.056147098541259766
4.110963821411133,656,27967844,0.055651187896728516
4.0929460525512695,657,28010543,0.05572032928466797
4.091402530670166,658,28053242,0.05607247352600098
4.127084255218506,659,28095941,0.05607128143310547
4.074178218841553,660,28138640,0.05588054656982422
4.103911399841309,661,28181339,0.05576014518737793
4.1380109786987305,662,28224038,0.05580925941467285
4.114621639251709,663,28266737,0.057296037673950195
4.1178812980651855,664,28309436,0.05583024024963379
4.10324239730835,665,28352135,0.055707454681396484
4.09718656539917,666,28394834,0.05582761764526367
4.131130695343018,667,28437533,0.05602884292602539
4.076681137084961,668,28480232,0.05621647834777832
4.10219144821167,669,28522931,0.05563950538635254
4.114916801452637,670,28565630,0.05575394630432129
4.098268032073975,671,28608329,0.05575442314147949
4.10597038269043,672,28651028,0.05567145347595215
4.107208728790283,673,28693727,0.05630803108215332
4.118415832519531,674,28736426,0.05568122863769531
4.1137800216674805,675,28779125,0.05567646026611328
4.1345109939575195,676,28821824,0.055718421936035156
4.1192216873168945,677,28864523,0.055617570877075195
4.152275085449219,678,28907222,0.05583047866821289
4.118953704833984,679,28949921,0.05721712112426758
4.124631404876709,680,28992620,0.057335853576660156
4.0828471183776855,681,29035319,0.05729985237121582
4.10369348526001,682,29078018,0.05750536918640137
4.129324436187744,683,29120717,0.057549238204956055
4.113562107086182,684,29163416,0.05727529525756836
4.128391265869141,685,29206115,0.05788826942443848
4.095658302307129,686,29248814,0.057453155517578125
4.110126972198486,687,29291513,0.05832505226135254
4.126352787017822,688,29334212,0.056633710861206055
4.0750532150268555,689,29376911,0.0555577278137207
4.110958576202393,690,29419610,0.055667877197265625
4.114618301391602,691,29462309,0.056439876556396484
4.1084747314453125,692,29505008,0.05560135841369629
4.078005790710449,693,29547707,0.05600309371948242
4.114922523498535,694,29590406,0.055845022201538086
4.120706081390381,695,29633105,0.055734872817993164
4.1031718254089355,696,29675804,0.05561089515686035
4.145904064178467,697,29718503,0.0556490421295166
4.132844924926758,698,29761202,0.05576825141906738
4.104367733001709,699,29803901,0.05710864067077637
4.065059661865234,700,29846600,0.05566883087158203
4.1233649253845215,701,29889299,0.05562233924865723
4.094455242156982,702,29931998,0.05724811553955078
4.132702350616455,703,29974697,0.056713104248046875
4.110898017883301,704,30017396,0.056387901306152344
4.0748796463012695,705,30060095,0.05607318878173828
4.079518795013428,706,30102794,0.05582165718078613
4.099296569824219,707,30145493,0.055773019790649414
4.050948143005371,708,30188192,0.056998252868652344
4.118370532989502,709,30230891,0.056342363357543945
4.118844509124756,710,30273590,0.05556130409240723
4.129249572753906,711,30316289,0.05555105209350586
4.089282035827637,712,30358988,0.055408477783203125
4.124317169189453,713,30401687,0.055104970932006836
4.068785190582275,714,30444386,0.05599236488342285
4.139116287231445,715,30487085,0.05522513389587402
4.080694198608398,716,30529784,0.05526423454284668
4.065071105957031,717,30572483,0.05560040473937988
4.099111080169678,718,30615182,0.05514025688171387
4.051872253417969,719,30657881,0.05515646934509277
4.10329532623291,720,30700580,0.055155038833618164
4.08951473236084,721,30743279,0.05512738227844238
4.070751190185547,722,30785978,0.05510711669921875
4.101367950439453,723,30828677,0.056984901428222656
4.152531623840332,724,30871376,0.05674934387207031
4.073885440826416,725,30914075,0.05548238754272461
4.050897598266602,726,30956774,0.055446624755859375
4.109167575836182,727,30999473,0.05566978454589844
4.123357772827148,728,31042172,0.05541706085205078
4.098601818084717,729,31084871,0.05561494827270508
4.074148178100586,730,31127570,0.05654573440551758
4.128493309020996,731,31170269,0.055501461029052734
4.103984355926514,732,31212968,0.05537557601928711
4.1204514503479,733,31255667,0.05512070655822754
4.108506679534912,734,31298366,0.05590415000915527
4.066256523132324,735,31341065,0.05549144744873047
4.103672504425049,736,31383764,0.05532526969909668
4.107995510101318,737,31426463,0.05533409118652344
4.0792622566223145,738,31469162,0.05533719062805176
4.062225341796875,739,31511861,0.05534553527832031
4.102928161621094,740,31554560,0.05528998374938965
4.080639362335205,741,31597259,0.05618572235107422
4.070705413818359,742,31639958,0.05614900588989258
4.123156547546387,743,31682657,0.0555577278137207
4.11644983291626,744,31725356,0.05529904365539551
4.161017417907715,745,31768055,0.055599212646484375
4.075512409210205,746,31810754,0.055461883544921875
4.060073375701904,747,31853453,0.056194305419921875
4.118525981903076,748,31896152,0.05630636215209961
4.1017537117004395,749,31938851,0.05611443519592285
4.091302394866943,750,31981550,0.055521249771118164
4.101648807525635,751,32024249,0.05544257164001465
4.072084903717041,752,32066948,0.05542802810668945
4.085862159729004,753,32109647,0.05676746368408203
4.080784320831299,754,32152346,0.05559110641479492
4.084537029266357,755,32195045,0.055289268493652344
4.050458908081055,756,32237744,0.055706024169921875
4.055919170379639,757,32280443,0.05548834800720215
4.105398654937744,758,32323142,0.05549311637878418
4.122437477111816,759,32365841,0.05536079406738281
4.128529071807861,760,32408540,0.055319786071777344
4.08652400970459,761,32451239,0.05531477928161621
4.096641540527344,762,32493938,0.05613398551940918
4.097568035125732,763,32536637,0.05579352378845215
4.13639497756958,764,32579336,0.05529451370239258
4.096184730529785,765,32622035,0.055362701416015625
4.08477783203125,766,32664734,0.055345773696899414
4.0970282554626465,767,32707433,0.05561995506286621
4.067264556884766,768,32750132,0.05544686317443848
4.1098151206970215,769,32792831,0.05583834648132324
4.1364426612854,770,32835530,0.05565023422241211
4.03148889541626,771,32878229,0.05540585517883301
4.094688415527344,772,32920928,0.057511091232299805
4.124742031097412,773,32963627,0.05564260482788086
4.029635429382324,774,33006326,0.0554046630859375
4.083705902099609,775,33049025,0.055406808853149414
4.0868940353393555,776,33091724,0.05522775650024414
4.040663242340088,777,33134423,0.056046485900878906
4.047205448150635,778,33177122,0.05575299263000488
4.097421169281006,779,33219821,0.055665016174316406
4.092440605163574,780,33262520,0.05544734001159668
4.111135959625244,781,33305219,0.05556154251098633
4.101205348968506,782,33347918,0.055463552474975586
4.141251564025879,783,33390617,0.05573153495788574
4.096278190612793,784,33433316,0.05556368827819824
4.079771041870117,785,33476015,0.05545973777770996
4.048941135406494,786,33518714,0.05547666549682617
4.054394245147705,787,33561413,0.056435346603393555
4.100615501403809,788,33604112,0.055884361267089844
4.074786186218262,789,33646811,0.05543231964111328
4.073365688323975,790,33689510,0.05541396141052246
4.076781272888184,791,33732209,0.05562782287597656
4.1138529777526855,792,33774908,0.05550789833068848
4.095485210418701,793,33817607,0.05573534965515137
4.085066318511963,794,33860306,0.0556178092956543
4.10142707824707,795,33903005,0.05549049377441406
4.072919845581055,796,33945704,0.055886030197143555
4.059117794036865,797,33988403,0.05552077293395996
4.0998921394348145,798,34031102,0.05551719665527344
4.08310604095459,799,34073801,0.056046247482299805
4.125844478607178,800,34116500,0.055580854415893555
4.034180641174316,801,34159199,0.05535697937011719
4.0853495597839355,802,34201898,0.0560917854309082
4.090439796447754,803,34244597,0.055559396743774414
4.090681552886963,804,34287296,0.05528068542480469
4.08644962310791,805,34329995,0.05542421340942383
4.064487457275391,806,34372694,0.055261850357055664
4.120605945587158,807,34415393,0.05523943901062012
4.083736419677734,808,34458092,0.05509638786315918
4.097256183624268,809,34500791,0.0551755428314209
4.061663627624512,810,34543490,0.05588507652282715
4.107204914093018,811,34586189,0.05546927452087402
4.093559741973877,812,34628888,0.05516314506530762
4.08064603805542,813,34671587,0.05560111999511719
4.084883213043213,814,34714286,0.0553278923034668
4.0943193435668945,815,34756985,0.055324554443359375
4.065552711486816,816,34799684,0.056260108947753906
4.066219329833984,817,34842383,0.05577564239501953
4.093959808349609,818,34885082,0.055416107177734375
4.084189414978027,819,34927781,0.05533337593078613
4.091679573059082,820,34970480,0.05537152290344238
4.099861145019531,821,35013179,0.05517578125
4.053756237030029,822,35055878,0.055626869201660156
4.092548370361328,823,35098577,0.055342674255371094
4.113508224487305,824,35141276,0.05530905723571777
4.060751914978027,825,35183975,0.05600237846374512
4.09812068939209,826,35226674,0.0552067756652832
4.075303554534912,827,35269373,0.05517745018005371
4.0691094398498535,828,35312072,0.055425167083740234
4.068968772888184,829,35354771,0.05529904365539551
4.053088665008545,830,35397470,0.05507040023803711
4.087556838989258,831,35440169,0.055333852767944336
4.074061870574951,832,35482868,0.05576324462890625
4.06437349319458,833,35525567,0.05522918701171875
4.058966159820557,834,35568266,0.05545997619628906
4.091823577880859,835,35610965,0.05603981018066406
4.095345497131348,836,35653664,0.05574655532836914
4.05609655380249,837,35696363,0.05517387390136719
4.070497512817383,838,35739062,0.0553433895111084
4.0727057456970215,839,35781761,0.05516505241394043
4.0792927742004395,840,35824460,0.055182456970214844
4.053491115570068,841,35867159,0.05520129203796387
4.08695125579834,842,35909858,0.05595874786376953
4.087282180786133,843,35952557,0.055542707443237305
4.0698347091674805,844,35995256,0.055394649505615234
4.081438064575195,845,36037955,0.055132150650024414
4.0755767822265625,846,36080654,0.05541825294494629
4.043964862823486,847,36123353,0.05545186996459961
4.096911430358887,848,36166052,0.055179595947265625
4.038392543792725,849,36208751,0.055533409118652344
4.060966968536377,850,36251450,0.05565381050109863
4.0797529220581055,851,36294149,0.05610918998718262
4.075196743011475,852,36336848,0.055312156677246094
4.103002548217773,853,36379547,0.0552518367767334
4.026766300201416,854,36422246,0.0551912784576416
4.077813625335693,855,36464945,0.05572962760925293
4.094149589538574,856,36507644,0.05550813674926758
4.078132152557373,857,36550343,0.055159568786621094
4.119493007659912,858,36593042,0.05514788627624512
4.076738357543945,859,36635741,0.055290937423706055
4.09420919418335,860,36678440,0.05522561073303223
4.091115474700928,861,36721139,0.05513358116149902
4.074060440063477,862,36763838,0.055222272872924805
4.056141376495361,863,36806537,0.05524587631225586
4.099399566650391,864,36849236,0.055711984634399414
4.093631267547607,865,36891935,0.05509591102600098
4.065255165100098,866,36934634,0.05528593063354492
4.07679557800293,867,36977333,0.055255889892578125
4.075046539306641,868,37020032,0.055260419845581055
4.070648670196533,869,37062731,0.055402278900146484
4.033314228057861,870,37105430,0.055220603942871094
4.084782123565674,871,37148129,0.055088043212890625
4.058101654052734,872,37190828,0.055217742919921875
4.078993320465088,873,37233527,0.05508565902709961
4.107494354248047,874,37276226,0.0560460090637207
4.100579261779785,875,37318925,0.05539870262145996
4.073206424713135,876,37361624,0.05559539794921875
4.063921928405762,877,37404323,0.055510520935058594
4.066494941711426,878,37447022,0.0551447868347168
4.070456027984619,879,37489721,0.05579400062561035
4.072813987731934,880,37532420,0.05549788475036621
4.117325782775879,881,37575119,0.05515885353088379
4.097151756286621,882,37617818,0.0551753044128418
4.066538333892822,883,37660517,0.0553441047668457
4.092532157897949,884,37703216,0.05530214309692383
4.062282085418701,885,37745915,0.05525660514831543
4.037310600280762,886,37788614,0.05520319938659668
4.061378479003906,887,37831313,0.05536031723022461
4.088569164276123,888,37874012,0.055197954177856445
4.086360454559326,889,37916711,0.05589175224304199
4.055388450622559,890,37959410,0.055526018142700195
4.10027551651001,891,38002109,0.05515289306640625
4.089437484741211,892,38044808,0.055254220962524414
4.089592933654785,893,38087507,0.05534553527832031
4.048463821411133,894,38130206,0.05518627166748047
4.03196907043457,895,38172905,0.055527687072753906
4.060388088226318,896,38215604,0.055434226989746094
4.05670690536499,897,38258303,0.055298566818237305
4.078330039978027,898,38301002,0.05534219741821289
4.102897644042969,899,38343701,0.05519223213195801
4.1048712730407715,900,38386400,0.05521225929260254
4.060945987701416,901,38429099,0.05587172508239746
4.07090425491333,902,38471798,0.06048989295959473
4.1189751625061035,903,38514497,0.05942893028259277
4.0215654373168945,904,38557196,0.05880022048950195
4.042834281921387,905,38599895,0.058670759201049805
4.0600361824035645,906,38642594,0.05874133110046387
4.045352935791016,907,38685293,0.05851340293884277
4.085251808166504,908,38727992,0.05842328071594238
4.036623477935791,909,38770691,0.05849909782409668
4.0853424072265625,910,38813390,0.05865955352783203
4.0948333740234375,911,38856089,0.058449745178222656
4.0450439453125,912,38898788,0.058419227600097656
4.02039098739624,913,38941487,0.0584714412689209
4.0962700843811035,914,38984186,0.05837273597717285
4.074449062347412,915,39026885,0.0583803653717041
4.091490745544434,916,39069584,0.05832624435424805
4.045065402984619,917,39112283,0.05834007263183594
4.054353713989258,918,39154982,0.0585169792175293
4.078502655029297,919,39197681,0.05840325355529785
4.081735610961914,920,39240380,0.05609917640686035
4.088974475860596,921,39283079,0.05637097358703613
4.093592166900635,922,39325778,0.05884885787963867
4.075291633605957,923,39368477,0.05560016632080078
4.037240982055664,924,39411176,0.055281877517700195
4.034505844116211,925,39453875,0.05527853965759277
4.067893028259277,926,39496574,0.05878782272338867
4.09334659576416,927,39539273,0.058615922927856445
4.107728958129883,928,39581972,0.05863308906555176
4.091493606567383,929,39624671,0.05862903594970703
4.05787992477417,930,39667370,0.058746337890625
4.070119380950928,931,39710069,0.05842232704162598
4.045019149780273,932,39752768,0.05846834182739258
4.079517364501953,933,39795467,0.05861926078796387
4.08556604385376,934,39838166,0.059160470962524414
4.06647253036499,935,39880865,0.05882763862609863
4.068132400512695,936,39923564,0.05871725082397461
4.091136455535889,937,39966263,0.058763980865478516
4.076480865478516,938,40008962,0.058797597885131836
4.118443012237549,939,40051661,0.0560460090637207
4.059028625488281,940,40094360,0.05846285820007324
4.074486255645752,941,40137059,0.058853864669799805
4.023587226867676,942,40179758,0.0586395263671875
4.063892841339111,943,40222457,0.05865144729614258
4.043429374694824,944,40265156,0.058843374252319336
4.080484390258789,945,40307855,0.058619022369384766
4.075658798217773,946,40350554,0.056264638900756836
4.032865524291992,947,40393253,0.05612921714782715
4.010079860687256,948,40435952,0.055785179138183594
4.030629634857178,949,40478651,0.05589747428894043
4.0587873458862305,950,40521350,0.056168556213378906
4.037013530731201,951,40564049,0.05577564239501953
4.050164699554443,952,40606748,0.055782318115234375
4.042520046234131,953,40649447,0.05600118637084961
4.110212326049805,954,40692146,0.056005239486694336
4.041814804077148,955,40734845,0.05582928657531738
4.0689826011657715,956,40777544,0.055957794189453125
4.077875137329102,957,40820243,0.05572676658630371
4.070565223693848,958,40862942,0.05819416046142578
4.051533222198486,959,40905641,0.058548927307128906
4.079110622406006,960,40948340,0.05851888656616211
4.061057090759277,961,40991039,0.058508872985839844
4.084284782409668,962,41033738,0.0559694766998291
4.034570693969727,963,41076437,0.055722713470458984
4.094479560852051,964,41119136,0.05855154991149902
4.0660529136657715,965,41161835,0.05879926681518555
4.089282035827637,966,41204534,0.05888533592224121
4.065301895141602,967,41247233,0.05846142768859863
4.07982873916626,968,41289932,0.05840134620666504
4.055635929107666,969,41332631,0.05861949920654297
4.062404632568359,970,41375330,0.0588529109954834
4.059582710266113,971,41418029,0.058472394943237305
4.056998252868652,972,41460728,0.05836629867553711
4.07689094543457,973,41503427,0.058701515197753906
4.0551652908325195,974,41546126,0.056165218353271484
4.066888809204102,975,41588825,0.05576181411743164
4.081319808959961,976,41631524,0.05587053298950195
4.054232120513916,977,41674223,0.05579662322998047
4.086221694946289,978,41716922,0.05869626998901367
4.076996803283691,979,41759621,0.05849051475524902
4.056122779846191,980,41802320,0.058622121810913086
4.0667009353637695,981,41845019,0.06130862236022949
4.0679402351379395,982,41887718,0.05980491638183594
4.0729804039001465,983,41930417,0.05872845649719238
4.046812057495117,984,41973116,0.06010603904724121
4.065478801727295,985,42015815,0.05866098403930664
4.104459762573242,986,42058514,0.05654168128967285
4.043369770050049,987,42101213,0.058843374252319336
4.071420669555664,988,42143912,0.06103229522705078
4.112800121307373,989,42186611,0.059027671813964844
4.094110488891602,990,42229310,0.060414791107177734
4.082182884216309,991,42272009,0.058836936950683594
4.091470718383789,992,42314708,0.05899333953857422
4.066463947296143,993,42357407,0.05897688865661621
4.082625389099121,994,42400106,0.05836939811706543
4.073699474334717,995,42442805,0.05974245071411133
4.076271057128906,996,42485504,0.05954456329345703
4.066469669342041,997,42528203,0.05925130844116211
4.072432041168213,998,42570902,0.058803558349609375
4.075636386871338,999,42613601,0.05948758125305176
4.0612077713012695,1000,42656300,0.058516502380371094
4.084826469421387,1001,42698999,0.058643341064453125
4.082827091217041,1002,42741698,0.05786871910095215
4.032378673553467,1003,42784397,0.05599379539489746
4.076216220855713,1004,42827096,0.05577802658081055
4.081958770751953,1005,42869795,0.05543065071105957
4.08459997177124,1006,42912494,0.05568289756774902
4.0420942306518555,1007,42955193,0.05620121955871582
4.0768866539001465,1008,42997892,0.05544877052307129
4.07366418838501,1009,43040591,0.05563855171203613
4.0198655128479,1010,43083290,0.0552675724029541
4.062546730041504,1011,43125989,0.05502915382385254
4.100450038909912,1012,43168688,0.05547833442687988
4.081268310546875,1013,43211387,0.05530071258544922
4.034069538116455,1014,43254086,0.055478572845458984
4.051167011260986,1015,43296785,0.05512690544128418
4.051548957824707,1016,43339484,0.05536651611328125
4.1002044677734375,1017,43382183,0.05528569221496582
4.0194172859191895,1018,43424882,0.05562710762023926
4.070928573608398,1019,43467581,0.05562090873718262
4.079719543457031,1020,43510280,0.05553555488586426
4.105796813964844,1021,43552979,0.05524730682373047
4.074461460113525,1022,43595678,0.055472612380981445
4.072108745574951,1023,43638377,0.05531191825866699
3.9978854656219482,1024,43681076,0.055269479751586914
4.0743489265441895,1025,43723775,0.05541849136352539
4.073712348937988,1026,43766474,0.056884765625
4.041601657867432,1027,43809173,0.05593585968017578
4.067187786102295,1028,43851872,0.05587959289550781
4.071335792541504,1029,43894571,0.05561470985412598
4.07476282119751,1030,43937270,0.05577588081359863
4.035297870635986,1031,43979969,0.05533766746520996
4.056591510772705,1032,44022668,0.05560874938964844
4.029855728149414,1033,44065367,0.05526018142700195
4.093061923980713,1034,44108066,0.05597686767578125
4.0449066162109375,1035,44150765,0.05567049980163574
3.979177951812744,1036,44193464,0.05550217628479004
4.060576915740967,1037,44236163,0.05514168739318848
4.055601596832275,1038,44278862,0.05559897422790527
4.045371055603027,1039,44321561,0.055194854736328125
4.037602424621582,1040,44364260,0.05549979209899902
4.016635894775391,1041,44406959,0.055006980895996094
4.0353474617004395,1042,44449658,0.05514383316040039
4.0686354637146,1043,44492357,0.05532693862915039
4.085097312927246,1044,44535056,0.05525374412536621
4.087935447692871,1045,44577755,0.05561208724975586
4.074435234069824,1046,44620454,0.05536651611328125
4.055174350738525,1047,44663153,0.05565524101257324
4.029298305511475,1048,44705852,0.055480003356933594
4.073953151702881,1049,44748551,0.05540752410888672
4.035226345062256,1050,44791250,0.05756211280822754
4.075851917266846,1051,44833949,0.05604696273803711
4.022982120513916,1052,44876648,0.0559239387512207
4.038843631744385,1053,44919347,0.05557703971862793
4.068626403808594,1054,44962046,0.0560147762298584
4.075470447540283,1055,45004745,0.05554080009460449
4.055062770843506,1056,45047444,0.05557537078857422
4.048593521118164,1057,45090143,0.05538058280944824
4.0406646728515625,1058,45132842,0.05543708801269531
4.076776027679443,1059,45175541,0.0554356575012207
4.045261859893799,1060,45218240,0.055413246154785156
3.982255220413208,1061,45260939,0.0551455020904541
4.091408729553223,1062,45303638,0.05536174774169922
4.014716625213623,1063,45346337,0.055238962173461914
4.0655646324157715,1064,45389036,0.055544376373291016
4.06196928024292,1065,45431735,0.05553126335144043
4.063974380493164,1066,45474434,0.055388689041137695
4.049606800079346,1067,45517133,0.055474042892456055
4.04179573059082,1068,45559832,0.05555558204650879
4.075987815856934,1069,45602531,0.05552339553833008
4.1331987380981445,1070,45645230,0.05541253089904785
4.076877117156982,1071,45687929,0.05516529083251953
4.018721103668213,1072,45730628,0.05536222457885742
4.062015056610107,1073,45773327,0.05544281005859375
4.046675205230713,1074,45816026,0.05520510673522949
4.039090633392334,1075,45858725,0.055937767028808594
4.088325500488281,1076,45901424,0.05611276626586914
4.075764179229736,1077,45944123,0.05601382255554199
4.109179496765137,1078,45986822,0.055542707443237305
4.0579514503479,1079,46029521,0.055559396743774414
4.040616989135742,1080,46072220,0.05551433563232422
4.04019021987915,1081,46114919,0.055555105209350586
4.063332557678223,1082,46157618,0.05558276176452637
4.0524210929870605,1083,46200317,0.05565929412841797
4.102919578552246,1084,46243016,0.05544686317443848
4.071899890899658,1085,46285715,0.05734109878540039
4.033766746520996,1086,46328414,0.05647420883178711
4.044325828552246,1087,46371113,0.05565929412841797
4.057897090911865,1088,46413812,0.055806636810302734
4.081985950469971,1089,46456511,0.05566143989562988
4.073428153991699,1090,46499210,0.05541372299194336
4.0597710609436035,1091,46541909,0.056496381759643555
4.049960613250732,1092,46584608,0.055674076080322266
4.016216278076172,1093,46627307,0.055450439453125
4.056650161743164,1094,46670006,0.056191205978393555
4.05866813659668,1095,46712705,0.055689096450805664
4.063113689422607,1096,46755404,0.055696964263916016
4.072896957397461,1097,46798103,0.05570626258850098
4.062854290008545,1098,46840802,0.05568051338195801
4.082897663116455,1099,46883501,0.055808067321777344
4.043214321136475,1100,46926200,0.05638003349304199
4.042293071746826,1101,46968899,0.05618143081665039
4.078097820281982,1102,47011598,0.06271862983703613
4.059876441955566,1103,47054297,0.062402963638305664
4.023021221160889,1104,47096996,0.058789730072021484
4.0435028076171875,1105,47139695,0.05789804458618164
4.096714973449707,1106,47182394,0.05820822715759277
4.070935249328613,1107,47225093,0.05600905418395996
4.078629016876221,1108,47267792,0.05663299560546875
4.061514854431152,1109,47310491,0.05636191368103027
4.034245014190674,1110,47353190,0.05603289604187012
4.051809310913086,1111,47395889,0.056365966796875
4.056585311889648,1112,47438588,0.05603504180908203
4.057179927825928,1113,47481287,0.05565762519836426
4.0640153884887695,1114,47523986,0.05651593208312988
4.0809197425842285,1115,47566685,0.0558316707611084
4.075092315673828,1116,47609384,0.055745840072631836
4.1091413497924805,1117,47652083,0.056030988693237305
4.091468334197998,1118,47694782,0.055855751037597656
4.063919544219971,1119,47737481,0.05573749542236328
4.036168098449707,1120,47780180,0.05592799186706543
4.048076152801514,1121,47822879,0.05559682846069336
4.036418437957764,1122,47865578,0.05556941032409668
4.047740936279297,1123,47908277,0.05634260177612305
4.075968265533447,1124,47950976,0.05594921112060547
4.09268045425415,1125,47993675,0.05563163757324219
4.04902982711792,1126,48036374,0.05546379089355469
4.064331531524658,1127,48079073,0.055925846099853516
4.060351371765137,1128,48121772,0.055477142333984375
4.086482048034668,1129,48164471,0.05542159080505371
4.023899555206299,1130,48207170,0.05617880821228027
4.083728790283203,1131,48249869,0.05546736717224121
4.023324012756348,1132,48292568,0.05578756332397461
4.051004886627197,1133,48335267,0.05539417266845703
4.0527729988098145,1134,48377966,0.056093454360961914
4.063342094421387,1135,48420665,0.055814266204833984
4.049110412597656,1136,48463364,0.055564165115356445
4.023499011993408,1137,48506063,0.05538511276245117
4.040383815765381,1138,48548762,0.05554342269897461
4.095776081085205,1139,48591461,0.05542421340942383
4.045881271362305,1140,48634160,0.05537867546081543
4.029195785522461,1141,48676859,0.056298255920410156
4.03438663482666,1142,48719558,0.055764198303222656
4.03536319732666,1143,48762257,0.055454254150390625
4.05256986618042,1144,48804956,0.05549454689025879
4.047441482543945,1145,48847655,0.05579018592834473
4.063342571258545,1146,48890354,0.05561017990112305
4.019011497497559,1147,48933053,0.05571269989013672
4.044724464416504,1148,48975752,0.05550408363342285
4.079716682434082,1149,49018451,0.05550980567932129
4.088942527770996,1150,49061150,0.05588412284851074
4.0133256912231445,1151,49103849,0.055588483810424805
4.069192886352539,1152,49146548,0.055509328842163086
4.064951419830322,1153,49189247,0.05552220344543457
4.097070217132568,1154,49231946,0.055895328521728516
4.036739349365234,1155,49274645,0.055617332458496094
4.051682949066162,1156,49317344,0.055400848388671875
4.054353713989258,1157,49360043,0.055547237396240234
4.038827896118164,1158,49402742,0.05563092231750488
4.044352054595947,1159,49445441,0.055411577224731445
4.065873622894287,1160,49488140,0.05553793907165527
4.073840141296387,1161,49530839,0.0553586483001709
4.086442470550537,1162,49573538,0.055924415588378906
4.035088062286377,1163,49616237,0.05631566047668457
4.041759014129639,1164,49658936,0.05548453330993652
4.042654037475586,1165,49701635,0.055333852767944336
4.086665630340576,1166,49744334,0.05564594268798828
4.038244724273682,1167,49787033,0.05550098419189453
4.054903507232666,1168,49829732,0.05575418472290039
4.066184043884277,1169,49872431,0.05559992790222168
4.067205905914307,1170,49915130,0.055471181869506836
4.054418087005615,1171,49957829,0.055553436279296875
4.055909633636475,1172,50000528,0.055633544921875
4.056553840637207,1173,50043227,0.05633378028869629
4.073054313659668,1174,50085926,0.05554914474487305
4.049180507659912,1175,50128625,0.055536508560180664
4.039206504821777,1176,50171324,0.05551266670227051
4.050459861755371,1177,50214023,0.05536961555480957
4.055231094360352,1178,50256722,0.05615091323852539
4.043399810791016,1179,50299421,0.057186126708984375
4.041018009185791,1180,50342120,0.055754661560058594
4.070446491241455,1181,50384819,0.055764198303222656
4.035942554473877,1182,50427518,0.05561113357543945
4.094641208648682,1183,50470217,0.05539274215698242
4.04279088973999,1184,50512916,0.05554842948913574
4.025501728057861,1185,50555615,0.05523204803466797
4.057304859161377,1186,50598314,0.05539751052856445
4.0658440589904785,1187,50641013,0.055402517318725586
3.9999959468841553,1188,50683712,0.055388689041137695
4.076439380645752,1189,50726411,0.0562748908996582
4.048619270324707,1190,50769110,0.05590653419494629
4.084347248077393,1191,50811809,0.05545639991760254
4.058328151702881,1192,50854508,0.056097984313964844
4.052735805511475,1193,50897207,0.056290388107299805
4.1129655838012695,1194,50939906,0.055983543395996094
4.02993106842041,1195,50982605,0.05623793601989746
4.042088508605957,1196,51025304,0.05626058578491211
4.066437721252441,1197,51068003,0.05605721473693848
4.090000152587891,1198,51110702,0.05596518516540527
4.064146995544434,1199,51153401,0.05601644515991211
4.057437896728516,1200,51196100,0.05592751502990723
4.000579833984375,1201,51238799,0.056464195251464844
4.072779178619385,1202,51281498,0.05714249610900879
4.0587263107299805,1203,51324197,0.055789947509765625
4.039327621459961,1204,51366896,0.05616450309753418
4.040866851806641,1205,51409595,0.055487632751464844
4.014185428619385,1206,51452294,0.05534482002258301
4.055826187133789,1207,51494993,0.056142330169677734
4.007112979888916,1208,51537692,0.0559084415435791
4.063273906707764,1209,51580391,0.05540108680725098
4.052210807800293,1210,51623090,0.05564236640930176
4.068643093109131,1211,51665789,0.055696964263916016
4.032001495361328,1212,51708488,0.055420637130737305
4.0791778564453125,1213,51751187,0.0560762882232666
4.060413837432861,1214,51793886,0.055361032485961914
4.067480564117432,1215,51836585,0.05546259880065918
4.067758560180664,1216,51879284,0.05670976638793945
4.047844409942627,1217,51921983,0.0555567741394043
4.061652660369873,1218,51964682,0.05553150177001953
4.050538063049316,1219,52007381,0.05571556091308594
4.081264495849609,1220,52050080,0.05550050735473633
4.0619730949401855,1221,52092779,0.05663633346557617
4.0300188064575195,1222,52135478,0.05596780776977539
4.039508819580078,1223,52178177,0.05543160438537598
4.061760902404785,1224,52220876,0.05552244186401367
4.057036399841309,1225,52263575,0.05572867393493652
4.074712753295898,1226,52306274,0.05556368827819824
4.0992302894592285,1227,52348973,0.0555424690246582
4.048056125640869,1228,52391672,0.05701470375061035
4.079340934753418,1229,52434371,0.05554652214050293
4.065896987915039,1230,52477070,0.0555112361907959
4.045712471008301,1231,52519769,0.055381059646606445
4.0658464431762695,1232,52562468,0.056145668029785156
4.065303325653076,1233,52605167,0.05578875541687012
4.058298587799072,1234,52647866,0.05595207214355469
4.041869640350342,1235,52690565,0.055678367614746094
4.071885108947754,1236,52733264,0.05543661117553711
4.0327959060668945,1237,52775963,0.055864810943603516
4.050531387329102,1238,52818662,0.055654287338256836
4.048292636871338,1239,52861361,0.056102752685546875
4.0319695472717285,1240,52904060,0.05587291717529297
4.060032367706299,1241,52946759,0.05542612075805664
4.045762062072754,1242,52989458,0.05533719062805176
4.07066535949707,1243,53032157,0.05552816390991211
4.045377254486084,1244,53074856,0.05540299415588379
4.039673805236816,1245,53117555,0.05530428886413574
4.0337066650390625,1246,53160254,0.055450439453125
4.078242301940918,1247,53202953,0.05671334266662598
4.070322513580322,1248,53245652,0.05541729927062988
4.067777633666992,1249,53288351,0.05541062355041504
4.027920246124268,1250,53331050,0.05531883239746094
4.033395290374756,1251,53373749,0.055631399154663086
4.028772830963135,1252,53416448,0.05578494071960449
4.094658374786377,1253,53459147,0.0556788444519043
4.056194305419922,1254,53501846,0.05546903610229492
4.0604472160339355,1255,53544545,0.05536961555480957
4.045603275299072,1256,53587244,0.05551791191101074
4.042193412780762,1257,53629943,0.055359840393066406
4.054737091064453,1258,53672642,0.05531907081604004
4.07138729095459,1259,53715341,0.05541634559631348
4.083864212036133,1260,53758040,0.05620169639587402
4.080893516540527,1261,53800739,0.055841922760009766
4.029685020446777,1262,53843438,0.055583953857421875
4.059378147125244,1263,53886137,0.05572390556335449
4.042741775512695,1264,53928836,0.05666828155517578
4.082002639770508,1265,53971535,0.05570864677429199
4.035816192626953,1266,54014234,0.05561470985412598
4.063963413238525,1267,54056933,0.05574655532836914
4.075198173522949,1268,54099632,0.05558180809020996
4.0052032470703125,1269,54142331,0.055472612380981445
4.094667434692383,1270,54185030,0.05645942687988281
4.058307647705078,1271,54227729,0.05560421943664551
4.031092643737793,1272,54270428,0.05533957481384277
4.049499034881592,1273,54313127,0.055296897888183594
4.019292831420898,1274,54355826,0.055426836013793945
4.095070838928223,1275,54398525,0.056931495666503906
4.0551910400390625,1276,54441224,0.05558300018310547
4.061028480529785,1277,54483923,0.05552983283996582
4.053847789764404,1278,54526622,0.05641031265258789
4.060690402984619,1279,54569321,0.056375741958618164
4.035920143127441,1280,54612020,0.05572199821472168
4.066150665283203,1281,54654719,0.05548834800720215
4.040555000305176,1282,54697418,0.055450439453125
4.06449556350708,1283,54740117,0.05559992790222168
4.0396857261657715,1284,54782816,0.05553627014160156
4.073352336883545,1285,54825515,0.055483341217041016
4.053429126739502,1286,54868214,0.055877685546875
3.993025541305542,1287,54910913,0.05602121353149414
4.070046901702881,1288,54953612,0.0555424690246582
4.079589366912842,1289,54996311,0.05568671226501465
4.044679164886475,1290,55039010,0.05606484413146973
4.08521842956543,1291,55081709,0.05559897422790527
4.055952548980713,1292,55124408,0.05579185485839844
4.053282737731934,1293,55167107,0.055731773376464844
4.042019367218018,1294,55209806,0.05549263954162598
4.034019470214844,1295,55252505,0.055548667907714844
4.104984760284424,1296,55295204,0.055609703063964844
4.070921897888184,1297,55337903,0.05545639991760254
4.030584335327148,1298,55380602,0.05648970603942871
4.077362537384033,1299,55423301,0.0557405948638916
4.100863456726074,1300,55466000,0.05565237998962402
4.059917449951172,1301,55508699,0.05566549301147461
4.0770463943481445,1302,55551398,0.057291269302368164
4.034987449645996,1303,55594097,0.05538320541381836
4.011013984680176,1304,55636796,0.0563206672668457
4.04567813873291,1305,55679495,0.055553436279296875
4.056584358215332,1306,55722194,0.05698370933532715
4.091584205627441,1307,55764893,0.05726742744445801
4.0658650398254395,1308,55807592,0.05672597885131836
4.03712797164917,1309,55850291,0.056243896484375
4.062489032745361,1310,55892990,0.05622291564941406
4.086103439331055,1311,55935689,0.05639195442199707
4.048715114593506,1312,55978388,0.05631065368652344
4.025021076202393,1313,56021087,0.057797908782958984
4.061023712158203,1314,56063786,0.0564427375793457
4.035639762878418,1315,56106485,0.05568504333496094
4.046459674835205,1316,56149184,0.055938005447387695
4.072473526000977,1317,56191883,0.05985856056213379
4.072572231292725,1318,56234582,0.05576515197753906
4.053844451904297,1319,56277281,0.05602550506591797
4.067960739135742,1320,56319980,0.05592846870422363
4.062275409698486,1321,56362679,0.05623364448547363
4.071452617645264,1322,56405378,0.05613088607788086
4.044594764709473,1323,56448077,0.05578351020812988
4.007174968719482,1324,56490776,0.0555262565612793
4.074921607971191,1325,56533475,0.05598926544189453
4.035003185272217,1326,56576174,0.055745601654052734
4.067211627960205,1327,56618873,0.055556297302246094
4.078420162200928,1328,56661572,0.05645442008972168
4.079511642456055,1329,56704271,0.05554962158203125
4.04568338394165,1330,56746970,0.05635952949523926
4.034622669219971,1331,56789669,0.05611419677734375
4.0510945320129395,1332,56832368,0.05718255043029785
4.056784629821777,1333,56875067,0.05586957931518555
4.035825252532959,1334,56917766,0.05534720420837402
4.0762176513671875,1335,56960465,0.05560803413391113
4.046760559082031,1336,57003164,0.05566573143005371
4.04264497756958,1337,57045863,0.05542564392089844
4.032772541046143,1338,57088562,0.05539822578430176
4.052330493927002,1339,57131261,0.05585002899169922
4.055136203765869,1340,57173960,0.061528682708740234
4.045013427734375,1341,57216659,0.05700254440307617
4.0615925788879395,1342,57259358,0.05578756332397461
4.049568176269531,1343,57302057,0.055808067321777344
4.018035411834717,1344,57344756,0.05559968948364258
4.072338581085205,1345,57387455,0.055032968521118164
4.041496753692627,1346,57430154,0.0552678108215332
4.045686721801758,1347,57472853,0.05622124671936035
4.058500289916992,1348,57515552,0.05552816390991211
4.061611175537109,1349,57558251,0.055326223373413086
4.007849216461182,1350,57600950,0.05545949935913086
4.052939414978027,1351,57643649,0.05687975883483887
4.0730438232421875,1352,57686348,0.05570101737976074
4.08107328414917,1353,57729047,0.05520153045654297
4.069734573364258,1354,57771746,0.0552670955657959
4.056672096252441,1355,57814445,0.05597496032714844
4.062955379486084,1356,57857144,0.055872201919555664
4.0624237060546875,1357,57899843,0.05574440956115723
4.026534080505371,1358,57942542,0.05564522743225098
4.0894670486450195,1359,57985241,0.05565476417541504
4.098352432250977,1360,58027940,0.05646538734436035
4.014709949493408,1361,58070639,0.055913448333740234
4.054610729217529,1362,58113338,0.055371999740600586
4.055784225463867,1363,58156037,0.05592823028564453
4.087677955627441,1364,58198736,0.05646014213562012
4.035935878753662,1365,58241435,0.05599021911621094
4.0522685050964355,1366,58284134,0.05565285682678223
4.036484718322754,1367,58326833,0.05566000938415527
4.026650905609131,1368,58369532,0.05562853813171387
4.002209663391113,1369,58412231,0.05570483207702637
4.0357513427734375,1370,58454930,0.056253910064697266
4.022670745849609,1371,58497629,0.055536508560180664
4.0498809814453125,1372,58540328,0.055515289306640625
4.077275276184082,1373,58583027,0.05561637878417969
4.022426605224609,1374,58625726,0.055876731872558594
4.047726154327393,1375,58668425,0.05688977241516113
4.08843994140625,1376,58711124,0.056043148040771484
4.0673933029174805,1377,58753823,0.05549025535583496
4.061323165893555,1378,58796522,0.0554959774017334
4.0702924728393555,1379,58839221,0.05553627014160156
4.087253093719482,1380,58881920,0.055960655212402344
4.052594184875488,1381,58924619,0.055957794189453125
4.062532901763916,1382,58967318,0.05550432205200195
4.042688369750977,1383,59010017,0.055674076080322266
4.091453552246094,1384,59052716,0.05548381805419922
4.031295299530029,1385,59095415,0.0562739372253418
4.072163105010986,1386,59138114,0.0560302734375
4.048728942871094,1387,59180813,0.055367469787597656
4.041258335113525,1388,59223512,0.05550050735473633
4.056538105010986,1389,59266211,0.05530405044555664
4.042914867401123,1390,59308910,0.05549454689025879
4.045596122741699,1391,59351609,0.05593395233154297
4.037121772766113,1392,59394308,0.0559237003326416
4.033506393432617,1393,59437007,0.05561351776123047
4.063272953033447,1394,59479706,0.05556464195251465
4.047511577606201,1395,59522405,0.05562138557434082
3.9969124794006348,1396,59565104,0.05561327934265137
4.069018840789795,1397,59607803,0.05635380744934082
4.058193683624268,1398,59650502,0.05561423301696777
4.022845268249512,1399,59693201,0.05565690994262695
4.052609443664551,1400,59735900,0.055585622787475586
4.072420597076416,1401,59778599,0.055495262145996094
4.0725932121276855,1402,59821298,0.05671501159667969
4.030577182769775,1403,59863997,0.055530548095703125
4.033780574798584,1404,59906696,0.05557107925415039
4.066343307495117,1405,59949395,0.05575299263000488
4.049204349517822,1406,59992094,0.055858612060546875
4.0295209884643555,1407,60034793,0.05560874938964844
4.050800323486328,1408,60077492,0.05583357810974121
4.014843463897705,1409,60120191,0.05559420585632324
4.032591342926025,1410,60162890,0.05576658248901367
4.045563220977783,1411,60205589,0.05561327934265137
4.0255231857299805,1412,60248288,0.05559992790222168
4.069607734680176,1413,60290987,0.055829763412475586
4.061986923217773,1414,60333686,0.055757999420166016
4.074316024780273,1415,60376385,0.05562996864318848
4.02290153503418,1416,60419084,0.05565834045410156
4.081981182098389,1417,60461783,0.05589771270751953
4.055746555328369,1418,60504482,0.0556483268737793
4.042051792144775,1419,60547181,0.05561995506286621
4.054986953735352,1420,60589880,0.05592799186706543
4.066076755523682,1421,60632579,0.05586075782775879
4.056534767150879,1422,60675278,0.05565476417541504
4.068462371826172,1423,60717977,0.05562925338745117
4.061225891113281,1424,60760676,0.05562424659729004
4.069975852966309,1425,60803375,0.05560898780822754
4.053408145904541,1426,60846074,0.055677175521850586
4.023036003112793,1427,60888773,0.055641889572143555
4.024784088134766,1428,60931472,0.05559706687927246
4.0529093742370605,1429,60974171,0.05542349815368652
4.0645952224731445,1430,61016870,0.05555915832519531
4.038209915161133,1431,61059569,0.05550670623779297
4.043427467346191,1432,61102268,0.05576181411743164
4.037852764129639,1433,61144967,0.055718183517456055
4.042220115661621,1434,61187666,0.05577373504638672
4.034951686859131,1435,61230365,0.055762529373168945
4.044382572174072,1436,61273064,0.055620431900024414
4.05993127822876,1437,61315763,0.05587959289550781
4.019125938415527,1438,61358462,0.05559492111206055
4.057764053344727,1439,61401161,0.05557894706726074
4.029868125915527,1440,61443860,0.055507659912109375
4.011167526245117,1441,61486559,0.05549120903015137
4.033371448516846,1442,61529258,0.05587911605834961
4.0619330406188965,1443,61571957,0.05561399459838867
4.049718379974365,1444,61614656,0.05549979209899902
4.0072526931762695,1445,61657355,0.055536746978759766
4.0705084800720215,1446,61700054,0.0555572509765625
4.032666206359863,1447,61742753,0.05547380447387695
4.0436530113220215,1448,61785452,0.05585455894470215
4.029129981994629,1449,61828151,0.05614495277404785
4.031036853790283,1450,61870850,0.05655026435852051
4.063990592956543,1451,61913549,0.056337833404541016
4.032243728637695,1452,61956248,0.055968523025512695
4.051793098449707,1453,61998947,0.05565524101257324
4.053470134735107,1454,62041646,0.05574202537536621
4.031726837158203,1455,62084345,0.055617570877075195
4.075221061706543,1456,62127044,0.05559563636779785
4.055727005004883,1457,62169743,0.05566215515136719
4.030577182769775,1458,62212442,0.05584263801574707
4.064352989196777,1459,62255141,0.055620431900024414
4.03541898727417,1460,62297840,0.055702924728393555
4.027209758758545,1461,62340539,0.05645108222961426
4.057432174682617,1462,62383238,0.05617856979370117
3.9980406761169434,1463,62425937,0.056884765625
4.074062824249268,1464,62468636,0.056459665298461914
4.109930038452148,1465,62511335,0.05646252632141113
4.060805797576904,1466,62554034,0.05627298355102539
4.031526565551758,1467,62596733,0.05683302879333496
4.08082389831543,1468,62639432,0.05629682540893555
4.006540298461914,1469,62682131,0.056023359298706055
4.072668075561523,1470,62724830,0.0570673942565918
4.046554088592529,1471,62767529,0.05640912055969238
4.056463718414307,1472,62810228,0.056040287017822266
4.004444122314453,1473,62852927,0.05638456344604492
4.060128211975098,1474,62895626,0.05608248710632324
4.060244560241699,1475,62938325,0.05615115165710449
4.020485877990723,1476,62981024,0.05632281303405762
4.025722980499268,1477,63023723,0.05622696876525879
3.9957435131073,1478,63066422,0.05714130401611328
4.028302192687988,1479,63109121,0.05617809295654297
4.022820949554443,1480,63151820,0.05621528625488281
4.014658451080322,1481,63194519,0.056481122970581055
4.0434794425964355,1482,63237218,0.05608844757080078
4.06229305267334,1483,63279917,0.05615997314453125
4.0151848793029785,1484,63322616,0.05614829063415527
4.085851192474365,1485,63365315,0.05595541000366211
4.004486083984375,1486,63408014,0.05666661262512207
4.0526838302612305,1487,63450713,0.0576329231262207
4.063844680786133,1488,63493412,0.056529998779296875
4.035396575927734,1489,63536111,0.05734610557556152
4.039561748504639,1490,63578810,0.05597376823425293
4.06315279006958,1491,63621509,0.05611562728881836
4.052952766418457,1492,63664208,0.05616259574890137
4.054677486419678,1493,63706907,0.056168317794799805
4.0401105880737305,1494,63749606,0.05792593955993652
4.051791191101074,1495,63792305,0.05630636215209961
4.038568496704102,1496,63835004,0.05615949630737305
4.04765510559082,1497,63877703,0.05794262886047363
4.028857231140137,1498,63920402,0.057453155517578125
4.050168037414551,1499,63963101,0.0594334602355957
4.062846660614014,1500,64005800,0.05995321273803711
4.066268444061279,1501,64048499,0.06020498275756836
4.020720481872559,1502,64091198,0.05676436424255371
4.062678337097168,1503,64133897,0.05573129653930664
3.9981229305267334,1504,64176596,0.0556797981262207
4.058621883392334,1505,64219295,0.056758880615234375
4.067068099975586,1506,64261994,0.05565142631530762
4.045384883880615,1507,64304693,0.05563068389892578
4.058166980743408,1508,64347392,0.05543828010559082
4.007592678070068,1509,64390091,0.05549025535583496
4.02598762512207,1510,64432790,0.05562853813171387
4.05031156539917,1511,64475489,0.056099653244018555
4.058326721191406,1512,64518188,0.05589628219604492
4.042963027954102,1513,64560887,0.0553741455078125
4.052313804626465,1514,64603586,0.05558276176452637
4.009605884552002,1515,64646285,0.05585503578186035
4.031571388244629,1516,64688984,0.05575990676879883
4.033893585205078,1517,64731683,0.0555422306060791
4.063711643218994,1518,64774382,0.056237220764160156
4.0487871170043945,1519,64817081,0.05554318428039551
4.068972587585449,1520,64859780,0.055463314056396484
4.024160385131836,1521,64902479,0.055597543716430664
4.022668361663818,1522,64945178,0.05591464042663574
4.041756629943848,1523,64987877,0.05558323860168457
4.038086414337158,1524,65030576,0.05564403533935547
4.042003631591797,1525,65073275,0.056028127670288086
4.042893409729004,1526,65115974,0.05546998977661133
4.058051586151123,1527,65158673,0.05560803413391113
4.063068389892578,1528,65201372,0.0556337833404541
4.05982780456543,1529,65244071,0.05653977394104004
4.040919303894043,1530,65286770,0.05608391761779785
4.036386489868164,1531,65329469,0.05566573143005371
4.088247299194336,1532,65372168,0.05573272705078125
4.018575191497803,1533,65414867,0.05600595474243164
4.059006214141846,1534,65457566,0.05692768096923828
4.065371990203857,1535,65500265,0.05646204948425293
4.039248943328857,1536,65542964,0.05607461929321289
4.034843444824219,1537,65585663,0.05661892890930176
4.014641761779785,1538,65628362,0.05580401420593262
4.078010559082031,1539,65671061,0.055676937103271484
4.048149108886719,1540,65713760,0.05559897422790527
4.074794292449951,1541,65756459,0.05948376655578613
4.041167259216309,1542,65799158,0.055825233459472656
4.034539699554443,1543,65841857,0.05583381652832031
4.043553829193115,1544,65884556,0.05546140670776367
4.046116828918457,1545,65927255,0.05568671226501465
4.05181884765625,1546,65969954,0.05672883987426758
3.9957900047302246,1547,66012653,0.05597639083862305
4.027070999145508,1548,66055352,0.05593609809875488
3.993232488632202,1549,66098051,0.05580496788024902
4.05726957321167,1550,66140750,0.05664396286010742
4.033117771148682,1551,66183449,0.05599355697631836
4.054482460021973,1552,66226148,0.055526018142700195
4.058363437652588,1553,66268847,0.055811166763305664
4.064553260803223,1554,66311546,0.05554699897766113
4.104528903961182,1555,66354245,0.055917978286743164
4.026021480560303,1556,66396944,0.056185007095336914
3.994133710861206,1557,66439643,0.0556635856628418
3.9944567680358887,1558,66482342,0.05567646026611328
4.034267425537109,1559,66525041,0.05560493469238281
4.029065132141113,1560,66567740,0.056295156478881836
4.070861339569092,1561,66610439,0.05556488037109375
4.053168773651123,1562,66653138,0.05571794509887695
4.042015552520752,1563,66695837,0.05566716194152832
4.042088031768799,1564,66738536,0.056180477142333984
4.08601713180542,1565,66781235,0.056456565856933594
4.0505146980285645,1566,66823934,0.055762529373168945
4.03506326675415,1567,66866633,0.05663776397705078
4.060382843017578,1568,66909332,0.05742812156677246
4.056687831878662,1569,66952031,0.055450439453125
4.059676170349121,1570,66994730,0.05577492713928223
4.025164604187012,1571,67037429,0.05573892593383789
4.058215618133545,1572,67080128,0.05591726303100586
4.0072197914123535,1573,67122827,0.05565810203552246
4.012587070465088,1574,67165526,0.05569171905517578
4.075351715087891,1575,67208225,0.058309316635131836
4.033684253692627,1576,67250924,0.05911135673522949
4.005325794219971,1577,67293623,0.05739283561706543
3.9756920337677,1578,67336322,0.056185007095336914
4.015009880065918,1579,67379021,0.05610918998718262
4.046784400939941,1580,67421720,0.05600261688232422
4.053023815155029,1581,67464419,0.056427955627441406
4.0349016189575195,1582,67507118,0.056635379791259766
4.049655914306641,1583,67549817,0.05640530586242676
4.0235395431518555,1584,67592516,0.05821728706359863
4.031727313995361,1585,67635215,0.05621671676635742
4.027802467346191,1586,67677914,0.056084632873535156
4.055768013000488,1587,67720613,0.05657505989074707
4.043603420257568,1588,67763312,0.05588960647583008
4.036879062652588,1589,67806011,0.05588579177856445
4.032599449157715,1590,67848710,0.055710554122924805
4.059485912322998,1591,67891409,0.0557096004486084
4.019425392150879,1592,67934108,0.05553436279296875
4.030220985412598,1593,67976807,0.05613207817077637
4.03931188583374,1594,68019506,0.055755615234375
4.079429626464844,1595,68062205,0.05567216873168945
4.03740119934082,1596,68104904,0.05564427375793457
4.056232452392578,1597,68147603,0.055687904357910156
4.036016464233398,1598,68190302,0.0556795597076416
4.062005043029785,1599,68233001,0.05588722229003906
4.012444972991943,1600,68275700,0.05590653419494629
4.032732963562012,1601,68318399,0.05567359924316406
4.050070762634277,1602,68361098,0.05716872215270996
4.037898063659668,1603,68403797,0.05785703659057617
4.058440685272217,1604,68446496,0.05600714683532715
4.068253040313721,1605,68489195,0.05625772476196289
4.045231342315674,1606,68531894,0.056208133697509766
4.064573287963867,1607,68574593,0.056272268295288086
4.02748441696167,1608,68617292,0.05769753456115723
4.051678657531738,1609,68659991,0.05600881576538086
4.046174049377441,1610,68702690,0.05596327781677246
4.0468525886535645,1611,68745389,0.05645155906677246
4.016716480255127,1612,68788088,0.056409358978271484
4.071330547332764,1613,68830787,0.05633139610290527
4.040431499481201,1614,68873486,0.05615377426147461
4.030837059020996,1615,68916185,0.05618000030517578
4.044252395629883,1616,68958884,0.05615234375
4.03143310546875,1617,69001583,0.05683088302612305
4.043882846832275,1618,69044282,0.05649709701538086
4.065219879150391,1619,69086981,0.05967140197753906
4.0459136962890625,1620,69129680,0.06100034713745117
4.073166847229004,1621,69172379,0.058788299560546875
4.020904541015625,1622,69215078,0.0585482120513916
4.047458648681641,1623,69257777,0.05824112892150879
4.060854911804199,1624,69300476,0.05947995185852051
4.035994052886963,1625,69343175,0.05838799476623535
4.0664262771606445,1626,69385874,0.058310747146606445
4.065857887268066,1627,69428573,0.05880928039550781
4.037265777587891,1628,69471272,0.05852937698364258
4.065481185913086,1629,69513971,0.05542612075805664
4.060724258422852,1630,69556670,0.05610227584838867
4.065845966339111,1631,69599369,0.05631208419799805
4.047946453094482,1632,69642068,0.05586695671081543
4.036351203918457,1633,69684767,0.055552005767822266
4.054773330688477,1634,69727466,0.056212425231933594
4.028237819671631,1635,69770165,0.05580329895019531
4.029813289642334,1636,69812864,0.05565214157104492
4.040195465087891,1637,69855563,0.05973410606384277
4.022529602050781,1638,69898262,0.05805540084838867
4.071907997131348,1639,69940961,0.058362722396850586
4.032148361206055,1640,69983660,0.058223724365234375
4.037325859069824,1641,70026359,0.058388471603393555
4.083221912384033,1642,70069058,0.05873823165893555
4.054605007171631,1643,70111757,0.058335065841674805
4.047295093536377,1644,70154456,0.059010982513427734
4.060990333557129,1645,70197155,0.05852460861206055
4.0278191566467285,1646,70239854,0.05908536911010742
4.0331501960754395,1647,70282553,0.05850863456726074
4.031084060668945,1648,70325252,0.05832362174987793
4.05987548828125,1649,70367951,0.0562288761138916
4.0304059982299805,1650,70410650,0.05586361885070801
4.046767234802246,1651,70453349,0.055838584899902344
4.017261505126953,1652,70496048,0.05574774742126465
4.075014591217041,1653,70538747,0.05570268630981445
4.039344787597656,1654,70581446,0.05658364295959473
4.03919792175293,1655,70624145,0.05603504180908203
4.025867462158203,1656,70666844,0.05572104454040527
4.016313076019287,1657,70709543,0.055619001388549805
4.025648593902588,1658,70752242,0.05571746826171875
4.049070358276367,1659,70794941,0.05597496032714844
4.040768146514893,1660,70837640,0.05577564239501953
4.075529098510742,1661,70880339,0.055548667907714844
4.018986701965332,1662,70923038,0.05570673942565918
4.053216457366943,1663,70965737,0.05580329895019531
4.029567718505859,1664,71008436,0.056558847427368164
4.055999755859375,1665,71051135,0.057991743087768555
4.065447807312012,1666,71093834,0.058875322341918945
4.036079406738281,1667,71136533,0.05617690086364746
4.0314412117004395,1668,71179232,0.058283329010009766
4.037015438079834,1669,71221931,0.05904817581176758
4.019677639007568,1670,71264630,0.05852317810058594
4.039910316467285,1671,71307329,0.05811476707458496
4.021997928619385,1672,71350028,0.05846738815307617
4.032075881958008,1673,71392727,0.05814647674560547
4.021944046020508,1674,71435426,0.05880594253540039
4.035123348236084,1675,71478125,0.05840420722961426
4.065737724304199,1676,71520824,0.05838584899902344
4.078394412994385,1677,71563523,0.05829811096191406
4.0243096351623535,1678,71606222,0.058287620544433594
4.020545959472656,1679,71648921,0.05919361114501953
4.045175075531006,1680,71691620,0.058966875076293945
4.0581159591674805,1681,71734319,0.05899548530578613
4.027712821960449,1682,71777018,0.05890083312988281
4.038650989532471,1683,71819717,0.05823063850402832
4.037090301513672,1684,71862416,0.05875110626220703
4.056333541870117,1685,71905115,0.05881071090698242
4.058592319488525,1686,71947814,0.05863451957702637
4.029832363128662,1687,71990513,0.056017398834228516
4.050124645233154,1688,72033212,0.055814266204833984
4.0415802001953125,1689,72075911,0.05583333969116211
4.0508928298950195,1690,72118610,0.05688071250915527
4.050192832946777,1691,72161309,0.0560910701751709
4.064319610595703,1692,72204008,0.0557408332824707
4.053432464599609,1693,72246707,0.05574202537536621
4.044483661651611,1694,72289406,0.05598592758178711
4.056609153747559,1695,72332105,0.05599045753479004
4.026547908782959,1696,72374804,0.0574953556060791
4.033742427825928,1697,72417503,0.05605030059814453
4.0412468910217285,1698,72460202,0.05578327178955078
4.0225911140441895,1699,72502901,0.05591630935668945
4.026822566986084,1700,72545600,0.05602073669433594
4.0578083992004395,1701,72588299,0.05613970756530762
4.036533355712891,1702,72630998,0.0612945556640625
4.036247253417969,1703,72673697,0.059119224548339844
4.060766696929932,1704,72716396,0.05991172790527344
4.04946231842041,1705,72759095,0.05950474739074707
4.0375542640686035,1706,72801794,0.0590970516204834
4.058097839355469,1707,72844493,0.05939602851867676
4.05889368057251,1708,72887192,0.05911540985107422
4.039150714874268,1709,72929891,0.05893969535827637
4.045975208282471,1710,72972590,0.059336185455322266
4.056026458740234,1711,73015289,0.059234619140625
4.0754547119140625,1712,73057988,0.05895185470581055
4.073323726654053,1713,73100687,0.05921816825866699
4.073158264160156,1714,73143386,0.05947113037109375
4.065707206726074,1715,73186085,0.05965137481689453
4.067750930786133,1716,73228784,0.0591580867767334
4.018966197967529,1717,73271483,0.05899405479431152
4.0650200843811035,1718,73314182,0.06042742729187012
4.051316261291504,1719,73356881,0.05954742431640625
4.060301780700684,1720,73399580,0.05906200408935547
4.017334938049316,1721,73442279,0.06006169319152832
4.044665336608887,1722,73484978,0.05992293357849121
4.038807392120361,1723,73527677,0.059673309326171875
4.054459095001221,1724,73570376,0.06017041206359863
4.095719814300537,1725,73613075,0.06028890609741211
4.029376029968262,1726,73655774,0.05998706817626953
4.045896053314209,1727,73698473,0.05981087684631348
4.059988021850586,1728,73741172,0.06079220771789551
4.040521144866943,1729,73783871,0.060565948486328125
4.044680595397949,1730,73826570,0.05960559844970703
4.085310459136963,1731,73869269,0.05977201461791992
4.030172348022461,1732,73911968,0.05911684036254883
4.023555755615234,1733,73954667,0.05910468101501465
4.029398441314697,1734,73997366,0.060243844985961914
4.003626346588135,1735,74040065,0.05947709083557129
4.062675476074219,1736,74082764,0.0592198371887207
4.073671340942383,1737,74125463,0.05897974967956543
4.040102481842041,1738,74168162,0.05933856964111328
4.035516262054443,1739,74210861,0.059195756912231445
4.064904689788818,1740,74253560,0.059160709381103516
4.027854919433594,1741,74296259,0.05928444862365723
4.041396617889404,1742,74338958,0.060094594955444336
4.082814693450928,1743,74381657,0.05914759635925293
4.054208755493164,1744,74424356,0.059064626693725586
4.059190273284912,1745,74467055,0.05908203125
4.060720443725586,1746,74509754,0.05983304977416992
4.019546985626221,1747,74552453,0.0577549934387207
4.043445587158203,1748,74595152,0.05628705024719238
4.0742597579956055,1749,74637851,0.055998802185058594
4.063244819641113,1750,74680550,0.05607938766479492
4.062819004058838,1751,74723249,0.05605912208557129
4.015846252441406,1752,74765948,0.055908918380737305
4.060128688812256,1753,74808647,0.05603528022766113
4.044580936431885,1754,74851346,0.05729079246520996
4.0743255615234375,1755,74894045,0.0565645694732666
4.0273847579956055,1756,74936744,0.05613827705383301
4.058083534240723,1757,74979443,0.05599069595336914
4.0175886154174805,1758,75022142,0.05613398551940918
4.0424323081970215,1759,75064841,0.056478023529052734
4.067791938781738,1760,75107540,0.05617642402648926
4.036561965942383,1761,75150239,0.05603194236755371
4.004169940948486,1762,75192938,0.05623054504394531
4.040457248687744,1763,75235637,0.055938720703125
4.050465106964111,1764,75278336,0.05601906776428223
4.036545276641846,1765,75321035,0.0575556755065918
4.0963287353515625,1766,75363734,0.05613064765930176
4.006336212158203,1767,75406433,0.05598115921020508
4.0223708152771,1768,75449132,0.056073904037475586
4.024170398712158,1769,75491831,0.05605745315551758
4.042146682739258,1770,75534530,0.05652570724487305
4.064614772796631,1771,75577229,0.05695509910583496
4.048543930053711,1772,75619928,0.05636906623840332
4.034054756164551,1773,75662627,0.05583620071411133
4.079235076904297,1774,75705326,0.05589151382446289
4.049313068389893,1775,75748025,0.05585646629333496
4.06580114364624,1776,75790724,0.055556535720825195
4.0848565101623535,1777,75833423,0.05559277534484863
4.028848171234131,1778,75876122,0.05750250816345215
4.040339469909668,1779,75918821,0.05780911445617676
4.056510925292969,1780,75961520,0.05880284309387207
4.028906345367432,1781,76004219,0.055558204650878906
4.012452125549316,1782,76046918,0.055396318435668945
4.048178195953369,1783,76089617,0.05545234680175781
4.057714462280273,1784,76132316,0.05512094497680664
4.046098709106445,1785,76175015,0.055227041244506836
4.07664155960083,1786,76217714,0.05579233169555664
4.018430709838867,1787,76260413,0.055077314376831055
4.0718536376953125,1788,76303112,0.0549626350402832
4.041885852813721,1789,76345811,0.05508017539978027
4.051937580108643,1790,76388510,0.05538129806518555
4.01444673538208,1791,76431209,0.05515265464782715
4.029747009277344,1792,76473908,0.05607104301452637
4.027950286865234,1793,76516607,0.05559945106506348
4.070553779602051,1794,76559306,0.05565810203552246
4.006386756896973,1795,76602005,0.05578470230102539
4.067394733428955,1796,76644704,0.05572152137756348
4.061861991882324,1797,76687403,0.05576801300048828
3.996157169342041,1798,76730102,0.056281089782714844
4.042542934417725,1799,76772801,0.05819439888000488
4.057567596435547,1800,76815500,0.059185028076171875
4.066158771514893,1801,76858199,0.05808901786804199
3.995382070541382,1802,76900898,0.05772876739501953
4.017838478088379,1803,76943597,0.05579805374145508
4.033657073974609,1804,76986296,0.05602145195007324
4.05000638961792,1805,77028995,0.05590415000915527
4.022843360900879,1806,77071694,0.05579638481140137
4.039488315582275,1807,77114393,0.05637097358703613
4.030412673950195,1808,77157092,0.05568099021911621
4.060098648071289,1809,77199791,0.05571746826171875
4.035398960113525,1810,77242490,0.056359291076660156
4.036479473114014,1811,77285189,0.05594682693481445
4.071317672729492,1812,77327888,0.05577254295349121
4.078118801116943,1813,77370587,0.055626869201660156
4.059238910675049,1814,77413286,0.05553603172302246
4.050734519958496,1815,77455985,0.05574202537536621
4.045220375061035,1816,77498684,0.05644536018371582
4.049395561218262,1817,77541383,0.05605602264404297
4.022979736328125,1818,77584082,0.05582165718078613
4.043643474578857,1819,77626781,0.055786848068237305
4.058200359344482,1820,77669480,0.05578923225402832
4.050063610076904,1821,77712179,0.05564093589782715
4.009922027587891,1822,77754878,0.055632829666137695
4.064966678619385,1823,77797577,0.056346893310546875
4.06484842300415,1824,77840276,0.05573582649230957
4.052710056304932,1825,77882975,0.05553841590881348
4.058093070983887,1826,77925674,0.05604410171508789
4.002941131591797,1827,77968373,0.05571484565734863
4.012235164642334,1828,78011072,0.055638790130615234
4.035558700561523,1829,78053771,0.05580925941467285
4.010435581207275,1830,78096470,0.0560460090637207
4.043997764587402,1831,78139169,0.055725812911987305
4.034124374389648,1832,78181868,0.055793046951293945
4.040194988250732,1833,78224567,0.05642557144165039
4.047895908355713,1834,78267266,0.0559391975402832
4.055946350097656,1835,78309965,0.05579352378845215
4.020875453948975,1836,78352664,0.05577254295349121
4.017378807067871,1837,78395363,0.0557246208190918
4.0917181968688965,1838,78438062,0.05602693557739258
4.042396068572998,1839,78480761,0.055495262145996094
4.045200824737549,1840,78523460,0.05554938316345215
4.0226826667785645,1841,78566159,0.055609703063964844
4.029869079589844,1842,78608858,0.05640220642089844
4.071719646453857,1843,78651557,0.05575251579284668
4.072518348693848,1844,78694256,0.05555248260498047
4.067631244659424,1845,78736955,0.05572175979614258
4.092999458312988,1846,78779654,0.056220054626464844
4.039972305297852,1847,78822353,0.05596494674682617
4.066492080688477,1848,78865052,0.05626106262207031
4.031276702880859,1849,78907751,0.05562758445739746
4.055026531219482,1850,78950450,0.05570173263549805
4.084976673126221,1851,78993149,0.05547189712524414
4.052448272705078,1852,79035848,0.056044578552246094
4.0514936447143555,1853,79078547,0.055774688720703125
4.086605548858643,1854,79121246,0.05568075180053711
4.02972936630249,1855,79163945,0.05631613731384277
4.009650707244873,1856,79206644,0.0558779239654541
3.999480962753296,1857,79249343,0.05584979057312012
4.03909158706665,1858,79292042,0.055707693099975586
4.0101637840271,1859,79334741,0.055765628814697266
4.06869649887085,1860,79377440,0.0564577579498291
4.015673637390137,1861,79420139,0.05577564239501953
4.049452304840088,1862,79462838,0.05566859245300293
4.047874450683594,1863,79505537,0.05614519119262695
4.046850681304932,1864,79548236,0.05719733238220215
4.053537368774414,1865,79590935,0.05591845512390137
4.044370174407959,1866,79633634,0.0558774471282959
4.028005123138428,1867,79676333,0.05557966232299805
4.045630931854248,1868,79719032,0.0555264949798584
4.052692413330078,1869,79761731,0.05565953254699707
4.018019676208496,1870,79804430,0.05598783493041992
4.069448947906494,1871,79847129,0.05548381805419922
4.043023586273193,1872,79889828,0.05563783645629883
4.036487579345703,1873,79932527,0.05566215515136719
4.038038730621338,1874,79975226,0.05551862716674805
4.053821563720703,1875,80017925,0.05562853813171387
4.066140174865723,1876,80060624,0.05560135841369629
4.0802459716796875,1877,80103323,0.05564165115356445
4.064665794372559,1878,80146022,0.05558347702026367
4.04166841506958,1879,80188721,0.05558156967163086
4.047487735748291,1880,80231420,0.05602860450744629
4.067348003387451,1881,80274119,0.05579495429992676
4.048828601837158,1882,80316818,0.055629730224609375
4.022048473358154,1883,80359517,0.05557703971862793
4.015594482421875,1884,80402216,0.05570554733276367
4.050317287445068,1885,80444915,0.05558967590332031
4.06309700012207,1886,80487614,0.05592489242553711
3.9988343715667725,1887,80530313,0.05574464797973633
4.068606376647949,1888,80573012,0.05593109130859375
4.0489501953125,1889,80615711,0.05604672431945801
4.025644779205322,1890,80658410,0.055780649185180664
4.042556285858154,1891,80701109,0.05585289001464844
4.076012134552002,1892,80743808,0.05641913414001465
4.06356954574585,1893,80786507,0.05575823783874512
4.041660308837891,1894,80829206,0.05563545227050781
4.053675174713135,1895,80871905,0.05554962158203125
4.059031009674072,1896,80914604,0.05557131767272949
4.028892517089844,1897,80957303,0.05560111999511719
4.06402587890625,1898,81000002,0.05633878707885742
4.013774871826172,1899,81042701,0.05596590042114258
4.053659439086914,1900,81085400,0.05579710006713867
4.061750888824463,1901,81128099,0.055934906005859375
4.109831809997559,1902,81170798,0.056878089904785156
4.053250789642334,1903,81213497,0.05578422546386719
4.058420181274414,1904,81256196,0.057195186614990234
4.036374568939209,1905,81298895,0.0553433895111084
4.052259922027588,1906,81341594,0.05508685111999512
4.057961940765381,1907,81384293,0.05570387840270996
4.034563064575195,1908,81426992,0.05532479286193848
4.062010288238525,1909,81469691,0.05644726753234863
3.9936513900756836,1910,81512390,0.0555572509765625
4.061061382293701,1911,81555089,0.05538177490234375
4.028933048248291,1912,81597788,0.05639386177062988
4.074615955352783,1913,81640487,0.05540037155151367
4.0295281410217285,1914,81683186,0.055722951889038086
4.016960144042969,1915,81725885,0.055596351623535156
4.041538238525391,1916,81768584,0.055178165435791016
4.062854766845703,1917,81811283,0.05526471138000488
4.054469108581543,1918,81853982,0.05544781684875488
4.058858394622803,1919,81896681,0.055450439453125
4.04363489151001,1920,81939380,0.05522489547729492
4.045418739318848,1921,81982079,0.05503964424133301
4.031531810760498,1922,82024778,0.055283546447753906
4.056526184082031,1923,82067477,0.05528616905212402
4.063332557678223,1924,82110176,0.0554201602935791
3.997439384460449,1925,82152875,0.05583906173706055
4.032086372375488,1926,82195574,0.05608487129211426
4.025710105895996,1927,82238273,0.05555558204650879
4.038029670715332,1928,82280972,0.05549454689025879
4.035629749298096,1929,82323671,0.0554203987121582
4.0773162841796875,1930,82366370,0.0554966926574707
4.056112289428711,1931,82409069,0.055448293685913086
4.06449031829834,1932,82451768,0.05541539192199707
4.054299831390381,1933,82494467,0.05544424057006836
4.025630950927734,1934,82537166,0.05532550811767578
4.030543327331543,1935,82579865,0.05561232566833496
4.0547194480896,1936,82622564,0.05563235282897949
4.047855854034424,1937,82665263,0.05559134483337402
4.0243730545043945,1938,82707962,0.055760860443115234
4.063238143920898,1939,82750661,0.05545449256896973
4.026024341583252,1940,82793360,0.05554652214050293
4.073782920837402,1941,82836059,0.055336952209472656
4.0113019943237305,1942,82878758,0.05558037757873535
4.012848377227783,1943,82921457,0.055631399154663086
4.037193775177002,1944,82964156,0.055458784103393555
4.036205768585205,1945,83006855,0.05549120903015137
4.04901123046875,1946,83049554,0.05543351173400879
4.067667007446289,1947,83092253,0.055299997329711914
4.037132740020752,1948,83134952,0.05548405647277832
4.089639186859131,1949,83177651,0.05545783042907715
4.105870723724365,1950,83220350,0.05543088912963867
4.057473182678223,1951,83263049,0.05533909797668457
4.0699334144592285,1952,83305748,0.05544543266296387
4.105909824371338,1953,83348447,0.05539369583129883
4.023542404174805,1954,83391146,0.05555582046508789
4.0198445320129395,1955,83433845,0.0554044246673584
4.040397644042969,1956,83476544,0.055318593978881836
4.0321478843688965,1957,83519243,0.055344343185424805
4.065704345703125,1958,83561942,0.05551600456237793
4.027552127838135,1959,83604641,0.05545616149902344
4.0766167640686035,1960,83647340,0.05536794662475586
4.030148506164551,1961,83690039,0.05532503128051758
4.067511558532715,1962,83732738,0.055478811264038086
4.0537848472595215,1963,83775437,0.05549740791320801
4.030398368835449,1964,83818136,0.0554203987121582
4.025215148925781,1965,83860835,0.055577993392944336
4.045751094818115,1966,83903534,0.05538463592529297
4.069222927093506,1967,83946233,0.055348873138427734
4.034456729888916,1968,83988932,0.0554196834564209
4.064355850219727,1969,84031631,0.05540013313293457
4.058538913726807,1970,84074330,0.05541801452636719
4.033120632171631,1971,84117029,0.05531144142150879
4.05307149887085,1972,84159728,0.05559182167053223
4.045103549957275,1973,84202427,0.05542612075805664
4.0019354820251465,1974,84245126,0.05562949180603027
4.020971298217773,1975,84287825,0.05546164512634277
4.066654205322266,1976,84330524,0.05542182922363281
4.046712398529053,1977,84373223,0.05540204048156738
4.051851272583008,1978,84415922,0.055434226989746094
4.046191692352295,1979,84458621,0.05538034439086914
4.039959907531738,1980,84501320,0.0555417537689209
4.103091716766357,1981,84544019,0.05541682243347168
4.025890350341797,1982,84586718,0.05552554130554199
4.053739070892334,1983,84629417,0.05546975135803223
4.020672798156738,1984,84672116,0.055341482162475586
4.086045742034912,1985,84714815,0.055315256118774414
4.001555442810059,1986,84757514,0.05557823181152344
4.074153423309326,1987,84800213,0.05532956123352051
4.027109622955322,1988,84842912,0.05559110641479492
4.042142868041992,1989,84885611,0.055437326431274414
4.028205394744873,1990,84928310,0.055552005767822266
4.055195331573486,1991,84971009,0.05597710609436035
4.03848123550415,1992,85013708,0.055405616760253906
4.039461612701416,1993,85056407,0.05545377731323242
4.001028060913086,1994,85099106,0.055452823638916016
4.057925224304199,1995,85141805,0.05557560920715332
4.00590181350708,1996,85184504,0.055539846420288086
4.055594444274902,1997,85227203,0.05540752410888672
4.04719877243042,1998,85269902,0.05599570274353027
4.0441508293151855,1999,85312601,0.05579090118408203
4.046746253967285,2000,85355300,0.05584979057312012
4.030383586883545,2001,85397999,0.05618882179260254
4.015296459197998,2002,85440698,0.06212210655212402
4.060049057006836,2003,85483397,0.061007022857666016
4.052751064300537,2004,85526096,0.059181928634643555
4.066629886627197,2005,85568795,0.05767321586608887
4.0613274574279785,2006,85611494,0.05771183967590332
4.053661346435547,2007,85654193,0.055382728576660156
4.057971954345703,2008,85696892,0.055388450622558594
4.040350437164307,2009,85739591,0.055382490158081055
4.052365303039551,2010,85782290,0.055452823638916016
4.042398452758789,2011,85824989,0.055297136306762695
4.043188095092773,2012,85867688,0.05524778366088867
4.039568901062012,2013,85910387,0.055362701416015625
4.027957916259766,2014,85953086,0.055348873138427734
4.033465385437012,2015,85995785,0.05538034439086914
4.077115058898926,2016,86038484,0.05558514595031738
4.038739204406738,2017,86081183,0.05550861358642578
4.042605876922607,2018,86123882,0.05585074424743652
4.0107855796813965,2019,86166581,0.05628395080566406
4.0865864753723145,2020,86209280,0.05619192123413086
3.9992504119873047,2021,86251979,0.05623817443847656
4.059411525726318,2022,86294678,0.05621004104614258
4.0642409324646,2023,86337377,0.05628681182861328
4.05717658996582,2024,86380076,0.056407928466796875
4.045295715332031,2025,86422775,0.056203603744506836
4.083245277404785,2026,86465474,0.05592226982116699
4.02018404006958,2027,86508173,0.05591249465942383
4.042296886444092,2028,86550872,0.058275461196899414
4.036051273345947,2029,86593571,0.056884765625
3.9809656143188477,2030,86636270,0.05617046356201172
4.027559280395508,2031,86678969,0.05633139610290527
4.046812534332275,2032,86721668,0.05632448196411133
3.9839680194854736,2033,86764367,0.05615997314453125
4.018887042999268,2034,86807066,0.05633950233459473
4.031813144683838,2035,86849765,0.05632281303405762
4.084293365478516,2036,86892464,0.0564725399017334
4.036867141723633,2037,86935163,0.056088924407958984
4.037315845489502,2038,86977862,0.056120872497558594
4.058742523193359,2039,87020561,0.05592823028564453
4.0169291496276855,2040,87063260,0.055742502212524414
4.059372901916504,2041,87105959,0.05609488487243652
4.070497989654541,2042,87148658,0.05627870559692383
4.030331611633301,2043,87191357,0.05606818199157715
4.068820953369141,2044,87234056,0.056246042251586914
4.073103904724121,2045,87276755,0.05634903907775879
4.018707752227783,2046,87319454,0.05620431900024414
4.0490217208862305,2047,87362153,0.056412458419799805
4.042496681213379,2048,87404852,0.05640125274658203
4.027099132537842,2049,87447551,0.05635881423950195
4.0483198165893555,2050,87490250,0.056181907653808594
4.028229713439941,2051,87532949,0.056717872619628906
3.998143196105957,2052,87575648,0.05733346939086914
4.018927574157715,2053,87618347,0.05606842041015625
4.026200771331787,2054,87661046,0.05557870864868164
4.043503761291504,2055,87703745,0.05563092231750488
4.080490589141846,2056,87746444,0.05567002296447754
4.087766647338867,2057,87789143,0.0557856559753418
4.079592704772949,2058,87831842,0.05867314338684082
4.08552360534668,2059,87874541,0.05578970909118652
4.005784034729004,2060,87917240,0.05544567108154297
4.025638103485107,2061,87959939,0.05573248863220215
4.03148889541626,2062,88002638,0.05560874938964844
4.012588977813721,2063,88045337,0.05556011199951172
4.111742973327637,2064,88088036,0.057317256927490234
4.082130432128906,2065,88130735,0.05539441108703613
4.036118030548096,2066,88173434,0.055327653884887695
4.046365261077881,2067,88216133,0.0600123405456543
4.023441791534424,2068,88258832,0.05530595779418945
4.0615057945251465,2069,88301531,0.05530858039855957
4.020251274108887,2070,88344230,0.055205583572387695
4.05283260345459,2071,88386929,0.05675959587097168
4.060887813568115,2072,88429628,0.05581068992614746
4.061838150024414,2073,88472327,0.056218624114990234
4.061950206756592,2074,88515026,0.05655479431152344
4.027320861816406,2075,88557725,0.06042671203613281
4.024778366088867,2076,88600424,0.05660247802734375
4.054248809814453,2077,88643123,0.05574941635131836
4.0357890129089355,2078,88685822,0.05657529830932617
4.0446906089782715,2079,88728521,0.05588579177856445
4.034028053283691,2080,88771220,0.05547022819519043
4.03477144241333,2081,88813919,0.055876970291137695
4.04372501373291,2082,88856618,0.05611109733581543
4.030392646789551,2083,88899317,0.05631446838378906
4.0365753173828125,2084,88942016,0.0561978816986084
4.04003381729126,2085,88984715,0.05564618110656738
4.045717716217041,2086,89027414,0.05590963363647461
4.036012649536133,2087,89070113,0.05661463737487793
4.010916233062744,2088,89112812,0.05580615997314453
4.007753849029541,2089,89155511,0.055467844009399414
4.055360317230225,2090,89198210,0.055825233459472656
4.050255298614502,2091,89240909,0.05564713478088379
4.071776866912842,2092,89283608,0.055217742919921875
4.084291458129883,2093,89326307,0.05495786666870117
4.068752288818359,2094,89369006,0.05596613883972168
4.029260158538818,2095,89411705,0.05554556846618652
4.032320499420166,2096,89454404,0.0553898811340332
4.037056922912598,2097,89497103,0.055368900299072266
3.9749841690063477,2098,89539802,0.055176496505737305
3.9981353282928467,2099,89582501,0.05558633804321289
4.006093978881836,2100,89625200,0.05664944648742676
4.079219818115234,2101,89667899,0.05607342720031738
4.049649238586426,2102,89710598,0.05765175819396973
4.0371222496032715,2103,89753297,0.05620551109313965
4.029345512390137,2104,89795996,0.055742502212524414
4.01358699798584,2105,89838695,0.055891990661621094
4.098231315612793,2106,89881394,0.055898427963256836
4.038115978240967,2107,89924093,0.055567026138305664
3.993342161178589,2108,89966792,0.05647635459899902
4.028284549713135,2109,90009491,0.055481910705566406
4.009018421173096,2110,90052190,0.05552554130554199
3.993227243423462,2111,90094889,0.055819034576416016
4.05333948135376,2112,90137588,0.05574345588684082
4.064957618713379,2113,90180287,0.05569767951965332
4.091291904449463,2114,90222986,0.05560016632080078
4.008264064788818,2115,90265685,0.05561637878417969
4.045982837677002,2116,90308384,0.05560445785522461
4.005289554595947,2117,90351083,0.05642533302307129
4.024538993835449,2118,90393782,0.05603218078613281
4.025320053100586,2119,90436481,0.05538487434387207
4.046274185180664,2120,90479180,0.055591583251953125
4.018314838409424,2121,90521879,0.055603742599487305
4.056913375854492,2122,90564578,0.05570220947265625
4.038359642028809,2123,90607277,0.05557751655578613
4.03413724899292,2124,90649976,0.0565032958984375
4.044548034667969,2125,90692675,0.055698394775390625
4.0676984786987305,2126,90735374,0.05574464797973633
4.018568515777588,2127,90778073,0.05621480941772461
4.072497367858887,2128,90820772,0.055914878845214844
4.050083637237549,2129,90863471,0.055585384368896484
4.032824516296387,2130,90906170,0.055504560470581055
4.068946361541748,2131,90948869,0.05547666549682617
4.038841247558594,2132,90991568,0.05596756935119629
4.060031414031982,2133,91034267,0.056157588958740234
4.0607380867004395,2134,91076966,0.05637621879577637
4.052703857421875,2135,91119665,0.0562286376953125
3.9578938484191895,2136,91162364,0.05584216117858887
3.9601078033447266,2137,91205063,0.05618596076965332
4.035568714141846,2138,91247762,0.05571722984313965
4.056063175201416,2139,91290461,0.05580306053161621
4.026743412017822,2140,91333160,0.05608201026916504
4.018804550170898,2141,91375859,0.05580759048461914
4.050800800323486,2142,91418558,0.055722713470458984
4.038787364959717,2143,91461257,0.05674624443054199
4.043713569641113,2144,91503956,0.05610489845275879
4.039584636688232,2145,91546655,0.05592632293701172
4.098467826843262,2146,91589354,0.05611133575439453
4.035461902618408,2147,91632053,0.05622148513793945
3.989105224609375,2148,91674752,0.055932044982910156
4.0308122634887695,2149,91717451,0.055587053298950195
4.021591663360596,2150,91760150,0.055876970291137695
4.060556411743164,2151,91802849,0.05582833290100098
4.051347255706787,2152,91845548,0.0559084415435791
4.070323944091797,2153,91888247,0.05576348304748535
4.052090167999268,2154,91930946,0.05560874938964844
4.081092834472656,2155,91973645,0.05652022361755371
4.066544055938721,2156,92016344,0.056175947189331055
3.999192476272583,2157,92059043,0.05568861961364746
4.041789531707764,2158,92101742,0.055764198303222656
4.039645195007324,2159,92144441,0.05552935600280762
4.003391742706299,2160,92187140,0.0567171573638916
4.044412136077881,2161,92229839,0.0558474063873291
4.037578582763672,2162,92272538,0.055626869201660156
4.053436756134033,2163,92315237,0.05590558052062988
4.038549900054932,2164,92357936,0.056111812591552734
4.0034918785095215,2165,92400635,0.05680584907531738
4.0661940574646,2166,92443334,0.0556790828704834
4.064809799194336,2167,92486033,0.055665016174316406
4.071134567260742,2168,92528732,0.05564451217651367
4.045557975769043,2169,92571431,0.05570244789123535
4.0493998527526855,2170,92614130,0.057053327560424805
4.079493522644043,2171,92656829,0.05585598945617676
4.016758441925049,2172,92699528,0.05778384208679199
4.062510013580322,2173,92742227,0.05603218078613281
4.045044422149658,2174,92784926,0.05613517761230469
4.008275508880615,2175,92827625,0.05624890327453613
4.036428928375244,2176,92870324,0.056586503982543945
4.019294738769531,2177,92913023,0.05660390853881836
4.0595526695251465,2178,92955722,0.05642342567443848
4.0300750732421875,2179,92998421,0.05614948272705078
4.017575263977051,2180,93041120,0.05728340148925781
4.046597957611084,2181,93083819,0.0562591552734375
4.054961681365967,2182,93126518,0.05549168586730957
4.046238899230957,2183,93169217,0.05573630332946777
4.071146488189697,2184,93211916,0.0556788444519043
4.079586505889893,2185,93254615,0.05576968193054199
4.021388053894043,2186,93297314,0.056038618087768555
3.9848363399505615,2187,93340013,0.05576968193054199
4.05066442489624,2188,93382712,0.05553841590881348
4.071656227111816,2189,93425411,0.055481910705566406
4.005298614501953,2190,93468110,0.05559730529785156
4.038480281829834,2191,93510809,0.055628299713134766
4.0365309715271,2192,93553508,0.05559825897216797
4.011015892028809,2193,93596207,0.05573916435241699
4.004881858825684,2194,93638906,0.055726051330566406
4.024853229522705,2195,93681605,0.05602312088012695
4.075163841247559,2196,93724304,0.05569911003112793
4.085325717926025,2197,93767003,0.05564141273498535
4.041894912719727,2198,93809702,0.05567336082458496
4.062999248504639,2199,93852401,0.0570530891418457
4.013190746307373,2200,93895100,0.05587482452392578
4.004251003265381,2201,93937799,0.05545830726623535
4.030848026275635,2202,93980498,0.05778098106384277
4.032465934753418,2203,94023197,0.05618572235107422
4.033048152923584,2204,94065896,0.05558323860168457
4.002701759338379,2205,94108595,0.05616188049316406
4.086849689483643,2206,94151294,0.05610322952270508
4.038814067840576,2207,94193993,0.055202484130859375
4.043766975402832,2208,94236692,0.0565185546875
4.039680480957031,2209,94279391,0.055883169174194336
4.05278205871582,2210,94322090,0.05545401573181152
4.048760414123535,2211,94364789,0.056485891342163086
4.035919666290283,2212,94407488,0.056307077407836914
4.0666728019714355,2213,94450187,0.055526018142700195
4.036038875579834,2214,94492886,0.05534863471984863
4.008022308349609,2215,94535585,0.05556654930114746
4.036213397979736,2216,94578284,0.05544400215148926
4.003041744232178,2217,94620983,0.056221961975097656
4.064300060272217,2218,94663682,0.05600595474243164
4.048540115356445,2219,94706381,0.055615901947021484
4.061309814453125,2220,94749080,0.05579876899719238
4.037766933441162,2221,94791779,0.05601358413696289
4.056395530700684,2222,94834478,0.05558419227600098
4.028719425201416,2223,94877177,0.055512428283691406
4.027483940124512,2224,94919876,0.05636286735534668
4.043970584869385,2225,94962575,0.05582928657531738
4.050297737121582,2226,95005274,0.055554866790771484
4.030600547790527,2227,95047973,0.05588126182556152
4.04032039642334,2228,95090672,0.05652356147766113
4.042050838470459,2229,95133371,0.055728912353515625
4.034548282623291,2230,95176070,0.05573010444641113
4.064627647399902,2231,95218769,0.05555582046508789
4.016499042510986,2232,95261468,0.05571436882019043
4.049860954284668,2233,95304167,0.055774688720703125
4.040153980255127,2234,95346866,0.05567526817321777
4.0263895988464355,2235,95389565,0.05624699592590332
4.041849613189697,2236,95432264,0.05584430694580078
4.049811363220215,2237,95474963,0.05564594268798828
4.054746627807617,2238,95517662,0.055684566497802734
4.056936264038086,2239,95560361,0.05591750144958496
4.052717208862305,2240,95603060,0.05569124221801758
4.058018207550049,2241,95645759,0.0555272102355957
4.022775173187256,2242,95688458,0.05559086799621582
4.042104721069336,2243,95731157,0.0557703971862793
4.052607536315918,2244,95773856,0.05591535568237305
4.0861124992370605,2245,95816555,0.05613875389099121
4.040086269378662,2246,95859254,0.05578184127807617
4.06639289855957,2247,95901953,0.05569601058959961
4.025357723236084,2248,95944652,0.05658411979675293
4.029839515686035,2249,95987351,0.05585026741027832
3.9970881938934326,2250,96030050,0.05575871467590332
4.0451273918151855,2251,96072749,0.05562400817871094
4.011113166809082,2252,96115448,0.055609941482543945
4.056392669677734,2253,96158147,0.0555572509765625
4.069951057434082,2254,96200846,0.055713653564453125
3.993790626525879,2255,96243545,0.05569887161254883
4.046460151672363,2256,96286244,0.056862592697143555
4.037502288818359,2257,96328943,0.05601668357849121
4.02095365524292,2258,96371642,0.05571794509887695
4.0292439460754395,2259,96414341,0.0555267333984375
4.017453670501709,2260,96457040,0.05530953407287598
4.043207168579102,2261,96499739,0.05549788475036621
4.075938701629639,2262,96542438,0.05582618713378906
4.016000270843506,2263,96585137,0.05567216873168945
4.020943641662598,2264,96627836,0.05570387840270996
4.021685600280762,2265,96670535,0.05561327934265137
4.014370441436768,2266,96713234,0.0555417537689209
4.030881881713867,2267,96755933,0.05600905418395996
4.054427623748779,2268,96798632,0.05553269386291504
4.048640251159668,2269,96841331,0.055562496185302734
4.072873115539551,2270,96884030,0.05562925338745117
4.057183742523193,2271,96926729,0.0554201602935791
4.03790283203125,2272,96969428,0.05600619316101074
4.028082370758057,2273,97012127,0.0556182861328125
4.067983627319336,2274,97054826,0.055577754974365234
4.048363208770752,2275,97097525,0.05543828010559082
4.036777019500732,2276,97140224,0.05546307563781738
4.067203044891357,2277,97182923,0.05561971664428711
4.085195064544678,2278,97225622,0.05585885047912598
4.040165424346924,2279,97268321,0.055875539779663086
4.07015323638916,2280,97311020,0.055849552154541016
4.043374061584473,2281,97353719,0.05559682846069336
4.05989933013916,2282,97396418,0.05624198913574219
4.038821220397949,2283,97439117,0.05630064010620117
4.042344570159912,2284,97481816,0.05569863319396973
4.051374912261963,2285,97524515,0.05769014358520508
4.014103889465332,2286,97567214,0.05670475959777832
4.0289506912231445,2287,97609913,0.056108951568603516
4.018808841705322,2288,97652612,0.05636334419250488
4.087549686431885,2289,97695311,0.0562441349029541
4.034947395324707,2290,97738010,0.05611085891723633
4.0370283126831055,2291,97780709,0.05591225624084473
4.073910236358643,2292,97823408,0.05605649948120117
4.034294605255127,2293,97866107,0.0560758113861084
4.008355617523193,2294,97908806,0.0568385124206543
4.0458550453186035,2295,97951505,0.05623054504394531
4.073824882507324,2296,97994204,0.05601382255554199
4.037418365478516,2297,98036903,0.05610227584838867
4.026246547698975,2298,98079602,0.0560762882232666
4.070313453674316,2299,98122301,0.05631613731384277
4.021630764007568,2300,98165000,0.05774736404418945
4.067910194396973,2301,98207699,0.056269168853759766
4.050873756408691,2302,98250398,0.06055760383605957
4.026126384735107,2303,98293097,0.05873703956604004
4.036223411560059,2304,98335796,0.0586094856262207
4.064136028289795,2305,98378495,0.05855226516723633
4.032703399658203,2306,98421194,0.058402299880981445
4.003523349761963,2307,98463893,0.059157371520996094
4.049065113067627,2308,98506592,0.05846071243286133
4.054055213928223,2309,98549291,0.05823373794555664
4.01052713394165,2310,98591990,0.05869174003601074
4.034271240234375,2311,98634689,0.05884814262390137
4.056894302368164,2312,98677388,0.058408260345458984
4.071593761444092,2313,98720087,0.05816173553466797
4.066953659057617,2314,98762786,0.05854153633117676
4.045910835266113,2315,98805485,0.05811357498168945
4.042799949645996,2316,98848184,0.05844235420227051
4.011455535888672,2317,98890883,0.05832338333129883
4.069437026977539,2318,98933582,0.05810236930847168
4.044355869293213,2319,98976281,0.05823349952697754
4.0274786949157715,2320,99018980,0.05822324752807617
4.084954738616943,2321,99061679,0.05860471725463867
4.060098171234131,2322,99104378,0.05682086944580078
4.057537078857422,2323,99147077,0.0561070442199707
4.03311824798584,2324,99189776,0.05577659606933594
4.066878318786621,2325,99232475,0.056062936782836914
4.035964488983154,2326,99275174,0.056287288665771484
4.043275356292725,2327,99317873,0.05596351623535156
4.0183916091918945,2328,99360572,0.05599570274353027
4.062497138977051,2329,99403271,0.056008338928222656
4.025110721588135,2330,99445970,0.05579566955566406
4.025559425354004,2331,99488669,0.05620384216308594
3.990542411804199,2332,99531368,0.05604720115661621
4.032888412475586,2333,99574067,0.055930376052856445
4.039371013641357,2334,99616766,0.056051015853881836
4.04020357131958,2335,99659465,0.05591750144958496
4.033069610595703,2336,99702164,0.05678272247314453
4.058511257171631,2337,99744863,0.05599522590637207
4.01107931137085,2338,99787562,0.056066274642944336
4.023106098175049,2339,99830261,0.056043148040771484
4.018397331237793,2340,99872960,0.055982112884521484
4.048366546630859,2341,99915659,0.055950164794921875
4.029755115509033,2342,99958358,0.05617117881774902
4.0457258224487305,2343,100001057,0.05606698989868164
