6.968674182891846,2,42698,0.420060396194458
6.97023344039917,3,85397,0.05687093734741211
6.971091270446777,4,128096,0.08453226089477539
6.96921968460083,5,170795,0.06286144256591797
6.971942901611328,6,213494,0.0608820915222168
6.969462871551514,7,256193,0.06079983711242676
6.96591854095459,8,298892,0.058785438537597656
6.964125156402588,9,341591,0.05883216857910156
6.965198516845703,10,384290,0.05868220329284668
6.960857391357422,11,426989,0.058733224868774414
6.9601616859436035,12,469688,0.05882596969604492
6.95456600189209,13,512387,0.059044599533081055
6.953517913818359,14,555086,0.05861806869506836
6.948491096496582,15,597785,0.05897259712219238
6.945434093475342,16,640484,0.0588526725769043
6.939902305603027,17,683183,0.05663347244262695
6.933852672576904,18,725882,0.05620908737182617
6.930348873138428,19,768581,0.05588531494140625
6.922782897949219,20,811280,0.056005001068115234
6.917776584625244,21,853979,0.055941104888916016
6.9097185134887695,22,896678,0.05594205856323242
6.9040207862854,23,939377,0.05605459213256836
6.895764350891113,24,982076,0.056076765060424805
6.888176441192627,25,1024775,0.05603599548339844
6.880184650421143,26,1067474,0.056708335876464844
6.873791217803955,27,1110173,0.056197404861450195
6.866209506988525,28,1152872,0.05612325668334961
6.860851764678955,29,1195571,0.05601763725280762
6.851293563842773,30,1238270,0.05602717399597168
6.84151029586792,31,1280969,0.055791378021240234
6.832965850830078,32,1323668,0.05602431297302246
6.8286895751953125,33,1366367,0.0563204288482666
6.813140869140625,34,1409066,0.05619478225708008
6.804142951965332,35,1451765,0.05643033981323242
6.794550895690918,36,1494464,0.05614519119262695
6.786681175231934,37,1537163,0.05608844757080078
6.773503303527832,38,1579862,0.05597281455993652
6.766196250915527,39,1622561,0.05615091323852539
6.7522759437561035,40,1665260,0.05583667755126953
6.744926452636719,41,1707959,0.05609416961669922
6.7330851554870605,42,1750658,0.05621933937072754
6.722463130950928,43,1793357,0.056113243103027344
6.713095188140869,44,1836056,0.05622982978820801
6.703989028930664,45,1878755,0.05632448196411133
6.691564559936523,46,1921454,0.05601906776428223
6.677608013153076,47,1964153,0.05595803260803223
6.667832851409912,48,2006852,0.05588102340698242
6.6558122634887695,49,2049551,0.05615878105163574
6.648817539215088,50,2092250,0.05597662925720215
6.635776519775391,51,2134949,0.05591297149658203
6.629175186157227,52,2177648,0.0560760498046875
6.61616325378418,53,2220347,0.057192325592041016
6.603421688079834,54,2263046,0.05643916130065918
6.590803146362305,55,2305745,0.055917978286743164
6.5783610343933105,56,2348444,0.0563664436340332
6.56873083114624,57,2391143,0.05607771873474121
6.558897495269775,58,2433842,0.05604743957519531
6.541790008544922,59,2476541,0.05604100227355957
6.537357807159424,60,2519240,0.05626344680786133
6.517742156982422,61,2561939,0.05661940574645996
6.509854793548584,62,2604638,0.05602836608886719
6.505067825317383,63,2647337,0.05584716796875
6.4898762702941895,64,2690036,0.05599212646484375
6.475138187408447,65,2732735,0.05595541000366211
6.464179039001465,66,2775434,0.05595803260803223
6.458220481872559,67,2818133,0.05580449104309082
6.4389872550964355,68,2860832,0.056060791015625
6.433201313018799,69,2903531,0.05613851547241211
6.4185991287231445,70,2946230,0.05594944953918457
6.412735939025879,71,2988929,0.05564284324645996
6.393460273742676,72,3031628,0.055931806564331055
6.379541397094727,73,3074327,0.05988430976867676
6.36957311630249,74,3117026,0.05617547035217285
6.363157749176025,75,3159725,0.055724143981933594
6.342853546142578,76,3202424,0.05604410171508789
6.336979389190674,77,3245123,0.05599045753479004
6.327286720275879,78,3287822,0.05601978302001953
6.316765308380127,79,3330521,0.0559382438659668
6.3024420738220215,80,3373220,0.05645012855529785
6.287800312042236,81,3415919,0.056348562240600586
6.279745578765869,82,3458618,0.05572986602783203
6.263935565948486,83,3501317,0.05576324462890625
6.2553791999816895,84,3544016,0.055689334869384766
6.235400676727295,85,3586715,0.05582547187805176
6.228538513183594,86,3629414,0.055731773376464844
6.212409973144531,87,3672113,0.05551576614379883
6.200872898101807,88,3714812,0.05592465400695801
6.188737869262695,89,3757511,0.05549216270446777
6.180411338806152,90,3800210,0.05537104606628418
6.168606281280518,91,3842909,0.05579495429992676
6.155620098114014,92,3885608,0.05573844909667969
6.138355255126953,93,3928307,0.055878639221191406
6.134321689605713,94,3971006,0.05565810203552246
6.11908483505249,95,4013705,0.05526852607727051
6.104033470153809,96,4056404,0.05559277534484863
6.085975646972656,97,4099103,0.055848121643066406
6.081627368927002,98,4141802,0.05579113960266113
6.06261682510376,99,4184501,0.055871009826660156
6.051297187805176,100,4227200,0.05581808090209961
6.037994384765625,101,4269899,0.0558316707611084
6.025341033935547,102,4312598,0.055783987045288086
6.006163120269775,103,4355297,0.05542254447937012
6.000771522521973,104,4397996,0.05578923225402832
5.980293273925781,105,4440695,0.0558629035949707
5.97098970413208,106,4483394,0.05552315711975098
5.958590030670166,107,4526093,0.0557405948638916
5.954200267791748,108,4568792,0.05557608604431152
5.9390058517456055,109,4611491,0.05542588233947754
5.922020435333252,110,4654190,0.055600643157958984
5.912293434143066,111,4696889,0.05537700653076172
5.8901047706604,112,4739588,0.05591750144958496
5.882404804229736,113,4782287,0.055644989013671875
5.860298156738281,114,4824986,0.05551934242248535
5.848960876464844,115,4867685,0.05556368827819824
5.8375163078308105,116,4910384,0.05591559410095215
5.834351062774658,117,4953083,0.0552675724029541
5.818009853363037,118,4995782,0.05552554130554199
5.800698757171631,119,5038481,0.05559134483337402
5.782311916351318,120,5081180,0.055558204650878906
5.756749153137207,121,5123879,0.055565834045410156
5.759407997131348,122,5166578,0.05545544624328613
5.740389823913574,123,5209277,0.0555419921875
5.720673561096191,124,5251976,0.05569911003112793
5.712787628173828,125,5294675,0.05567145347595215
5.690829277038574,126,5337374,0.055646419525146484
5.684203624725342,127,5380073,0.055370330810546875
5.670406341552734,128,5422772,0.05540060997009277
5.659408092498779,129,5465471,0.055295705795288086
5.651411533355713,130,5508170,0.05562329292297363
5.636563301086426,131,5550869,0.0572817325592041
5.626122951507568,132,5593568,0.05573010444641113
5.605127334594727,133,5636267,0.05567812919616699
5.588733196258545,134,5678966,0.05540037155151367
5.585430145263672,135,5721665,0.05567622184753418
5.557149410247803,136,5764364,0.055199623107910156
5.556168079376221,137,5807063,0.05565667152404785
5.535027027130127,138,5849762,0.055319786071777344
5.530027389526367,139,5892461,0.055783748626708984
5.513448715209961,140,5935160,0.05539393424987793
5.5005974769592285,141,5977859,0.05504894256591797
5.487473011016846,142,6020558,0.05537676811218262
5.473326206207275,143,6063257,0.0556485652923584
5.463172912597656,144,6105956,0.05531024932861328
5.448372840881348,145,6148655,0.055429697036743164
5.43173360824585,146,6191354,0.05538630485534668
5.412256717681885,147,6234053,0.05565977096557617
5.400088787078857,148,6276752,0.055341243743896484
5.385721683502197,149,6319451,0.05524182319641113
5.372067451477051,150,6362150,0.055526018142700195
5.3495192527771,151,6404849,0.05612468719482422
5.3394694328308105,152,6447548,0.05596327781677246
5.323383331298828,153,6490247,0.05587482452392578
5.3132805824279785,154,6532946,0.05567169189453125
5.285226345062256,155,6575645,0.055329322814941406
5.291054725646973,156,6618344,0.055389404296875
5.2530694007873535,157,6661043,0.055525779724121094
5.2214531898498535,158,6703742,0.05533576011657715
5.223427772521973,159,6746441,0.05540657043457031
5.219290256500244,160,6789140,0.055567264556884766
5.202945232391357,161,6831839,0.05539393424987793
5.1775641441345215,162,6874538,0.055420875549316406
5.152151584625244,163,6917237,0.05522632598876953
5.158779144287109,164,6959936,0.05539822578430176
5.145713806152344,165,7002635,0.05527687072753906
5.13469934463501,166,7045334,0.05518484115600586
5.102278232574463,167,7088033,0.05513644218444824
5.111966133117676,168,7130732,0.05527687072753906
5.0703277587890625,169,7173431,0.056192636489868164
5.062397480010986,170,7216130,0.05562782287597656
5.059985160827637,171,7258829,0.05539894104003906
5.040206432342529,172,7301528,0.05545949935913086
5.0111918449401855,173,7344227,0.05546975135803223
4.982173442840576,174,7386926,0.05514955520629883
5.0007219314575195,175,7429625,0.055470943450927734
4.9874467849731445,176,7472324,0.05536675453186035
4.943519592285156,177,7515023,0.055338382720947266
4.965024471282959,178,7557722,0.055571794509887695
4.943672180175781,179,7600421,0.05541539192199707
4.922752380371094,180,7643120,0.05552959442138672
4.913543224334717,181,7685819,0.055005550384521484
4.874440670013428,182,7728518,0.05555868148803711
4.9130144119262695,183,7771217,0.0556643009185791
4.862123012542725,184,7813916,0.05544328689575195
4.909329414367676,185,7856615,0.055052995681762695
4.842851161956787,186,7899314,0.0555417537689209
4.841177463531494,187,7942013,0.05537080764770508
4.834726810455322,188,7984712,0.05533170700073242
4.8035383224487305,189,8027411,0.05498623847961426
4.790580749511719,190,8070110,0.05533719062805176
4.7835493087768555,191,8112809,0.05508875846862793
4.777896881103516,192,8155508,0.055091142654418945
4.741513729095459,193,8198207,0.05552792549133301
4.739584445953369,194,8240906,0.05526876449584961
4.734151363372803,195,8283605,0.055429697036743164
4.7269463539123535,196,8326304,0.05536794662475586
4.723040580749512,197,8369003,0.05493307113647461
4.748659610748291,198,8411702,0.05518937110900879
4.701757431030273,199,8454401,0.05507779121398926
4.687958240509033,200,8497100,0.055193424224853516
4.710718631744385,201,8539799,0.05499005317687988
4.670798301696777,202,8582498,0.05506539344787598
4.670075416564941,203,8625197,0.05523872375488281
4.669166564941406,204,8667896,0.05529141426086426
4.652080059051514,205,8710595,0.055150747299194336
4.648166656494141,206,8753294,0.05558896064758301
4.702821731567383,207,8795993,0.055309295654296875
4.636310577392578,208,8838692,0.05523848533630371
4.617232799530029,209,8881391,0.05505871772766113
4.640563011169434,210,8924090,0.055030107498168945
4.647415637969971,211,8966789,0.055084943771362305
4.61043119430542,212,9009488,0.055037736892700195
4.646287441253662,213,9052187,0.05485272407531738
4.616096496582031,214,9094886,0.05517745018005371
4.5847907066345215,215,9137585,0.05515885353088379
4.578495979309082,216,9180284,0.05512523651123047
4.55068826675415,217,9222983,0.05536055564880371
4.596592903137207,218,9265682,0.05511736869812012
4.587859630584717,219,9308381,0.05594611167907715
4.589760780334473,220,9351080,0.05526900291442871
4.570216655731201,221,9393779,0.05534625053405762
4.570886611938477,222,9436478,0.0550994873046875
4.608335018157959,223,9479177,0.05504179000854492
4.56458044052124,224,9521876,0.05521416664123535
4.561010360717773,225,9564575,0.0551457405090332
4.569492340087891,226,9607274,0.05492877960205078
4.526949405670166,227,9649973,0.054955482482910156
4.574913501739502,228,9692672,0.05523371696472168
4.586687088012695,229,9735371,0.05489301681518555
4.5377092361450195,230,9778070,0.05494499206542969
4.5181565284729,231,9820769,0.055260419845581055
4.553812503814697,232,9863468,0.0552523136138916
4.5651373863220215,233,9906167,0.055216312408447266
4.517399311065674,234,9948866,0.05503487586975098
4.574542045593262,235,9991565,0.054818153381347656
4.506206035614014,236,10034264,0.05474042892456055
4.545276641845703,237,10076963,0.055013418197631836
4.522675514221191,238,10119662,0.054914236068725586
4.483646869659424,239,10162361,0.05562877655029297
4.4905314445495605,240,10205060,0.05560016632080078
4.492759704589844,241,10247759,0.055579423904418945
4.484025478363037,242,10290458,0.05527377128601074
4.50194787979126,243,10333157,0.05567359924316406
4.530735969543457,244,10375856,0.055181026458740234
4.510951042175293,245,10418555,0.055342674255371094
4.482429027557373,246,10461254,0.05533123016357422
4.488868236541748,247,10503953,0.055138587951660156
4.469827651977539,248,10546652,0.05524754524230957
4.482005596160889,249,10589351,0.05535101890563965
4.4487833976745605,250,10632050,0.05514049530029297
4.48544454574585,251,10674749,0.054988861083984375
4.426509857177734,252,10717448,0.05542182922363281
4.517263889312744,253,10760147,0.05540013313293457
4.506917953491211,254,10802846,0.05477571487426758
4.476574420928955,255,10845545,0.05518841743469238
4.5061869621276855,256,10888244,0.05488014221191406
4.447221279144287,257,10930943,0.05511903762817383
4.397536754608154,258,10973642,0.05507302284240723
4.366623878479004,259,11016341,0.054962873458862305
4.435754299163818,260,11059040,0.055251121520996094
4.401031494140625,261,11101739,0.05519533157348633
4.428286075592041,262,11144438,0.05545210838317871
4.384642601013184,263,11187137,0.05510067939758301
4.444199562072754,264,11229836,0.055040597915649414
4.4245076179504395,265,11272535,0.05519437789916992
4.399033069610596,266,11315234,0.055207014083862305
4.4042229652404785,267,11357933,0.05515098571777344
4.418494701385498,268,11400632,0.055191755294799805
4.475155353546143,269,11443331,0.05524563789367676
4.445769309997559,270,11486030,0.05532407760620117
4.392980098724365,271,11528729,0.05529642105102539
4.400950908660889,272,11571428,0.05512642860412598
4.456203460693359,273,11614127,0.05514264106750488
4.422601699829102,274,11656826,0.05503201484680176
4.379638195037842,275,11699525,0.05518698692321777
4.443116664886475,276,11742224,0.055253028869628906
4.416234493255615,277,11784923,0.05513787269592285
4.395583152770996,278,11827622,0.055060625076293945
4.443108558654785,279,11870321,0.05561470985412598
4.39489221572876,280,11913020,0.05556631088256836
4.4083075523376465,281,11955719,0.05523324012756348
4.4167375564575195,282,11998418,0.054963111877441406
4.376114368438721,283,12041117,0.05511474609375
4.419628143310547,284,12083816,0.05511903762817383
4.353313446044922,285,12126515,0.05524444580078125
4.419703006744385,286,12169214,0.05501294136047363
4.40474796295166,287,12211913,0.055152177810668945
4.355619430541992,288,12254612,0.0552823543548584
4.379607200622559,289,12297311,0.055243730545043945
4.3954362869262695,290,12340010,0.05545759201049805
4.344260215759277,291,12382709,0.05523490905761719
4.373240947723389,292,12425408,0.055078744888305664
4.364975929260254,293,12468107,0.05501508712768555
4.303727626800537,294,12510806,0.055071115493774414
4.318880081176758,295,12553505,0.055389404296875
4.371933937072754,296,12596204,0.05553030967712402
4.404785633087158,297,12638903,0.05530047416687012
4.367413520812988,298,12681602,0.05570411682128906
4.349296569824219,299,12724301,0.05519413948059082
4.337477207183838,300,12767000,0.05500030517578125
4.343319892883301,301,12809699,0.0549924373626709
4.349685192108154,302,12852398,0.05530834197998047
4.399486541748047,303,12895097,0.05530285835266113
4.344752311706543,304,12937796,0.05508089065551758
4.2924346923828125,305,12980495,0.05491518974304199
4.306726932525635,306,13023194,0.05521678924560547
4.362359523773193,307,13065893,0.054898738861083984
4.349379062652588,308,13108592,0.05534505844116211
4.382766246795654,309,13151291,0.05528831481933594
4.31953763961792,310,13193990,0.054984331130981445
4.343836307525635,311,13236689,0.05512404441833496
4.355059623718262,312,13279388,0.05511665344238281
4.32181978225708,313,13322087,0.0548548698425293
4.367840766906738,314,13364786,0.05532646179199219
4.357348442077637,315,13407485,0.05539226531982422
4.311509132385254,316,13450184,0.05546712875366211
4.318113327026367,317,13492883,0.05501842498779297
4.291833877563477,318,13535582,0.05516672134399414
4.31493616104126,319,13578281,0.054979801177978516
4.297408580780029,320,13620980,0.05504560470581055
4.293773174285889,321,13663679,0.054848670959472656
4.308719158172607,322,13706378,0.05509781837463379
4.316240310668945,323,13749077,0.0552520751953125
4.284045219421387,324,13791776,0.05538225173950195
4.329356670379639,325,13834475,0.05544877052307129
4.324364185333252,326,13877174,0.055379629135131836
4.313560962677002,327,13919873,0.05510878562927246
4.303504467010498,328,13962572,0.0553135871887207
4.3516459465026855,329,14005271,0.054892778396606445
4.344046115875244,330,14047970,0.05493617057800293
4.2942914962768555,331,14090669,0.054929256439208984
4.273545265197754,332,14133368,0.05540728569030762
4.319910526275635,333,14176067,0.05517840385437012
4.316158771514893,334,14218766,0.05523037910461426
4.278289318084717,335,14261465,0.055188894271850586
4.292966842651367,336,14304164,0.055006980895996094
4.300005912780762,337,14346863,0.05502128601074219
4.262437343597412,338,14389562,0.055238962173461914
4.289482593536377,339,14432261,0.055169105529785156
4.297189235687256,340,14474960,0.055208683013916016
4.2771525382995605,341,14517659,0.05530381202697754
4.298661231994629,342,14560358,0.05548357963562012
4.316168308258057,343,14603057,0.05524253845214844
4.316125869750977,344,14645756,0.055116891860961914
4.288595676422119,345,14688455,0.05520176887512207
4.287359237670898,346,14731154,0.055149078369140625
4.293180465698242,347,14773853,0.05525660514831543
4.316837310791016,348,14816552,0.05498671531677246
4.242135524749756,349,14859251,0.05494976043701172
4.321633338928223,350,14901950,0.05565333366394043
4.337072372436523,351,14944649,0.05500364303588867
4.2662034034729,352,14987348,0.05505537986755371
4.282155513763428,353,15030047,0.05503439903259277
4.293860912322998,354,15072746,0.05517578125
4.283802032470703,355,15115445,0.055085182189941406
4.2751569747924805,356,15158144,0.05486321449279785
4.243454933166504,357,15200843,0.05513477325439453
4.312407493591309,358,15243542,0.0550694465637207
4.239338397979736,359,15286241,0.055057525634765625
4.295376777648926,360,15328940,0.05532407760620117
4.279708385467529,361,15371639,0.05535411834716797
4.281793594360352,362,15414338,0.055152177810668945
4.276906967163086,363,15457037,0.055205583572387695
4.264629364013672,364,15499736,0.05524039268493652
4.282045364379883,365,15542435,0.05503201484680176
4.2480998039245605,366,15585134,0.05483722686767578
4.245082378387451,367,15627833,0.055161476135253906
4.283153533935547,368,15670532,0.05492830276489258
4.2947564125061035,369,15713231,0.05504298210144043
4.225211143493652,370,15755930,0.054952144622802734
4.233876705169678,371,15798629,0.055109500885009766
4.28226900100708,372,15841328,0.05512428283691406
4.227572441101074,373,15884027,0.05508732795715332
4.264109134674072,374,15926726,0.054972171783447266
4.3163886070251465,375,15969425,0.055167436599731445
4.24735689163208,376,16012124,0.05519676208496094
4.249329566955566,377,16054823,0.054889678955078125
4.258340358734131,378,16097522,0.0552525520324707
4.233270645141602,379,16140221,0.055609703063964844
4.2340922355651855,380,16182920,0.05515933036804199
4.28402853012085,381,16225619,0.055083513259887695
4.214606761932373,382,16268318,0.05527758598327637
4.243672847747803,383,16311017,0.055339813232421875
4.261266708374023,384,16353716,0.05513954162597656
4.249689102172852,385,16396415,0.055228471755981445
4.264758586883545,386,16439114,0.05523824691772461
4.208160877227783,387,16481813,0.055516719818115234
4.2575883865356445,388,16524512,0.0549626350402832
4.237964153289795,389,16567211,0.05496525764465332
4.270814895629883,390,16609910,0.05499744415283203
4.226762771606445,391,16652609,0.05495262145996094
4.220004558563232,392,16695308,0.05520033836364746
4.248125076293945,393,16738007,0.05510401725769043
4.229712963104248,394,16780706,0.0547633171081543
4.2470269203186035,395,16823405,0.055153608322143555
4.256120681762695,396,16866104,0.054894208908081055
4.220986843109131,397,16908803,0.054984331130981445
4.256276607513428,398,16951502,0.05557727813720703
4.232766151428223,399,16994201,0.055838584899902344
4.207638740539551,400,17036900,0.05537104606628418
4.225600719451904,401,17079599,0.05519819259643555
4.248858451843262,402,17122298,0.05536341667175293
4.231812000274658,403,17164997,0.05501890182495117
4.2080183029174805,404,17207696,0.055014848709106445
4.252025604248047,405,17250395,0.055552005767822266
4.230973243713379,406,17293094,0.05540919303894043
4.219540596008301,407,17335793,0.055095672607421875
4.201051235198975,408,17378492,0.055277109146118164
4.201322078704834,409,17421191,0.055207252502441406
4.259686470031738,410,17463890,0.05506753921508789
4.170853137969971,411,17506589,0.055136919021606445
4.18629789352417,412,17549288,0.05550861358642578
4.2103495597839355,413,17591987,0.05537009239196777
4.23322057723999,414,17634686,0.05531907081604004
4.229158878326416,415,17677385,0.05537271499633789
4.235477924346924,416,17720084,0.05509448051452637
4.202721118927002,417,17762783,0.055119991302490234
4.255153179168701,418,17805482,0.05508089065551758
4.188086032867432,419,17848181,0.05495738983154297
4.204925537109375,420,17890880,0.05528831481933594
4.180562973022461,421,17933579,0.055294036865234375
4.200549125671387,422,17976278,0.05552864074707031
4.251018524169922,423,18018977,0.05503654479980469
4.207352161407471,424,18061676,0.0552370548248291
4.2310075759887695,425,18104375,0.05535459518432617
4.198104381561279,426,18147074,0.05524253845214844
4.24854850769043,427,18189773,0.05529379844665527
4.233845233917236,428,18232472,0.05525016784667969
4.19961404800415,429,18275171,0.05513715744018555
4.1760969161987305,430,18317870,0.05510592460632324
4.230493068695068,431,18360569,0.05487704277038574
4.218050003051758,432,18403268,0.05500149726867676
4.171027660369873,433,18445967,0.055227041244506836
4.22452449798584,434,18488666,0.05559515953063965
4.217972278594971,435,18531365,0.05505037307739258
4.2573161125183105,436,18574064,0.05511951446533203
4.216422080993652,437,18616763,0.05524849891662598
4.216610431671143,438,18659462,0.055190086364746094
4.176801681518555,439,18702161,0.05498313903808594
4.233439922332764,440,18744860,0.05498552322387695
4.180670738220215,441,18787559,0.05527186393737793
4.230761528015137,442,18830258,0.05512547492980957
4.164996147155762,443,18872957,0.05515098571777344
4.206198692321777,444,18915656,0.05501914024353027
4.163692951202393,445,18958355,0.05513787269592285
4.190878868103027,446,19001054,0.05519604682922363
4.205267906188965,447,19043753,0.05518507957458496
4.205083847045898,448,19086452,0.05499267578125
4.218676567077637,449,19129151,0.055145263671875
4.184267997741699,450,19171850,0.05499005317687988
4.22572660446167,451,19214549,0.05522966384887695
4.228180408477783,452,19257248,0.05521726608276367
4.214070796966553,453,19299947,0.055119991302490234
4.200800895690918,454,19342646,0.055239200592041016
4.185562610626221,455,19385345,0.055347442626953125
4.248568058013916,456,19428044,0.055039167404174805
4.18878173828125,457,19470743,0.055413007736206055
4.167366981506348,458,19513442,0.05531716346740723
4.231618881225586,459,19556141,0.05508995056152344
4.20354700088501,460,19598840,0.05506157875061035
4.144657611846924,461,19641539,0.05497908592224121
4.161311149597168,462,19684238,0.055155038833618164
4.203275203704834,463,19726937,0.055402517318725586
4.192714214324951,464,19769636,0.05493283271789551
4.19506311416626,465,19812335,0.05524802207946777
4.230034828186035,466,19855034,0.05512046813964844
4.1930670738220215,467,19897733,0.05510711669921875
4.198471546173096,468,19940432,0.055027008056640625
4.211703777313232,469,19983131,0.055428504943847656
4.178711414337158,470,20025830,0.05524086952209473
4.192129611968994,471,20068529,0.055359840393066406
4.150763034820557,472,20111228,0.05523824691772461
4.1529645919799805,473,20153927,0.05509757995605469
4.16535758972168,474,20196626,0.05520892143249512
4.187487602233887,475,20239325,0.05515003204345703
4.204594135284424,476,20282024,0.055146217346191406
4.1944475173950195,477,20324723,0.054995059967041016
4.174983978271484,478,20367422,0.05504107475280762
4.178424835205078,479,20410121,0.05481314659118652
4.21216344833374,480,20452820,0.055251359939575195
4.1771039962768555,481,20495519,0.05539989471435547
4.201190948486328,482,20538218,0.05544114112854004
4.19447135925293,483,20580917,0.055335283279418945
4.233657360076904,484,20623616,0.05518937110900879
4.204946041107178,485,20666315,0.055325984954833984
4.1882829666137695,486,20709014,0.05504298210144043
4.203284740447998,487,20751713,0.05513882637023926
4.196269989013672,488,20794412,0.05485701560974121
4.179539680480957,489,20837111,0.05524301528930664
4.129093647003174,490,20879810,0.055295467376708984
4.18741512298584,491,20922509,0.055024147033691406
4.173936367034912,492,20965208,0.05527305603027344
4.1974592208862305,493,21007907,0.055146217346191406
4.200890064239502,494,21050606,0.05511927604675293
4.192095756530762,495,21093305,0.055181264877319336
4.202262878417969,496,21136004,0.05514121055603027
4.192202091217041,497,21178703,0.05510115623474121
4.176242828369141,498,21221402,0.05517435073852539
4.176239013671875,499,21264101,0.05532050132751465
4.1483378410339355,500,21306800,0.055300235748291016
4.157942771911621,501,21349499,0.05512523651123047
4.180044651031494,502,21392198,0.06187844276428223
4.200666904449463,503,21434897,0.05812978744506836
4.141497611999512,504,21477596,0.05850100517272949
4.1857099533081055,505,21520295,0.05847764015197754
4.151506423950195,506,21562994,0.05822038650512695
4.141595840454102,507,21605693,0.058007240295410156
4.196341514587402,508,21648392,0.0585780143737793
4.145369529724121,509,21691091,0.05878567695617676
4.149415969848633,510,21733790,0.05813169479370117
4.168699741363525,511,21776489,0.05800223350524902
4.175600051879883,512,21819188,0.05861377716064453
4.161341667175293,513,21861887,0.05818915367126465
4.144016742706299,514,21904586,0.05825304985046387
4.150635719299316,515,21947285,0.06140303611755371
4.193533897399902,516,21989984,0.05853605270385742
4.132862567901611,517,22032683,0.05839085578918457
4.133524417877197,518,22075382,0.057952880859375
4.129927158355713,519,22118081,0.058107852935791016
4.168598175048828,520,22160780,0.058966875076293945
4.120927810668945,521,22203479,0.058492183685302734
4.110538482666016,522,22246178,0.05831742286682129
4.1440749168396,523,22288877,0.058039188385009766
4.1755595207214355,524,22331576,0.058716773986816406
4.1663079261779785,525,22374275,0.05834650993347168
4.136063575744629,526,22416974,0.0581817626953125
4.190142631530762,527,22459673,0.05802726745605469
4.137214660644531,528,22502372,0.058573007583618164
4.088155269622803,529,22545071,0.058153629302978516
4.130957126617432,530,22587770,0.05808901786804199
4.161047458648682,531,22630469,0.05818343162536621
4.174061298370361,532,22673168,0.05831503868103027
4.137416362762451,533,22715867,0.05807232856750488
4.148247718811035,534,22758566,0.0580744743347168
4.127425670623779,535,22801265,0.058252811431884766
4.195777893066406,536,22843964,0.058714866638183594
4.165218353271484,537,22886663,0.058701515197753906
4.158532619476318,538,22929362,0.058272361755371094
4.1618547439575195,539,22972061,0.058072805404663086
4.109925270080566,540,23014760,0.05802154541015625
4.121891021728516,541,23057459,0.05832028388977051
4.135715007781982,542,23100158,0.05890512466430664
4.135597229003906,543,23142857,0.05836987495422363
4.131043434143066,544,23185556,0.05810213088989258
4.145558834075928,545,23228255,0.05801963806152344
4.1946234703063965,546,23270954,0.05918407440185547
4.116042137145996,547,23313653,0.05834317207336426
4.147592067718506,548,23356352,0.058026790618896484
4.137073040008545,549,23399051,0.057941436767578125
4.145567893981934,550,23441750,0.0579686164855957
4.149344444274902,551,23484449,0.05855417251586914
4.153010845184326,552,23527148,0.057713985443115234
4.147799491882324,553,23569847,0.05829262733459473
4.120408058166504,554,23612546,0.05809283256530762
4.128794193267822,555,23655245,0.05783367156982422
4.107458114624023,556,23697944,0.05804443359375
4.158517837524414,557,23740643,0.05816316604614258
4.157750129699707,558,23783342,0.05796051025390625
4.16612434387207,559,23826041,0.057923316955566406
4.1349287033081055,560,23868740,0.057967185974121094
4.130613803863525,561,23911439,0.05890488624572754
4.152527809143066,562,23954138,0.05831551551818848
4.149106025695801,563,23996837,0.05804443359375
4.167616844177246,564,24039536,0.0581667423248291
4.120424270629883,565,24082235,0.05796241760253906
4.161368370056152,566,24124934,0.05785727500915527
4.119320392608643,567,24167633,0.057639122009277344
4.1498122215271,568,24210332,0.05832266807556152
4.148386478424072,569,24253031,0.05784010887145996
4.160096168518066,570,24295730,0.057784080505371094
4.160816192626953,571,24338429,0.05814480781555176
4.136711597442627,572,24381128,0.05764961242675781
4.148667812347412,573,24423827,0.05775308609008789
4.118910789489746,574,24466526,0.0585629940032959
4.136059284210205,575,24509225,0.0579378604888916
4.120046138763428,576,24551924,0.05768394470214844
4.143379211425781,577,24594623,0.05795598030090332
4.111307621002197,578,24637322,0.05801868438720703
4.143993854522705,579,24680021,0.057854652404785156
4.1223368644714355,580,24722720,0.05793929100036621
4.1684136390686035,581,24765419,0.05864548683166504
4.127775192260742,582,24808118,0.05769991874694824
4.140174388885498,583,24850817,0.05785703659057617
4.142192363739014,584,24893516,0.05839204788208008
4.12755012512207,585,24936215,0.05811953544616699
4.165324687957764,586,24978914,0.058259010314941406
4.142198085784912,587,25021613,0.05814838409423828
4.1130452156066895,588,25064312,0.05820512771606445
4.136026382446289,589,25107011,0.05791640281677246
4.1416015625,590,25149710,0.0579831600189209
4.112964153289795,591,25192409,0.05777764320373535
4.15018892288208,592,25235108,0.05744338035583496
4.143126487731934,593,25277807,0.05785489082336426
4.127641201019287,594,25320506,0.05829668045043945
4.122410774230957,595,25363205,0.057955265045166016
4.125177383422852,596,25405904,0.05791044235229492
4.133656024932861,597,25448603,0.058257102966308594
4.115931510925293,598,25491302,0.05849575996398926
4.142632484436035,599,25534001,0.05896186828613281
4.135766506195068,600,25576700,0.05834603309631348
4.115315914154053,601,25619399,0.057930707931518555
4.15261173248291,602,25662098,0.058455705642700195
4.090118885040283,603,25704797,0.05797457695007324
4.142273426055908,604,25747496,0.057845354080200195
4.12330961227417,605,25790195,0.05817699432373047
4.110993385314941,606,25832894,0.05780959129333496
4.104227066040039,607,25875593,0.05762982368469238
4.128856658935547,608,25918292,0.057969093322753906
4.1347856521606445,609,25960991,0.05816936492919922
4.13668155670166,610,26003690,0.0579676628112793
4.1370415687561035,611,26046389,0.05849599838256836
4.142667293548584,612,26089088,0.0580902099609375
4.140445709228516,613,26131787,0.057982683181762695
4.129115581512451,614,26174486,0.0581667423248291
4.11205530166626,615,26217185,0.057775020599365234
4.096955299377441,616,26259884,0.0576634407043457
4.1227569580078125,617,26302583,0.05966925621032715
4.14331579208374,618,26345282,0.0581965446472168
4.141168594360352,619,26387981,0.05805325508117676
4.081558704376221,620,26430680,0.058461904525756836
4.133030414581299,621,26473379,0.05829954147338867
4.119668483734131,622,26516078,0.0580441951751709
4.091400146484375,623,26558777,0.057740211486816406
4.110884666442871,624,26601476,0.05793285369873047
4.133617401123047,625,26644175,0.05823040008544922
4.085076332092285,626,26686874,0.05748152732849121
4.091117858886719,627,26729573,0.057988882064819336
4.075806140899658,628,26772272,0.05798935890197754
4.122480869293213,629,26814971,0.05787920951843262
4.109292507171631,630,26857670,0.057943105697631836
4.133294582366943,631,26900369,0.05823040008544922
4.135060787200928,632,26943068,0.057672739028930664
4.1370110511779785,633,26985767,0.0578465461730957
4.0653181076049805,634,27028466,0.05777764320373535
4.109271049499512,635,27071165,0.05785489082336426
4.115200042724609,636,27113864,0.058155059814453125
4.103337287902832,637,27156563,0.059676170349121094
4.099817752838135,638,27199262,0.057974815368652344
4.120118141174316,639,27241961,0.05784749984741211
4.115548133850098,640,27284660,0.057973384857177734
4.108893394470215,641,27327359,0.0577700138092041
4.0688700675964355,642,27370058,0.058272361755371094
4.10468864440918,643,27412757,0.05780673027038574
4.093947410583496,644,27455456,0.057729244232177734
4.105133056640625,645,27498155,0.05776262283325195
4.134330749511719,646,27540854,0.057968854904174805
4.10866117477417,647,27583553,0.0577692985534668
4.121996879577637,648,27626252,0.05807089805603027
4.129847049713135,649,27668951,0.05803799629211426
4.117282867431641,650,27711650,0.05771279335021973
4.101744174957275,651,27754349,0.057981252670288086
4.075244903564453,652,27797048,0.05774855613708496
4.100530624389648,653,27839747,0.05793881416320801
4.15311861038208,654,27882446,0.058159589767456055
4.074378967285156,655,27925145,0.05789017677307129
4.091577053070068,656,27967844,0.057672739028930664
4.102299690246582,657,28010543,0.05808591842651367
4.131865501403809,658,28053242,0.057940006256103516
4.096680164337158,659,28095941,0.058795928955078125
4.11240816116333,660,28138640,0.057965993881225586
4.069880962371826,661,28181339,0.057565927505493164
4.134246349334717,662,28224038,0.05771636962890625
4.11752986907959,663,28266737,0.058184146881103516
4.137220859527588,664,28309436,0.05804872512817383
4.111507892608643,665,28352135,0.05786776542663574
4.1350932121276855,666,28394834,0.05809140205383301
4.100768089294434,667,28437533,0.05794262886047363
4.118230819702148,668,28480232,0.05785083770751953
4.12658166885376,669,28522931,0.058005332946777344
4.098361968994141,670,28565630,0.058475494384765625
4.1335015296936035,671,28608329,0.05807614326477051
4.153676986694336,672,28651028,0.05806589126586914
4.090514183044434,673,28693727,0.05765414237976074
4.101475238800049,674,28736426,0.0577547550201416
4.09316873550415,675,28779125,0.05811882019042969
4.102207660675049,676,28821824,0.05799102783203125
4.127330303192139,677,28864523,0.05779600143432617
4.106293201446533,678,28907222,0.05773735046386719
4.103705406188965,679,28949921,0.05790114402770996
4.128973007202148,680,28992620,0.05789470672607422
4.112634658813477,681,29035319,0.05813145637512207
4.106760501861572,682,29078018,0.05798649787902832
4.101302146911621,683,29120717,0.05785560607910156
4.147183895111084,684,29163416,0.057904720306396484
4.108973503112793,685,29206115,0.05760455131530762
4.118387699127197,686,29248814,0.05788850784301758
4.055636405944824,687,29291513,0.05784916877746582
4.1075897216796875,688,29334212,0.057698965072631836
4.131784439086914,689,29376911,0.05818891525268555
4.066381931304932,690,29419610,0.057990312576293945
4.111166000366211,691,29462309,0.057547807693481445
4.106503009796143,692,29505008,0.057831764221191406
4.108339309692383,693,29547707,0.05865311622619629
4.1068115234375,694,29590406,0.05799508094787598
4.144418716430664,695,29633105,0.05790424346923828
4.103926181793213,696,29675804,0.058106184005737305
4.107731819152832,697,29718503,0.05828428268432617
4.1076812744140625,698,29761202,0.0583648681640625
4.103985786437988,699,29803901,0.058274269104003906
4.111799716949463,700,29846600,0.058157920837402344
4.0346150398254395,701,29889299,0.05800819396972656
4.0875959396362305,702,29931998,0.0579988956451416
4.111749172210693,703,29974697,0.058036088943481445
4.104224681854248,704,30017396,0.05788111686706543
4.0832133293151855,705,30060095,0.05784893035888672
4.075539588928223,706,30102794,0.05825948715209961
4.060638904571533,707,30145493,0.05833005905151367
4.089574813842773,708,30188192,0.0583345890045166
4.085780620574951,709,30230891,0.05797719955444336
4.088590621948242,710,30273590,0.05772900581359863
4.1024861335754395,711,30316289,0.05823707580566406
4.138007164001465,712,30358988,0.05810427665710449
4.042516231536865,713,30401687,0.05811166763305664
4.108992099761963,714,30444386,0.05802297592163086
4.132319927215576,715,30487085,0.05782175064086914
4.09214973449707,716,30529784,0.057997941970825195
4.083981037139893,717,30572483,0.05787801742553711
4.11978816986084,718,30615182,0.057494401931762695
4.069268226623535,719,30657881,0.05788421630859375
4.087106227874756,720,30700580,0.05801248550415039
4.082204341888428,721,30743279,0.05876493453979492
4.077966213226318,722,30785978,0.05797219276428223
4.122857570648193,723,30828677,0.058039188385009766
4.088385581970215,724,30871376,0.0577239990234375
4.0797014236450195,725,30914075,0.05774188041687012
4.084545135498047,726,30956774,0.057976484298706055
4.115365505218506,727,30999473,0.05798935890197754
4.100399494171143,728,31042172,0.05779623985290527
4.130399227142334,729,31084871,0.0580136775970459
4.073118209838867,730,31127570,0.05801510810852051
4.0706562995910645,731,31170269,0.05838584899902344
4.100776672363281,732,31212968,0.05774998664855957
4.094898223876953,733,31255667,0.05804181098937988
4.08727502822876,734,31298366,0.05785512924194336
4.114815711975098,735,31341065,0.057741641998291016
4.07283353805542,736,31383764,0.05851864814758301
4.091151714324951,737,31426463,0.05809187889099121
4.068626880645752,738,31469162,0.05779767036437988
4.1165595054626465,739,31511861,0.05803799629211426
4.098479270935059,740,31554560,0.057988882064819336
4.134825229644775,741,31597259,0.05803823471069336
4.080565929412842,742,31639958,0.05806541442871094
4.081554412841797,743,31682657,0.05806851387023926
4.063980579376221,744,31725356,0.05802655220031738
4.143303394317627,745,31768055,0.05784416198730469
4.1142754554748535,746,31810754,0.05787062644958496
4.13524866104126,747,31853453,0.057981014251708984
4.096816539764404,748,31896152,0.05790305137634277
4.088021755218506,749,31938851,0.05841517448425293
4.047133445739746,750,31981550,0.05888772010803223
4.08095121383667,751,32024249,0.05797243118286133
4.115098476409912,752,32066948,0.058112382888793945
4.086134433746338,753,32109647,0.05796980857849121
4.084980010986328,754,32152346,0.05814409255981445
4.098716735839844,755,32195045,0.05777621269226074
4.129441738128662,756,32237744,0.057810068130493164
4.092348575592041,757,32280443,0.05785703659057617
4.083216190338135,758,32323142,0.05794382095336914
4.113722801208496,759,32365841,0.05774211883544922
4.095757484436035,760,32408540,0.058049917221069336
4.071235179901123,761,32451239,0.057862043380737305
4.089827537536621,762,32493938,0.05771756172180176
4.085110187530518,763,32536637,0.05791139602661133
4.064995288848877,764,32579336,0.05800461769104004
4.09995174407959,765,32622035,0.05910968780517578
4.0730671882629395,766,32664734,0.05822443962097168
4.09354305267334,767,32707433,0.05882549285888672
4.103068828582764,768,32750132,0.05791115760803223
4.087939739227295,769,32792831,0.05807900428771973
4.060972690582275,770,32835530,0.058005332946777344
4.1248908042907715,771,32878229,0.05771613121032715
4.05579137802124,772,32920928,0.05782341957092285
4.091301918029785,773,32963627,0.057971954345703125
4.111288547515869,774,33006326,0.058130741119384766
4.068114280700684,775,33049025,0.05756115913391113
4.099507808685303,776,33091724,0.05817151069641113
4.0827531814575195,777,33134423,0.05788302421569824
4.066857814788818,778,33177122,0.057528018951416016
4.109663009643555,779,33219821,0.05796408653259277
4.0653181076049805,780,33262520,0.0576019287109375
4.098468780517578,781,33305219,0.05767965316772461
4.072745323181152,782,33347918,0.05788302421569824
4.068558692932129,783,33390617,0.05753827095031738
4.083280563354492,784,33433316,0.05793571472167969
4.130246162414551,785,33476015,0.05824017524719238
4.078129768371582,786,33518714,0.05799221992492676
4.106520652770996,787,33561413,0.05798482894897461
4.13506555557251,788,33604112,0.057974815368652344
4.125460624694824,789,33646811,0.0578770637512207
4.116891860961914,790,33689510,0.05807614326477051
4.08973503112793,791,33732209,0.05786323547363281
4.037551403045654,792,33774908,0.05778098106384277
4.100211143493652,793,33817607,0.0578150749206543
4.060568809509277,794,33860306,0.05783414840698242
4.084787368774414,795,33903005,0.05786848068237305
4.064697742462158,796,33945704,0.057451486587524414
4.080665111541748,797,33988403,0.05774831771850586
4.106362819671631,798,34031102,0.058418989181518555
4.08012056350708,799,34073801,0.057813167572021484
4.091578006744385,800,34116500,0.05797219276428223
4.071974754333496,801,34159199,0.05806708335876465
4.038474082946777,802,34201898,0.05781245231628418
4.090271472930908,803,34244597,0.05847334861755371
4.120594024658203,804,34287296,0.058119773864746094
4.084105491638184,805,34329995,0.05769777297973633
4.107646465301514,806,34372694,0.05770134925842285
4.060351371765137,807,34415393,0.05819582939147949
4.07733154296875,808,34458092,0.057715654373168945
4.111736297607422,809,34500791,0.058046579360961914
4.060666561126709,810,34543490,0.05799245834350586
4.097475528717041,811,34586189,0.057756662368774414
4.0877685546875,812,34628888,0.0578007698059082
4.086149215698242,813,34671587,0.05775141716003418
4.118210792541504,814,34714286,0.05800271034240723
4.071827411651611,815,34756985,0.057704925537109375
4.084834575653076,816,34799684,0.057914018630981445
4.105388641357422,817,34842383,0.05805063247680664
4.0732622146606445,818,34885082,0.058045387268066406
4.078976154327393,819,34927781,0.057903289794921875
4.06101655960083,820,34970480,0.05790400505065918
4.098354339599609,821,35013179,0.05803823471069336
4.086782932281494,822,35055878,0.058425188064575195
4.081847190856934,823,35098577,0.05762076377868652
4.064145565032959,824,35141276,0.05786013603210449
4.0574469566345215,825,35183975,0.05783653259277344
4.053990364074707,826,35226674,0.057967424392700195
4.014438629150391,827,35269373,0.0582275390625
4.084736347198486,828,35312072,0.05779576301574707
4.067530155181885,829,35354771,0.05783653259277344
4.078024864196777,830,35397470,0.05807662010192871
4.071822643280029,831,35440169,0.05776619911193848
4.0560126304626465,832,35482868,0.05789446830749512
4.087445259094238,833,35525567,0.058153629302978516
4.059000015258789,834,35568266,0.05767631530761719
4.067359447479248,835,35610965,0.057785987854003906
4.09273099899292,836,35653664,0.0576786994934082
4.0679450035095215,837,35696363,0.05792069435119629
4.094425201416016,838,35739062,0.05783367156982422
4.098670482635498,839,35781761,0.05771017074584961
4.098741054534912,840,35824460,0.05847740173339844
4.066742420196533,841,35867159,0.05771350860595703
4.068201065063477,842,35909858,0.05803513526916504
4.076638221740723,843,35952557,0.057849884033203125
4.083192348480225,844,35995256,0.057683467864990234
4.045770168304443,845,36037955,0.057724952697753906
4.107421398162842,846,36080654,0.0554203987121582
4.120914459228516,847,36123353,0.05530738830566406
4.065136909484863,848,36166052,0.05513310432434082
4.0740838050842285,849,36208751,0.05516481399536133
4.092236042022705,850,36251450,0.05516505241394043
4.100733757019043,851,36294149,0.0554957389831543
4.041941165924072,852,36336848,0.055322885513305664
4.031682968139648,853,36379547,0.05518627166748047
4.100385665893555,854,36422246,0.055288076400756836
4.083649158477783,855,36464945,0.0550074577331543
4.039706230163574,856,36507644,0.05521965026855469
4.069830417633057,857,36550343,0.05492830276489258
4.0486555099487305,858,36593042,0.055258989334106445
4.10878324508667,859,36635741,0.05521798133850098
4.059811115264893,860,36678440,0.05632781982421875
4.0878167152404785,861,36721139,0.05613136291503906
4.083662986755371,862,36763838,0.05534791946411133
4.063835144042969,863,36806537,0.05507254600524902
4.1185431480407715,864,36849236,0.05558133125305176
4.041399955749512,865,36891935,0.055329322814941406
4.026983737945557,866,36934634,0.05537724494934082
4.086832046508789,867,36977333,0.055132150650024414
4.0551347732543945,868,37020032,0.055255889892578125
4.067689418792725,869,37062731,0.055115461349487305
4.120742321014404,870,37105430,0.05535888671875
4.0610785484313965,871,37148129,0.05513429641723633
4.130801677703857,872,37190828,0.05503487586975098
4.086637020111084,873,37233527,0.05512428283691406
4.072961807250977,874,37276226,0.055204153060913086
4.064441204071045,875,37318925,0.05532050132751465
4.111393451690674,876,37361624,0.05526089668273926
4.056527137756348,877,37404323,0.05555105209350586
4.078460693359375,878,37447022,0.05543208122253418
4.093123435974121,879,37489721,0.05516219139099121
4.074222087860107,880,37532420,0.055167198181152344
4.084475517272949,881,37575119,0.05528140068054199
4.082350254058838,882,37617818,0.055155277252197266
4.066983222961426,883,37660517,0.05526304244995117
4.076303482055664,884,37703216,0.05513310432434082
4.060272693634033,885,37745915,0.054848670959472656
4.09559440612793,886,37788614,0.055135250091552734
4.062570095062256,887,37831313,0.05543112754821777
4.092628479003906,888,37874012,0.05545401573181152
4.087347984313965,889,37916711,0.05510687828063965
4.060340404510498,890,37959410,0.05526089668273926
4.085691928863525,891,38002109,0.0552363395690918
4.090318202972412,892,38044808,0.05496525764465332
4.109380722045898,893,38087507,0.054972171783447266
4.11405611038208,894,38130206,0.05504941940307617
4.065173625946045,895,38172905,0.05496788024902344
4.058829307556152,896,38215604,0.055420875549316406
4.03867769241333,897,38258303,0.05499148368835449
4.079258441925049,898,38301002,0.055335283279418945
4.089439392089844,899,38343701,0.05524563789367676
4.09269905090332,900,38386400,0.0551455020904541
4.05557918548584,901,38429099,0.05529165267944336
4.048253059387207,902,38471798,0.05643582344055176
4.073368549346924,903,38514497,0.055861473083496094
4.064909934997559,904,38557196,0.05507540702819824
4.078724384307861,905,38599895,0.05528664588928223
4.10117244720459,906,38642594,0.05541396141052246
4.119170188903809,907,38685293,0.05510520935058594
4.054769992828369,908,38727992,0.05482316017150879
4.066220283508301,909,38770691,0.055121660232543945
4.053580284118652,910,38813390,0.0552675724029541
4.122130870819092,911,38856089,0.055019378662109375
4.0797505378723145,912,38898788,0.055303335189819336
4.030937671661377,913,38941487,0.0562291145324707
4.063539505004883,914,38984186,0.05536174774169922
4.091392993927002,915,39026885,0.05538654327392578
4.076982021331787,916,39069584,0.055159568786621094
4.037900447845459,917,39112283,0.054994821548461914
4.071697235107422,918,39154982,0.055091142654418945
4.05730676651001,919,39197681,0.05516171455383301
4.060736656188965,920,39240380,0.054953813552856445
4.086326599121094,921,39283079,0.055741310119628906
4.0731987953186035,922,39325778,0.05563974380493164
4.044475555419922,923,39368477,0.05530190467834473
4.076540946960449,924,39411176,0.05537271499633789
4.0472941398620605,925,39453875,0.05548810958862305
4.0489115715026855,926,39496574,0.05515336990356445
4.046278476715088,927,39539273,0.05525493621826172
4.112013339996338,928,39581972,0.05531740188598633
4.056016445159912,929,39624671,0.055033206939697266
4.063612937927246,930,39667370,0.05511045455932617
4.048696517944336,931,39710069,0.05507850646972656
4.080757141113281,932,39752768,0.05516529083251953
4.067692756652832,933,39795467,0.05548882484436035
4.0743255615234375,934,39838166,0.05526328086853027
4.080578327178955,935,39880865,0.05492901802062988
4.032536506652832,936,39923564,0.05539965629577637
4.087619304656982,937,39966263,0.05542898178100586
4.0553083419799805,938,40008962,0.055315256118774414
4.071580410003662,939,40051661,0.056267738342285156
4.068272113800049,940,40094360,0.055587053298950195
4.086139678955078,941,40137059,0.05501675605773926
4.0361175537109375,942,40179758,0.05513358116149902
4.079526424407959,943,40222457,0.055208444595336914
4.10085916519165,944,40265156,0.054981231689453125
4.105706691741943,945,40307855,0.05501055717468262
4.053032875061035,946,40350554,0.055114030838012695
4.075721263885498,947,40393253,0.05519723892211914
4.068779468536377,948,40435952,0.05505251884460449
4.101346015930176,949,40478651,0.0549311637878418
4.065236568450928,950,40521350,0.05513429641723633
4.051435470581055,951,40564049,0.05497312545776367
4.086606502532959,952,40606748,0.055066823959350586
4.08334493637085,953,40649447,0.0550839900970459
4.076466083526611,954,40692146,0.05513167381286621
4.076564788818359,955,40734845,0.05487823486328125
4.0637969970703125,956,40777544,0.055196285247802734
4.0847249031066895,957,40820243,0.05501079559326172
4.071794509887695,958,40862942,0.05528616905212402
4.1093339920043945,959,40905641,0.05533409118652344
4.0472798347473145,960,40948340,0.05530977249145508
4.046318054199219,961,40991039,0.05525636672973633
4.065218448638916,962,41033738,0.055362701416015625
4.0694379806518555,963,41076437,0.055014848709106445
4.082909107208252,964,41119136,0.055006980895996094
4.029003620147705,965,41161835,0.05523371696472168
4.032764911651611,966,41204534,0.05511832237243652
4.053674221038818,967,41247233,0.055045366287231445
4.062654495239258,968,41289932,0.05511212348937988
4.076144218444824,969,41332631,0.05521559715270996
4.040646076202393,970,41375330,0.055048465728759766
4.059038162231445,971,41418029,0.05484724044799805
4.067195415496826,972,41460728,0.055081844329833984
4.045156478881836,973,41503427,0.05534958839416504
4.029199123382568,974,41546126,0.05498695373535156
4.040075778961182,975,41588825,0.05515408515930176
4.081931114196777,976,41631524,0.05496644973754883
4.040121078491211,977,41674223,0.0551302433013916
4.082267761230469,978,41716922,0.055191993713378906
4.06168270111084,979,41759621,0.055121660232543945
4.056136131286621,980,41802320,0.05507159233093262
4.079936504364014,981,41845019,0.055060386657714844
4.081009864807129,982,41887718,0.054975271224975586
4.091793060302734,983,41930417,0.05516529083251953
4.087715148925781,984,41973116,0.05510663986206055
4.080030918121338,985,42015815,0.055245161056518555
4.1000142097473145,986,42058514,0.05533146858215332
4.028748035430908,987,42101213,0.055095672607421875
4.067661285400391,988,42143912,0.0550990104675293
4.097962379455566,989,42186611,0.054969072341918945
4.094825267791748,990,42229310,0.05501246452331543
4.025328636169434,991,42272009,0.0550684928894043
4.085250377655029,992,42314708,0.054972171783447266
4.082247257232666,993,42357407,0.05519914627075195
4.073201656341553,994,42400106,0.055380821228027344
4.054276943206787,995,42442805,0.055373191833496094
4.089346885681152,996,42485504,0.05522418022155762
4.068032741546631,997,42528203,0.05513572692871094
4.074270248413086,998,42570902,0.05503726005554199
4.057023525238037,999,42613601,0.05537104606628418
4.104889869689941,1000,42656300,0.05518198013305664
4.040502548217773,1001,42698999,0.054930686950683594
4.065720081329346,1002,42741698,0.06451225280761719
4.071321487426758,1003,42784397,0.06366443634033203
4.054293632507324,1004,42827096,0.06169319152832031
4.052293300628662,1005,42869795,0.06107521057128906
4.050995826721191,1006,42912494,0.05850863456726074
4.087893962860107,1007,42955193,0.05546116828918457
4.056119441986084,1008,42997892,0.05554461479187012
4.077377796173096,1009,43040591,0.055466413497924805
4.056060791015625,1010,43083290,0.055860042572021484
4.084506988525391,1011,43125989,0.05537104606628418
4.037931442260742,1012,43168688,0.05506086349487305
4.074863433837891,1013,43211387,0.0557398796081543
4.050889492034912,1014,43254086,0.05553889274597168
4.077867031097412,1015,43296785,0.05524635314941406
4.0266265869140625,1016,43339484,0.055834293365478516
4.063383102416992,1017,43382183,0.05519747734069824
4.09146785736084,1018,43424882,0.05523514747619629
4.06441593170166,1019,43467581,0.055385589599609375
4.076417922973633,1020,43510280,0.05548691749572754
4.038664817810059,1021,43552979,0.05496549606323242
4.0351691246032715,1022,43595678,0.05557584762573242
4.069398403167725,1023,43638377,0.05557084083557129
4.07300329208374,1024,43681076,0.05532503128051758
4.07673454284668,1025,43723775,0.05558586120605469
4.066466331481934,1026,43766474,0.05525803565979004
4.064591884613037,1027,43809173,0.05517888069152832
4.043041706085205,1028,43851872,0.056050777435302734
4.0599565505981445,1029,43894571,0.05574512481689453
4.039140224456787,1030,43937270,0.055043697357177734
4.027614116668701,1031,43979969,0.0551905632019043
4.040256023406982,1032,44022668,0.054907798767089844
4.040615558624268,1033,44065367,0.055271148681640625
4.074005603790283,1034,44108066,0.05510377883911133
4.085241317749023,1035,44150765,0.05481576919555664
4.033576965332031,1036,44193464,0.055025577545166016
4.013619899749756,1037,44236163,0.055891990661621094
4.080617427825928,1038,44278862,0.05532693862915039
4.014132499694824,1039,44321561,0.05530381202697754
4.059591293334961,1040,44364260,0.05552411079406738
4.090094089508057,1041,44406959,0.05601763725280762
4.0395402908325195,1042,44449658,0.0557560920715332
4.079143047332764,1043,44492357,0.05526423454284668
4.051008224487305,1044,44535056,0.05494403839111328
4.065680027008057,1045,44577755,0.05520987510681152
4.072542667388916,1046,44620454,0.055319786071777344
4.0373969078063965,1047,44663153,0.0552065372467041
4.062465667724609,1048,44705852,0.055254220962524414
4.050014019012451,1049,44748551,0.05625557899475098
4.05222225189209,1050,44791250,0.05609321594238281
4.034114360809326,1051,44833949,0.0549166202545166
4.018427848815918,1052,44876648,0.05513715744018555
4.059807777404785,1053,44919347,0.055242061614990234
4.033763885498047,1054,44962046,0.05557847023010254
4.05888557434082,1055,45004745,0.0557703971862793
4.0188093185424805,1056,45047444,0.05571722984313965
4.054955005645752,1057,45090143,0.05556797981262207
4.06372594833374,1058,45132842,0.055490970611572266
4.07314920425415,1059,45175541,0.055739402770996094
4.057196140289307,1060,45218240,0.05630755424499512
4.077611446380615,1061,45260939,0.05595755577087402
4.044247627258301,1062,45303638,0.05539822578430176
4.103099346160889,1063,45346337,0.055121421813964844
4.079274654388428,1064,45389036,0.055226802825927734
4.0498175621032715,1065,45431735,0.05606579780578613
4.07804012298584,1066,45474434,0.05541586875915527
4.047861099243164,1067,45517133,0.05500507354736328
4.0403828620910645,1068,45559832,0.05495500564575195
4.089326858520508,1069,45602531,0.05531811714172363
4.072079181671143,1070,45645230,0.05511045455932617
4.056102752685547,1071,45687929,0.055522918701171875
4.049519062042236,1072,45730628,0.05502629280090332
4.070353984832764,1073,45773327,0.05518198013305664
4.076108455657959,1074,45816026,0.055558204650878906
4.08662223815918,1075,45858725,0.055294036865234375
4.0337018966674805,1076,45901424,0.05590963363647461
4.090063095092773,1077,45944123,0.05534195899963379
4.0474019050598145,1078,45986822,0.05515694618225098
4.035189151763916,1079,46029521,0.05515265464782715
3.9843125343322754,1080,46072220,0.05520272254943848
4.038107872009277,1081,46114919,0.05491757392883301
4.066786289215088,1082,46157618,0.05507516860961914
4.0653791427612305,1083,46200317,0.05545234680175781
4.069389820098877,1084,46243016,0.05540919303894043
4.074124336242676,1085,46285715,0.05510663986206055
4.028439998626709,1086,46328414,0.05529308319091797
4.061314582824707,1087,46371113,0.055147409439086914
4.034685134887695,1088,46413812,0.05521202087402344
4.061949253082275,1089,46456511,0.055275678634643555
4.074668884277344,1090,46499210,0.056099653244018555
4.04475212097168,1091,46541909,0.055191755294799805
4.105381488800049,1092,46584608,0.0552983283996582
4.133665561676025,1093,46627307,0.055118560791015625
4.04892110824585,1094,46670006,0.05513715744018555
4.070218086242676,1095,46712705,0.05525016784667969
4.01767635345459,1096,46755404,0.055055856704711914
4.0398969650268555,1097,46798103,0.05603194236755371
4.0714898109436035,1098,46840802,0.05580854415893555
4.0734100341796875,1099,46883501,0.05536031723022461
4.098304271697998,1100,46926200,0.05521702766418457
4.074453830718994,1101,46968899,0.05519533157348633
4.05613899230957,1102,47011598,0.05502939224243164
4.02614164352417,1103,47054297,0.05517458915710449
4.040031909942627,1104,47096996,0.05507302284240723
4.05335807800293,1105,47139695,0.05552077293395996
4.034380912780762,1106,47182394,0.05523276329040527
4.024217128753662,1107,47225093,0.055233001708984375
4.073429107666016,1108,47267792,0.055149078369140625
4.062244892120361,1109,47310491,0.055274009704589844
4.030702590942383,1110,47353190,0.055472612380981445
4.0178022384643555,1111,47395889,0.056017160415649414
4.063643932342529,1112,47438588,0.055417776107788086
4.062986850738525,1113,47481287,0.05528593063354492
4.042954444885254,1114,47523986,0.05504584312438965
4.043853759765625,1115,47566685,0.0550379753112793
4.03726053237915,1116,47609384,0.05518937110900879
4.072728633880615,1117,47652083,0.05503487586975098
4.039858341217041,1118,47694782,0.05509042739868164
4.059130668640137,1119,47737481,0.055307865142822266
4.034903526306152,1120,47780180,0.05565237998962402
4.045140743255615,1121,47822879,0.05576467514038086
4.101022243499756,1122,47865578,0.055405616760253906
4.056867599487305,1123,47908277,0.05522894859313965
4.049612522125244,1124,47950976,0.05522751808166504
4.080685138702393,1125,47993675,0.0551152229309082
4.060164451599121,1126,48036374,0.05479121208190918
4.0154008865356445,1127,48079073,0.055411577224731445
4.034420967102051,1128,48121772,0.055216073989868164
4.059713363647461,1129,48164471,0.05589461326599121
4.031081199645996,1130,48207170,0.05502176284790039
4.059659004211426,1131,48249869,0.05495882034301758
4.042048454284668,1132,48292568,0.05532336235046387
4.089532375335693,1133,48335267,0.05520987510681152
4.06082010269165,1134,48377966,0.055182456970214844
4.060292720794678,1135,48420665,0.05525994300842285
4.076117038726807,1136,48463364,0.055129289627075195
4.075145244598389,1137,48506063,0.05520510673522949
4.051583766937256,1138,48548762,0.05590224266052246
4.037576198577881,1139,48591461,0.05556154251098633
4.036535263061523,1140,48634160,0.055210113525390625
4.085877895355225,1141,48676859,0.0552825927734375
4.044761657714844,1142,48719558,0.05504035949707031
4.069324493408203,1143,48762257,0.05529475212097168
4.03035831451416,1144,48804956,0.05523848533630371
4.080533504486084,1145,48847655,0.05561065673828125
4.057281494140625,1146,48890354,0.05586957931518555
4.057871341705322,1147,48933053,0.05531787872314453
4.083232402801514,1148,48975752,0.05508279800415039
4.041108131408691,1149,49018451,0.055057525634765625
4.021852493286133,1150,49061150,0.054865360260009766
4.0182785987854,1151,49103849,0.055127620697021484
4.0484795570373535,1152,49146548,0.055146217346191406
4.072107791900635,1153,49189247,0.05492687225341797
4.05946159362793,1154,49231946,0.055106401443481445
4.08454704284668,1155,49274645,0.05524444580078125
4.060612201690674,1156,49317344,0.05609703063964844
4.064866065979004,1157,49360043,0.0556333065032959
4.0486040115356445,1158,49402742,0.05523967742919922
4.036647319793701,1159,49445441,0.054982662200927734
4.060456275939941,1160,49488140,0.05493307113647461
4.00286865234375,1161,49530839,0.05492043495178223
4.050382137298584,1162,49573538,0.055094003677368164
4.032355785369873,1163,49616237,0.055847883224487305
4.044638156890869,1164,49658936,0.05598568916320801
4.039912700653076,1165,49701635,0.0553286075592041
4.05485200881958,1166,49744334,0.055124521255493164
4.029718399047852,1167,49787033,0.05512857437133789
4.035656452178955,1168,49829732,0.055541276931762695
4.076475143432617,1169,49872431,0.05556488037109375
4.032583713531494,1170,49915130,0.05534052848815918
4.017104625701904,1171,49957829,0.05524897575378418
4.034519195556641,1172,50000528,0.05519556999206543
4.080136775970459,1173,50043227,0.05539655685424805
4.092767715454102,1174,50085926,0.05508756637573242
4.0429511070251465,1175,50128625,0.055078983306884766
4.080235481262207,1176,50171324,0.05490279197692871
4.1011152267456055,1177,50214023,0.0547642707824707
4.060436725616455,1178,50256722,0.054976463317871094
4.036816596984863,1179,50299421,0.05507802963256836
4.017280578613281,1180,50342120,0.055846214294433594
4.051618576049805,1181,50384819,0.055312156677246094
4.028631687164307,1182,50427518,0.055419921875
4.082627296447754,1183,50470217,0.055210113525390625
4.052776336669922,1184,50512916,0.05509066581726074
4.04910945892334,1185,50555615,0.05486917495727539
4.027419090270996,1186,50598314,0.05477714538574219
4.04029655456543,1187,50641013,0.055063486099243164
4.022873401641846,1188,50683712,0.05525851249694824
4.066587448120117,1189,50726411,0.05484724044799805
4.040708065032959,1190,50769110,0.05528450012207031
4.0334343910217285,1191,50811809,0.05523943901062012
4.063567161560059,1192,50854508,0.0560760498046875
4.054793357849121,1193,50897207,0.05521273612976074
4.037195205688477,1194,50939906,0.05517148971557617
4.088726043701172,1195,50982605,0.055245399475097656
4.06114387512207,1196,51025304,0.054975271224975586
4.060575008392334,1197,51068003,0.05507850646972656
4.060389041900635,1198,51110702,0.055248260498046875
4.036516189575195,1199,51153401,0.05507779121398926
4.029350757598877,1200,51196100,0.0552370548248291
4.070483684539795,1201,51238799,0.0552210807800293
4.072082042694092,1202,51281498,0.05498027801513672
4.0640058517456055,1203,51324197,0.05573868751525879
4.068586349487305,1204,51366896,0.055539846420288086
4.050967693328857,1205,51409595,0.0552060604095459
4.08888053894043,1206,51452294,0.05530190467834473
4.058704376220703,1207,51494993,0.05520462989807129
4.050207614898682,1208,51537692,0.05509233474731445
4.042764186859131,1209,51580391,0.0549619197845459
4.060002326965332,1210,51623090,0.0550379753112793
4.074753284454346,1211,51665789,0.05522584915161133
4.036135196685791,1212,51708488,0.05490875244140625
4.084125518798828,1213,51751187,0.055199623107910156
4.0392608642578125,1214,51793886,0.05517268180847168
4.014129161834717,1215,51836585,0.05577826499938965
4.047297477722168,1216,51879284,0.05554080009460449
4.027937889099121,1217,51921983,0.05508279800415039
4.03985595703125,1218,51964682,0.055220603942871094
4.129702091217041,1219,52007381,0.05514693260192871
4.06348180770874,1220,52050080,0.055089712142944336
4.060619354248047,1221,52092779,0.0548856258392334
4.0742692947387695,1222,52135478,0.05491185188293457
4.052932262420654,1223,52178177,0.055109262466430664
4.035904407501221,1224,52220876,0.05491042137145996
4.0358991622924805,1225,52263575,0.05515575408935547
4.102592945098877,1226,52306274,0.05516314506530762
4.104669094085693,1227,52348973,0.05502152442932129
4.055790424346924,1228,52391672,0.05510115623474121
4.046417236328125,1229,52434371,0.05525612831115723
4.012941360473633,1230,52477070,0.05663585662841797
4.019093990325928,1231,52519769,0.0562591552734375
4.083011150360107,1232,52562468,0.055383920669555664
4.066978454589844,1233,52605167,0.05537104606628418
4.057615280151367,1234,52647866,0.05544710159301758
4.061261177062988,1235,52690565,0.055370330810546875
4.039588451385498,1236,52733264,0.05548524856567383
4.047516822814941,1237,52775963,0.05534839630126953
4.040658473968506,1238,52818662,0.05530691146850586
4.10000467300415,1239,52861361,0.05551910400390625
4.045482158660889,1240,52904060,0.055501461029052734
4.029592037200928,1241,52946759,0.055353403091430664
4.026770114898682,1242,52989458,0.05527997016906738
4.070145130157471,1243,53032157,0.05547046661376953
4.052824020385742,1244,53074856,0.05561375617980957
4.0681047439575195,1245,53117555,0.05550265312194824
4.07724142074585,1246,53160254,0.056427717208862305
4.036680221557617,1247,53202953,0.05545783042907715
4.040129661560059,1248,53245652,0.058208465576171875
4.096112251281738,1249,53288351,0.05829453468322754
4.03024435043335,1250,53331050,0.05572009086608887
4.080332279205322,1251,53373749,0.055677175521850586
4.083405017852783,1252,53416448,0.05567455291748047
4.025704860687256,1253,53459147,0.0557858943939209
4.033286094665527,1254,53501846,0.055968523025512695
4.040857315063477,1255,53544545,0.055716514587402344
4.0542707443237305,1256,53587244,0.055593013763427734
4.042603015899658,1257,53629943,0.055782318115234375
4.047471523284912,1258,53672642,0.05707502365112305
4.042206764221191,1259,53715341,0.057830810546875
4.023410797119141,1260,53758040,0.05566525459289551
4.018710136413574,1261,53800739,0.056611061096191406
4.0804572105407715,1262,53843438,0.05620718002319336
4.031711578369141,1263,53886137,0.055750131607055664
4.024359226226807,1264,53928836,0.0582585334777832
4.044163227081299,1265,53971535,0.058489322662353516
4.047214508056641,1266,54014234,0.05950593948364258
4.074389457702637,1267,54056933,0.05853986740112305
4.061898708343506,1268,54099632,0.05841326713562012
4.036540508270264,1269,54142331,0.05695366859436035
4.074127197265625,1270,54185030,0.05763053894042969
4.062218189239502,1271,54227729,0.057418107986450195
4.068975448608398,1272,54270428,0.05649518966674805
4.013851642608643,1273,54313127,0.05601334571838379
4.07092809677124,1274,54355826,0.0558774471282959
4.063632011413574,1275,54398525,0.05747032165527344
4.058586597442627,1276,54441224,0.05779838562011719
4.0585455894470215,1277,54483923,0.05610513687133789
4.0604352951049805,1278,54526622,0.05573129653930664
4.07754373550415,1279,54569321,0.05568194389343262
4.046887397766113,1280,54612020,0.0557408332824707
4.057818412780762,1281,54654719,0.05562877655029297
4.04751443862915,1282,54697418,0.05575132369995117
4.055325508117676,1283,54740117,0.055694580078125
4.064146995544434,1284,54782816,0.05563092231750488
4.090333461761475,1285,54825515,0.05720663070678711
4.037490367889404,1286,54868214,0.05707740783691406
4.074839115142822,1287,54910913,0.05654191970825195
4.066760540008545,1288,54953612,0.05692172050476074
4.058533191680908,1289,54996311,0.057535648345947266
4.021427631378174,1290,55039010,0.05680966377258301
4.058028221130371,1291,55081709,0.05848836898803711
4.064026832580566,1292,55124408,0.05733156204223633
4.0227203369140625,1293,55167107,0.05852341651916504
4.072854042053223,1294,55209806,0.05858039855957031
4.085094451904297,1295,55252505,0.05847001075744629
3.98125958442688,1296,55295204,0.05860495567321777
4.030451774597168,1297,55337903,0.05849575996398926
3.9885284900665283,1298,55380602,0.05852365493774414
4.070108890533447,1299,55423301,0.05840754508972168
4.05831241607666,1300,55466000,0.05851125717163086
4.0244550704956055,1301,55508699,0.058359622955322266
4.109034538269043,1302,55551398,0.058699607849121094
4.041912078857422,1303,55594097,0.05855441093444824
4.053144931793213,1304,55636796,0.058452606201171875
4.032537460327148,1305,55679495,0.0585780143737793
4.050189018249512,1306,55722194,0.058388471603393555
4.015393257141113,1307,55764893,0.058570146560668945
4.056308746337891,1308,55807592,0.05851435661315918
4.073917388916016,1309,55850291,0.05886387825012207
4.067005157470703,1310,55892990,0.058643341064453125
4.061146259307861,1311,55935689,0.0583803653717041
4.047425270080566,1312,55978388,0.05849289894104004
4.048898696899414,1313,56021087,0.05858588218688965
4.04744815826416,1314,56063786,0.058476924896240234
4.0590410232543945,1315,56106485,0.05841684341430664
4.091170787811279,1316,56149184,0.058635711669921875
4.032866477966309,1317,56191883,0.05849027633666992
4.089710712432861,1318,56234582,0.05871748924255371
4.076076030731201,1319,56277281,0.05894351005554199
4.035919666290283,1320,56319980,0.05855512619018555
4.056882858276367,1321,56362679,0.05840110778808594
4.056994438171387,1322,56405378,0.05840158462524414
4.012028694152832,1323,56448077,0.05849170684814453
4.061893939971924,1324,56490776,0.05871224403381348
4.054728984832764,1325,56533475,0.05691123008728027
4.05167293548584,1326,56576174,0.056912899017333984
4.067882061004639,1327,56618873,0.05598187446594238
4.065671443939209,1328,56661572,0.05648231506347656
4.028744220733643,1329,56704271,0.055603981018066406
4.061830997467041,1330,56746970,0.05565524101257324
4.066281318664551,1331,56789669,0.0554966926574707
4.0448479652404785,1332,56832368,0.055547237396240234
4.050797939300537,1333,56875067,0.05582761764526367
4.036371231079102,1334,56917766,0.05680561065673828
4.076714992523193,1335,56960465,0.05753731727600098
4.108723163604736,1336,57003164,0.05556917190551758
4.064136505126953,1337,57045863,0.05574941635131836
4.06278657913208,1338,57088562,0.05556845664978027
4.012641429901123,1339,57131261,0.05571317672729492
4.0487895011901855,1340,57173960,0.05565214157104492
4.054587364196777,1341,57216659,0.05551767349243164
4.008392333984375,1342,57259358,0.0555875301361084
4.011411666870117,1343,57302057,0.05595207214355469
4.065296649932861,1344,57344756,0.05546212196350098
4.039034843444824,1345,57387455,0.05572509765625
4.091578960418701,1346,57430154,0.055379390716552734
4.0318522453308105,1347,57472853,0.05540060997009277
4.049793720245361,1348,57515552,0.056413888931274414
4.0659685134887695,1349,57558251,0.05598926544189453
4.054372310638428,1350,57600950,0.05590486526489258
4.057520389556885,1351,57643649,0.05577993392944336
4.042360305786133,1352,57686348,0.05566048622131348
4.039325714111328,1353,57729047,0.05568194389343262
4.0735697746276855,1354,57771746,0.055727481842041016
4.061824321746826,1355,57814445,0.055585384368896484
4.072162628173828,1356,57857144,0.05565595626831055
4.058770656585693,1357,57899843,0.055663108825683594
4.04152774810791,1358,57942542,0.05553150177001953
4.009390830993652,1359,57985241,0.05564475059509277
4.027151584625244,1360,58027940,0.055678606033325195
4.057586193084717,1361,58070639,0.05562114715576172
4.0448102951049805,1362,58113338,0.05555844306945801
4.055788993835449,1363,58156037,0.05544543266296387
4.059588432312012,1364,58198736,0.055428504943847656
4.012209415435791,1365,58241435,0.05575084686279297
4.02455472946167,1366,58284134,0.05557394027709961
4.0863871574401855,1367,58326833,0.05553436279296875
4.038797855377197,1368,58369532,0.055809736251831055
4.041786193847656,1369,58412231,0.05579066276550293
4.02370023727417,1370,58454930,0.055524349212646484
4.047994613647461,1371,58497629,0.05562758445739746
4.05217981338501,1372,58540328,0.05664205551147461
4.052674770355225,1373,58583027,0.05601787567138672
4.038241863250732,1374,58625726,0.05568337440490723
4.039688587188721,1375,58668425,0.05555915832519531
4.020707607269287,1376,58711124,0.05568838119506836
4.054184913635254,1377,58753823,0.05554556846618652
4.04890251159668,1378,58796522,0.05582237243652344
4.027347087860107,1379,58839221,0.055650949478149414
4.047794342041016,1380,58881920,0.05542564392089844
4.013448715209961,1381,58924619,0.05555009841918945
4.04719877243042,1382,58967318,0.05548357963562012
4.032059192657471,1383,59010017,0.055573225021362305
4.053169250488281,1384,59052716,0.055558204650878906
4.044928073883057,1385,59095415,0.05559539794921875
4.018465995788574,1386,59138114,0.05556774139404297
4.049579620361328,1387,59180813,0.05578923225402832
4.086499214172363,1388,59223512,0.05621981620788574
4.043515682220459,1389,59266211,0.055902719497680664
4.060388088226318,1390,59308910,0.0555417537689209
4.102367877960205,1391,59351609,0.05551767349243164
4.051580429077148,1392,59394308,0.05550861358642578
4.073415279388428,1393,59437007,0.055773258209228516
4.098788261413574,1394,59479706,0.055649757385253906
4.019443988800049,1395,59522405,0.05550575256347656
4.04783296585083,1396,59565104,0.05671811103820801
4.07136869430542,1397,59607803,0.057607412338256836
4.04091215133667,1398,59650502,0.0572054386138916
4.040365695953369,1399,59693201,0.055796146392822266
4.059702396392822,1400,59735900,0.05568647384643555
4.057793140411377,1401,59778599,0.055548906326293945
4.055013179779053,1402,59821298,0.05557417869567871
4.070504188537598,1403,59863997,0.05545234680175781
4.04319429397583,1404,59906696,0.05564999580383301
4.031238555908203,1405,59949395,0.05565476417541504
4.0459771156311035,1406,59992094,0.05551743507385254
4.076467514038086,1407,60034793,0.055391788482666016
4.066490650177002,1408,60077492,0.055497169494628906
4.090099334716797,1409,60120191,0.055751800537109375
4.035328388214111,1410,60162890,0.057920217514038086
4.06402587890625,1411,60205589,0.057533979415893555
4.053940296173096,1412,60248288,0.05612802505493164
4.045971870422363,1413,60290987,0.05602407455444336
4.088082313537598,1414,60333686,0.055809974670410156
4.015951633453369,1415,60376385,0.05579328536987305
4.036991119384766,1416,60419084,0.05555105209350586
4.072056770324707,1417,60461783,0.05546975135803223
4.058352470397949,1418,60504482,0.05547595024108887
4.020052433013916,1419,60547181,0.05547475814819336
4.046994686126709,1420,60589880,0.055501461029052734
4.057092189788818,1421,60632579,0.055539608001708984
4.096732139587402,1422,60675278,0.05542445182800293
4.054218292236328,1423,60717977,0.05552959442138672
4.048520088195801,1424,60760676,0.055329084396362305
4.067385673522949,1425,60803375,0.05555081367492676
4.054338455200195,1426,60846074,0.05539345741271973
4.051028728485107,1427,60888773,0.055338144302368164
4.062485218048096,1428,60931472,0.0555572509765625
4.03826379776001,1429,60974171,0.05546116828918457
4.084194183349609,1430,61016870,0.055442094802856445
4.0755743980407715,1431,61059569,0.05557680130004883
4.034221172332764,1432,61102268,0.05555009841918945
3.993988513946533,1433,61144967,0.055606842041015625
4.046038627624512,1434,61187666,0.05537080764770508
4.010535717010498,1435,61230365,0.05552816390991211
4.056802272796631,1436,61273064,0.05564546585083008
4.032647609710693,1437,61315763,0.05595803260803223
4.07916259765625,1438,61358462,0.05562758445739746
4.058481693267822,1439,61401161,0.05666184425354004
4.042581558227539,1440,61443860,0.0557861328125
4.054437637329102,1441,61486559,0.05588364601135254
4.034915447235107,1442,61529258,0.05574750900268555
4.038970947265625,1443,61571957,0.05534696578979492
4.0339813232421875,1444,61614656,0.055524349212646484
4.077923774719238,1445,61657355,0.05557608604431152
4.050741195678711,1446,61700054,0.055492401123046875
4.007161617279053,1447,61742753,0.05551266670227051
4.068796157836914,1448,61785452,0.05544853210449219
4.0821146965026855,1449,61828151,0.05559539794921875
4.052595615386963,1450,61870850,0.05557370185852051
4.034180641174316,1451,61913549,0.05549812316894531
4.068373680114746,1452,61956248,0.055497169494628906
4.049900531768799,1453,61998947,0.05549955368041992
4.057126998901367,1454,62041646,0.05584239959716797
4.046594142913818,1455,62084345,0.05557894706726074
4.033389091491699,1456,62127044,0.055687904357910156
4.076959133148193,1457,62169743,0.055702924728393555
4.042032718658447,1458,62212442,0.05722832679748535
4.06591796875,1459,62255141,0.05623674392700195
4.076442241668701,1460,62297840,0.0556790828704834
4.01918888092041,1461,62340539,0.055742740631103516
4.020773410797119,1462,62383238,0.05560421943664551
4.040775299072266,1463,62425937,0.05565929412841797
4.029821395874023,1464,62468636,0.055808067321777344
4.019765377044678,1465,62511335,0.05644559860229492
4.011638164520264,1466,62554034,0.0558013916015625
4.0441365242004395,1467,62596733,0.05569648742675781
4.084589958190918,1468,62639432,0.0556187629699707
4.04823112487793,1469,62682131,0.05557656288146973
4.030728816986084,1470,62724830,0.05596804618835449
4.025968074798584,1471,62767529,0.0563502311706543
4.030375003814697,1472,62810228,0.0576319694519043
4.0846734046936035,1473,62852927,0.056943655014038086
4.028792858123779,1474,62895626,0.05684518814086914
4.069464206695557,1475,62938325,0.057541608810424805
4.063493728637695,1476,62981024,0.05584836006164551
4.054146766662598,1477,63023723,0.05719256401062012
4.050755023956299,1478,63066422,0.05646252632141113
4.055523872375488,1479,63109121,0.055881500244140625
4.043966293334961,1480,63151820,0.055755615234375
4.020669460296631,1481,63194519,0.057604312896728516
4.030209064483643,1482,63237218,0.056896209716796875
4.085256099700928,1483,63279917,0.057100534439086914
4.045378684997559,1484,63322616,0.05539202690124512
4.034895420074463,1485,63365315,0.05562472343444824
4.031474590301514,1486,63408014,0.05570220947265625
4.057292461395264,1487,63450713,0.0556337833404541
4.027922630310059,1488,63493412,0.055676937103271484
4.086155891418457,1489,63536111,0.05587887763977051
4.027580261230469,1490,63578810,0.05708646774291992
4.021450519561768,1491,63621509,0.05743837356567383
4.027459621429443,1492,63664208,0.05797719955444336
4.040180206298828,1493,63706907,0.05699038505554199
4.034402847290039,1494,63749606,0.05578112602233887
4.088571071624756,1495,63792305,0.05561637878417969
4.0363874435424805,1496,63835004,0.055568695068359375
4.044423580169678,1497,63877703,0.055557966232299805
4.027652263641357,1498,63920402,0.05553126335144043
4.017341613769531,1499,63963101,0.05559659004211426
4.043686389923096,1500,64005800,0.05554914474487305
4.091083526611328,1501,64048499,0.0555262565612793
4.048090934753418,1502,64091198,0.0594172477722168
4.066762447357178,1503,64133897,0.05873274803161621
4.0326714515686035,1504,64176596,0.05849456787109375
4.040646076202393,1505,64219295,0.05922985076904297
4.039496421813965,1506,64261994,0.058188676834106445
4.029184818267822,1507,64304693,0.059068918228149414
4.042252540588379,1508,64347392,0.058333635330200195
4.029724597930908,1509,64390091,0.05803966522216797
3.997936964035034,1510,64432790,0.05804848670959473
4.0847883224487305,1511,64475489,0.058399200439453125
4.058296203613281,1512,64518188,0.05835127830505371
4.03639030456543,1513,64560887,0.05840158462524414
4.065970420837402,1514,64603586,0.05823397636413574
4.052988052368164,1515,64646285,0.057968854904174805
4.038223743438721,1516,64688984,0.058095693588256836
4.042427062988281,1517,64731683,0.05935382843017578
4.046555519104004,1518,64774382,0.0582890510559082
4.017527103424072,1519,64817081,0.058830976486206055
4.055360317230225,1520,64859780,0.0587611198425293
4.058333396911621,1521,64902479,0.0588221549987793
4.0240631103515625,1522,64945178,0.05957794189453125
4.056130409240723,1523,64987877,0.058579444885253906
4.050797939300537,1524,65030576,0.05839252471923828
4.021702289581299,1525,65073275,0.0568394660949707
4.0324201583862305,1526,65115974,0.05584430694580078
4.019660472869873,1527,65158673,0.05765891075134277
4.045175075531006,1528,65201372,0.0581049919128418
4.071333885192871,1529,65244071,0.05716967582702637
4.0603227615356445,1530,65286770,0.05589866638183594
4.052889347076416,1531,65329469,0.05745983123779297
4.043307304382324,1532,65372168,0.05631399154663086
4.053751468658447,1533,65414867,0.05581927299499512
4.040236949920654,1534,65457566,0.05585289001464844
4.035958766937256,1535,65500265,0.05620169639587402
4.04326057434082,1536,65542964,0.05576801300048828
4.080942630767822,1537,65585663,0.0585179328918457
4.032161712646484,1538,65628362,0.05594658851623535
4.070186138153076,1539,65671061,0.05662822723388672
4.050126075744629,1540,65713760,0.05662274360656738
4.0510573387146,1541,65756459,0.05577373504638672
4.039788722991943,1542,65799158,0.05672335624694824
4.04938268661499,1543,65841857,0.056209564208984375
4.055193901062012,1544,65884556,0.055754661560058594
4.052751064300537,1545,65927255,0.05576062202453613
4.043394088745117,1546,65969954,0.055954933166503906
4.045904636383057,1547,66012653,0.05596017837524414
4.05629301071167,1548,66055352,0.055759429931640625
4.047125339508057,1549,66098051,0.0557403564453125
4.05759334564209,1550,66140750,0.05657029151916504
4.022118091583252,1551,66183449,0.059958457946777344
4.047367095947266,1552,66226148,0.06148266792297363
4.070133209228516,1553,66268847,0.05879044532775879
4.036840915679932,1554,66311546,0.05910778045654297
4.0769453048706055,1555,66354245,0.05905723571777344
4.039897918701172,1556,66396944,0.06038808822631836
4.046730995178223,1557,66439643,0.06004929542541504
4.056358337402344,1558,66482342,0.06038379669189453
4.035200119018555,1559,66525041,0.06063985824584961
4.073977470397949,1560,66567740,0.06070685386657715
4.04387092590332,1561,66610439,0.06154322624206543
4.04313325881958,1562,66653138,0.06018829345703125
4.040365219116211,1563,66695837,0.05916023254394531
4.075205326080322,1564,66738536,0.05872297286987305
4.018922805786133,1565,66781235,0.05871272087097168
4.058021068572998,1566,66823934,0.05863618850708008
4.007378101348877,1567,66866633,0.05878710746765137
4.043046474456787,1568,66909332,0.05674314498901367
4.056058406829834,1569,66952031,0.05762887001037598
4.063537120819092,1570,66994730,0.05753612518310547
4.046143054962158,1571,67037429,0.06035971641540527
4.087963104248047,1572,67080128,0.05967092514038086
4.0881524085998535,1573,67122827,0.05939912796020508
4.087105751037598,1574,67165526,0.05947566032409668
4.0342230796813965,1575,67208225,0.059114933013916016
4.067055702209473,1576,67250924,0.05914449691772461
4.029134750366211,1577,67293623,0.059943437576293945
4.076627254486084,1578,67336322,0.058884382247924805
4.13521671295166,1579,67379021,0.05892634391784668
4.050351142883301,1580,67421720,0.059427499771118164
4.0699028968811035,1581,67464419,0.0587620735168457
4.057878017425537,1582,67507118,0.05847668647766113
4.073019504547119,1583,67549817,0.058400869369506836
3.993861198425293,1584,67592516,0.058194875717163086
4.004999160766602,1585,67635215,0.05815005302429199
4.022615909576416,1586,67677914,0.05651140213012695
4.071382999420166,1587,67720613,0.056130170822143555
4.057860851287842,1588,67763312,0.05525803565979004
4.062258720397949,1589,67806011,0.05541634559631348
4.080467224121094,1590,67848710,0.05577898025512695
4.021269798278809,1591,67891409,0.05579543113708496
4.036759376525879,1592,67934108,0.05583620071411133
4.022873878479004,1593,67976807,0.05594325065612793
4.013004302978516,1594,68019506,0.05654716491699219
4.054523468017578,1595,68062205,0.06022500991821289
4.065382480621338,1596,68104904,0.055823326110839844
4.025269031524658,1597,68147603,0.05576324462890625
4.093706130981445,1598,68190302,0.05724358558654785
4.050142288208008,1599,68233001,0.06471514701843262
4.046299934387207,1600,68275700,0.058353424072265625
4.057310104370117,1601,68318399,0.05620574951171875
4.039562225341797,1602,68361098,0.055998802185058594
4.072624206542969,1603,68403797,0.05632662773132324
4.028058052062988,1604,68446496,0.055960655212402344
4.040473937988281,1605,68489195,0.05581545829772949
4.015415191650391,1606,68531894,0.056900978088378906
4.030267715454102,1607,68574593,0.05545449256896973
4.0862202644348145,1608,68617292,0.0557403564453125
4.0380353927612305,1609,68659991,0.05591940879821777
4.059372901916504,1610,68702690,0.05590105056762695
4.065065383911133,1611,68745389,0.056093692779541016
4.058342456817627,1612,68788088,0.055956125259399414
4.098148822784424,1613,68830787,0.05596113204956055
4.056675910949707,1614,68873486,0.05579781532287598
4.055492877960205,1615,68916185,0.05831146240234375
4.031056880950928,1616,68958884,0.05639362335205078
4.073968410491943,1617,69001583,0.05607151985168457
4.052210807800293,1618,69044282,0.0558934211730957
4.070173263549805,1619,69086981,0.05534100532531738
4.078976631164551,1620,69129680,0.05553150177001953
4.045135021209717,1621,69172379,0.05670523643493652
4.045602798461914,1622,69215078,0.056088924407958984
4.054028034210205,1623,69257777,0.0557858943939209
4.022506237030029,1624,69300476,0.05626869201660156
4.01232385635376,1625,69343175,0.05608057975769043
4.015367031097412,1626,69385874,0.0577239990234375
4.037235260009766,1627,69428573,0.056104183197021484
4.062615394592285,1628,69471272,0.05581521987915039
4.053349018096924,1629,69513971,0.05559563636779785
4.057857513427734,1630,69556670,0.05559730529785156
4.061365604400635,1631,69599369,0.055787086486816406
4.092567443847656,1632,69642068,0.05638313293457031
4.0745415687561035,1633,69684767,0.05614781379699707
4.021628379821777,1634,69727466,0.055614471435546875
4.059397220611572,1635,69770165,0.05570626258850098
4.058018684387207,1636,69812864,0.05574393272399902
4.045628070831299,1637,69855563,0.05600380897521973
4.032009601593018,1638,69898262,0.05574345588684082
4.02705192565918,1639,69940961,0.056456565856933594
4.033087253570557,1640,69983660,0.05588388442993164
4.067963600158691,1641,70026359,0.05541205406188965
4.0509538650512695,1642,70069058,0.0554502010345459
4.030740261077881,1643,70111757,0.05555009841918945
4.048172473907471,1644,70154456,0.05561971664428711
4.018063068389893,1645,70197155,0.05654597282409668
4.004443168640137,1646,70239854,0.05577445030212402
3.9994850158691406,1647,70282553,0.055710792541503906
3.993990182876587,1648,70325252,0.05590009689331055
4.03148889541626,1649,70367951,0.055769920349121094
4.046751022338867,1650,70410650,0.05566525459289551
4.024988651275635,1651,70453349,0.055925846099853516
4.005228519439697,1652,70496048,0.056595563888549805
4.057860851287842,1653,70538747,0.05596566200256348
4.076894760131836,1654,70581446,0.05561518669128418
4.0443949699401855,1655,70624145,0.05569648742675781
4.022630214691162,1656,70666844,0.05588960647583008
4.072274208068848,1657,70709543,0.05577683448791504
4.05333137512207,1658,70752242,0.05562877655029297
4.054615020751953,1659,70794941,0.05578446388244629
4.080784320831299,1660,70837640,0.05555129051208496
4.045137405395508,1661,70880339,0.05562853813171387
4.051998138427734,1662,70923038,0.05573153495788574
4.058017253875732,1663,70965737,0.05578112602233887
4.053372383117676,1664,71008436,0.05598902702331543
4.049825668334961,1665,71051135,0.05607199668884277
4.055062294006348,1666,71093834,0.05683112144470215
3.9995532035827637,1667,71136533,0.056295156478881836
4.021208763122559,1668,71179232,0.05712246894836426
4.050661087036133,1669,71221931,0.05591630935668945
4.018003940582275,1670,71264630,0.056130409240722656
4.069755554199219,1671,71307329,0.05608987808227539
4.044127941131592,1672,71350028,0.05600929260253906
4.045569896697998,1673,71392727,0.05615091323852539
4.0575432777404785,1674,71435426,0.056029319763183594
4.063555717468262,1675,71478125,0.05609846115112305
4.020656108856201,1676,71520824,0.0557858943939209
4.017376899719238,1677,71563523,0.05596733093261719
4.040968894958496,1678,71606222,0.055582284927368164
4.043396472930908,1679,71648921,0.056212663650512695
4.052480220794678,1680,71691620,0.05561470985412598
4.023173809051514,1681,71734319,0.055647850036621094
4.064388751983643,1682,71777018,0.055942535400390625
4.025427341461182,1683,71819717,0.05595731735229492
4.076874256134033,1684,71862416,0.05661320686340332
4.049898147583008,1685,71905115,0.055719614028930664
4.062013626098633,1686,71947814,0.05568861961364746
4.027532577514648,1687,71990513,0.0556490421295166
4.096210956573486,1688,72033212,0.0556027889251709
4.013972282409668,1689,72075911,0.055843353271484375
4.013057231903076,1690,72118610,0.055516719818115234
4.065742015838623,1691,72161309,0.055733442306518555
4.040093898773193,1692,72204008,0.055891990661621094
4.0845746994018555,1693,72246707,0.056903839111328125
4.055239200592041,1694,72289406,0.05561017990112305
4.030424118041992,1695,72332105,0.05584383010864258
4.023420810699463,1696,72374804,0.05570507049560547
4.062893867492676,1697,72417503,0.05553078651428223
4.055874824523926,1698,72460202,0.0555572509765625
4.056811809539795,1699,72502901,0.055817365646362305
4.015949726104736,1700,72545600,0.05581092834472656
4.031013011932373,1701,72588299,0.05597543716430664
4.045190811157227,1702,72630998,0.05582404136657715
4.0358147621154785,1703,72673697,0.05581402778625488
4.032207012176514,1704,72716396,0.055878400802612305
4.011014461517334,1705,72759095,0.055589914321899414
4.031506538391113,1706,72801794,0.055663108825683594
4.075065612792969,1707,72844493,0.055608510971069336
4.021646976470947,1708,72887192,0.05573701858520508
4.070520401000977,1709,72929891,0.057109832763671875
4.007583141326904,1710,72972590,0.056668758392333984
4.0735979080200195,1711,73015289,0.05606269836425781
4.059093475341797,1712,73057988,0.05553388595581055
4.002554893493652,1713,73100687,0.05573081970214844
4.023122787475586,1714,73143386,0.0557866096496582
4.013503074645996,1715,73186085,0.05558443069458008
4.089722633361816,1716,73228784,0.05560588836669922
4.051159381866455,1717,73271483,0.0555570125579834
4.092258453369141,1718,73314182,0.055736541748046875
4.056686878204346,1719,73356881,0.05576038360595703
4.049993515014648,1720,73399580,0.055536508560180664
4.022327899932861,1721,73442279,0.05549883842468262
3.9969844818115234,1722,73484978,0.05604887008666992
4.047600746154785,1723,73527677,0.05575823783874512
3.9997799396514893,1724,73570376,0.055669307708740234
4.036912441253662,1725,73613075,0.055875301361083984
4.041019439697266,1726,73655774,0.055553436279296875
4.046003341674805,1727,73698473,0.05557870864868164
4.065334320068359,1728,73741172,0.05576324462890625
4.061911582946777,1729,73783871,0.05627703666687012
4.047905445098877,1730,73826570,0.05573582649230957
4.0296759605407715,1731,73869269,0.055869102478027344
4.07339334487915,1732,73911968,0.05565309524536133
4.04946231842041,1733,73954667,0.05662679672241211
4.077381134033203,1734,73997366,0.05564117431640625
4.024796962738037,1735,74040065,0.05550503730773926
4.053385257720947,1736,74082764,0.05552792549133301
4.0565619468688965,1737,74125463,0.05570793151855469
3.993342876434326,1738,74168162,0.05558919906616211
4.052286148071289,1739,74210861,0.05576491355895996
4.029407501220703,1740,74253560,0.055736541748046875
4.040815353393555,1741,74296259,0.05552196502685547
4.015058517456055,1742,74338958,0.05586671829223633
3.9684512615203857,1743,74381657,0.05587029457092285
4.023205757141113,1744,74424356,0.055757999420166016
4.027942657470703,1745,74467055,0.056793928146362305
4.0218329429626465,1746,74509754,0.0563507080078125
4.060919761657715,1747,74552453,0.055437326431274414
4.08894681930542,1748,74595152,0.055597543716430664
4.003602981567383,1749,74637851,0.0554964542388916
4.094182968139648,1750,74680550,0.05565810203552246
3.9960591793060303,1751,74723249,0.055619001388549805
4.026852607727051,1752,74765948,0.05566143989562988
4.028936862945557,1753,74808647,0.055593013763427734
4.031108379364014,1754,74851346,0.05567336082458496
4.026628494262695,1755,74894045,0.05567502975463867
4.038204193115234,1756,74936744,0.055760860443115234
3.9775893688201904,1757,74979443,0.05632734298706055
4.048214435577393,1758,75022142,0.05559825897216797
4.04634428024292,1759,75064841,0.05565071105957031
4.0278449058532715,1760,75107540,0.05564236640930176
4.003969669342041,1761,75150239,0.05557751655578613
4.0207343101501465,1762,75192938,0.055321455001831055
4.028870582580566,1763,75235637,0.05557537078857422
4.028640270233154,1764,75278336,0.055899858474731445
4.013515472412109,1765,75321035,0.055635690689086914
4.042252063751221,1766,75363734,0.055805206298828125
4.061466217041016,1767,75406433,0.0555567741394043
4.039738655090332,1768,75449132,0.056722402572631836
4.038213729858398,1769,75491831,0.055932044982910156
4.0144877433776855,1770,75534530,0.05565905570983887
4.035003185272217,1771,75577229,0.055582284927368164
4.02268648147583,1772,75619928,0.05590462684631348
4.07539701461792,1773,75662627,0.05583477020263672
4.044713497161865,1774,75705326,0.05562925338745117
4.053948402404785,1775,75748025,0.05553579330444336
4.053879737854004,1776,75790724,0.05573630332946777
3.9927332401275635,1777,75833423,0.05562114715576172
4.036580562591553,1778,75876122,0.05557727813720703
4.057174205780029,1779,75918821,0.05583786964416504
4.0088725090026855,1780,75961520,0.05555987358093262
4.031192302703857,1781,76004219,0.05595207214355469
4.018263816833496,1782,76046918,0.055619001388549805
4.054643630981445,1783,76089617,0.05561685562133789
4.01817512512207,1784,76132316,0.055754661560058594
4.060699462890625,1785,76175015,0.05559062957763672
4.055500030517578,1786,76217714,0.05572843551635742
4.059264183044434,1787,76260413,0.05554938316345215
4.036732196807861,1788,76303112,0.0557253360748291
4.046335697174072,1789,76345811,0.05565786361694336
4.080510139465332,1790,76388510,0.05577802658081055
4.025306224822998,1791,76431209,0.05551409721374512
4.048829555511475,1792,76473908,0.055687904357910156
4.071907997131348,1793,76516607,0.05549454689025879
4.02556037902832,1794,76559306,0.05565977096557617
4.055523872375488,1795,76602005,0.05562901496887207
4.063704490661621,1796,76644704,0.05550670623779297
4.033600807189941,1797,76687403,0.05555987358093262
4.022467136383057,1798,76730102,0.055579185485839844
4.030726909637451,1799,76772801,0.056476593017578125
4.016507625579834,1800,76815500,0.05559825897216797
4.017580032348633,1801,76858199,0.05569005012512207
4.0854926109313965,1802,76900898,0.05555391311645508
3.998197078704834,1803,76943597,0.05536222457885742
4.035501003265381,1804,76986296,0.055708885192871094
4.0460944175720215,1805,77028995,0.05553603172302246
4.051391124725342,1806,77071694,0.05545210838317871
4.0471601486206055,1807,77114393,0.055854082107543945
4.066598892211914,1808,77157092,0.05593085289001465
4.02731990814209,1809,77199791,0.05562329292297363
4.047165870666504,1810,77242490,0.055431365966796875
4.0880842208862305,1811,77285189,0.05556058883666992
4.028468608856201,1812,77327888,0.05552268028259277
4.0058979988098145,1813,77370587,0.05562758445739746
4.060053825378418,1814,77413286,0.056572675704956055
4.003451347351074,1815,77455985,0.05607962608337402
4.034229755401611,1816,77498684,0.05582475662231445
4.026103973388672,1817,77541383,0.0559995174407959
4.021653652191162,1818,77584082,0.055846214294433594
4.016480922698975,1819,77626781,0.055739402770996094
4.044233798980713,1820,77669480,0.05566716194152832
4.035039901733398,1821,77712179,0.055732011795043945
4.0608978271484375,1822,77754878,0.05550861358642578
4.087466239929199,1823,77797577,0.05572366714477539
4.039554595947266,1824,77840276,0.05549359321594238
4.038935661315918,1825,77882975,0.05570816993713379
4.032939910888672,1826,77925674,0.05583906173706055
4.044137477874756,1827,77968373,0.05602765083312988
4.049992084503174,1828,78011072,0.05546855926513672
4.033316135406494,1829,78053771,0.05561995506286621
4.02388334274292,1830,78096470,0.05570244789123535
4.049105167388916,1831,78139169,0.055605173110961914
4.065508842468262,1832,78181868,0.055492401123046875
4.056154727935791,1833,78224567,0.05568361282348633
4.048460960388184,1834,78267266,0.05576300621032715
4.073753833770752,1835,78309965,0.055527687072753906
4.0085673332214355,1836,78352664,0.05556178092956543
4.032749176025391,1837,78395363,0.05548095703125
4.024866580963135,1838,78438062,0.05553293228149414
4.058910369873047,1839,78480761,0.05550742149353027
4.034191608428955,1840,78523460,0.05558919906616211
4.013004779815674,1841,78566159,0.055449485778808594
4.066307544708252,1842,78608858,0.055550336837768555
3.9984867572784424,1843,78651557,0.05554914474487305
4.017099380493164,1844,78694256,0.05641508102416992
4.03358268737793,1845,78736955,0.05602383613586426
4.039637088775635,1846,78779654,0.05554556846618652
4.0651655197143555,1847,78822353,0.055495262145996094
4.019503116607666,1848,78865052,0.05561470985412598
4.018319606781006,1849,78907751,0.056093692779541016
4.056880950927734,1850,78950450,0.05600094795227051
4.036838054656982,1851,78993149,0.05594825744628906
4.053492546081543,1852,79035848,0.05596470832824707
4.018083095550537,1853,79078547,0.05589723587036133
4.027245998382568,1854,79121246,0.055887460708618164
4.0428972244262695,1855,79163945,0.055838823318481445
4.046531677246094,1856,79206644,0.05574369430541992
4.001993656158447,1857,79249343,0.0559537410736084
4.069158554077148,1858,79292042,0.05583310127258301
4.0233154296875,1859,79334741,0.05579185485839844
4.037999153137207,1860,79377440,0.05574154853820801
4.045398235321045,1861,79420139,0.05584096908569336
4.063624382019043,1862,79462838,0.05598330497741699
4.017552375793457,1863,79505537,0.05559372901916504
4.017989635467529,1864,79548236,0.05599021911621094
4.041422367095947,1865,79590935,0.0559382438659668
4.05983829498291,1866,79633634,0.05584216117858887
4.0619707107543945,1867,79676333,0.055413246154785156
3.999121904373169,1868,79719032,0.05521249771118164
4.023112773895264,1869,79761731,0.05558633804321289
4.059009075164795,1870,79804430,0.055472612380981445
4.069761753082275,1871,79847129,0.05529618263244629
4.030587673187256,1872,79889828,0.055203914642333984
4.0161895751953125,1873,79932527,0.0554051399230957
4.0399370193481445,1874,79975226,0.05533766746520996
4.001795291900635,1875,80017925,0.05519580841064453
4.088068962097168,1876,80060624,0.05545163154602051
4.056151390075684,1877,80103323,0.055571556091308594
4.032256126403809,1878,80146022,0.055411577224731445
4.062626361846924,1879,80188721,0.055548906326293945
4.050752639770508,1880,80231420,0.0554356575012207
4.0483012199401855,1881,80274119,0.05548262596130371
4.031550407409668,1882,80316818,0.055264949798583984
4.014919757843018,1883,80359517,0.05527210235595703
4.031923770904541,1884,80402216,0.05565476417541504
4.027890205383301,1885,80444915,0.05549359321594238
4.019346714019775,1886,80487614,0.0555882453918457
4.007833480834961,1887,80530313,0.05559110641479492
4.057879447937012,1888,80573012,0.05525040626525879
4.024733066558838,1889,80615711,0.05536985397338867
4.064846515655518,1890,80658410,0.05537748336791992
4.049233913421631,1891,80701109,0.055393218994140625
4.027359485626221,1892,80743808,0.055460453033447266
4.041131496429443,1893,80786507,0.05548214912414551
4.026087284088135,1894,80829206,0.05539226531982422
4.0275750160217285,1895,80871905,0.05554938316345215
4.022561550140381,1896,80914604,0.05544567108154297
4.040433883666992,1897,80957303,0.05527043342590332
4.027627944946289,1898,81000002,0.0553133487701416
4.059056282043457,1899,81042701,0.055518150329589844
4.030421257019043,1900,81085400,0.05526280403137207
4.07837438583374,1901,81128099,0.05530834197998047
4.039216995239258,1902,81170798,0.05540823936462402
4.043625831604004,1903,81213497,0.055402517318725586
3.9666812419891357,1904,81256196,0.05607104301452637
4.011163711547852,1905,81298895,0.05562567710876465
4.069899559020996,1906,81341594,0.055405378341674805
4.038636684417725,1907,81384293,0.05548906326293945
4.058854579925537,1908,81426992,0.055385589599609375
4.027763843536377,1909,81469691,0.055359601974487305
4.05212926864624,1910,81512390,0.055432796478271484
4.053142547607422,1911,81555089,0.05542802810668945
4.043181419372559,1912,81597788,0.05541253089904785
4.061308860778809,1913,81640487,0.055437326431274414
3.997678756713867,1914,81683186,0.05555272102355957
4.0362467765808105,1915,81725885,0.05547690391540527
4.076200008392334,1916,81768584,0.05532503128051758
4.0216450691223145,1917,81811283,0.05526423454284668
4.0233001708984375,1918,81853982,0.05547475814819336
4.058900833129883,1919,81896681,0.05544424057006836
4.022850513458252,1920,81939380,0.055271148681640625
4.048243999481201,1921,81982079,0.055556297302246094
4.014056205749512,1922,82024778,0.05563163757324219
4.030040740966797,1923,82067477,0.05541110038757324
4.043313026428223,1924,82110176,0.0553586483001709
4.034927845001221,1925,82152875,0.055303335189819336
4.044217586517334,1926,82195574,0.05542278289794922
4.041717052459717,1927,82238273,0.05504298210144043
4.050280570983887,1928,82280972,0.05542755126953125
4.035356521606445,1929,82323671,0.05525803565979004
3.993356227874756,1930,82366370,0.05551600456237793
4.034542083740234,1931,82409069,0.05542302131652832
4.06009578704834,1932,82451768,0.05551314353942871
4.009357452392578,1933,82494467,0.05532193183898926
4.0362324714660645,1934,82537166,0.05538058280944824
4.023172855377197,1935,82579865,0.05539703369140625
4.063108444213867,1936,82622564,0.05544137954711914
4.046069145202637,1937,82665263,0.055204153060913086
4.030855655670166,1938,82707962,0.055164337158203125
4.038328170776367,1939,82750661,0.055550336837768555
4.034390449523926,1940,82793360,0.05546903610229492
4.057391166687012,1941,82836059,0.05540156364440918
4.042314529418945,1942,82878758,0.05523681640625
4.01552152633667,1943,82921457,0.05535697937011719
4.052796363830566,1944,82964156,0.056313514709472656
4.047587871551514,1945,83006855,0.055824995040893555
4.057971477508545,1946,83049554,0.05529379844665527
4.01942777633667,1947,83092253,0.05547761917114258
4.046006679534912,1948,83134952,0.0555570125579834
4.02326774597168,1949,83177651,0.055333614349365234
4.042905807495117,1950,83220350,0.055309295654296875
4.029743194580078,1951,83263049,0.055333614349365234
4.058958530426025,1952,83305748,0.05542802810668945
4.045751094818115,1953,83348447,0.05534219741821289
4.059940814971924,1954,83391146,0.05525636672973633
4.058964252471924,1955,83433845,0.055219173431396484
4.06456995010376,1956,83476544,0.05553030967712402
4.01112699508667,1957,83519243,0.0554804801940918
4.021495342254639,1958,83561942,0.055281877517700195
4.016367435455322,1959,83604641,0.05536484718322754
4.051709175109863,1960,83647340,0.05558300018310547
4.01260232925415,1961,83690039,0.05534768104553223
4.0344462394714355,1962,83732738,0.05521702766418457
4.03159236907959,1963,83775437,0.055371761322021484
3.9967265129089355,1964,83818136,0.05553913116455078
4.033910751342773,1965,83860835,0.05556988716125488
4.034234523773193,1966,83903534,0.05553030967712402
4.072074890136719,1967,83946233,0.05534219741821289
3.9801688194274902,1968,83988932,0.05518817901611328
4.05976676940918,1969,84031631,0.05541682243347168
4.0331244468688965,1970,84074330,0.055571794509887695
4.035774230957031,1971,84117029,0.05526161193847656
4.05750036239624,1972,84159728,0.055161237716674805
4.033074855804443,1973,84202427,0.05537676811218262
4.058394908905029,1974,84245126,0.05557608604431152
4.0583672523498535,1975,84287825,0.05551481246948242
4.034816741943359,1976,84330524,0.05536341667175293
4.039206027984619,1977,84373223,0.05534768104553223
4.041019439697266,1978,84415922,0.05523276329040527
4.019107341766357,1979,84458621,0.05516839027404785
4.050233364105225,1980,84501320,0.05513954162597656
4.030820369720459,1981,84544019,0.05545759201049805
4.014436721801758,1982,84586718,0.055486202239990234
4.07289457321167,1983,84629417,0.05560803413391113
4.05438232421875,1984,84672116,0.055263519287109375
4.06227445602417,1985,84714815,0.0552675724029541
4.054843425750732,1986,84757514,0.05522799491882324
4.001867771148682,1987,84800213,0.05510592460632324
4.059367656707764,1988,84842912,0.055290937423706055
4.03385591506958,1989,84885611,0.05529332160949707
4.082117557525635,1990,84928310,0.05523228645324707
4.047972679138184,1991,84971009,0.05527019500732422
4.059119701385498,1992,85013708,0.055367231369018555
4.047072887420654,1993,85056407,0.055582284927368164
4.003364562988281,1994,85099106,0.05535745620727539
4.035174369812012,1995,85141805,0.056539058685302734
4.0742998123168945,1996,85184504,0.05537676811218262
4.001596450805664,1997,85227203,0.05527639389038086
4.048062324523926,1998,85269902,0.055440425872802734
4.04257869720459,1999,85312601,0.05533242225646973
4.018428802490234,2000,85355300,0.055227041244506836
4.04695463180542,2001,85397999,0.05518674850463867
4.016462802886963,2002,85440698,0.056578636169433594
4.081940650939941,2003,85483397,0.05545663833618164
4.058219909667969,2004,85526096,0.05600237846374512
4.0620951652526855,2005,85568795,0.055464744567871094
4.037084102630615,2006,85611494,0.0555119514465332
4.034252643585205,2007,85654193,0.05558276176452637
4.070121765136719,2008,85696892,0.0553591251373291
4.016089916229248,2009,85739591,0.055303096771240234
4.030936241149902,2010,85782290,0.05529022216796875
4.036746025085449,2011,85824989,0.05624961853027344
3.9957427978515625,2012,85867688,0.0556948184967041
3.9826319217681885,2013,85910387,0.055272817611694336
4.053522109985352,2014,85953086,0.05582284927368164
4.060810565948486,2015,85995785,0.05571484565734863
4.061636447906494,2016,86038484,0.05555891990661621
4.06509256362915,2017,86081183,0.056242942810058594
4.0291595458984375,2018,86123882,0.05548214912414551
4.03403377532959,2019,86166581,0.055539608001708984
4.040965557098389,2020,86209280,0.055998802185058594
4.043766498565674,2021,86251979,0.05564284324645996
4.0772480964660645,2022,86294678,0.05534648895263672
4.046156406402588,2023,86337377,0.05534005165100098
4.044233798980713,2024,86380076,0.055301666259765625
4.088608264923096,2025,86422775,0.055319786071777344
4.049882411956787,2026,86465474,0.05601143836975098
4.025017738342285,2027,86508173,0.055855751037597656
4.048649311065674,2028,86550872,0.05535745620727539
4.061779499053955,2029,86593571,0.05538344383239746
4.073906898498535,2030,86636270,0.05556917190551758
3.987466812133789,2031,86678969,0.055562734603881836
4.007586479187012,2032,86721668,0.055361270904541016
4.059361934661865,2033,86764367,0.05533003807067871
4.034238815307617,2034,86807066,0.05535721778869629
4.018701076507568,2035,86849765,0.05562996864318848
4.03989315032959,2036,86892464,0.05541348457336426
4.059032440185547,2037,86935163,0.055436134338378906
4.068542957305908,2038,86977862,0.055435895919799805
4.037700176239014,2039,87020561,0.0563960075378418
4.027623653411865,2040,87063260,0.0553739070892334
4.033270835876465,2041,87105959,0.055272579193115234
4.076837539672852,2042,87148658,0.05539679527282715
4.048083782196045,2043,87191357,0.055834054946899414
4.02115535736084,2044,87234056,0.055669546127319336
4.064023017883301,2045,87276755,0.05545639991760254
4.002417087554932,2046,87319454,0.05537700653076172
4.001008033752441,2047,87362153,0.056344032287597656
4.007206439971924,2048,87404852,0.05566692352294922
4.0185136795043945,2049,87447551,0.0554499626159668
4.060664176940918,2050,87490250,0.05557990074157715
4.0366716384887695,2051,87532949,0.0552825927734375
4.041728496551514,2052,87575648,0.055634260177612305
4.010735034942627,2053,87618347,0.05556964874267578
4.017992973327637,2054,87661046,0.05538153648376465
4.021162509918213,2055,87703745,0.05524134635925293
4.023692607879639,2056,87746444,0.05545210838317871
4.033708572387695,2057,87789143,0.05619072914123535
4.061999797821045,2058,87831842,0.05525684356689453
4.047643184661865,2059,87874541,0.05539989471435547
4.0531744956970215,2060,87917240,0.05550742149353027
4.059676170349121,2061,87959939,0.05538368225097656
4.053691864013672,2062,88002638,0.05553483963012695
4.015180587768555,2063,88045337,0.056536197662353516
4.054474353790283,2064,88088036,0.055292606353759766
4.037735462188721,2065,88130735,0.055407047271728516
4.057902812957764,2066,88173434,0.055622100830078125
4.01769495010376,2067,88216133,0.055234432220458984
4.069337844848633,2068,88258832,0.05533790588378906
4.075937747955322,2069,88301531,0.05538678169250488
4.052766799926758,2070,88344230,0.0553743839263916
4.0303635597229,2071,88386929,0.05565237998962402
4.05048131942749,2072,88429628,0.05540275573730469
4.018477916717529,2073,88472327,0.056032657623291016
4.0482354164123535,2074,88515026,0.05581355094909668
4.004570007324219,2075,88557725,0.055576324462890625
4.015563011169434,2076,88600424,0.055511474609375
4.022936820983887,2077,88643123,0.05541181564331055
4.038916110992432,2078,88685822,0.05536603927612305
4.0559186935424805,2079,88728521,0.05551910400390625
4.050826549530029,2080,88771220,0.05557394027709961
4.0644121170043945,2081,88813919,0.05551886558532715
4.004674434661865,2082,88856618,0.05528593063354492
4.0275092124938965,2083,88899317,0.05526614189147949
4.0158491134643555,2084,88942016,0.055307626724243164
4.036756992340088,2085,88984715,0.05539727210998535
4.041576862335205,2086,89027414,0.05522656440734863
4.06626558303833,2087,89070113,0.05605125427246094
4.039279937744141,2088,89112812,0.055597543716430664
4.0031657218933105,2089,89155511,0.05536079406738281
4.045961856842041,2090,89198210,0.05525469779968262
4.016654014587402,2091,89240909,0.05559515953063965
4.042413234710693,2092,89283608,0.05570721626281738
3.9960756301879883,2093,89326307,0.05545496940612793
4.05206823348999,2094,89369006,0.05608248710632324
4.026156902313232,2095,89411705,0.055689334869384766
4.054286003112793,2096,89454404,0.05547499656677246
4.052806854248047,2097,89497103,0.055739402770996094
4.036341190338135,2098,89539802,0.05552029609680176
4.013766765594482,2099,89582501,0.055742502212524414
4.050694942474365,2100,89625200,0.05544900894165039
4.048709392547607,2101,89667899,0.055468082427978516
4.048794269561768,2102,89710598,0.0554356575012207
4.05234432220459,2103,89753297,0.05579209327697754
3.999011754989624,2104,89795996,0.05579853057861328
4.024875640869141,2105,89838695,0.05556297302246094
4.017695426940918,2106,89881394,0.055416107177734375
4.016005516052246,2107,89924093,0.05586099624633789
4.0040082931518555,2108,89966792,0.0578000545501709
4.019915580749512,2109,90009491,0.05546116828918457
4.0293707847595215,2110,90052190,0.05528759956359863
4.029145240783691,2111,90094889,0.055600881576538086
4.004934787750244,2112,90137588,0.055451393127441406
4.075052738189697,2113,90180287,0.05562162399291992
4.068307399749756,2114,90222986,0.05526471138000488
4.043332576751709,2115,90265685,0.05557370185852051
4.030053615570068,2116,90308384,0.05520772933959961
4.025283336639404,2117,90351083,0.05530142784118652
4.0617218017578125,2118,90393782,0.05519700050354004
4.009589195251465,2119,90436481,0.05540037155151367
4.022700786590576,2120,90479180,0.05545997619628906
4.045979022979736,2121,90521879,0.054978370666503906
4.046842098236084,2122,90564578,0.05530357360839844
4.077450275421143,2123,90607277,0.060581207275390625
4.043223857879639,2124,90649976,0.055397748947143555
4.037240982055664,2125,90692675,0.05529928207397461
4.054718971252441,2126,90735374,0.057245731353759766
4.060085296630859,2127,90778073,0.055577993392944336
4.0737152099609375,2128,90820772,0.05542707443237305
4.08270788192749,2129,90863471,0.05557751655578613
4.026654243469238,2130,90906170,0.05547976493835449
4.036216735839844,2131,90948869,0.055848121643066406
4.084160804748535,2132,90991568,0.055657148361206055
4.048271179199219,2133,91034267,0.05566573143005371
4.0478997230529785,2134,91076966,0.057241201400756836
4.027541160583496,2135,91119665,0.05628490447998047
4.0193400382995605,2136,91162364,0.05586695671081543
4.063411235809326,2137,91205063,0.055696964263916016
4.051153659820557,2138,91247762,0.05591297149658203
4.069313049316406,2139,91290461,0.05575156211853027
4.084248065948486,2140,91333160,0.05564522743225098
4.040354251861572,2141,91375859,0.055527448654174805
4.1004228591918945,2142,91418558,0.05529975891113281
4.055501937866211,2143,91461257,0.05535173416137695
4.028501510620117,2144,91503956,0.05536031723022461
4.036508560180664,2145,91546655,0.055184125900268555
4.017666339874268,2146,91589354,0.05522036552429199
4.05081844329834,2147,91632053,0.055565834045410156
4.082408428192139,2148,91674752,0.05549144744873047
4.039412498474121,2149,91717451,0.05557703971862793
4.021758079528809,2150,91760150,0.05540156364440918
4.018625736236572,2151,91802849,0.05544853210449219
4.021913051605225,2152,91845548,0.056192636489868164
4.010950088500977,2153,91888247,0.056029558181762695
4.077576637268066,2154,91930946,0.055283546447753906
4.002475261688232,2155,91973645,0.055238962173461914
4.037020683288574,2156,92016344,0.05549430847167969
4.059431076049805,2157,92059043,0.05520749092102051
4.058703899383545,2158,92101742,0.05515456199645996
4.011390686035156,2159,92144441,0.05560708045959473
4.032365798950195,2160,92187140,0.05563926696777344
4.050439834594727,2161,92229839,0.05746054649353027
4.045482635498047,2162,92272538,0.05595517158508301
4.066840648651123,2163,92315237,0.05576753616333008
4.003052234649658,2164,92357936,0.05549907684326172
4.0365095138549805,2165,92400635,0.055219411849975586
4.019195556640625,2166,92443334,0.05553150177001953
4.040928363800049,2167,92486033,0.05544447898864746
4.058579444885254,2168,92528732,0.055149078369140625
4.019955635070801,2169,92571431,0.055240631103515625
4.0367207527160645,2170,92614130,0.0550837516784668
4.05996561050415,2171,92656829,0.055390357971191406
4.039013385772705,2172,92699528,0.055402517318725586
4.018392086029053,2173,92742227,0.055306196212768555
4.055168151855469,2174,92784926,0.05616903305053711
4.041038990020752,2175,92827625,0.055616140365600586
3.9975345134735107,2176,92870324,0.05496788024902344
4.080427646636963,2177,92913023,0.055457115173339844
4.051456928253174,2178,92955722,0.0552525520324707
4.042265892028809,2179,92998421,0.0552523136138916
4.042165756225586,2180,93041120,0.05525946617126465
4.030277729034424,2181,93083819,0.05546903610229492
4.012436866760254,2182,93126518,0.05527806282043457
4.002496242523193,2183,93169217,0.05511188507080078
4.078037261962891,2184,93211916,0.05509543418884277
4.062643527984619,2185,93254615,0.056923866271972656
4.0377302169799805,2186,93297314,0.055741310119628906
4.0452375411987305,2187,93340013,0.05559349060058594
4.060984134674072,2188,93382712,0.05541729927062988
4.016453266143799,2189,93425411,0.05548691749572754
3.999763250350952,2190,93468110,0.05543804168701172
4.013808727264404,2191,93510809,0.05575919151306152
4.050465106964111,2192,93553508,0.05565047264099121
4.086534023284912,2193,93596207,0.05556917190551758
4.03858757019043,2194,93638906,0.055524349212646484
4.084752082824707,2195,93681605,0.056281328201293945
4.021999359130859,2196,93724304,0.05567169189453125
4.022036552429199,2197,93767003,0.05553388595581055
4.038185119628906,2198,93809702,0.05550980567932129
4.044838905334473,2199,93852401,0.05558204650878906
4.061127662658691,2200,93895100,0.0554351806640625
4.037267684936523,2201,93937799,0.05525374412536621
4.00602912902832,2202,93980498,0.05537128448486328
4.038672924041748,2203,94023197,0.05535411834716797
4.031129360198975,2204,94065896,0.055510759353637695
4.045790672302246,2205,94108595,0.05550336837768555
4.0440802574157715,2206,94151294,0.056099653244018555
4.047842025756836,2207,94193993,0.05577492713928223
4.0587873458862305,2208,94236692,0.055631160736083984
4.027251720428467,2209,94279391,0.05539441108703613
4.083077430725098,2210,94322090,0.05530071258544922
4.020132064819336,2211,94364789,0.05529665946960449
4.040748596191406,2212,94407488,0.05539107322692871
4.04355525970459,2213,94450187,0.05564117431640625
4.030529022216797,2214,94492886,0.05529618263244629
4.046658039093018,2215,94535585,0.055419206619262695
4.061056137084961,2216,94578284,0.05538797378540039
4.070193290710449,2217,94620983,0.05550265312194824
4.0261430740356445,2218,94663682,0.055391550064086914
4.02156400680542,2219,94706381,0.05574488639831543
4.041367053985596,2220,94749080,0.0558011531829834
4.0421295166015625,2221,94791779,0.05558943748474121
4.041192531585693,2222,94834478,0.05554914474487305
4.013280391693115,2223,94877177,0.05542564392089844
4.042417049407959,2224,94919876,0.055353641510009766
4.074018478393555,2225,94962575,0.055277109146118164
4.069366455078125,2226,95005274,0.05532550811767578
4.064274787902832,2227,95047973,0.055361270904541016
4.059144973754883,2228,95090672,0.055396080017089844
4.046071529388428,2229,95133371,0.055310964584350586
4.037365913391113,2230,95176070,0.05553746223449707
4.01215934753418,2231,95218769,0.055615901947021484
4.069656848907471,2232,95261468,0.05623054504394531
4.035345077514648,2233,95304167,0.05545639991760254
4.029079437255859,2234,95346866,0.05535602569580078
4.030001163482666,2235,95389565,0.05526590347290039
4.035891532897949,2236,95432264,0.055169105529785156
4.0505828857421875,2237,95474963,0.055318355560302734
4.0512166023254395,2238,95517662,0.05528759956359863
4.023198127746582,2239,95560361,0.05544233322143555
4.011004447937012,2240,95603060,0.05542302131652832
4.042332172393799,2241,95645759,0.055345773696899414
4.0662336349487305,2242,95688458,0.055443763732910156
4.02711296081543,2243,95731157,0.05532693862915039
4.0319390296936035,2244,95773856,0.055379629135131836
4.06992244720459,2245,95816555,0.05619215965270996
4.101487636566162,2246,95859254,0.05573844909667969
4.060311794281006,2247,95901953,0.05550813674926758
4.045434474945068,2248,95944652,0.055983543395996094
4.048451900482178,2249,95987351,0.055626630783081055
4.055469989776611,2250,96030050,0.05549120903015137
4.033068656921387,2251,96072749,0.05540776252746582
4.037853240966797,2252,96115448,0.05540752410888672
4.0201005935668945,2253,96158147,0.05548357963562012
4.043397903442383,2254,96200846,0.05549049377441406
4.029824733734131,2255,96243545,0.05535459518432617
4.034019947052002,2256,96286244,0.05535268783569336
4.012650489807129,2257,96328943,0.05543971061706543
4.0763068199157715,2258,96371642,0.05554604530334473
4.047454833984375,2259,96414341,0.055591583251953125
4.043680191040039,2260,96457040,0.05572819709777832
4.02523136138916,2261,96499739,0.0553896427154541
4.039116859436035,2262,96542438,0.05536508560180664
4.049560546875,2263,96585137,0.05574226379394531
4.0103607177734375,2264,96627836,0.05568218231201172
4.069858074188232,2265,96670535,0.055199623107910156
4.023030757904053,2266,96713234,0.05527925491333008
3.98224139213562,2267,96755933,0.055463552474975586
4.059503078460693,2268,96798632,0.055426836013793945
4.033473968505859,2269,96841331,0.05539679527282715
4.0506510734558105,2270,96884030,0.055364131927490234
4.087305068969727,2271,96926729,0.056069135665893555
4.009751319885254,2272,96969428,0.055672407150268555
4.041816711425781,2273,97012127,0.055135488510131836
4.028101921081543,2274,97054826,0.055323123931884766
4.064825534820557,2275,97097525,0.05556988716125488
3.9807240962982178,2276,97140224,0.05521082878112793
4.022828578948975,2277,97182923,0.05529141426086426
4.032433032989502,2278,97225622,0.05532407760620117
4.0341362953186035,2279,97268321,0.05536627769470215
4.0443243980407715,2280,97311020,0.055167198181152344
4.0421881675720215,2281,97353719,0.05523490905761719
4.029850006103516,2282,97396418,0.05527520179748535
4.050477981567383,2283,97439117,0.05572104454040527
4.023253917694092,2284,97481816,0.05547809600830078
4.06207275390625,2285,97524515,0.05518031120300293
4.070972442626953,2286,97567214,0.05525779724121094
4.068266868591309,2287,97609913,0.055628299713134766
4.095447063446045,2288,97652612,0.05536961555480957
4.072835445404053,2289,97695311,0.05536961555480957
4.075718879699707,2290,97738010,0.055223941802978516
4.061644077301025,2291,97780709,0.05523991584777832
4.053892612457275,2292,97823408,0.05566835403442383
4.01072883605957,2293,97866107,0.05569767951965332
4.0323076248168945,2294,97908806,0.05562901496887207
4.039501190185547,2295,97951505,0.05561399459838867
4.046242713928223,2296,97994204,0.0554499626159668
4.052375793457031,2297,98036903,0.05521845817565918
4.035455703735352,2298,98079602,0.0553593635559082
3.9874141216278076,2299,98122301,0.055266380310058594
4.039730072021484,2300,98165000,0.0554499626159668
4.0263566970825195,2301,98207699,0.055670738220214844
4.027583599090576,2302,98250398,0.05543160438537598
4.078238487243652,2303,98293097,0.05556440353393555
4.047282695770264,2304,98335796,0.05524396896362305
4.0071187019348145,2305,98378495,0.05521225929260254
4.027973175048828,2306,98421194,0.05533766746520996
4.048887252807617,2307,98463893,0.05540156364440918
4.007619380950928,2308,98506592,0.05522799491882324
4.033824443817139,2309,98549291,0.055303335189819336
4.065691947937012,2310,98591990,0.05557703971862793
4.0337300300598145,2311,98634689,0.05546426773071289
4.04935884475708,2312,98677388,0.05523848533630371
4.066097736358643,2313,98720087,0.05525946617126465
4.043464183807373,2314,98762786,0.055219411849975586
4.0621724128723145,2315,98805485,0.05507040023803711
4.0314226150512695,2316,98848184,0.05528712272644043
4.055299758911133,2317,98890883,0.05538153648376465
4.018824577331543,2318,98933582,0.05589699745178223
4.008947372436523,2319,98976281,0.05594372749328613
4.054256916046143,2320,99018980,0.05543875694274902
4.010894775390625,2321,99061679,0.055344581604003906
4.040550231933594,2322,99104378,0.05542135238647461
4.072552680969238,2323,99147077,0.055435895919799805
4.083510875701904,2324,99189776,0.055434226989746094
4.061740398406982,2325,99232475,0.05552101135253906
4.037176609039307,2326,99275174,0.05529069900512695
4.047300338745117,2327,99317873,0.05564403533935547
4.035367012023926,2328,99360572,0.057969093322753906
4.022164821624756,2329,99403271,0.0556941032409668
4.02018404006958,2330,99445970,0.055410146713256836
4.052984237670898,2331,99488669,0.055794477462768555
4.1041789054870605,2332,99531368,0.05549335479736328
4.030324935913086,2333,99574067,0.05534982681274414
4.057333946228027,2334,99616766,0.05543947219848633
3.9926395416259766,2335,99659465,0.05512809753417969
4.0383405685424805,2336,99702164,0.055182695388793945
4.029985427856445,2337,99744863,0.05567431449890137
4.083558559417725,2338,99787562,0.05532240867614746
4.066784858703613,2339,99830261,0.05531930923461914
4.075906276702881,2340,99872960,0.0553584098815918
4.070724010467529,2341,99915659,0.0553128719329834
4.043270111083984,2342,99958358,0.05529952049255371
4.03941535949707,2343,100001057,0.05543160438537598
