7.001675605773926,2,39117,0.42069292068481445
6.999514102935791,3,79211,0.056287527084350586
6.9993157386779785,4,119174,0.08429145812988281
7.001351356506348,5,158730,0.0612947940826416
6.997699737548828,6,197566,0.058748722076416016
6.9969868659973145,7,236905,0.05897212028503418
6.998167514801025,8,276682,0.05742144584655762
6.9948954582214355,9,315947,0.05663442611694336
6.995952129364014,10,354833,0.056456565856933594
6.984096527099609,11,394485,0.056374549865722656
6.986478805541992,12,433441,0.05672788619995117
6.980405807495117,13,473291,0.05646777153015137
6.976191520690918,14,512226,0.05660367012023926
6.970742702484131,15,551894,0.05632448196411133
6.96565055847168,16,591302,0.05611872673034668
6.9602508544921875,17,630900,0.056292057037353516
6.95095682144165,18,670281,0.05616450309753418
6.943047046661377,19,709626,0.05663251876831055
6.932725429534912,20,749157,0.0567326545715332
6.9262495040893555,21,788549,0.056247711181640625
6.918025016784668,22,827621,0.05634021759033203
6.911023139953613,23,866968,0.05618882179260254
6.902682781219482,24,905947,0.056369781494140625
6.896912097930908,25,945110,0.056414127349853516
6.879597187042236,26,984860,0.05640745162963867
6.871407985687256,27,1024312,0.05659890174865723
6.857865810394287,28,1063793,0.05637979507446289
6.847363471984863,29,1102718,0.05630016326904297
6.837062835693359,30,1142216,0.05621528625488281
6.821989059448242,31,1181489,0.05611753463745117
6.812765121459961,32,1220885,0.05630159378051758
6.800684928894043,33,1259803,0.05631566047668457
6.781004905700684,34,1299938,0.05615353584289551
6.771421432495117,35,1338384,0.056800127029418945
6.749865531921387,36,1378090,0.05678582191467285
6.742941856384277,37,1417433,0.05633115768432617
6.727261543273926,38,1456505,0.05624675750732422
6.71088171005249,39,1496342,0.056613922119140625
6.69225549697876,40,1536123,0.05622529983520508
6.678463935852051,41,1575468,0.05632472038269043
6.668542861938477,42,1614477,0.05626845359802246
6.636183261871338,43,1654501,0.05616569519042969
6.623198986053467,44,1693776,0.05639934539794922
6.6160149574279785,45,1733357,0.05626988410949707
6.59574031829834,46,1772548,0.05623579025268555
6.586794853210449,47,1811348,0.05627608299255371
6.56450891494751,48,1851079,0.05614328384399414
6.543646335601807,49,1890420,0.05631446838378906
6.527597427368164,50,1929841,0.05650758743286133
6.509043216705322,51,1969161,0.05649399757385254
6.495941638946533,52,2008629,0.05629849433898926
6.485416889190674,53,2048482,0.05627107620239258
6.448226451873779,54,2087975,0.056249141693115234
6.443490505218506,55,2128216,0.05660748481750488
6.444733619689941,56,2167443,0.056557655334472656
6.417313575744629,57,2206592,0.05637001991271973
6.401731014251709,58,2246552,0.05625343322753906
6.370359897613525,59,2286021,0.0562901496887207
6.360877513885498,60,2324775,0.05623221397399902
6.334316253662109,61,2364660,0.05610084533691406
6.321196556091309,62,2404134,0.05631208419799805
6.302474021911621,63,2442986,0.056293487548828125
6.2966084480285645,64,2482454,0.05656027793884277
6.277380466461182,65,2522045,0.0562131404876709
6.27734899520874,66,2560936,0.05649280548095703
6.2220025062561035,67,2600839,0.05632209777832031
6.218583106994629,68,2640064,0.056324005126953125
6.215388298034668,69,2679525,0.05632352828979492
6.188549518585205,70,2718595,0.05616426467895508
6.1851325035095215,71,2758329,0.056555986404418945
6.158005237579346,72,2797837,0.056269168853759766
6.139441967010498,73,2836127,0.05621600151062012
6.101248264312744,74,2875332,0.056159019470214844
6.10100793838501,75,2914672,0.05637216567993164
6.082588195800781,76,2953882,0.056273460388183594
6.073485851287842,77,2992890,0.05643057823181152
6.017942428588867,78,3031930,0.05886960029602051
6.004583835601807,79,3071043,0.05654764175415039
5.986827850341797,80,3110349,0.05614328384399414
5.972442626953125,81,3149479,0.05635643005371094
5.9599833488464355,82,3188664,0.05828499794006348
5.918203830718994,83,3227831,0.05746865272521973
5.917480945587158,84,3266959,0.05677533149719238
5.883825302124023,85,3306521,0.056183576583862305
5.871308326721191,86,3346022,0.05631566047668457
5.845541477203369,87,3385779,0.05623197555541992
5.818608283996582,88,3424381,0.057389259338378906
5.792447566986084,89,3463647,0.0562596321105957
5.806244850158691,90,3502942,0.05668783187866211
5.787546634674072,91,3541784,0.05643153190612793
5.749319076538086,92,3580767,0.056179046630859375
5.726324081420898,93,3620047,0.05617260932922363
5.704660892486572,94,3658959,0.055947303771972656
5.6860671043396,95,3698210,0.05625104904174805
5.646595001220703,96,3737842,0.05622291564941406
5.625870227813721,97,3777458,0.05630064010620117
5.620231628417969,98,3816876,0.05638599395751953
5.59475040435791,99,3855792,0.05633115768432617
5.566607475280762,100,3895677,0.05614781379699707
5.537609100341797,101,3935243,0.05608391761779785
5.525574684143066,102,3975032,0.05616331100463867
5.488839149475098,103,4014428,0.05621767044067383
5.479792594909668,104,4054139,0.05754876136779785
5.4571709632873535,105,4092848,0.057178497314453125
5.441216945648193,106,4132310,0.05666661262512207
5.4243011474609375,107,4171285,0.0561826229095459
5.374584197998047,108,4210924,0.056056976318359375
5.336218357086182,109,4250146,0.05602145195007324
5.350368499755859,110,4288917,0.05622720718383789
5.302967548370361,111,4328216,0.0561525821685791
5.270373344421387,112,4367539,0.05604982376098633
5.242718696594238,113,4406657,0.05607271194458008
5.228784561157227,114,4445548,0.05612444877624512
5.203908443450928,115,4484644,0.05627274513244629
5.175589561462402,116,4524595,0.056328773498535156
5.171671390533447,117,4563530,0.056311607360839844
5.1343183517456055,118,4603000,0.05608963966369629
5.100297451019287,119,4642702,0.055925846099853516
5.06809663772583,120,4682358,0.05604052543640137
5.03818941116333,121,4721271,0.05616641044616699
5.02708101272583,122,4760916,0.056075334548950195
5.001757621765137,123,4800166,0.05609917640686035
4.987709045410156,124,4839436,0.05617046356201172
4.967783451080322,125,4879014,0.056142330169677734
4.920276165008545,126,4918739,0.060578107833862305
4.919188499450684,127,4958207,0.05622148513793945
4.870092868804932,128,4997190,0.05596613883972168
4.851770877838135,129,5036281,0.056012868881225586
4.8415093421936035,130,5075654,0.0561826229095459
4.804084777832031,131,5114340,0.05812430381774902
4.7836995124816895,132,5154040,0.05615592002868652
4.757016181945801,133,5193002,0.056429386138916016
4.715128421783447,134,5231449,0.05836033821105957
4.710943222045898,135,5270915,0.05596017837524414
4.668708324432373,136,5310585,0.055967092514038086
4.640063762664795,137,5350342,0.05587148666381836
4.630761623382568,138,5389861,0.05605268478393555
4.61112642288208,139,5429479,0.05595850944519043
4.56669282913208,140,5469056,0.056015968322753906
4.549798488616943,141,5508622,0.05593395233154297
4.530886650085449,142,5548473,0.056273698806762695
4.526153564453125,143,5588086,0.056114912033081055
4.499160289764404,144,5627949,0.055928707122802734
4.470664978027344,145,5666432,0.0561366081237793
4.428891658782959,146,5705819,0.05636096000671387
4.417161464691162,147,5745614,0.055822134017944336
4.383933067321777,148,5784940,0.055933237075805664
4.3842339515686035,149,5825055,0.05600571632385254
4.359375476837158,150,5864546,0.05627751350402832
4.335158348083496,151,5903767,0.05629277229309082
4.316311359405518,152,5943222,0.05619525909423828
4.280561447143555,153,5982491,0.055829524993896484
4.249244689941406,154,6021977,0.05596113204956055
4.226281642913818,155,6061080,0.05596160888671875
4.205679893493652,156,6100038,0.056233882904052734
4.164159297943115,157,6139714,0.05590653419494629
4.172689437866211,158,6179277,0.05605506896972656
4.138180732727051,159,6219138,0.05643486976623535
4.14116907119751,160,6257959,0.055986642837524414
4.105213165283203,161,6297146,0.05595064163208008
4.063711166381836,162,6337145,0.056001901626586914
4.068458080291748,163,6377133,0.055974483489990234
3.9922213554382324,164,6416324,0.0558774471282959
4.016355991363525,165,6455046,0.05585765838623047
3.978639841079712,166,6494378,0.05585670471191406
3.9394521713256836,167,6533628,0.0559384822845459
3.928618907928467,168,6572771,0.05606555938720703
3.908543109893799,169,6611797,0.05615091323852539
3.8786585330963135,170,6650609,0.05622148513793945
3.8152661323547363,171,6690611,0.05636000633239746
3.851151943206787,172,6730202,0.05667471885681152
3.810133695602417,173,6769640,0.05587339401245117
3.805905342102051,174,6808947,0.056375980377197266
3.7772881984710693,175,6848916,0.05622124671936035
3.7680490016937256,176,6887681,0.05608344078063965
3.7276453971862793,177,6927622,0.05608701705932617
3.740427255630493,178,6966554,0.056215763092041016
3.7322754859924316,179,7005716,0.05612921714782715
3.6791136264801025,180,7045251,0.056252479553222656
3.652512550354004,181,7084670,0.05604743957519531
3.6129353046417236,182,7123580,0.05621743202209473
3.6415047645568848,183,7162923,0.056249380111694336
3.6072163581848145,184,7201900,0.05637645721435547
3.5668511390686035,185,7241710,0.05592179298400879
3.5385756492614746,186,7281087,0.056086063385009766
3.5190188884735107,187,7320692,0.05601215362548828
3.54550838470459,188,7359938,0.05587029457092285
3.5153870582580566,189,7399288,0.05574965476989746
3.45770525932312,190,7438450,0.056294918060302734
3.4740664958953857,191,7478093,0.05584359169006348
3.419567584991455,192,7517062,0.055567264556884766
3.4281296730041504,193,7556234,0.05562567710876465
3.4112541675567627,194,7595631,0.055773019790649414
3.371933937072754,195,7635300,0.0556943416595459
3.3808438777923584,196,7673890,0.05547666549682617
3.3686635494232178,197,7712922,0.05542492866516113
3.3002164363861084,198,7752605,0.055457115173339844
3.2774789333343506,199,7791928,0.05550551414489746
3.33129620552063,200,7830954,0.055406808853149414
3.254159927368164,201,7870258,0.05570387840270996
3.246657609939575,202,7908994,0.05638837814331055
3.2120702266693115,203,7947838,0.05605912208557129
3.189103126525879,204,7987351,0.05575704574584961
3.226379632949829,205,8026395,0.05569267272949219
3.174098253250122,206,8065884,0.05567622184753418
3.149869203567505,207,8105139,0.05559086799621582
3.122682571411133,208,8145104,0.05569744110107422
3.1005072593688965,209,8184398,0.05557847023010254
3.0103931427001953,210,8223719,0.0556492805480957
3.0741961002349854,211,8263264,0.05561208724975586
3.003908634185791,212,8302232,0.0554044246673584
3.009131908416748,213,8341517,0.055646419525146484
3.02571177482605,214,8380554,0.05558657646179199
3.0061256885528564,215,8419459,0.055387020111083984
3.013760805130005,216,8458364,0.05576062202453613
2.9559431076049805,217,8498076,0.05552554130554199
3.006589889526367,218,8536959,0.05547380447387695
2.944840431213379,219,8576015,0.05550575256347656
2.9243857860565186,220,8615401,0.0559229850769043
2.8759539127349854,221,8654864,0.05559802055358887
2.8920822143554688,222,8693841,0.05555081367492676
2.7835917472839355,223,8733654,0.05550861358642578
2.779871702194214,224,8773152,0.05544614791870117
2.8450114727020264,225,8812394,0.05550336837768555
2.7764194011688232,226,8851726,0.055545806884765625
2.8110082149505615,227,8891057,0.055535078048706055
2.776984930038452,228,8930627,0.0555567741394043
2.783069610595703,229,8969286,0.0555572509765625
2.725205183029175,230,9008481,0.05564475059509277
2.7034692764282227,231,9047971,0.05517768859863281
2.6078968048095703,232,9088029,0.05531573295593262
2.7104218006134033,233,9127699,0.055351972579956055
2.6188910007476807,234,9166713,0.05521345138549805
2.6507821083068848,235,9206275,0.05525994300842285
2.534620761871338,236,9245731,0.05542731285095215
2.5567779541015625,237,9285773,0.0556025505065918
2.59588885307312,238,9325104,0.05549216270446777
2.581665277481079,239,9365135,0.05611681938171387
2.5372705459594727,240,9404737,0.05573606491088867
2.543027400970459,241,9443836,0.0554807186126709
2.531189203262329,242,9482890,0.055397987365722656
2.485098361968994,243,9521171,0.05540060997009277
2.494105577468872,244,9559832,0.05536961555480957
2.4110424518585205,245,9599655,0.05519294738769531
2.4592957496643066,246,9638963,0.05527687072753906
2.4573869705200195,247,9678074,0.05538797378540039
2.3830809593200684,248,9717909,0.055184364318847656
2.353919267654419,249,9757163,0.05533242225646973
2.389385461807251,250,9796343,0.055359601974487305
2.3301198482513428,251,9836144,0.05521035194396973
2.2988905906677246,252,9875204,0.05527663230895996
2.295849561691284,253,9914815,0.05514645576477051
2.326188087463379,254,9953800,0.05525708198547363
2.229369878768921,255,9993143,0.05553913116455078
2.225095510482788,256,10032510,0.0552678108215332
2.3004956245422363,257,10071912,0.055295705795288086
2.3021371364593506,258,10111127,0.05533647537231445
2.2041633129119873,259,10150263,0.05535078048706055
2.1739065647125244,260,10189670,0.05531477928161621
2.196584939956665,261,10228877,0.05531001091003418
2.1962790489196777,262,10268574,0.0551607608795166
2.102375030517578,263,10307861,0.05559134483337402
2.1286942958831787,264,10346914,0.05535006523132324
2.1493992805480957,265,10385515,0.05514216423034668
2.141785144805908,266,10425180,0.05535292625427246
2.1053671836853027,267,10464860,0.05515909194946289
2.0644397735595703,268,10504246,0.055155277252197266
2.0746471881866455,269,10542916,0.0553278923034668
2.0913002490997314,270,10582249,0.055381059646606445
2.0471067428588867,271,10621748,0.05546307563781738
2.0451347827911377,272,10660580,0.05550408363342285
2.031191349029541,273,10699780,0.05536651611328125
2.0259952545166016,274,10739200,0.055251121520996094
2.0099146366119385,275,10778346,0.05522274971008301
1.8836994171142578,276,10818273,0.055342912673950195
2.0272228717803955,277,10857341,0.055248260498046875
1.9300270080566406,278,10897104,0.05524945259094238
1.9690526723861694,279,10936323,0.05515170097351074
1.8912750482559204,280,10975110,0.05520176887512207
1.9251880645751953,281,11013930,0.05559253692626953
1.8972889184951782,282,11053284,0.05544018745422363
1.8838971853256226,283,11092234,0.05518937110900879
1.9327298402786255,284,11131375,0.055321693420410156
1.86135995388031,285,11170687,0.055393218994140625
1.8353379964828491,286,11210177,0.055373191833496094
1.8948427438735962,287,11248659,0.05537676811218262
1.79830801486969,288,11288040,0.05556797981262207
1.8384356498718262,289,11327160,0.055219411849975586
1.8600237369537354,290,11366758,0.055455684661865234
1.814820408821106,291,11406155,0.05536818504333496
1.771813154220581,292,11445514,0.055208683013916016
1.7668511867523193,293,11485055,0.05529284477233887
1.767989158630371,294,11523576,0.05531001091003418
1.7409238815307617,295,11563446,0.05511665344238281
1.6975352764129639,296,11603342,0.05521130561828613
1.6666253805160522,297,11642922,0.05506110191345215
1.7158466577529907,298,11682771,0.05518937110900879
1.6554001569747925,299,11721933,0.05547070503234863
1.6679260730743408,300,11761102,0.055323123931884766
1.745740294456482,301,11799975,0.055249691009521484
1.7262773513793945,302,11838830,0.05508828163146973
1.677681565284729,303,11878413,0.055170297622680664
1.6530051231384277,304,11918177,0.05524325370788574
1.6867725849151611,305,11957984,0.0554194450378418
1.658992886543274,306,11997092,0.05534768104553223
1.6931676864624023,307,12036535,0.0552978515625
1.6294918060302734,308,12076097,0.05537152290344238
1.6634470224380493,309,12114923,0.055242061614990234
1.6597001552581787,310,12153101,0.05568981170654297
1.6925231218338013,311,12192367,0.055406808853149414
1.6259506940841675,312,12232075,0.05512881278991699
1.6050926446914673,313,12271476,0.05512070655822754
1.6180410385131836,314,12310864,0.05512189865112305
1.591469645500183,315,12350676,0.05514216423034668
1.5890655517578125,316,12390281,0.055182695388793945
1.5615782737731934,317,12429729,0.0554962158203125
1.581491231918335,318,12469216,0.05534482002258301
1.5795029401779175,319,12508673,0.05520796775817871
1.547210693359375,320,12547655,0.0552213191986084
1.5386664867401123,321,12585855,0.055054426193237305
1.5451617240905762,322,12625574,0.055441856384277344
1.4440902471542358,323,12664752,0.05526876449584961
1.5746991634368896,324,12703852,0.05512070655822754
1.459774136543274,325,12743531,0.05528855323791504
1.5486527681350708,326,12782417,0.056456804275512695
1.5506641864776611,327,12821569,0.05646085739135742
1.5280927419662476,328,12861558,0.05539679527282715
1.4905108213424683,329,12900879,0.05539226531982422
1.4398071765899658,330,12940445,0.05526471138000488
1.4215655326843262,331,12979821,0.05531167984008789
1.5050265789031982,332,13018580,0.05540943145751953
1.4870214462280273,333,13057888,0.055034637451171875
1.4734128713607788,334,13097596,0.05555582046508789
1.4172314405441284,335,13136851,0.0553128719329834
1.498856782913208,336,13175146,0.05523228645324707
1.4362914562225342,337,13214163,0.05498027801513672
1.4609664678573608,338,13254057,0.05522584915161133
1.3943469524383545,339,13293663,0.05518078804016113
1.4385181665420532,340,13332931,0.05515408515930176
1.406363606452942,341,13373175,0.05509686470031738
1.4269697666168213,342,13412677,0.05541825294494629
1.4746135473251343,343,13451952,0.05495119094848633
1.394320011138916,344,13491130,0.05500507354736328
1.4363248348236084,345,13530458,0.0550229549407959
1.424987554550171,346,13569713,0.055016517639160156
1.3361355066299438,347,13608634,0.054833173751831055
1.3870928287506104,348,13648089,0.055994510650634766
1.3909317255020142,349,13687574,0.05541849136352539
1.3287287950515747,350,13726461,0.056522369384765625
1.377301812171936,351,13764903,0.05562019348144531
1.3906466960906982,352,13804278,0.05601334571838379
1.4141345024108887,353,13843421,0.05532050132751465
1.402285099029541,354,13882403,0.05723452568054199
1.3234236240386963,355,13921737,0.05526232719421387
1.3842169046401978,356,13960953,0.05523562431335449
1.345848798751831,357,13999957,0.0550689697265625
1.356652855873108,358,14039336,0.05511927604675293
1.3951172828674316,359,14078257,0.054979562759399414
1.387777328491211,360,14117429,0.05513358116149902
1.29705011844635,361,14156714,0.05537104606628418
1.3338186740875244,362,14195894,0.05522012710571289
1.373603105545044,363,14235723,0.055021047592163086
1.3622385263442993,364,14275026,0.05487871170043945
1.3360843658447266,365,14314251,0.055136680603027344
1.3278565406799316,366,14353978,0.05510067939758301
1.3592250347137451,367,14392847,0.055004119873046875
1.2817044258117676,368,14432205,0.05509305000305176
1.2429598569869995,369,14471531,0.05507349967956543
1.3264669179916382,370,14511545,0.05479836463928223
1.3022722005844116,371,14550837,0.05510354042053223
1.3068151473999023,372,14590341,0.0550081729888916
1.278764009475708,373,14629918,0.05501270294189453
1.3195744752883911,374,14669547,0.056456804275512695
1.2284327745437622,375,14709091,0.0553891658782959
1.232561707496643,376,14748966,0.05502653121948242
1.2257122993469238,377,14788791,0.05514645576477051
1.288151741027832,378,14828109,0.055349111557006836
1.314227819442749,379,14866616,0.055266380310058594
1.293812870979309,380,14905524,0.055092811584472656
1.3027215003967285,381,14944424,0.05502796173095703
1.2588249444961548,382,14983593,0.05500197410583496
1.2865108251571655,383,15022177,0.05506253242492676
1.2402385473251343,384,15061446,0.05470681190490723
1.3032408952713013,385,15101090,0.0550382137298584
1.2342607975006104,386,15140572,0.05503511428833008
1.2569332122802734,387,15179481,0.05507659912109375
1.256430983543396,388,15218485,0.05513143539428711
1.2534892559051514,389,15257860,0.05496573448181152
1.3089278936386108,390,15296936,0.0551297664642334
1.2362831830978394,391,15336265,0.05520319938659668
1.215882420539856,392,15375424,0.05491232872009277
1.2289766073226929,393,15414612,0.0551295280456543
1.2571672201156616,394,15454005,0.05500078201293945
1.2002507448196411,395,15493056,0.05495142936706543
1.2463406324386597,396,15532246,0.055199384689331055
1.245064377784729,397,15571590,0.05516839027404785
1.2308706045150757,398,15610445,0.05490875244140625
1.262002944946289,399,15649807,0.05559206008911133
1.19985032081604,400,15689259,0.05515027046203613
1.2733982801437378,401,15728662,0.05544161796569824
1.2028781175613403,402,15768553,0.055262088775634766
1.1720473766326904,403,15807739,0.05521678924560547
1.2368136644363403,404,15847400,0.055252790451049805
1.2307552099227905,405,15886446,0.05517005920410156
1.1801559925079346,406,15925202,0.05529189109802246
1.1955996751785278,407,15964758,0.05536460876464844
1.1970245838165283,408,16003652,0.05527329444885254
1.1736788749694824,409,16043345,0.055254459381103516
1.1804524660110474,410,16082473,0.05520462989807129
1.1932353973388672,411,16121667,0.05520129203796387
1.1830124855041504,412,16161539,0.05530118942260742
1.2036648988723755,413,16201388,0.05533027648925781
1.2041056156158447,414,16240791,0.055483102798461914
1.2300223112106323,415,16279412,0.05519819259643555
1.19528329372406,416,16318593,0.055428504943847656
1.1240447759628296,417,16358022,0.05534052848815918
1.174050211906433,418,16397130,0.05536770820617676
1.198357343673706,419,16436753,0.055211782455444336
1.183504581451416,420,16476692,0.055609703063964844
1.1390466690063477,421,16515931,0.055174827575683594
1.1681054830551147,422,16555372,0.055233001708984375
1.1674234867095947,423,16594959,0.05522656440734863
1.1333709955215454,424,16634383,0.05513930320739746
1.174178123474121,425,16674256,0.055377960205078125
1.1629910469055176,426,16713639,0.05533242225646973
1.1740405559539795,427,16752727,0.05528998374938965
1.16305410861969,428,16792442,0.055212974548339844
1.1110671758651733,429,16831495,0.055313825607299805
1.1566768884658813,430,16870292,0.05526328086853027
1.211350679397583,431,16909592,0.05506491661071777
1.1687772274017334,432,16949167,0.055162906646728516
1.130786418914795,433,16988573,0.05518293380737305
1.1097856760025024,434,17027878,0.05516791343688965
1.141890525817871,435,17066979,0.0550386905670166
1.152504801750183,436,17105912,0.055135250091552734
1.129709005355835,437,17145512,0.05537104606628418
1.1865026950836182,438,17185035,0.05513739585876465
1.1507810354232788,439,17224406,0.055051565170288086
1.1855424642562866,440,17263260,0.05518531799316406
1.1907703876495361,441,17302597,0.055081844329833984
1.1860543489456177,442,17341752,0.05544281005859375
1.1410380601882935,443,17381416,0.055230140686035156
1.120278000831604,444,17420919,0.05519723892211914
1.1275287866592407,445,17460439,0.05520439147949219
1.1796468496322632,446,17499784,0.05518817901611328
1.166722059249878,447,17538463,0.05525612831115723
1.1048529148101807,448,17578786,0.05531764030456543
1.1248167753219604,449,17617990,0.055262088775634766
1.1202458143234253,450,17657696,0.055083513259887695
1.1690409183502197,451,17696668,0.05531740188598633
1.181028962135315,452,17735540,0.055176734924316406
1.1492648124694824,453,17774966,0.05516338348388672
1.172306776046753,454,17814616,0.0553288459777832
1.1327731609344482,455,17853783,0.05524444580078125
1.1655265092849731,456,17892664,0.055222272872924805
1.1340891122817993,457,17932376,0.05520892143249512
1.0981701612472534,458,17971379,0.055200815200805664
1.1235613822937012,459,18010864,0.05511665344238281
1.1116777658462524,460,18050435,0.055457353591918945
1.145180583000183,461,18089103,0.055658578872680664
1.084211826324463,462,18128075,0.05541682243347168
1.086908221244812,463,18167283,0.0553746223449707
1.1251367330551147,464,18205997,0.05514025688171387
1.1036968231201172,465,18245161,0.05520224571228027
1.0995125770568848,466,18284372,0.05515885353088379
1.1402442455291748,467,18323460,0.055255889892578125
1.1303943395614624,468,18363276,0.05530095100402832
1.0958406925201416,469,18402836,0.055435895919799805
1.1137733459472656,470,18442095,0.05541729927062988
1.068599820137024,471,18481149,0.055155277252197266
1.0998848676681519,472,18520101,0.05544328689575195
1.0792338848114014,473,18559670,0.05548596382141113
1.0801891088485718,474,18599116,0.05521249771118164
1.1314159631729126,475,18638201,0.055212974548339844
1.1148314476013184,476,18678226,0.05525827407836914
1.1665079593658447,477,18717365,0.055318593978881836
1.115256428718567,478,18757023,0.055150508880615234
1.0995787382125854,479,18795702,0.0553433895111084
1.1114921569824219,480,18835055,0.05516648292541504
1.122431993484497,481,18874854,0.055130958557128906
1.1516143083572388,482,18914133,0.05521440505981445
1.1017271280288696,483,18952936,0.05524325370788574
1.0952147245407104,484,18991682,0.05519533157348633
1.1283513307571411,485,19030688,0.055316925048828125
1.1290616989135742,486,19069734,0.05550265312194824
1.0973820686340332,487,19109310,0.0553593635559082
1.0986117124557495,488,19149327,0.055161237716674805
1.1236077547073364,489,19188310,0.05529212951660156
1.1067359447479248,490,19227886,0.05534815788269043
1.1417995691299438,491,19266638,0.05538153648376465
1.0991071462631226,492,19305312,0.05531954765319824
1.0687648057937622,493,19344744,0.055280208587646484
1.0775779485702515,494,19383856,0.05530428886413574
1.0905306339263916,495,19423060,0.05536365509033203
1.0982462167739868,496,19461669,0.05532574653625488
1.0528192520141602,497,19501669,0.055092811584472656
1.0803332328796387,498,19541235,0.05554819107055664
1.0759572982788086,499,19581041,0.055454254150390625
1.0029770135879517,500,19620946,0.055240631103515625
1.0718953609466553,501,19659943,0.055219173431396484
1.0799872875213623,502,19699124,0.0615077018737793
1.107349157333374,503,19738875,0.05832648277282715
1.1135871410369873,504,19778213,0.058165788650512695
1.088904619216919,505,19817516,0.0582427978515625
1.0339066982269287,506,19857112,0.05821633338928223
1.057685375213623,507,19896647,0.057932138442993164
1.0888170003890991,508,19936027,0.05887603759765625
1.0809835195541382,509,19975721,0.058455467224121094
1.1194425821304321,510,20015076,0.058418989181518555
1.1544822454452515,511,20053817,0.05813479423522949
1.0644205808639526,512,20093339,0.05819511413574219
1.0863879919052124,513,20132360,0.05805611610412598
1.0168523788452148,514,20172042,0.05822420120239258
1.0178147554397583,515,20211267,0.05818629264831543
1.0660929679870605,516,20251104,0.060430288314819336
1.0209258794784546,517,20290689,0.05832695960998535
1.0792092084884644,518,20329846,0.05825018882751465
1.0712534189224243,519,20369261,0.05840182304382324
1.1045877933502197,520,20408074,0.05826902389526367
1.057559609413147,521,20447931,0.05838489532470703
1.0559203624725342,522,20487503,0.05801653861999512
1.0996907949447632,523,20526254,0.05785679817199707
1.01432204246521,524,20565239,0.05951976776123047
1.086221694946289,525,20604876,0.058363914489746094
1.0515128374099731,526,20643579,0.05848431587219238
1.0543781518936157,527,20683036,0.05864143371582031
1.0539578199386597,528,20722605,0.05932164192199707
1.0251569747924805,529,20762536,0.05836129188537598
1.1122177839279175,530,20801628,0.05821585655212402
1.0893906354904175,531,20840827,0.05808544158935547
1.0550998449325562,532,20880277,0.05818462371826172
1.0225886106491089,533,20919182,0.05802559852600098
1.093056082725525,534,20957959,0.05815434455871582
1.0700238943099976,535,20997839,0.059479713439941406
1.0044423341751099,536,21037545,0.05865883827209473
1.071582555770874,537,21076667,0.05816316604614258
1.0464850664138794,538,21115647,0.05835700035095215
1.043674349784851,539,21154861,0.05820131301879883
1.0193694829940796,540,21194944,0.05845022201538086
1.0441029071807861,541,21234123,0.05826854705810547
1.0514490604400635,542,21273707,0.05818676948547363
1.0847808122634888,543,21312688,0.060732364654541016
0.9976392388343811,544,21351728,0.05823802947998047
1.0417373180389404,545,21391284,0.05900382995605469
1.0462396144866943,546,21430542,0.058115243911743164
1.0835598707199097,547,21470209,0.0582890510559082
1.0739717483520508,548,21509305,0.05811262130737305
1.0387643575668335,549,21548661,0.05944490432739258
1.013719916343689,550,21587540,0.05844235420227051
1.0308679342269897,551,21626853,0.058463335037231445
1.0692477226257324,552,21666323,0.05818009376525879
1.0815458297729492,553,21705534,0.058083295822143555
1.082416296005249,554,21744580,0.058155059814453125
1.1036651134490967,555,21783853,0.058287858963012695
1.0313209295272827,556,21822624,0.05820584297180176
1.072268009185791,557,21862075,0.05800628662109375
0.9782803654670715,558,21901576,0.05798196792602539
1.0391439199447632,559,21940688,0.05837059020996094
1.0451587438583374,560,21980126,0.05869150161743164
1.0401450395584106,561,22019650,0.06192135810852051
0.9923008680343628,562,22059143,0.058708906173706055
1.058896780014038,563,22097986,0.058243751525878906
1.032913327217102,564,22137816,0.058027029037475586
1.015957236289978,565,22177766,0.059081315994262695
1.04497230052948,566,22216500,0.0585324764251709
1.0117677450180054,567,22255712,0.05821633338928223
1.0068541765213013,568,22294312,0.05832076072692871
1.0416936874389648,569,22333549,0.05821800231933594
1.0021909475326538,570,22373066,0.05823087692260742
1.0376763343811035,571,22413042,0.05841207504272461
1.0081565380096436,572,22452504,0.05832481384277344
1.0340074300765991,573,22492139,0.05819988250732422
1.0502285957336426,574,22530815,0.05818629264831543
0.9631938934326172,575,22571060,0.058168888092041016
1.039078950881958,576,22610886,0.05842399597167969
0.9915416836738586,577,22650354,0.05889582633972168
1.023808240890503,578,22689951,0.05810880661010742
1.0399597883224487,579,22729006,0.058086395263671875
1.0297104120254517,580,22768089,0.05810236930847168
0.9984015226364136,581,22807133,0.05813908576965332
1.0294891595840454,582,22846967,0.05815553665161133
1.041060447692871,583,22886399,0.058721065521240234
0.9880151152610779,584,22925933,0.05857229232788086
1.0520585775375366,585,22965298,0.058408260345458984
0.9681257009506226,586,23004224,0.05817389488220215
1.0195995569229126,587,23042167,0.05803060531616211
1.0394150018692017,588,23081494,0.05564570426940918
1.0289113521575928,589,23120535,0.05549931526184082
1.0394552946090698,590,23159797,0.0557858943939209
0.9869779348373413,591,23199373,0.05533456802368164
1.0428217649459839,592,23238252,0.055271148681640625
1.0714746713638306,593,23277704,0.055602312088012695
1.021680474281311,594,23317098,0.058048248291015625
1.0403649806976318,595,23356258,0.05846571922302246
1.0388946533203125,596,23395311,0.05812978744506836
1.045935869216919,597,23434527,0.05842781066894531
1.0181814432144165,598,23474387,0.05804729461669922
1.0716874599456787,599,23512615,0.05809164047241211
1.0225353240966797,600,23551744,0.05779623985290527
0.9896689653396606,601,23591821,0.05608630180358887
1.0553547143936157,602,23631482,0.05571579933166504
0.993156373500824,603,23671048,0.0554811954498291
1.00586998462677,604,23709836,0.05549311637878418
1.0136477947235107,605,23749799,0.05634355545043945
0.9427669644355774,606,23789638,0.05559182167053223
1.0077542066574097,607,23828781,0.0553891658782959
0.969569742679596,608,23868571,0.05831003189086914
1.0093222856521606,609,23907976,0.05796551704406738
1.046492099761963,610,23946926,0.05913710594177246
0.9508307576179504,611,23987047,0.058086395263671875
0.9612204432487488,612,24026899,0.057993412017822266
0.9920821785926819,613,24066511,0.058571815490722656
1.0622011423110962,614,24105067,0.058228254318237305
1.0452864170074463,615,24144455,0.05808210372924805
0.973209023475647,616,24183889,0.05813407897949219
1.0192599296569824,617,24222842,0.058142900466918945
0.9942009449005127,618,24262606,0.05809330940246582
1.0047129392623901,619,24301533,0.05828046798706055
0.9759238958358765,620,24340860,0.05803203582763672
0.9798006415367126,621,24379924,0.058315277099609375
1.0169246196746826,622,24418652,0.05805683135986328
1.034014344215393,623,24458272,0.058043718338012695
0.9630036950111389,624,24497635,0.05805802345275879
1.0316412448883057,625,24536254,0.05788064002990723
1.0286803245544434,626,24575492,0.057929277420043945
0.9821559190750122,627,24614558,0.05813145637512207
1.0144742727279663,628,24653736,0.05836939811706543
1.0262364149093628,629,24693215,0.05881547927856445
0.9979438781738281,630,24732915,0.05884552001953125
1.0226284265518188,631,24772751,0.05818819999694824
0.9746091961860657,632,24812214,0.05804800987243652
0.9650437831878662,633,24851877,0.05814981460571289
1.0425559282302856,634,24891192,0.05798459053039551
1.0082943439483643,635,24930396,0.05798768997192383
1.0424432754516602,636,24969859,0.058205604553222656
1.0304877758026123,637,25008401,0.05833625793457031
1.023484706878662,638,25047600,0.05810546875
1.0019581317901611,639,25087173,0.05840754508972168
1.0020991563796997,640,25127099,0.05823206901550293
0.9856430888175964,641,25166065,0.05805611610412598
0.9951388835906982,642,25205486,0.05839681625366211
0.9780879616737366,643,25245054,0.058222055435180664
0.9807225465774536,644,25284771,0.058817148208618164
0.989459753036499,645,25324212,0.05849409103393555
1.0260822772979736,646,25363639,0.058397531509399414
0.9371166825294495,647,25403314,0.05832409858703613
0.9790578484535217,648,25443044,0.05889010429382324
1.0417979955673218,649,25482228,0.0587010383605957
1.0264264345169067,650,25521348,0.05878496170043945
0.9566764831542969,651,25560815,0.05898761749267578
0.9958074688911438,652,25600652,0.05866861343383789
0.9853206276893616,653,25639953,0.05852150917053223
1.0161800384521484,654,25678979,0.058641910552978516
1.0098459720611572,655,25717686,0.05847597122192383
1.0013870000839233,656,25756965,0.058779239654541016
1.0367906093597412,657,25795977,0.05847883224487305
0.9932816028594971,658,25835650,0.058351755142211914
0.9670255780220032,659,25875247,0.06121826171875
0.9842766523361206,660,25914915,0.058469533920288086
0.9652092456817627,661,25954632,0.055750370025634766
1.0382614135742188,662,25993766,0.05538177490234375
0.9730716347694397,663,26033171,0.05517077445983887
0.9556851387023926,664,26072710,0.05539536476135254
1.0180662870407104,665,26112135,0.055579185485839844
1.0364106893539429,666,26151448,0.05547904968261719
0.9777200222015381,667,26190519,0.05543041229248047
0.9803579449653625,668,26229385,0.05499720573425293
0.9920074939727783,669,26268145,0.05543112754821777
0.9503607153892517,670,26307799,0.05570507049560547
0.9875056743621826,671,26346611,0.05517411231994629
0.972046971321106,672,26386078,0.05607485771179199
1.0675009489059448,673,26424821,0.05514860153198242
0.96021568775177,674,26464224,0.05499839782714844
0.9591329097747803,675,26503127,0.05572199821472168
1.0051757097244263,676,26542424,0.055145978927612305
0.9517583250999451,677,26582017,0.05500054359436035
1.012279987335205,678,26621397,0.05541729927062988
0.9597296714782715,679,26661883,0.05521988868713379
1.0267454385757446,680,26700983,0.05512571334838867
0.957704484462738,681,26740228,0.05497121810913086
1.0081429481506348,682,26779340,0.055916547775268555
0.9994253516197205,683,26818285,0.05531430244445801
0.9835988879203796,684,26857381,0.05507326126098633
0.9449124336242676,685,26896865,0.05517148971557617
0.9875410795211792,686,26935919,0.055512189865112305
0.9892215132713318,687,26975023,0.05539226531982422
0.9817326068878174,688,27014693,0.05524158477783203
0.9337707161903381,689,27054611,0.055150747299194336
0.9263195395469666,690,27093855,0.05570793151855469
0.9888531565666199,691,27133456,0.0552217960357666
0.965867280960083,692,27172144,0.055074214935302734
0.991733968257904,693,27212036,0.05506443977355957
0.9712386131286621,694,27250898,0.05533432960510254
1.000035047531128,695,27289448,0.05497026443481445
0.978561520576477,696,27328551,0.054945945739746094
0.9456384181976318,697,27368009,0.05513310432434082
1.001823902130127,698,27407800,0.055742740631103516
0.9547508955001831,699,27447794,0.0552370548248291
0.9879348278045654,700,27487662,0.05492424964904785
0.9598764181137085,701,27527210,0.05482363700866699
0.9634624719619751,702,27566960,0.055344581604003906
1.0070829391479492,703,27606040,0.05666542053222656
1.006024956703186,704,27644981,0.05509614944458008
0.9836214184761047,705,27684801,0.05528759956359863
1.0025984048843384,706,27723415,0.055526018142700195
0.9523782730102539,707,27763015,0.05538678169250488
0.9877013564109802,708,27802152,0.05536818504333496
0.9947646260261536,709,27841541,0.05517983436584473
0.9594811797142029,710,27880692,0.05503034591674805
0.9954695105552673,711,27920185,0.05482673645019531
0.9927445650100708,712,27959790,0.05528116226196289
0.9662996530532837,713,27998930,0.054834604263305664
0.96819669008255,714,28037672,0.05568504333496094
0.9771504402160645,715,28076488,0.05526852607727051
0.9697301983833313,716,28116080,0.05512261390686035
0.9454041719436646,717,28155700,0.05567359924316406
1.0019681453704834,718,28194977,0.05593156814575195
0.9629048109054565,719,28234374,0.05633354187011719
1.011977195739746,720,28273475,0.05529427528381348
0.9601507782936096,721,28312831,0.055147647857666016
0.9779196977615356,722,28352555,0.05531740188598633
0.9712300300598145,723,28391996,0.055347442626953125
0.9161051511764526,724,28431628,0.05524015426635742
0.9876200556755066,725,28470567,0.05533456802368164
0.9843139052391052,726,28509954,0.057869672775268555
1.0264010429382324,727,28548660,0.05785727500915527
0.9594523906707764,728,28587405,0.05777788162231445
0.9242040514945984,729,28626972,0.058934926986694336
0.9395338892936707,730,28666239,0.05932497978210449
0.9863972067832947,731,28705880,0.057997941970825195
0.9576693177223206,732,28745431,0.05789804458618164
0.9334876537322998,733,28784953,0.05765652656555176
0.9828190207481384,734,28824681,0.057893991470336914
0.9909603595733643,735,28863563,0.05758404731750488
0.9910534620285034,736,28903025,0.05823016166687012
0.9751439690589905,737,28942626,0.05802130699157715
0.996310293674469,738,28982206,0.057749271392822266
0.9758052229881287,739,29021534,0.057787418365478516
0.9633695483207703,740,29061177,0.05782938003540039
0.9516921639442444,741,29100865,0.057511091232299805
0.9736722707748413,742,29140536,0.05851626396179199
0.9116169214248657,743,29179958,0.057959794998168945
0.9214506149291992,744,29219477,0.05794191360473633
0.971697986125946,745,29258987,0.05797004699707031
0.9888906478881836,746,29298439,0.05785179138183594
0.9622121453285217,747,29337622,0.057970285415649414
0.9226834774017334,748,29377584,0.058869123458862305
0.9729440808296204,749,29416653,0.05859255790710449
0.9821361899375916,750,29455552,0.05780315399169922
0.9262279272079468,751,29495270,0.05758857727050781
0.9425928592681885,752,29535065,0.057631731033325195
0.9534541368484497,753,29574430,0.057573795318603516
0.9692501425743103,754,29613495,0.05762672424316406
1.0555264949798584,755,29651842,0.057550668716430664
0.9619576334953308,756,29691093,0.05805206298828125
1.0010759830474854,757,29730109,0.05788850784301758
0.9695746302604675,758,29769461,0.05778312683105469
0.9483121037483215,759,29809836,0.0579526424407959
0.899165689945221,760,29849199,0.05880856513977051
0.9695628881454468,761,29888008,0.058391571044921875
1.0198920965194702,762,29925978,0.05749058723449707
0.9799809455871582,763,29964764,0.057831764221191406
0.9807745814323425,764,30004024,0.05805253982543945
0.9489721059799194,765,30043488,0.05801534652709961
0.9947936534881592,766,30083079,0.05777406692504883
0.983746349811554,767,30121922,0.05751967430114746
0.9431259036064148,768,30161348,0.05780458450317383
0.9300876259803772,769,30200683,0.05777311325073242
0.9440602660179138,770,30239734,0.058042287826538086
1.004272699356079,771,30279117,0.05812859535217285
0.9264054894447327,772,30318437,0.057630300521850586
0.9545390009880066,773,30357226,0.057713985443115234
0.9449067115783691,774,30396725,0.05770564079284668
0.9677789807319641,775,30435980,0.057852745056152344
0.9125204682350159,776,30475500,0.05820155143737793
0.9677331447601318,777,30514738,0.05544090270996094
0.9765370488166809,778,30554005,0.054947614669799805
0.9679969549179077,779,30592952,0.055323123931884766
0.9530896544456482,780,30632533,0.0550684928894043
0.9570439457893372,781,30671907,0.05574917793273926
0.9355779886245728,782,30711083,0.05515599250793457
0.9405953288078308,783,30750389,0.05735039710998535
0.9453770518302917,784,30789608,0.05561637878417969
0.9162656664848328,785,30829496,0.05522012710571289
1.0005828142166138,786,30867750,0.055092573165893555
0.9578899145126343,787,30907471,0.055072784423828125
0.9859720468521118,788,30946159,0.0550541877746582
0.9184342622756958,789,30985748,0.05513286590576172
1.003589153289795,790,31025125,0.055153846740722656
0.953661322593689,791,31064676,0.055339813232421875
0.9869605302810669,792,31104030,0.05527091026306152
1.002509593963623,793,31143742,0.055472612380981445
0.9369685053825378,794,31182715,0.055304527282714844
0.9942430257797241,795,31221768,0.05501055717468262
0.9133195281028748,796,31261676,0.05486917495727539
0.9691544771194458,797,31300489,0.054944515228271484
0.9421706199645996,798,31339748,0.05510234832763672
0.9648228287696838,799,31378898,0.05515885353088379
0.911931037902832,800,31418562,0.05506157875061035
0.9425545930862427,801,31458192,0.05569720268249512
0.9496614933013916,802,31496754,0.05551600456237793
0.9742638468742371,803,31535954,0.05507826805114746
0.9758443832397461,804,31575545,0.05502605438232422
0.9289213418960571,805,31615631,0.055150747299194336
0.9342992901802063,806,31655354,0.055611371994018555
0.9664884805679321,807,31694229,0.055248260498046875
0.9287128448486328,808,31733752,0.055080413818359375
0.9466848969459534,809,31772723,0.05516195297241211
0.982358455657959,810,31812232,0.05513596534729004
0.9551809430122375,811,31851261,0.05510401725769043
0.9200388789176941,812,31891552,0.05526900291442871
0.9577507376670837,813,31930659,0.054956912994384766
0.9470909833908081,814,31969999,0.05504131317138672
0.9437506198883057,815,32009487,0.055119991302490234
0.908514678478241,816,32048844,0.05504584312438965
0.9300248622894287,817,32088685,0.05495500564575195
0.9606267809867859,818,32127243,0.05544424057006836
0.9421870708465576,819,32166295,0.05527234077453613
0.9674001932144165,820,32205129,0.055287837982177734
0.9612937569618225,821,32244404,0.055877685546875
0.9635269045829773,822,32283866,0.05538344383239746
0.965141773223877,823,32323281,0.055116891860961914
0.9097248315811157,824,32362704,0.05501961708068848
0.9320693016052246,825,32401651,0.05507612228393555
0.9063058495521545,826,32441163,0.05517768859863281
0.9304714798927307,827,32480271,0.05526280403137207
0.9799321889877319,828,32519415,0.05509614944458008
0.9695783853530884,829,32558835,0.05542349815368652
0.9769570827484131,830,32597846,0.05543184280395508
0.9165468811988831,831,32636840,0.05556368827819824
0.9729315042495728,832,32676444,0.055240631103515625
0.9099665880203247,833,32716258,0.05520129203796387
0.9825969934463501,834,32754863,0.05490446090698242
1.007902979850769,835,32793712,0.05501890182495117
0.9450581669807434,836,32833247,0.05515313148498535
0.9546986818313599,837,32872409,0.055227041244506836
0.9441602826118469,838,32911275,0.055210113525390625
0.9700402617454529,839,32950844,0.0549161434173584
0.9604425430297852,840,32990374,0.05524039268493652
0.9843400716781616,841,33029688,0.05546069145202637
0.920450747013092,842,33068774,0.055188894271850586
0.9226701855659485,843,33108050,0.05510544776916504
1.0053966045379639,844,33146956,0.05498480796813965
0.9633815288543701,845,33186569,0.05507397651672363
0.9667973518371582,846,33224914,0.055109500885009766
0.963966965675354,847,33264969,0.055072784423828125
0.9133323431015015,848,33304675,0.05484771728515625
0.9655459523200989,849,33344217,0.055084943771362305
0.9155824184417725,850,33383758,0.05485725402832031
0.9782325625419617,851,33423049,0.05550217628479004
0.9361896514892578,852,33462754,0.0554201602935791
0.9738186597824097,853,33502128,0.05492353439331055
0.9513892531394958,854,33541582,0.0552520751953125
0.952978789806366,855,33580764,0.055047035217285156
0.9313021302223206,856,33620018,0.054857730865478516
0.9379395842552185,857,33659426,0.05502009391784668
0.9088881015777588,858,33698852,0.05527997016906738
0.9531015157699585,859,33738909,0.05820918083190918
0.9524062275886536,860,33777928,0.058042287826538086
0.9687934517860413,861,33816998,0.0576167106628418
0.9374307990074158,862,33856565,0.05754566192626953
0.9615604877471924,863,33895785,0.057657718658447266
0.9252437353134155,864,33935221,0.05786848068237305
0.9237581491470337,865,33974649,0.0579075813293457
0.9128024578094482,866,34014025,0.057903289794921875
0.9426164627075195,867,34053309,0.05790114402770996
0.9598360657691956,868,34091904,0.05794072151184082
0.9127646684646606,869,34132214,0.05763554573059082
0.94089275598526,870,34171444,0.05753803253173828
0.9312267899513245,871,34210731,0.05751228332519531
0.9637121558189392,872,34249506,0.05904340744018555
0.9012942910194397,873,34289156,0.05905032157897949
0.9488722085952759,874,34328790,0.057836294174194336
0.9161515235900879,875,34368586,0.05758976936340332
0.9793679118156433,876,34407651,0.05881524085998535
0.9445528388023376,877,34447156,0.057726383209228516
0.973531186580658,878,34486278,0.05772209167480469
0.910707414150238,879,34526308,0.05742168426513672
0.933542788028717,880,34566151,0.0578160285949707
0.8853535056114197,881,34605501,0.05767464637756348
0.9244890213012695,882,34644868,0.05786013603210449
0.8842712044715881,883,34684197,0.05753827095031738
0.9452207088470459,884,34724037,0.05765390396118164
0.8823481202125549,885,34763389,0.05735158920288086
0.9017124176025391,886,34802584,0.05739402770996094
0.8789838552474976,887,34842081,0.05822348594665527
0.9384236931800842,888,34881086,0.05808210372924805
0.9369179606437683,889,34920793,0.058477163314819336
0.945152223110199,890,34960558,0.0577244758605957
0.94979327917099,891,35000284,0.05767488479614258
0.9607958793640137,892,35039561,0.05754733085632324
0.9529604315757751,893,35079400,0.057940006256103516
0.9658218622207642,894,35118873,0.05771613121032715
0.9349008798599243,895,35158225,0.05742335319519043
0.944503128528595,896,35197347,0.05778861045837402
0.9840092062950134,897,35236194,0.0578000545501709
0.9253376722335815,898,35275898,0.05849337577819824
0.9281139373779297,899,35314898,0.05802583694458008
0.9649601578712463,900,35354935,0.057436227798461914
0.9189663529396057,901,35394179,0.05768227577209473
0.9237077236175537,902,35433132,0.05752825736999512
0.9431272745132446,903,35472671,0.0578005313873291
0.9636651873588562,904,35511663,0.057459115982055664
0.906912088394165,905,35550235,0.05776405334472656
0.8902934193611145,906,35589523,0.05957484245300293
0.9472052454948425,907,35628785,0.058019161224365234
0.9526263475418091,908,35668505,0.05761265754699707
0.9369835257530212,909,35707423,0.05773353576660156
0.8859649300575256,910,35746966,0.05802774429321289
0.9243286848068237,911,35786383,0.05773806571960449
0.9440909624099731,912,35825287,0.05769777297973633
0.9505799412727356,913,35864278,0.05752134323120117
0.9202324748039246,914,35903848,0.061600685119628906
0.9511666893959045,915,35942749,0.05862593650817871
0.9061267971992493,916,35982096,0.05761075019836426
0.9105207920074463,917,36021930,0.05783224105834961
0.9177872538566589,918,36061008,0.057677507400512695
0.8961063623428345,919,36100301,0.05793023109436035
0.9258522391319275,920,36139613,0.05788469314575195
0.9334263205528259,921,36179301,0.05771684646606445
0.956569254398346,922,36218488,0.057549476623535156
0.9470126628875732,923,36257813,0.05798959732055664
0.9307725429534912,924,36297345,0.057952880859375
0.9325493574142456,925,36336490,0.05781984329223633
0.8919981718063354,926,36375743,0.05783224105834961
0.9520052075386047,927,36414443,0.057630062103271484
0.9592897295951843,928,36453540,0.0579218864440918
0.9222260117530823,929,36492870,0.058007240295410156
0.9543392062187195,930,36531916,0.05832219123840332
0.913361132144928,931,36571144,0.05775141716003418
0.9218991994857788,932,36610503,0.05840611457824707
0.9507270455360413,933,36649997,0.05810952186584473
0.8813241124153137,934,36689521,0.05772876739501953
0.8956637978553772,935,36729108,0.05746173858642578
0.9186451435089111,936,36769152,0.05768394470214844
0.9180892109870911,937,36807833,0.05755805969238281
0.8977067470550537,938,36847366,0.05763435363769531
0.9649646282196045,939,36887205,0.05779242515563965
0.9135598540306091,940,36926587,0.05787086486816406
0.93528813123703,941,36965646,0.057708740234375
0.9348652362823486,942,37004641,0.057999610900878906
0.931280255317688,943,37044220,0.05800056457519531
0.9287013411521912,944,37083389,0.05767631530761719
0.9221229553222656,945,37122408,0.057799577713012695
0.8895841240882874,946,37161875,0.058100223541259766
0.9324613809585571,947,37200887,0.057482242584228516
0.9098840355873108,948,37240707,0.057862281799316406
0.9191221594810486,949,37280535,0.05770516395568848
0.8873794674873352,950,37319384,0.057904958724975586
0.9276251196861267,951,37359363,0.05782580375671387
0.9117819666862488,952,37398264,0.05756425857543945
0.9436165690422058,953,37436504,0.05748796463012695
0.9117001891136169,954,37476113,0.057457923889160156
0.9396334886550903,955,37515621,0.05775737762451172
0.9001049399375916,956,37554862,0.0578913688659668
0.921500563621521,957,37594467,0.05758094787597656
0.9826230406761169,958,37633310,0.05743122100830078
0.9162687659263611,959,37672789,0.057832956314086914
0.9249517321586609,960,37712253,0.058019399642944336
0.9411256909370422,961,37751562,0.057830095291137695
0.9169960618019104,962,37790637,0.05802798271179199
0.9456879496574402,963,37830597,0.057962656021118164
0.9834722280502319,964,37869373,0.0576627254486084
0.9068410992622375,965,37909135,0.05748748779296875
0.935494601726532,966,37948262,0.05756831169128418
0.8854426145553589,967,37987390,0.05762314796447754
0.9043827056884766,968,38026705,0.05798745155334473
0.9399199485778809,969,38066300,0.05773186683654785
0.9138060212135315,970,38105103,0.05759024620056152
0.9088049530982971,971,38144047,0.05757713317871094
0.8990565538406372,972,38183619,0.05760478973388672
0.8845521211624146,973,38222968,0.05779838562011719
0.8980549573898315,974,38262312,0.05784153938293457
0.9097942113876343,975,38301230,0.05768322944641113
0.915332019329071,976,38340837,0.05771613121032715
0.9312335848808289,977,38380248,0.058211565017700195
0.9078495502471924,978,38420365,0.058233022689819336
0.9194057583808899,979,38459267,0.0578455924987793
0.9453050494194031,980,38498486,0.05797982215881348
0.891769528388977,981,38537915,0.057610273361206055
0.9396700859069824,982,38577155,0.05784440040588379
0.8954846262931824,983,38616901,0.05840921401977539
0.9318485856056213,984,38656376,0.057891845703125
0.9465273022651672,985,38695348,0.05805158615112305
0.897025465965271,986,38735125,0.05760979652404785
0.9446328282356262,987,38774159,0.05760025978088379
0.9331861734390259,988,38812654,0.05828261375427246
0.9101317524909973,989,38851496,0.05797433853149414
0.8969050645828247,990,38891119,0.05759406089782715
0.9473681449890137,991,38930183,0.057767391204833984
0.8968621492385864,992,38969985,0.057764530181884766
0.9157311320304871,993,39009051,0.05792427062988281
0.9009275436401367,994,39048011,0.05869793891906738
0.9200292229652405,995,39087415,0.05809950828552246
0.9137941598892212,996,39126741,0.05771803855895996
0.9619579315185547,997,39165591,0.05766868591308594
0.9133476614952087,998,39204776,0.05763506889343262
0.9146353602409363,999,39244297,0.057515621185302734
0.9258968830108643,1000,39283839,0.05779409408569336
0.9385995268821716,1001,39322847,0.05805706977844238
0.9838231801986694,1002,39361744,0.056308746337890625
0.9109975695610046,1003,39401038,0.0551609992980957
0.9243800640106201,1004,39439956,0.05587005615234375
0.8942286968231201,1005,39479586,0.0550687313079834
0.8614690899848938,1006,39519235,0.0551149845123291
0.905060350894928,1007,39558852,0.055230140686035156
0.9615479707717896,1008,39598210,0.055207014083862305
0.9332024455070496,1009,39637885,0.055376291275024414
0.9088679552078247,1010,39677083,0.055228233337402344
0.9497681260108948,1011,39716470,0.054953813552856445
0.8936290740966797,1012,39756464,0.05510258674621582
0.946077287197113,1013,39795808,0.0550694465637207
0.8582078814506531,1014,39835602,0.05560636520385742
0.9180697798728943,1015,39874570,0.055381059646606445
0.9061377048492432,1016,39914044,0.055074214935302734
0.9068912863731384,1017,39952981,0.05539679527282715
0.8863051533699036,1018,39992488,0.0551908016204834
0.9701724052429199,1019,40031431,0.05501699447631836
0.9536633491516113,1020,40070425,0.05615568161010742
0.9101700186729431,1021,40109940,0.05528521537780762
0.9389122724533081,1022,40148659,0.055040836334228516
0.9250002503395081,1023,40188089,0.05740761756896973
0.9697173237800598,1024,40227504,0.055152177810668945
0.9220024943351746,1025,40267446,0.05500626564025879
0.933323085308075,1026,40306746,0.05509829521179199
0.9626113772392273,1027,40345408,0.05646252632141113
0.9331618547439575,1028,40384858,0.05517268180847168
0.9603667855262756,1029,40424129,0.05550217628479004
0.9178069829940796,1030,40463777,0.05540609359741211
0.8870263695716858,1031,40503298,0.054978370666503906
0.9148480892181396,1032,40542429,0.055420637130737305
0.889712929725647,1033,40581505,0.05545830726623535
0.9010718464851379,1034,40620369,0.0553438663482666
0.9093957543373108,1035,40659918,0.055133819580078125
0.9243301153182983,1036,40699590,0.05541253089904785
0.9375813603401184,1037,40738684,0.05511927604675293
0.9325266480445862,1038,40777962,0.05506634712219238
0.9057762622833252,1039,40817702,0.05514860153198242
0.9056696891784668,1040,40857059,0.056752681732177734
0.9335780143737793,1041,40896728,0.055387020111083984
0.8901597261428833,1042,40935990,0.05494546890258789
0.9200606942176819,1043,40975590,0.05545520782470703
0.9334641098976135,1044,41014533,0.055442094802856445
0.9454288482666016,1045,41053947,0.05515742301940918
0.9674907922744751,1046,41093677,0.05510425567626953
0.9680830836296082,1047,41131949,0.054984092712402344
0.9341567754745483,1048,41170762,0.05573558807373047
0.9156373143196106,1049,41210368,0.05517697334289551
0.93633633852005,1050,41249510,0.054927825927734375
0.9183399677276611,1051,41288850,0.054975032806396484
0.9258689284324646,1052,41327805,0.054970741271972656
0.8986392617225647,1053,41366852,0.05536055564880371
0.8970919251441956,1054,41406290,0.05521368980407715
0.9404081702232361,1055,41445002,0.05506730079650879
0.8979578018188477,1056,41484619,0.055117130279541016
0.9246477484703064,1057,41523907,0.05483055114746094
0.9308589696884155,1058,41563580,0.055580854415893555
0.9049304127693176,1059,41602499,0.05512237548828125
0.9023228883743286,1060,41641828,0.05518078804016113
0.8848746418952942,1061,41681105,0.05517125129699707
0.9214639067649841,1062,41720488,0.05502676963806152
0.9265068769454956,1063,41759881,0.05604434013366699
0.9683239459991455,1064,41799251,0.055693864822387695
0.9122064113616943,1065,41838973,0.05496072769165039
0.9022045135498047,1066,41878796,0.054842472076416016
0.8687193989753723,1067,41918709,0.055216073989868164
0.9259970784187317,1068,41957576,0.05518627166748047
0.9127064347267151,1069,41997476,0.05521702766418457
0.9168423414230347,1070,42036499,0.05500483512878418
0.9050798416137695,1071,42076452,0.055435895919799805
0.942520260810852,1072,42115393,0.055117130279541016
0.909595251083374,1073,42155085,0.05582165718078613
0.9241421222686768,1074,42194842,0.05515122413635254
0.9749469757080078,1075,42233496,0.0551915168762207
0.9452775716781616,1076,42272919,0.05490279197692871
0.9082402586936951,1077,42312611,0.05516314506530762
0.9330990314483643,1078,42352007,0.05518078804016113
0.9380102157592773,1079,42391549,0.05550575256347656
0.8941981196403503,1080,42431472,0.05519604682922363
0.8842107653617859,1081,42470132,0.05490612983703613
0.9333545565605164,1082,42509311,0.05511951446533203
0.9678375720977783,1083,42548736,0.054917097091674805
0.9450530409812927,1084,42588255,0.05485415458679199
0.9483873248100281,1085,42627728,0.05507159233093262
0.9346081018447876,1086,42665992,0.05485677719116211
0.9617037177085876,1087,42704741,0.05533742904663086
0.9355778694152832,1088,42743847,0.05475950241088867
0.907704770565033,1089,42783785,0.055104732513427734
0.8994633555412292,1090,42823251,0.055376529693603516
0.9423222541809082,1091,42861894,0.05527019500732422
0.9097928404808044,1092,42900812,0.055819034576416016
0.9309728145599365,1093,42939824,0.0554347038269043
0.9340908527374268,1094,42978858,0.05476713180541992
0.937669575214386,1095,43017339,0.05499982833862305
0.9011562466621399,1096,43056957,0.05561518669128418
0.8938637375831604,1097,43096334,0.055422067642211914
0.9064033627510071,1098,43135045,0.05517935752868652
0.9131653308868408,1099,43173963,0.05558490753173828
0.9296122789382935,1100,43213019,0.05512237548828125
0.9278905987739563,1101,43252410,0.05497026443481445
0.8894057273864746,1102,43291459,0.05538487434387207
0.9318516254425049,1103,43330454,0.05494832992553711
0.929521381855011,1104,43369324,0.05482673645019531
0.8886811137199402,1105,43408949,0.05587601661682129
0.8837176561355591,1106,43448347,0.0553591251373291
0.9058111310005188,1107,43487818,0.055367231369018555
0.9152969121932983,1108,43526803,0.05522513389587402
0.8619771003723145,1109,43566136,0.05510902404785156
0.9451862573623657,1110,43605326,0.05587053298950195
0.9212542176246643,1111,43644808,0.05588936805725098
0.8859156966209412,1112,43683371,0.0549774169921875
0.8564762473106384,1113,43722736,0.055452585220336914
0.9089762568473816,1114,43762033,0.05536150932312012
0.9174496531486511,1115,43800860,0.05527901649475098
0.9545691013336182,1116,43839550,0.0553441047668457
0.9194135665893555,1117,43879071,0.05513286590576172
0.8980623483657837,1118,43918694,0.055140018463134766
0.9039450287818909,1119,43957370,0.054828643798828125
0.8655953407287598,1120,43996554,0.055234670639038086
0.9411298632621765,1121,44035511,0.055480003356933594
0.9096853137016296,1122,44074161,0.05519413948059082
0.9152685403823853,1123,44113833,0.05501270294189453
0.881770670413971,1124,44153337,0.05521845817565918
0.860165536403656,1125,44193005,0.05553007125854492
0.8870753645896912,1126,44232278,0.055303335189819336
0.914758563041687,1127,44271673,0.05549263954162598
0.9341966509819031,1128,44311338,0.05601382255554199
0.9061889052391052,1129,44350355,0.05548858642578125
0.919117271900177,1130,44389647,0.05500483512878418
0.8923881649971008,1131,44428963,0.055083513259887695
0.961863100528717,1132,44468399,0.05516338348388672
0.9078948497772217,1133,44507748,0.05492520332336426
0.8845490217208862,1134,44546920,0.05519437789916992
0.8974675536155701,1135,44585984,0.05530500411987305
0.8925197720527649,1136,44625971,0.05510306358337402
0.9273945093154907,1137,44665594,0.05514049530029297
0.9413552284240723,1138,44704894,0.055103302001953125
0.8699606657028198,1139,44744344,0.05501556396484375
0.856442928314209,1140,44783694,0.05509161949157715
0.8658464550971985,1141,44822846,0.05509686470031738
0.9227494597434998,1142,44861479,0.05520749092102051
0.9366762042045593,1143,44900135,0.05503511428833008
0.8952401876449585,1144,44939767,0.05578970909118652
0.8816146850585938,1145,44978922,0.05535745620727539
0.9113708138465881,1146,45018187,0.055077552795410156
0.9076545238494873,1147,45057263,0.05486655235290527
0.9349669218063354,1148,45096471,0.05521035194396973
0.8629502654075623,1149,45136067,0.05510425567626953
0.9477664232254028,1150,45175333,0.055135488510131836
0.9022772312164307,1151,45214942,0.0552220344543457
0.8971958756446838,1152,45254270,0.05554699897766113
0.9354565739631653,1153,45293043,0.05553388595581055
0.9261918067932129,1154,45331859,0.055068016052246094
0.880333662033081,1155,45371036,0.05538749694824219
0.9188717007637024,1156,45409945,0.05487465858459473
0.917314350605011,1157,45449192,0.05487060546875
0.8863322138786316,1158,45488962,0.054956674575805664
0.9084548354148865,1159,45527678,0.05490517616271973
0.8702647686004639,1160,45566947,0.055171966552734375
0.8729782700538635,1161,45606515,0.05526161193847656
0.8894765377044678,1162,45646335,0.05513143539428711
0.875626802444458,1163,45685812,0.05521082878112793
0.9049660563468933,1164,45724673,0.05505871772766113
0.8899688124656677,1165,45763913,0.05509305000305176
0.945254921913147,1166,45802509,0.05508899688720703
0.8915475010871887,1167,45841784,0.05502486228942871
0.9410277605056763,1168,45880731,0.05490517616271973
0.9108082056045532,1169,45920408,0.05517840385437012
0.9071059226989746,1170,45960074,0.055072784423828125
0.9074622392654419,1171,45999221,0.05510902404785156
0.9234053492546082,1172,46038901,0.056395769119262695
0.9037637710571289,1173,46078150,0.05566525459289551
0.917029857635498,1174,46117117,0.05507683753967285
0.9055331349372864,1175,46156277,0.05513954162597656
0.8624981045722961,1176,46195516,0.05517768859863281
0.9195364713668823,1177,46234868,0.05489993095397949
0.9033345580101013,1178,46273890,0.054743289947509766
0.8874364495277405,1179,46313037,0.05530500411987305
0.8755209445953369,1180,46352850,0.05525779724121094
0.8718996047973633,1181,46392355,0.05569195747375488
0.9023249745368958,1182,46431965,0.05484199523925781
0.8685452938079834,1183,46471243,0.05527901649475098
0.9373906850814819,1184,46510772,0.05534219741821289
0.8819460272789001,1185,46549764,0.05514645576477051
0.8835566639900208,1186,46589532,0.05509686470031738
0.9200731515884399,1187,46628460,0.055112600326538086
0.9452770948410034,1188,46667713,0.05511069297790527
0.9111424088478088,1189,46706958,0.05507302284240723
0.9184777736663818,1190,46746209,0.05537128448486328
0.9119881391525269,1191,46786033,0.056088924407958984
0.9308689832687378,1192,46825693,0.05533123016357422
0.8860480189323425,1193,46865250,0.054819583892822266
0.9092601537704468,1194,46904508,0.05491995811462402
0.8558399677276611,1195,46944357,0.054876089096069336
0.8971709609031677,1196,46983998,0.05500078201293945
0.8998159766197205,1197,47023271,0.05528545379638672
0.8681309223175049,1198,47062693,0.05513620376586914
0.9107306599617004,1199,47101855,0.054869651794433594
0.8591630458831787,1200,47140514,0.055112361907958984
0.8295775055885315,1201,47180189,0.0549314022064209
0.9082531332969666,1202,47219280,0.05485844612121582
0.9317430853843689,1203,47258532,0.0552678108215332
0.9005363583564758,1204,47297588,0.055159568786621094
0.9530857801437378,1205,47336877,0.05531191825866699
0.9843680262565613,1206,47375947,0.055145978927612305
0.9170016646385193,1207,47415222,0.05511021614074707
0.8964563608169556,1208,47454497,0.05511045455932617
0.9078918099403381,1209,47493978,0.05521392822265625
0.9034841656684875,1210,47533017,0.05507779121398926
0.9167629480361938,1211,47571774,0.055309295654296875
0.8638412356376648,1212,47611347,0.0550692081451416
0.9039486646652222,1213,47650288,0.05476737022399902
0.8784874677658081,1214,47689569,0.05517148971557617
0.8958895802497864,1215,47729392,0.05568814277648926
0.8540642857551575,1216,47768897,0.05501198768615723
0.8820732831954956,1217,47807972,0.05495905876159668
0.9056264758110046,1218,47847587,0.05476737022399902
0.907247006893158,1219,47886446,0.05546760559082031
0.9268636703491211,1220,47926073,0.05519723892211914
0.9115023016929626,1221,47964414,0.0550386905670166
0.9294305443763733,1222,48003501,0.05520129203796387
0.8990658521652222,1223,48043051,0.055208444595336914
0.8612407445907593,1224,48082848,0.05486416816711426
0.9018452167510986,1225,48122247,0.0548095703125
0.9055218696594238,1226,48161811,0.055153846740722656
0.8786420226097107,1227,48201333,0.0559537410736084
0.9102380275726318,1228,48241069,0.05552339553833008
0.8949732184410095,1229,48280822,0.05492520332336426
0.881415605545044,1230,48320509,0.05512428283691406
0.8923367857933044,1231,48359910,0.055860280990600586
0.9066479802131653,1232,48399014,0.05539822578430176
0.9398573637008667,1233,48437710,0.055089712142944336
0.9346008896827698,1234,48477259,0.05509305000305176
0.8631488680839539,1235,48516780,0.05516481399536133
0.871060848236084,1236,48556274,0.055065155029296875
0.8890659213066101,1237,48595295,0.05481410026550293
0.9040413498878479,1238,48634907,0.05484938621520996
0.9464135766029358,1239,48674369,0.055762529373168945
0.9246628284454346,1240,48713699,0.05535888671875
0.8592533469200134,1241,48753169,0.055380821228027344
0.8735732436180115,1242,48792685,0.05520224571228027
0.8842232823371887,1243,48832374,0.05509757995605469
0.8822968006134033,1244,48871910,0.055072784423828125
0.8916775584220886,1245,48911362,0.055197715759277344
0.8875859379768372,1246,48950384,0.05498194694519043
0.9118946194648743,1247,48989832,0.055033206939697266
0.8674188256263733,1248,49029106,0.05490851402282715
0.913825511932373,1249,49068354,0.05530953407287598
0.8881693482398987,1250,49107546,0.05513358116149902
0.9028273820877075,1251,49146898,0.05534553527832031
0.911117434501648,1252,49186061,0.05639529228210449
0.8794225454330444,1253,49225607,0.05513286590576172
0.9005134701728821,1254,49264471,0.055010080337524414
0.885347843170166,1255,49303580,0.05526399612426758
0.9386188387870789,1256,49342439,0.05544114112854004
0.9283031225204468,1257,49381897,0.05530500411987305
0.8907839059829712,1258,49421106,0.05486178398132324
0.9322490692138672,1259,49460457,0.05497884750366211
0.9008997082710266,1260,49499768,0.05505204200744629
0.8935344815254211,1261,49539264,0.05502772331237793
0.9184107780456543,1262,49578416,0.054926156997680664
0.9127903580665588,1263,49617393,0.05518746376037598
0.8675105571746826,1264,49656187,0.05513262748718262
0.92229163646698,1265,49695334,0.055011749267578125
0.866950511932373,1266,49734775,0.05603909492492676
0.8949840664863586,1267,49774103,0.0556490421295166
0.8788350820541382,1268,49813540,0.05537605285644531
0.871284544467926,1269,49852679,0.05565476417541504
0.8603937029838562,1270,49891599,0.05541038513183594
0.9024061560630798,1271,49931020,0.05533933639526367
0.9018264412879944,1272,49970693,0.055052757263183594
0.8838961720466614,1273,50010261,0.054964542388916016
0.9081617593765259,1274,50049268,0.0547943115234375
0.8634635806083679,1275,50087912,0.055333852767944336
0.8670237064361572,1276,50126981,0.05499601364135742
0.87310391664505,1277,50166339,0.055045127868652344
0.9001981019973755,1278,50205260,0.05521821975708008
0.8702548742294312,1279,50244881,0.055036306381225586
0.8774482011795044,1280,50284264,0.05507302284240723
0.9192600846290588,1281,50323129,0.0550539493560791
0.8499166965484619,1282,50362865,0.05488705635070801
0.9488702416419983,1283,50401822,0.05586695671081543
0.9012109041213989,1284,50440150,0.055058956146240234
0.9131664037704468,1285,50479853,0.055077552795410156
0.888805091381073,1286,50518888,0.0546879768371582
0.9095177054405212,1287,50558232,0.05478501319885254
0.9034180045127869,1288,50597321,0.055123329162597656
0.8767828941345215,1289,50636790,0.05492711067199707
0.8890827894210815,1290,50675756,0.05522513389587402
0.8575642704963684,1291,50714995,0.05508613586425781
0.8954113721847534,1292,50754420,0.05521702766418457
0.9051639437675476,1293,50793968,0.0554499626159668
0.8790450692176819,1294,50833702,0.05535387992858887
0.9329180717468262,1295,50872673,0.055155277252197266
0.8576565980911255,1296,50912986,0.055197715759277344
0.9023970365524292,1297,50952030,0.05495619773864746
0.8815001845359802,1298,50990689,0.05508089065551758
0.9314165711402893,1299,51029800,0.05599570274353027
0.8425505757331848,1300,51069165,0.05531930923461914
0.927034854888916,1301,51108206,0.055155277252197266
0.8663175702095032,1302,51147177,0.05540752410888672
0.90871262550354,1303,51186202,0.05522608757019043
0.9166057705879211,1304,51225391,0.05503487586975098
0.8755512833595276,1305,51265384,0.05511164665222168
0.8641182780265808,1306,51304839,0.05509018898010254
0.8523540496826172,1307,51344943,0.05522942543029785
0.9004063606262207,1308,51384406,0.0550689697265625
0.9105833172798157,1309,51423769,0.05530381202697754
0.9045022130012512,1310,51462647,0.05552315711975098
0.893576979637146,1311,51501229,0.05538773536682129
0.879448413848877,1312,51540490,0.05505633354187012
0.9211729168891907,1313,51579690,0.055222511291503906
0.9451781511306763,1314,51619474,0.055265188217163086
0.8733370900154114,1315,51659309,0.05531930923461914
0.8792365193367004,1316,51698261,0.05519747734069824
0.8997637629508972,1317,51738098,0.055085182189941406
0.8908567428588867,1318,51776739,0.05503678321838379
0.850186288356781,1319,51816943,0.05506396293640137
0.8510370254516602,1320,51856735,0.05518388748168945
0.9174280166625977,1321,51895696,0.05505561828613281
0.8993889689445496,1322,51934691,0.05483889579772949
0.8893845677375793,1323,51974131,0.0550999641418457
0.9413596987724304,1324,52013055,0.05519533157348633
0.9158387780189514,1325,52052262,0.05515432357788086
0.9298174381256104,1326,52090968,0.05537080764770508
0.8815020322799683,1327,52130347,0.05523800849914551
0.8332769274711609,1328,52170234,0.055329084396362305
0.8875697255134583,1329,52209351,0.054924726486206055
0.8899691700935364,1330,52249172,0.05650138854980469
0.8716051578521729,1331,52288996,0.05548667907714844
0.8807133436203003,1332,52328914,0.05528736114501953
0.8692611455917358,1333,52368542,0.054900169372558594
0.9626235961914062,1334,52407697,0.05501437187194824
0.8572195172309875,1335,52447249,0.055149078369140625
0.9162700176239014,1336,52486037,0.05534720420837402
0.8542554378509521,1337,52525098,0.05546092987060547
0.890288770198822,1338,52564810,0.05523395538330078
0.8849061131477356,1339,52603865,0.05525779724121094
0.8809404373168945,1340,52643684,0.05513167381286621
0.8850739598274231,1341,52682808,0.05510759353637695
0.8872585892677307,1342,52722448,0.05483102798461914
0.8497537970542908,1343,52762106,0.05517315864562988
0.927326500415802,1344,52801367,0.05508136749267578
0.8782016038894653,1345,52840355,0.05484271049499512
0.8725149631500244,1346,52880335,0.055303096771240234
0.9110816717147827,1347,52919836,0.05520462989807129
0.8895420432090759,1348,52959517,0.05517244338989258
0.9121001958847046,1349,52998572,0.05532073974609375
0.9104160666465759,1350,53038587,0.05500984191894531
0.8779786229133606,1351,53077578,0.05517935752868652
0.888820469379425,1352,53116551,0.055150508880615234
0.8930671811103821,1353,53156029,0.054802894592285156
0.9130122661590576,1354,53195510,0.055257558822631836
0.873938798904419,1355,53235133,0.05538463592529297
0.8821520209312439,1356,53274205,0.05526256561279297
0.8919828534126282,1357,53312970,0.05495476722717285
0.8893478512763977,1358,53351902,0.05488705635070801
0.890460729598999,1359,53391694,0.055168867111206055
0.88914555311203,1360,53431677,0.055054664611816406
0.9058393836021423,1361,53471095,0.055220603942871094
0.9124673008918762,1362,53510367,0.055084228515625
0.8627792596817017,1363,53550376,0.05525803565979004
0.8545735478401184,1364,53589575,0.05518460273742676
0.8981976509094238,1365,53629539,0.054831504821777344
0.9239715933799744,1366,53668461,0.05494832992553711
0.9006703495979309,1367,53707600,0.054898977279663086
0.884726881980896,1368,53746539,0.054697513580322266
0.8770771622657776,1369,53785658,0.055027008056640625
0.889525830745697,1370,53824592,0.054819583892822266
0.8742565512657166,1371,53863736,0.05509042739868164
0.866990864276886,1372,53903214,0.05560946464538574
0.9378319978713989,1373,53941828,0.05535125732421875
0.8601068258285522,1374,53980994,0.055082082748413086
0.9118729829788208,1375,54020296,0.05519556999206543
0.8395938277244568,1376,54059834,0.05502724647521973
0.8880589008331299,1377,54099584,0.05481982231140137
0.9180617332458496,1378,54138795,0.055089712142944336
0.8866657018661499,1379,54177441,0.055077552795410156
0.8707654476165771,1380,54216601,0.055086374282836914
0.8855711817741394,1381,54256091,0.05513334274291992
0.866348922252655,1382,54295119,0.0550534725189209
0.8934450149536133,1383,54334543,0.05546236038208008
0.9175966382026672,1384,54373803,0.05538678169250488
0.8430719971656799,1385,54413777,0.05510091781616211
0.9114425778388977,1386,54452785,0.05510115623474121
0.9409201145172119,1387,54491705,0.056404829025268555
0.8570698499679565,1388,54530692,0.055294036865234375
0.8470650911331177,1389,54570307,0.05528116226196289
0.8970921039581299,1390,54609142,0.055168867111206055
0.9197632074356079,1391,54648408,0.05525612831115723
0.9160417914390564,1392,54687774,0.05507087707519531
0.9325418472290039,1393,54727164,0.05521726608276367
0.920024573802948,1394,54766444,0.05489516258239746
0.8431504368782043,1395,54805552,0.05491280555725098
0.86049884557724,1396,54844775,0.056084394454956055
0.9160361289978027,1397,54883781,0.056205034255981445
0.9276794791221619,1398,54922191,0.05537843704223633
0.9273620843887329,1399,54960937,0.05584454536437988
0.8933752179145813,1400,54999950,0.05807781219482422
0.8633612394332886,1401,55038406,0.058313846588134766
0.9147085547447205,1402,55077427,0.05799245834350586
0.8706246614456177,1403,55116446,0.058205366134643555
0.8833661675453186,1404,55155848,0.05828404426574707
0.891679584980011,1405,55194916,0.05811905860900879
0.8613108396530151,1406,55233919,0.05837750434875488
0.8640496134757996,1407,55273578,0.058670759201049805
0.9175160527229309,1408,55312267,0.05858111381530762
0.8691462874412537,1409,55351801,0.0585329532623291
0.9480026364326477,1410,55390848,0.05840945243835449
0.9182353019714355,1411,55429594,0.058470964431762695
0.9249518513679504,1412,55468912,0.05846691131591797
0.8560858964920044,1413,55508415,0.058634042739868164
0.8826196789741516,1414,55547652,0.05858659744262695
0.946901261806488,1415,55586932,0.05870318412780762
0.8981227874755859,1416,55626575,0.05865645408630371
0.8866215944290161,1417,55665600,0.058897972106933594
0.8605035543441772,1418,55704723,0.05841636657714844
0.8970356583595276,1419,55743558,0.0584406852722168
0.9336514472961426,1420,55782834,0.058449745178222656
0.8462638258934021,1421,55822322,0.05850362777709961
0.8781026601791382,1422,55862641,0.058547258377075195
0.913047194480896,1423,55901769,0.05835580825805664
0.9036146998405457,1424,55940979,0.058751821517944336
0.8947404026985168,1425,55980478,0.05907702445983887
0.9041388630867004,1426,56019062,0.058776140213012695
0.8925786018371582,1427,56057835,0.05886125564575195
0.8631564974784851,1428,56097365,0.05854201316833496
0.9144476056098938,1429,56136452,0.058568716049194336
0.8885267972946167,1430,56174984,0.05825924873352051
0.9127432107925415,1431,56214336,0.05830645561218262
0.8877432942390442,1432,56254105,0.05604672431945801
0.8499125242233276,1433,56293503,0.05575871467590332
0.88416987657547,1434,56333288,0.05547189712524414
0.8770788311958313,1435,56372463,0.055583953857421875
0.8871320486068726,1436,56412361,0.057003021240234375
0.9099490642547607,1437,56451770,0.055570363998413086
0.8851228356361389,1438,56490803,0.055532217025756836
0.850296676158905,1439,56530570,0.05549120903015137
0.8943523168563843,1440,56569997,0.05545663833618164
0.8976597785949707,1441,56609403,0.055866241455078125
0.915208101272583,1442,56648508,0.05665421485900879
0.8962399363517761,1443,56688056,0.0557553768157959
0.8670673370361328,1444,56726905,0.05555009841918945
0.9017623662948608,1445,56765563,0.05572819709777832
0.8661856651306152,1446,56804779,0.05536484718322754
0.872206449508667,1447,56844142,0.05538487434387207
0.8791875839233398,1448,56883275,0.05709433555603027
0.8616411089897156,1449,56922849,0.05557131767272949
0.872657060623169,1450,56961971,0.05562782287597656
0.8851452469825745,1451,57001526,0.05640411376953125
0.8840398192405701,1452,57040813,0.05883502960205078
0.8797345161437988,1453,57080357,0.05845379829406738
0.8473384380340576,1454,57119955,0.05692696571350098
0.8972238898277283,1455,57159452,0.05562424659729004
0.9034302234649658,1456,57198138,0.0564265251159668
0.8435514569282532,1457,57237165,0.056412458419799805
0.8882520198822021,1458,57276296,0.05580735206604004
0.8983092904090881,1459,57314911,0.055497169494628906
0.8899431824684143,1460,57354112,0.05578780174255371
0.8585025072097778,1461,57393967,0.05566573143005371
0.8767443299293518,1462,57433382,0.05568289756774902
0.8667138814926147,1463,57473082,0.05645132064819336
0.8973851203918457,1464,57512851,0.05558013916015625
0.8947928547859192,1465,57551799,0.05562281608581543
0.8845933675765991,1466,57591620,0.05617189407348633
0.8834837079048157,1467,57631565,0.05681610107421875
0.9106674194335938,1468,57671409,0.05698895454406738
0.878122091293335,1469,57711055,0.056221723556518555
0.8959121704101562,1470,57751064,0.055571556091308594
0.9295352697372437,1471,57790885,0.05565953254699707
0.8913941979408264,1472,57830479,0.05681180953979492
0.9328615069389343,1473,57870438,0.055930137634277344
0.8861564993858337,1474,57909668,0.055771827697753906
0.8873682618141174,1475,57948974,0.05540943145751953
0.838529646396637,1476,57987974,0.055480241775512695
0.893667995929718,1477,58026867,0.05611085891723633
0.8838608860969543,1478,58066082,0.055666208267211914
0.8339234590530396,1479,58105961,0.055349111557006836
0.8893388509750366,1480,58145395,0.0555419921875
0.8663944602012634,1481,58184545,0.05585193634033203
0.8635618686676025,1482,58223518,0.05561017990112305
0.9013608694076538,1483,58262950,0.05545687675476074
0.9292007684707642,1484,58302129,0.0555572509765625
0.8527145385742188,1485,58340630,0.05576467514038086
0.8843926191329956,1486,58379578,0.05583786964416504
0.8533822298049927,1487,58418925,0.055676937103271484
0.8607902526855469,1488,58457430,0.05556535720825195
0.8684796690940857,1489,58496416,0.0555729866027832
0.9148605465888977,1490,58535750,0.055495500564575195
0.8806019425392151,1491,58574935,0.05547952651977539
0.8918235301971436,1492,58613987,0.055519819259643555
0.9014148712158203,1493,58652876,0.05638480186462402
0.8817476630210876,1494,58692027,0.05571794509887695
0.8521410822868347,1495,58731680,0.055577993392944336
0.8936141729354858,1496,58770784,0.05553579330444336
0.9243581295013428,1497,58809312,0.05557894706726074
0.910659670829773,1498,58848366,0.05588722229003906
0.8948625326156616,1499,58888067,0.05555438995361328
0.8564141392707825,1500,58927382,0.05544757843017578
0.919006884098053,1501,58966478,0.05518054962158203
0.8824621438980103,1502,59005444,0.05792951583862305
0.8977856636047363,1503,59045105,0.05618739128112793
0.8523438572883606,1504,59084561,0.055973052978515625
0.8595772981643677,1505,59123776,0.05613541603088379
0.8886145353317261,1506,59163120,0.057615041732788086
0.8736531138420105,1507,59203003,0.05703568458557129
0.8583680391311646,1508,59242644,0.05620861053466797
0.9243459701538086,1509,59281600,0.05688834190368652
0.9148491024971008,1510,59320930,0.05642294883728027
0.8559144735336304,1511,59360413,0.056343793869018555
0.903359591960907,1512,59399387,0.05791831016540527
0.8553332090377808,1513,59438907,0.05614638328552246
0.9550471305847168,1514,59477864,0.0560755729675293
0.9040888547897339,1515,59517483,0.059540748596191406
0.839901864528656,1516,59557265,0.05728292465209961
0.865423321723938,1517,59597089,0.055796146392822266
0.8302894234657288,1518,59636794,0.05625796318054199
0.9300798177719116,1519,59676031,0.056088924407958984
0.8720769882202148,1520,59715202,0.05598163604736328
0.9281629323959351,1521,59753760,0.05924105644226074
0.8621156811714172,1522,59793220,0.05736660957336426
0.8616760969161987,1523,59832973,0.05589628219604492
0.8743282556533813,1524,59872688,0.055783748626708984
0.9222812652587891,1525,59911792,0.05670285224914551
0.9043065905570984,1526,59951191,0.056368350982666016
0.9201923608779907,1527,59990377,0.05613589286804199
0.923272967338562,1528,60029645,0.05753016471862793
0.8934174180030823,1529,60068753,0.05617499351501465
0.8737574815750122,1530,60108434,0.055980682373046875
0.9033021926879883,1531,60147060,0.056529998779296875
0.8572375178337097,1532,60186538,0.05740547180175781
0.895161509513855,1533,60225902,0.05649518966674805
0.8942128419876099,1534,60265246,0.05637550354003906
0.8873691558837891,1535,60304012,0.05656790733337402
0.908684492111206,1536,60343105,0.05637073516845703
0.8720707893371582,1537,60382937,0.05640578269958496
0.863484799861908,1538,60422567,0.05755472183227539
0.8843531608581543,1539,60462345,0.057114601135253906
0.8627410531044006,1540,60501965,0.05663657188415527
0.9004253149032593,1541,60540850,0.056529998779296875
0.8613356947898865,1542,60580662,0.056310176849365234
0.896845281124115,1543,60620323,0.05660676956176758
0.8630067706108093,1544,60660140,0.05614495277404785
0.8986338973045349,1545,60699341,0.056729793548583984
0.8615484237670898,1546,60738077,0.056143999099731445
0.9212110042572021,1547,60776831,0.05767488479614258
0.911708414554596,1548,60816002,0.05631756782531738
0.8722947835922241,1549,60855798,0.05691862106323242
0.9009753465652466,1550,60895730,0.05661773681640625
0.8687341809272766,1551,60935522,0.05618929862976074
0.8898913860321045,1552,60974776,0.05726289749145508
0.8782370090484619,1553,61014255,0.056502342224121094
0.8457192778587341,1554,61053275,0.05731916427612305
0.9157893657684326,1555,61092164,0.05649089813232422
0.9453042149543762,1556,61131714,0.05593729019165039
0.8710287809371948,1557,61171176,0.05636739730834961
0.9124024510383606,1558,61209619,0.05631113052368164
0.8818522095680237,1559,61249362,0.056181907653808594
0.8938005566596985,1560,61289258,0.056977033615112305
0.9094334244728088,1561,61328012,0.05589914321899414
0.9224640727043152,1562,61367723,0.057518959045410156
0.8672224879264832,1563,61406729,0.05651712417602539
0.8909664154052734,1564,61446252,0.05609250068664551
0.8566861152648926,1565,61485943,0.056101083755493164
0.8974947333335876,1566,61525569,0.05594038963317871
0.9075953364372253,1567,61564799,0.05582904815673828
0.8627284169197083,1568,61604052,0.056915998458862305
0.8529661297798157,1569,61643593,0.056255340576171875
0.8668889999389648,1570,61682639,0.05620455741882324
0.8969359397888184,1571,61722287,0.05658364295959473
0.8368603587150574,1572,61761782,0.05628848075866699
0.8572613000869751,1573,61800825,0.05602407455444336
0.8762555122375488,1574,61840021,0.056265830993652344
0.8691277503967285,1575,61879834,0.0572667121887207
0.8794130682945251,1576,61919173,0.056337833404541016
0.9134550094604492,1577,61957903,0.056294918060302734
0.8791221976280212,1578,61996933,0.056981563568115234
0.8555716872215271,1579,62036305,0.05664515495300293
0.8687236905097961,1580,62075989,0.0564427375793457
0.8422515988349915,1581,62115772,0.05635333061218262
0.9236573576927185,1582,62154904,0.05632281303405762
0.8626862168312073,1583,62194213,0.056261539459228516
0.864376962184906,1584,62234460,0.056250572204589844
0.8829278349876404,1585,62273905,0.057058095932006836
0.8453946113586426,1586,62312634,0.05650925636291504
0.9255982637405396,1587,62351691,0.056256771087646484
0.9131903648376465,1588,62390807,0.05617356300354004
0.9124525189399719,1589,62429619,0.056397438049316406
0.8728975653648376,1590,62468520,0.056157827377319336
0.8842936754226685,1591,62507761,0.05632281303405762
0.8722792267799377,1592,62547392,0.05626702308654785
0.8737725615501404,1593,62586883,0.05709099769592285
0.8712611198425293,1594,62626652,0.05648374557495117
0.91768878698349,1595,62665421,0.05606389045715332
0.8723089098930359,1596,62705512,0.05621933937072754
0.9131690859794617,1597,62744257,0.05702090263366699
0.8393232822418213,1598,62783781,0.056765079498291016
0.8746086359024048,1599,62823172,0.05635714530944824
0.8511178493499756,1600,62862301,0.05604219436645508
0.8628857731819153,1601,62902386,0.0561676025390625
0.8750042915344238,1602,62941508,0.05620265007019043
0.875533938407898,1603,62980598,0.05624723434448242
0.8678005337715149,1604,63020126,0.05625152587890625
0.891176164150238,1605,63059590,0.05710434913635254
0.9240639209747314,1606,63098493,0.056676626205444336
0.8808954358100891,1607,63137258,0.0562291145324707
0.9227010607719421,1608,63176430,0.05629229545593262
0.8937360644340515,1609,63215986,0.0562589168548584
0.8884090781211853,1610,63255065,0.05682086944580078
0.8509781956672668,1611,63294172,0.05652308464050293
0.8615763783454895,1612,63332748,0.05629849433898926
0.8540362119674683,1613,63371661,0.05629706382751465
0.889671266078949,1614,63410629,0.056318044662475586
0.8869209289550781,1615,63449939,0.05719423294067383
0.9061335921287537,1616,63489965,0.05638003349304199
0.8466235995292664,1617,63529181,0.056220054626464844
0.8499177098274231,1618,63568853,0.05623745918273926
0.8864337801933289,1619,63608389,0.056261301040649414
0.8936829566955566,1620,63646833,0.05690884590148926
0.8925701379776001,1621,63686456,0.05645155906677246
0.8745380640029907,1622,63725460,0.05637669563293457
0.8561576008796692,1623,63765921,0.05616188049316406
0.8345938920974731,1624,63805847,0.05634045600891113
0.8717135190963745,1625,63845429,0.05617880821228027
0.8748956918716431,1626,63885148,0.05645418167114258
0.8526754975318909,1627,63924437,0.05619001388549805
0.879773736000061,1628,63963851,0.056348323822021484
0.8648903369903564,1629,64002743,0.05617666244506836
0.9193568825721741,1630,64041575,0.05701446533203125
0.8950154185295105,1631,64081061,0.05665850639343262
0.8773783445358276,1632,64120509,0.05628800392150879
0.839116096496582,1633,64159545,0.056554317474365234
0.9297953248023987,1634,64198140,0.05623745918273926
0.87236088514328,1635,64237578,0.056188344955444336
0.8890987634658813,1636,64276906,0.056726932525634766
0.8574003577232361,1637,64316586,0.056292057037353516
0.8901069164276123,1638,64355984,0.05624270439147949
0.9099412560462952,1639,64395101,0.056200504302978516
0.843485414981842,1640,64434453,0.05622076988220215
0.8466933369636536,1641,64473758,0.0562596321105957
0.8635918498039246,1642,64513388,0.05662679672241211
0.8756003975868225,1643,64552175,0.05621957778930664
0.9171866178512573,1644,64591205,0.05611920356750488
0.8917555809020996,1645,64630562,0.05666041374206543
0.8447647094726562,1646,64670306,0.056317806243896484
0.8860633969306946,1647,64709219,0.05708622932434082
0.8889113068580627,1648,64748898,0.05679917335510254
0.9189684987068176,1649,64788006,0.05657076835632324
0.8746159076690674,1650,64827208,0.05663895606994629
0.8448256850242615,1651,64866477,0.05640220642089844
0.8980615735054016,1652,64905707,0.056314706802368164
0.8530749082565308,1653,64945415,0.05718088150024414
0.9350798726081848,1654,64984268,0.05644798278808594
0.8751974701881409,1655,65023039,0.056378841400146484
0.9060327410697937,1656,65062933,0.05622458457946777
0.8337344527244568,1657,65103132,0.056319475173950195
0.900012731552124,1658,65142603,0.056204795837402344
0.8876297473907471,1659,65181494,0.05713510513305664
0.8755009770393372,1660,65221260,0.0566403865814209
0.8741061687469482,1661,65260668,0.056221723556518555
0.8779081702232361,1662,65299833,0.056980133056640625
0.8642144203186035,1663,65339075,0.05649089813232422
0.8748770952224731,1664,65378503,0.0564112663269043
0.8371645212173462,1665,65418327,0.056555747985839844
0.8377645611763,1666,65457835,0.056713104248046875
0.8792954087257385,1667,65497167,0.05655336380004883
0.8857122659683228,1668,65536254,0.056429386138916016
0.897601306438446,1669,65575215,0.05646800994873047
0.852526068687439,1670,65614487,0.056215524673461914
0.9371172189712524,1671,65653174,0.05628037452697754
0.8548012971878052,1672,65692241,0.05739569664001465
0.8836724758148193,1673,65732494,0.05779767036437988
0.9046335816383362,1674,65771939,0.05748319625854492
0.8612591624259949,1675,65811644,0.056945085525512695
0.8659592270851135,1676,65850942,0.057149410247802734
0.9127071499824524,1677,65890898,0.05662655830383301
0.8804914355278015,1678,65930164,0.05714869499206543
0.8652366399765015,1679,65969704,0.05732154846191406
0.8841332793235779,1680,66009566,0.058393239974975586
0.8807491660118103,1681,66049251,0.05766582489013672
0.8832146525382996,1682,66087754,0.057106971740722656
0.8569443821907043,1683,66127113,0.057509660720825195
0.8419773578643799,1684,66166415,0.056383371353149414
0.885814368724823,1685,66206021,0.05854320526123047
0.8858687877655029,1686,66245078,0.057381391525268555
0.8895928859710693,1687,66283825,0.05746865272521973
0.8319829106330872,1688,66323864,0.05612826347351074
0.8202027082443237,1689,66363560,0.05598092079162598
0.8944899439811707,1690,66402961,0.0559992790222168
0.8670368790626526,1691,66441693,0.056093692779541016
0.8916189074516296,1692,66480782,0.05613207817077637
0.9051888585090637,1693,66520479,0.05649423599243164
0.8636363744735718,1694,66559779,0.057099342346191406
0.8480412364006042,1695,66598924,0.05709362030029297
0.8942434191703796,1696,66638076,0.05617809295654297
0.8590286374092102,1697,66677166,0.05683636665344238
0.874305248260498,1698,66716990,0.05789017677307129
0.9071266651153564,1699,66756462,0.05716657638549805
0.8950093388557434,1700,66795800,0.05729794502258301
0.9203052520751953,1701,66834997,0.05729222297668457
0.8562778830528259,1702,66874142,0.05699515342712402
0.8706574440002441,1703,66913524,0.056571245193481445
0.8520507216453552,1704,66953401,0.056964874267578125
0.8897067308425903,1705,66993086,0.057274580001831055
0.8815533518791199,1706,67032775,0.05722928047180176
0.8784583210945129,1707,67071507,0.05762791633605957
0.8996261358261108,1708,67111048,0.058261871337890625
0.90925133228302,1709,67150192,0.056974172592163086
0.8212193250656128,1710,67189608,0.05732917785644531
0.8664141893386841,1711,67229280,0.05889892578125
0.930737316608429,1712,67268490,0.05710601806640625
0.845953106880188,1713,67308648,0.057607412338256836
0.8541162014007568,1714,67348644,0.057572364807128906
0.9009381532669067,1715,67387639,0.05896711349487305
0.9025764465332031,1716,67427072,0.05721759796142578
0.8328235149383545,1717,67466091,0.05720186233520508
0.8594408631324768,1718,67505615,0.05668187141418457
0.8441706895828247,1719,67544829,0.05810976028442383
0.9038828611373901,1720,67584728,0.05766010284423828
0.8498067855834961,1721,67624164,0.05799412727355957
0.8882555365562439,1722,67663275,0.05798196792602539
0.8766711354255676,1723,67702700,0.0574188232421875
0.9053081274032593,1724,67741768,0.057668447494506836
0.8597366213798523,1725,67781268,0.05740165710449219
0.8665521740913391,1726,67820998,0.05768156051635742
0.8749879002571106,1727,67860416,0.05785512924194336
0.8974902629852295,1728,67899647,0.058168649673461914
0.8515560030937195,1729,67938946,0.057385921478271484
0.8715044856071472,1730,67979352,0.05771160125732422
0.8047571778297424,1731,68019165,0.057920217514038086
0.9030755162239075,1732,68058262,0.05757308006286621
0.8561203479766846,1733,68096488,0.05950307846069336
0.8638289570808411,1734,68136067,0.058310747146606445
0.8787895441055298,1735,68175264,0.05941939353942871
0.8403185606002808,1736,68214509,0.05827951431274414
0.8512610197067261,1737,68254102,0.05762910842895508
0.8792528510093689,1738,68293014,0.058522939682006836
0.8748293519020081,1739,68332837,0.05727839469909668
0.8971109390258789,1740,68371796,0.057713985443115234
0.8750883936882019,1741,68410841,0.057996511459350586
0.8777018785476685,1742,68450585,0.059542179107666016
0.8703560829162598,1743,68490328,0.05839657783508301
0.8801735639572144,1744,68529480,0.056639909744262695
0.8496019840240479,1745,68569385,0.05918145179748535
0.8744314312934875,1746,68608784,0.05698275566101074
0.8899751901626587,1747,68647837,0.05801105499267578
0.8562304973602295,1748,68687954,0.05788588523864746
0.8220574855804443,1749,68728050,0.05783867835998535
0.8638383150100708,1750,68767800,0.059149980545043945
0.9017144441604614,1751,68807398,0.0582120418548584
0.883510410785675,1752,68846574,0.057828426361083984
0.845815122127533,1753,68886025,0.05725264549255371
0.8745068907737732,1754,68925395,0.057012319564819336
0.8614118099212646,1755,68964675,0.057771921157836914
0.858755350112915,1756,69003959,0.05700492858886719
0.8664905428886414,1757,69043316,0.05814337730407715
0.8604128360748291,1758,69082554,0.0576021671295166
0.8402532935142517,1759,69122099,0.058011770248413086
0.8963660001754761,1760,69161408,0.059163808822631836
0.8736768960952759,1761,69200619,0.0585629940032959
0.8907440304756165,1762,69240147,0.058307647705078125
0.8690914511680603,1763,69279656,0.057367563247680664
0.8204082250595093,1764,69319338,0.058713674545288086
0.8423519134521484,1765,69359129,0.057971954345703125
0.8800740838050842,1766,69398050,0.05711078643798828
0.8680084347724915,1767,69437412,0.05820441246032715
0.8661429286003113,1768,69476685,0.05861210823059082
0.8778221011161804,1769,69516286,0.0577397346496582
0.8465620279312134,1770,69556594,0.05783438682556152
0.8665267825126648,1771,69595838,0.05822873115539551
0.8717687726020813,1772,69634877,0.05779743194580078
0.8873448371887207,1773,69673841,0.05677294731140137
0.854208767414093,1774,69712865,0.05826139450073242
0.888024091720581,1775,69752234,0.05914115905761719
0.8795674443244934,1776,69791528,0.05872368812561035
0.8632594347000122,1777,69830568,0.0588383674621582
0.8699207305908203,1778,69869913,0.05887436866760254
0.8666996359825134,1779,69909507,0.060135841369628906
0.8927356600761414,1780,69948982,0.05732154846191406
0.8578547239303589,1781,69988872,0.05867314338684082
0.8544056415557861,1782,70028215,0.05765986442565918
0.8793084621429443,1783,70068214,0.05818438529968262
0.8502970933914185,1784,70108129,0.05786323547363281
0.8674935698509216,1785,70146925,0.05741000175476074
0.8798904418945312,1786,70186446,0.05700993537902832
0.9030538201332092,1787,70225695,0.05843639373779297
0.8782278299331665,1788,70265279,0.05718731880187988
0.8674567937850952,1789,70304427,0.05666518211364746
0.8218725323677063,1790,70344052,0.056654930114746094
0.8928908109664917,1791,70383660,0.05787825584411621
0.8792700171470642,1792,70423076,0.058794498443603516
0.8677325248718262,1793,70462417,0.058236122131347656
0.852722704410553,1794,70502382,0.05855059623718262
0.8600809574127197,1795,70541168,0.05796980857849121
0.8988366723060608,1796,70580562,0.06020855903625488
0.8723810315132141,1797,70620311,0.058656930923461914
0.8771519064903259,1798,70659325,0.057872772216796875
0.9082404971122742,1799,70698355,0.05935955047607422
0.859474778175354,1800,70737346,0.05810236930847168
0.8795655369758606,1801,70776281,0.057277679443359375
0.8270008563995361,1802,70816118,0.056958675384521484
0.9214314818382263,1803,70855940,0.056406259536743164
0.8488481640815735,1804,70896156,0.05625438690185547
0.9059471487998962,1805,70935332,0.056340932846069336
0.8602531552314758,1806,70975439,0.05647110939025879
0.864017903804779,1807,71015145,0.0562441349029541
0.854026198387146,1808,71053388,0.05642080307006836
0.8988597393035889,1809,71092480,0.05614161491394043
0.8778038620948792,1810,71131708,0.05628085136413574
0.8524377346038818,1811,71170093,0.058019399642944336
0.8601195216178894,1812,71210034,0.0576021671295166
0.8952212333679199,1813,71249330,0.05708718299865723
0.8539800643920898,1814,71288412,0.05750322341918945
0.8394848704338074,1815,71328623,0.058214426040649414
0.86916583776474,1816,71367684,0.05687212944030762
0.853309690952301,1817,71407096,0.05660533905029297
0.8632511496543884,1818,71446584,0.0576474666595459
0.8811802864074707,1819,71486047,0.05715775489807129
0.8604599833488464,1820,71525888,0.05821871757507324
0.8603059649467468,1821,71565501,0.05763959884643555
0.860919713973999,1822,71604958,0.05782175064086914
0.8206920027732849,1823,71644203,0.058229684829711914
0.9074952006340027,1824,71682847,0.057138681411743164
0.8884741067886353,1825,71722230,0.056293487548828125
0.8752193450927734,1826,71761480,0.056232452392578125
0.8812825083732605,1827,71800596,0.05617809295654297
0.8828929662704468,1828,71839864,0.0584108829498291
0.839617133140564,1829,71879359,0.05795454978942871
0.8804602026939392,1830,71918534,0.05873727798461914
0.8802207112312317,1831,71957981,0.056757450103759766
0.8544334173202515,1832,71996981,0.056932926177978516
0.7820333242416382,1833,72037132,0.05717062950134277
0.8936160802841187,1834,72075940,0.057351112365722656
0.899041473865509,1835,72114885,0.055742502212524414
0.8816114068031311,1836,72154034,0.05602073669433594
0.885745644569397,1837,72192878,0.056075096130371094
0.8619886636734009,1838,72232006,0.05622243881225586
0.8517406582832336,1839,72271326,0.05708646774291992
0.8886275887489319,1840,72310941,0.05677485466003418
0.8860799670219421,1841,72349937,0.056209564208984375
0.881883978843689,1842,72388531,0.05633997917175293
0.8711035251617432,1843,72428061,0.056260108947753906
0.9172753095626831,1844,72467000,0.05628085136413574
0.8239796161651611,1845,72506357,0.05611062049865723
0.8392994999885559,1846,72546012,0.05636262893676758
0.9099957942962646,1847,72585526,0.056394338607788086
0.8403192758560181,1848,72624768,0.056319236755371094
0.8598136305809021,1849,72664248,0.05624723434448242
0.8648353219032288,1850,72703640,0.056223154067993164
0.8562842011451721,1851,72742742,0.05619978904724121
0.8243774175643921,1852,72782100,0.05632901191711426
0.8546801805496216,1853,72821202,0.057207584381103516
0.876651406288147,1854,72860515,0.056356191635131836
0.8596546053886414,1855,72899390,0.05647397041320801
0.877188503742218,1856,72938314,0.05613398551940918
0.8534868955612183,1857,72977558,0.055884599685668945
0.839975118637085,1858,73016943,0.05604076385498047
0.8677570223808289,1859,73056451,0.056212425231933594
0.8494411110877991,1860,73095237,0.05736351013183594
0.8469496965408325,1861,73134293,0.05667734146118164
0.8612847328186035,1862,73173710,0.05638694763183594
0.8385967016220093,1863,73212927,0.0562291145324707
0.8686363101005554,1864,73252339,0.057485342025756836
0.8398740887641907,1865,73291827,0.057747840881347656
0.8659020662307739,1866,73330719,0.05806565284729004
0.8710729479789734,1867,73370057,0.05689859390258789
0.8446639776229858,1868,73409576,0.05631518363952637
0.8690667152404785,1869,73448730,0.055678367614746094
0.8739989995956421,1870,73488357,0.05610370635986328
0.8307088017463684,1871,73527841,0.05743217468261719
0.8959975242614746,1872,73567274,0.058014631271362305
0.833636999130249,1873,73607378,0.056897878646850586
0.8455754518508911,1874,73646873,0.05971980094909668
0.865868330001831,1875,73686399,0.05660080909729004
0.8768219351768494,1876,73725432,0.056244611740112305
0.8579060435295105,1877,73764584,0.05623435974121094
0.8662339448928833,1878,73804373,0.056333303451538086
0.8685029149055481,1879,73843401,0.05626559257507324
0.8714047074317932,1880,73883001,0.056093454360961914
0.8553158044815063,1881,73922361,0.056017398834228516
0.8527987599372864,1882,73961452,0.05586385726928711
0.8686400055885315,1883,74000911,0.05616259574890137
0.8580396771430969,1884,74040135,0.05598115921020508
0.8982775807380676,1885,74079453,0.05591154098510742
0.8443527817726135,1886,74118734,0.056012630462646484
0.8826377987861633,1887,74157202,0.055838584899902344
0.8193744421005249,1888,74196550,0.055988311767578125
0.844977617263794,1889,74235937,0.05589795112609863
0.819244921207428,1890,74275375,0.05597257614135742
0.8547483682632446,1891,74314788,0.05670976638793945
0.8654025197029114,1892,74354664,0.05595135688781738
0.8408456444740295,1893,74394534,0.05585193634033203
0.8382359147071838,1894,74434217,0.05585193634033203
0.8493572473526001,1895,74473305,0.05576205253601074
0.87861567735672,1896,74512945,0.05578494071960449
0.8973183035850525,1897,74551957,0.05596613883972168
0.8499659299850464,1898,74591538,0.055779218673706055
0.852796196937561,1899,74631124,0.05601382255554199
0.8723433017730713,1900,74670219,0.0578303337097168
0.8830999732017517,1901,74709284,0.056139230728149414
0.8688725233078003,1902,74749004,0.05587911605834961
0.8867202997207642,1903,74788866,0.05588984489440918
0.849733829498291,1904,74828741,0.05590391159057617
0.8563135266304016,1905,74868512,0.05576825141906738
0.8333885073661804,1906,74908232,0.055930376052856445
0.8661068081855774,1907,74947666,0.05585050582885742
0.8665587306022644,1908,74987085,0.055977821350097656
0.8450203537940979,1909,75026568,0.05579042434692383
0.853337824344635,1910,75066009,0.05585169792175293
0.9072389602661133,1911,75105082,0.05594754219055176
0.8397520780563354,1912,75144455,0.0558164119720459
0.832264244556427,1913,75183738,0.05578756332397461
0.8781081438064575,1914,75222613,0.055988311767578125
0.8735335469245911,1915,75261816,0.0559535026550293
0.8573383688926697,1916,75300707,0.05574989318847656
0.8778193593025208,1917,75339981,0.056649208068847656
0.8439502120018005,1918,75379407,0.056015968322753906
0.8683303594589233,1919,75418068,0.05564570426940918
0.8976545929908752,1920,75456653,0.05570483207702637
0.8422966599464417,1921,75495792,0.05562019348144531
0.9209875464439392,1922,75533778,0.05576372146606445
0.8786014914512634,1923,75573058,0.05565977096557617
0.8785595297813416,1924,75612770,0.05568671226501465
0.8425165414810181,1925,75652623,0.05599522590637207
0.8856003880500793,1926,75691924,0.056055545806884766
0.8695344924926758,1927,75731320,0.05616283416748047
0.8592824935913086,1928,75770392,0.05593371391296387
0.8603657484054565,1929,75810546,0.05589652061462402
0.8788134455680847,1930,75849503,0.05626082420349121
0.8583905696868896,1931,75888910,0.055928707122802734
0.8405130505561829,1932,75928195,0.05580878257751465
0.8244141340255737,1933,75967484,0.0557711124420166
0.8805949687957764,1934,76007142,0.055873870849609375
0.9297032952308655,1935,76046444,0.055887460708618164
0.8540623784065247,1936,76085613,0.05593252182006836
0.8666895031929016,1937,76124815,0.056912899017333984
0.8739559650421143,1938,76164061,0.05603981018066406
0.896385669708252,1939,76203331,0.05579853057861328
0.866582453250885,1940,76242242,0.055892229080200195
0.8531380891799927,1941,76281394,0.05589771270751953
0.8500591516494751,1942,76320883,0.05587315559387207
0.8621182441711426,1943,76360244,0.05583453178405762
0.9298287630081177,1944,76399533,0.05599522590637207
0.8730047941207886,1945,76438773,0.055822134017944336
0.8542259931564331,1946,76478237,0.055947065353393555
0.837782084941864,1947,76517526,0.05764317512512207
0.8655380606651306,1948,76556837,0.056260108947753906
0.8743783831596375,1949,76596218,0.055849552154541016
0.8672047257423401,1950,76636234,0.05582475662231445
0.9004510045051575,1951,76674365,0.05587625503540039
0.8252296447753906,1952,76714289,0.055800676345825195
0.8977335691452026,1953,76753671,0.056427955627441406
0.872953474521637,1954,76793342,0.05601358413696289
0.9143219590187073,1955,76832698,0.05587601661682129
0.8903191685676575,1956,76871855,0.05578279495239258
0.8519445061683655,1957,76910959,0.05568218231201172
0.832575261592865,1958,76950346,0.055716514587402344
0.8597779870033264,1959,76989837,0.05581378936767578
0.8992508053779602,1960,77028378,0.055870771408081055
0.8767927885055542,1961,77067596,0.055745840072631836
0.8668064475059509,1962,77106920,0.055818796157836914
0.8899703025817871,1963,77146496,0.05572509765625
0.873805046081543,1964,77185148,0.05567049980163574
0.8683589100837708,1965,77224773,0.0560307502746582
0.8775399923324585,1966,77264499,0.057509422302246094
0.8378849625587463,1967,77303834,0.05580401420593262
0.9015435576438904,1968,77343089,0.05654168128967285
0.9011989235877991,1969,77381743,0.05610060691833496
0.8175936937332153,1970,77421538,0.05567669868469238
0.8709976077079773,1971,77460824,0.0557398796081543
0.8763813376426697,1972,77499692,0.05581235885620117
0.8909512162208557,1973,77538475,0.056852102279663086
0.8192250728607178,1974,77577703,0.05694246292114258
0.8382923007011414,1975,77617577,0.05654764175415039
0.8810896277427673,1976,77657754,0.05764055252075195
0.82166987657547,1977,77697611,0.05753803253173828
0.854942798614502,1978,77737200,0.05607914924621582
0.8829399347305298,1979,77776099,0.05589914321899414
0.8751426339149475,1980,77814733,0.057421207427978516
0.8633463382720947,1981,77854122,0.05590033531188965
0.9061957001686096,1982,77893035,0.055692195892333984
0.8626008629798889,1983,77932343,0.05570626258850098
0.8729561567306519,1984,77971401,0.05565190315246582
0.8992364406585693,1985,78010498,0.055552005767822266
0.8888105154037476,1986,78049464,0.05572152137756348
0.8473199009895325,1987,78089372,0.055809736251831055
0.9233458042144775,1988,78128623,0.055890798568725586
0.8582460284233093,1989,78167446,0.05577659606933594
0.8446162343025208,1990,78206590,0.055733680725097656
0.8676866292953491,1991,78246407,0.05576658248901367
0.8677982091903687,1992,78285948,0.056993961334228516
0.8580659627914429,1993,78325771,0.05576515197753906
0.8630012273788452,1994,78365294,0.055751800537109375
0.852676272392273,1995,78404748,0.055849313735961914
0.8549917340278625,1996,78444283,0.05560755729675293
0.8577083945274353,1997,78483020,0.05562186241149902
0.8594700694084167,1998,78522760,0.05572676658630371
0.833050549030304,1999,78562504,0.055644989013671875
0.8674709796905518,2000,78601432,0.055707693099975586
0.893865704536438,2001,78640674,0.05584430694580078
0.8656505942344666,2002,78679703,0.05882859230041504
0.8548374176025391,2003,78718800,0.05850982666015625
0.8651078343391418,2004,78758280,0.05670475959777832
0.8964394330978394,2005,78797803,0.05626344680786133
0.9034850597381592,2006,78837017,0.056640625
0.8328149318695068,2007,78876586,0.05666804313659668
0.8821251392364502,2008,78916124,0.056287288665771484
0.8898738026618958,2009,78955580,0.05635833740234375
0.8544682860374451,2010,78994913,0.056099891662597656
0.8387062549591064,2011,79034374,0.05701422691345215
0.8357610106468201,2012,79074160,0.05656862258911133
0.8434562087059021,2013,79113673,0.05627799034118652
0.8523133397102356,2014,79153233,0.05606651306152344
0.8610029220581055,2015,79192899,0.0566251277923584
0.8809627294540405,2016,79232202,0.05597972869873047
0.8378674983978271,2017,79271722,0.057460784912109375
0.8736134767532349,2018,79311438,0.05636858940124512
0.886382520198822,2019,79350561,0.05595755577087402
0.864081621170044,2020,79389539,0.05624699592590332
0.8766778111457825,2021,79428847,0.0564115047454834
0.8780706524848938,2022,79468045,0.05638742446899414
0.8824929594993591,2023,79507483,0.05616188049316406
0.8642889261245728,2024,79546415,0.05685758590698242
0.8869180083274841,2025,79585567,0.05617380142211914
0.8696148991584778,2026,79624667,0.05603671073913574
0.8649976849555969,2027,79664248,0.0559697151184082
0.8880887627601624,2028,79703635,0.057927608489990234
0.867743730545044,2029,79743034,0.05568099021911621
0.9095679521560669,2030,79781872,0.05564284324645996
0.8616218566894531,2031,79821221,0.05591225624084473
0.8229681253433228,2032,79861155,0.0560457706451416
0.8577787280082703,2033,79900609,0.05589008331298828
0.838596761226654,2034,79940370,0.05616879463195801
0.8669261336326599,2035,79979464,0.05709028244018555
0.848739504814148,2036,80018663,0.056593894958496094
0.8682905435562134,2037,80058142,0.05612492561340332
0.8837093114852905,2038,80097145,0.05559110641479492
0.8607495427131653,2039,80136347,0.05573129653930664
0.8526615500450134,2040,80175552,0.05583310127258301
0.9043952226638794,2041,80214685,0.05578947067260742
0.8544118404388428,2042,80254279,0.055620431900024414
0.8367295861244202,2043,80293801,0.056191205978393555
0.859322726726532,2044,80333158,0.05563783645629883
0.8344054222106934,2045,80372730,0.05579233169555664
0.8526507616043091,2046,80412199,0.055418968200683594
0.8442891240119934,2047,80451342,0.05604410171508789
0.8862730264663696,2048,80491181,0.056549787521362305
0.8806430697441101,2049,80530320,0.0562291145324707
0.833571195602417,2050,80570054,0.055690765380859375
0.807739794254303,2051,80609760,0.056055307388305664
0.8865411281585693,2052,80649229,0.055492401123046875
0.8329393863677979,2053,80688750,0.055246591567993164
0.890849769115448,2054,80727273,0.055341243743896484
0.8786205649375916,2055,80765899,0.055788278579711914
0.8660328388214111,2056,80805463,0.05807900428771973
0.7912439703941345,2057,80844685,0.05623817443847656
0.8308709859848022,2058,80884342,0.05626487731933594
0.8657015562057495,2059,80922770,0.056249141693115234
0.8745889067649841,2060,80961715,0.056524038314819336
0.8862717747688293,2061,81001079,0.05625557899475098
0.8655339479446411,2062,81040164,0.05608773231506348
0.9029977321624756,2063,81078913,0.05611085891723633
0.8977588415145874,2064,81117884,0.05610394477844238
0.8532153964042664,2065,81157071,0.056684017181396484
0.8505553007125854,2066,81196664,0.05579710006713867
0.8624439835548401,2067,81236694,0.05588245391845703
0.8784955739974976,2068,81275703,0.0558018684387207
0.8658875823020935,2069,81315717,0.05556845664978027
0.8204832077026367,2070,81355258,0.056722402572631836
0.8603565096855164,2071,81394324,0.05671072006225586
0.8571715354919434,2072,81433502,0.05639076232910156
0.8541644215583801,2073,81472381,0.05557560920715332
0.8538897633552551,2074,81511501,0.05542898178100586
0.8468292951583862,2075,81551262,0.055650949478149414
0.8948325514793396,2076,81590427,0.0552821159362793
0.8367756009101868,2077,81630328,0.055526018142700195
0.8516654372215271,2078,81669903,0.05589890480041504
0.8664212822914124,2079,81709190,0.05614662170410156
0.8397880792617798,2080,81747935,0.05730247497558594
0.8372029066085815,2081,81786957,0.05645298957824707
0.930596113204956,2082,81825559,0.055956363677978516
0.842721164226532,2083,81864854,0.056234121322631836
0.8509970903396606,2084,81903591,0.056038618087768555
0.8979467749595642,2085,81943540,0.05558061599731445
0.8545799851417542,2086,81982900,0.05601954460144043
0.8275280594825745,2087,82022352,0.0560147762298584
0.8373033404350281,2088,82062356,0.056003570556640625
0.8384462594985962,2089,82101612,0.055432796478271484
0.8623412251472473,2090,82141372,0.055325984954833984
0.8589553236961365,2091,82180996,0.055718421936035156
0.8908199071884155,2092,82220454,0.05654478073120117
0.8671172261238098,2093,82259689,0.05572080612182617
0.8380833268165588,2094,82298753,0.05550360679626465
0.9163578748703003,2095,82337587,0.05551314353942871
0.8268578052520752,2096,82376698,0.05547356605529785
0.8505361676216125,2097,82416542,0.05536818504333496
0.9139286279678345,2098,82455794,0.056064605712890625
0.9014979600906372,2099,82494493,0.05596613883972168
0.9016367793083191,2100,82532959,0.055783987045288086
0.8573276400566101,2101,82572347,0.055741071701049805
0.9111875891685486,2102,82611286,0.05576944351196289
0.874427318572998,2103,82651082,0.05568242073059082
0.8421139121055603,2104,82690688,0.05569815635681152
0.8819426894187927,2105,82730130,0.05593061447143555
0.8565700650215149,2106,82769306,0.05559134483337402
0.8908616304397583,2107,82808167,0.0553126335144043
0.8314876556396484,2108,82847883,0.05534863471984863
0.8705018162727356,2109,82887079,0.05541396141052246
0.8545291423797607,2110,82926343,0.05632352828979492
0.8584210872650146,2111,82966027,0.05573105812072754
0.8638905882835388,2112,83005248,0.0553278923034668
0.874025285243988,2113,83045282,0.05521202087402344
0.8965938687324524,2114,83084193,0.0561220645904541
0.8538081645965576,2115,83123664,0.05548858642578125
0.823915421962738,2116,83163619,0.05532670021057129
0.8241895437240601,2117,83203236,0.05561542510986328
0.8617098331451416,2118,83242567,0.05555367469787598
0.8442994356155396,2119,83282775,0.055701255798339844
0.9040158987045288,2120,83321942,0.05550336837768555
0.8791512250900269,2121,83361844,0.05538225173950195
0.8711223006248474,2122,83401281,0.055287837982177734
0.8445718884468079,2123,83440801,0.0553889274597168
0.8863325119018555,2124,83480149,0.05685281753540039
0.8725103735923767,2125,83519600,0.055449724197387695
0.8854803442955017,2126,83558191,0.05579948425292969
0.8446330428123474,2127,83597869,0.05542397499084473
0.8905537724494934,2128,83637056,0.05553793907165527
0.8553583025932312,2129,83676440,0.05544114112854004
0.8062334656715393,2130,83716356,0.055397748947143555
0.8301095962524414,2131,83755532,0.05520796775817871
0.8190720081329346,2132,83794982,0.05722451210021973
0.8172881603240967,2133,83834565,0.055791616439819336
0.8556236028671265,2134,83873579,0.05532097816467285
0.860938310623169,2135,83912485,0.055303335189819336
0.8607693314552307,2136,83952172,0.05516409873962402
0.8583821058273315,2137,83991095,0.05583047866821289
0.8695980906486511,2138,84030268,0.055824995040893555
0.8505241870880127,2139,84069804,0.05534529685974121
0.8456044793128967,2140,84109246,0.05522942543029785
0.8959783315658569,2141,84148754,0.05529475212097168
0.8596010804176331,2142,84188630,0.05533909797668457
0.8882819414138794,2143,84227276,0.055432796478271484
0.8742744326591492,2144,84266343,0.05545997619628906
0.8614739775657654,2145,84305357,0.05539202690124512
0.8649882674217224,2146,84344798,0.05631208419799805
0.8651209473609924,2147,84383757,0.05579543113708496
0.8966682553291321,2148,84422537,0.05543208122253418
0.8483560681343079,2149,84462388,0.05559206008911133
0.8749942183494568,2150,84501542,0.05556011199951172
0.9284700751304626,2151,84540626,0.05529904365539551
0.8623482584953308,2152,84579703,0.05545496940612793
0.8755515217781067,2153,84618628,0.055179595947265625
0.8467498421669006,2154,84658606,0.0553736686706543
0.8875551819801331,2155,84697396,0.05559873580932617
0.8533430695533752,2156,84736115,0.055528879165649414
0.8401499390602112,2157,84775408,0.05557847023010254
0.9171748161315918,2158,84813909,0.0557253360748291
0.9091975688934326,2159,84853094,0.05542755126953125
0.8907303810119629,2160,84892473,0.05543828010559082
0.839179277420044,2161,84932266,0.05565834045410156
0.8874027729034424,2162,84971846,0.05534172058105469
0.8364346027374268,2163,85012116,0.05644369125366211
0.8607510924339294,2164,85051154,0.05572104454040527
0.8559467196464539,2165,85091224,0.05569171905517578
0.8482006192207336,2166,85130821,0.05518603324890137
0.8716721534729004,2167,85169655,0.05534791946411133
0.8957415819168091,2168,85208320,0.055384159088134766
0.8974292278289795,2169,85247737,0.055320024490356445
0.8640397787094116,2170,85286745,0.05524587631225586
0.8871867060661316,2171,85326009,0.05546307563781738
0.8842204213142395,2172,85365032,0.05640006065368652
0.8684918284416199,2173,85404600,0.05583906173706055
0.8646615743637085,2174,85443264,0.0552976131439209
0.8611770272254944,2175,85482561,0.05530214309692383
0.8624475002288818,2176,85521787,0.05523848533630371
0.8452175855636597,2177,85560784,0.055466651916503906
0.8611219525337219,2178,85599396,0.05531716346740723
0.8542145490646362,2179,85638638,0.055268049240112305
0.8678004741668701,2180,85678188,0.055341482162475586
0.8924988508224487,2181,85717777,0.05556607246398926
0.8772820830345154,2182,85757400,0.05562543869018555
0.8264954686164856,2183,85797117,0.055393218994140625
0.8738244771957397,2184,85836338,0.055397748947143555
0.9246050119400024,2185,85875802,0.05532550811767578
0.8825242519378662,2186,85914713,0.055347442626953125
0.8456431031227112,2187,85954843,0.0553896427154541
0.8855957984924316,2188,85994396,0.05538654327392578
0.8781231045722961,2189,86033554,0.05654764175415039
0.8977339267730713,2190,86072789,0.055739641189575195
0.8674309253692627,2191,86112025,0.0554506778717041
0.8662731647491455,2192,86151842,0.05544424057006836
0.9343276023864746,2193,86190365,0.055724382400512695
0.8689996600151062,2194,86229523,0.05585050582885742
0.8767349720001221,2195,86268944,0.05568575859069824
0.866708517074585,2196,86308941,0.05597805976867676
0.9070957899093628,2197,86348275,0.0555415153503418
0.8393847346305847,2198,86387688,0.05562567710876465
0.862601637840271,2199,86426931,0.055616140365600586
0.8912911415100098,2200,86466427,0.056067705154418945
0.8291978240013123,2201,86505994,0.055420875549316406
0.8459455966949463,2202,86544976,0.05549287796020508
0.8601891994476318,2203,86584548,0.055599212646484375
0.8662705421447754,2204,86623932,0.055436134338378906
0.8443411588668823,2205,86664015,0.056188344955444336
0.8895381689071655,2206,86703168,0.05655622482299805
0.882521390914917,2207,86742056,0.05655956268310547
0.8019735217094421,2208,86781731,0.05565357208251953
0.866030752658844,2209,86821036,0.05561184883117676
0.8764123916625977,2210,86860392,0.05655050277709961
0.8474134206771851,2211,86899326,0.05573153495788574
0.8637744784355164,2212,86938841,0.05546689033508301
0.8605366349220276,2213,86977944,0.05561017990112305
0.9031816124916077,2214,87017525,0.05547189712524414
0.8685410022735596,2215,87057228,0.05534958839416504
0.8239978551864624,2216,87096795,0.05551004409790039
0.8614994287490845,2217,87136544,0.05549216270446777
0.8948103785514832,2218,87175863,0.05539441108703613
0.8887858986854553,2219,87214577,0.05598092079162598
0.8845801949501038,2220,87253134,0.05627894401550293
0.8812939524650574,2221,87292554,0.056011199951171875
0.8637001514434814,2222,87332128,0.055658817291259766
0.8776863217353821,2223,87371133,0.05556845664978027
0.8944980502128601,2224,87410697,0.05554628372192383
0.843529999256134,2225,87449856,0.05548429489135742
0.8535947203636169,2226,87489187,0.05550980567932129
0.8432870507240295,2227,87528339,0.055433034896850586
0.8920512795448303,2228,87566926,0.055672407150268555
0.8833028078079224,2229,87606083,0.05539083480834961
0.844666063785553,2230,87645400,0.05614280700683594
0.8871780633926392,2231,87684498,0.056118011474609375
0.8432641625404358,2232,87723823,0.05549454689025879
0.8778178691864014,2233,87763372,0.0555109977722168
0.8424860835075378,2234,87803175,0.05559420585632324
0.8958993554115295,2235,87841965,0.05552196502685547
0.8415836095809937,2236,87881611,0.055396318435668945
0.8570437431335449,2237,87920601,0.05544900894165039
0.8944377303123474,2238,87959727,0.05554795265197754
0.8619500994682312,2239,87998888,0.05546069145202637
0.8231785297393799,2240,88038205,0.05559515953063965
0.8725280165672302,2241,88077767,0.05646014213562012
0.8505635261535645,2242,88116608,0.056229352951049805
0.8692898750305176,2243,88155998,0.0557858943939209
0.8458449840545654,2244,88194128,0.05554938316345215
0.8455713391304016,2245,88233706,0.05544638633728027
0.8571428656578064,2246,88272746,0.05543971061706543
0.8523560166358948,2247,88311739,0.05570530891418457
0.8692799210548401,2248,88351367,0.055417537689208984
0.8611522316932678,2249,88390717,0.05545401573181152
0.8763860464096069,2250,88429552,0.05528426170349121
0.8594147562980652,2251,88468532,0.055474042892456055
0.853717029094696,2252,88508484,0.05543184280395508
0.8713821768760681,2253,88547318,0.0554814338684082
0.8579703569412231,2254,88587117,0.05611681938171387
0.8292906880378723,2255,88626639,0.055454254150390625
0.8555074334144592,2256,88666044,0.05537223815917969
0.8700363636016846,2257,88705242,0.05561566352844238
0.8699374794960022,2258,88744823,0.0553431510925293
0.8382190465927124,2259,88783818,0.055550575256347656
0.8886725902557373,2260,88823224,0.05543661117553711
0.8544360995292664,2261,88862715,0.055417776107788086
0.8327024579048157,2262,88902358,0.055677175521850586
0.8809272646903992,2263,88941652,0.05550980567932129
0.8353122472763062,2264,88981108,0.05547213554382324
0.8813349604606628,2265,89020553,0.05578184127807617
0.8899775147438049,2266,89060147,0.05644345283508301
0.8057149052619934,2267,89099106,0.055739402770996094
0.8603801727294922,2268,89138602,0.055570363998413086
0.8679932355880737,2269,89177880,0.05581092834472656
0.8499646186828613,2270,89217414,0.05560445785522461
0.8543827533721924,2271,89256598,0.055710554122924805
0.8088183403015137,2272,89296305,0.05546092987060547
0.8032556176185608,2273,89335758,0.05545210838317871
0.8642796874046326,2274,89374811,0.05541586875915527
0.9407085180282593,2275,89414124,0.05551743507385254
0.848014235496521,2276,89454565,0.05562305450439453
0.8627181649208069,2277,89493590,0.05560660362243652
0.8687136769294739,2278,89533407,0.056191444396972656
0.8702428340911865,2279,89573164,0.0560758113861084
0.8555576801300049,2280,89613152,0.05556154251098633
0.8530936241149902,2281,89652156,0.05553245544433594
0.8465561866760254,2282,89692239,0.0555424690246582
0.8545250296592712,2283,89731411,0.05550098419189453
0.8548380732536316,2284,89770974,0.055585384368896484
0.8572806715965271,2285,89810545,0.0555729866027832
0.8163841366767883,2286,89849924,0.05554533004760742
0.8625187277793884,2287,89889140,0.0556492805480957
0.8594908118247986,2288,89928140,0.05572938919067383
0.7988407015800476,2289,89967797,0.05561494827270508
0.8862858414649963,2290,90006790,0.05544328689575195
0.8658959269523621,2291,90045873,0.055452585220336914
0.8367206454277039,2292,90084981,0.05543375015258789
0.8885094523429871,2293,90123425,0.055547237396240234
0.9271926879882812,2294,90163107,0.05529046058654785
0.9092622399330139,2295,90202261,0.05530405044555664
0.8507486581802368,2296,90241192,0.05548501014709473
0.8432163000106812,2297,90280852,0.05543184280395508
0.8273531198501587,2298,90320841,0.05544567108154297
0.8670471906661987,2299,90360002,0.05544590950012207
0.8642181158065796,2300,90399699,0.055596113204956055
0.8097925186157227,2301,90439552,0.05562925338745117
0.8494114279747009,2302,90478750,0.055336952209472656
0.8561246991157532,2303,90518045,0.05636167526245117
0.8733543157577515,2304,90558125,0.055748701095581055
0.8280856013298035,2305,90597131,0.05533766746520996
0.8590700030326843,2306,90636787,0.055521488189697266
0.8674688339233398,2307,90676095,0.05554461479187012
0.8868776559829712,2308,90715491,0.055504560470581055
0.8575087189674377,2309,90755037,0.05545759201049805
0.8889182209968567,2310,90793922,0.0555417537689209
0.8591362237930298,2311,90832985,0.05566978454589844
0.9063272476196289,2312,90871977,0.05575990676879883
0.8425467610359192,2313,90910687,0.055559396743774414
0.8647196292877197,2314,90950118,0.055466651916503906
0.8555903434753418,2315,90989866,0.055498600006103516
0.8879067301750183,2316,91028755,0.05549001693725586
0.8266729116439819,2317,91068246,0.05540275573730469
0.8588061332702637,2318,91107748,0.05568528175354004
0.8519300818443298,2319,91147392,0.05565762519836426
0.8306869268417358,2320,91186737,0.05542707443237305
0.8432634472846985,2321,91226411,0.05545234680175781
0.8173568248748779,2322,91266040,0.055493831634521484
0.8818382620811462,2323,91305220,0.055968284606933594
0.8664327263832092,2324,91344135,0.05558133125305176
0.886136531829834,2325,91383289,0.05536031723022461
0.8848709464073181,2326,91422425,0.055567264556884766
0.8561517596244812,2327,91461814,0.05543160438537598
0.8149063587188721,2328,91501418,0.05551886558532715
0.8549486994743347,2329,91540877,0.0554656982421875
0.8890929222106934,2330,91579850,0.05537772178649902
0.8769999742507935,2331,91619627,0.05535531044006348
0.8358700275421143,2332,91658943,0.05541515350341797
0.8926638960838318,2333,91698086,0.0561220645904541
0.8610385656356812,2334,91736666,0.0555872917175293
0.8570510149002075,2335,91775772,0.05579376220703125
0.8433932065963745,2336,91815825,0.05562424659729004
0.864013671875,2337,91854904,0.05563473701477051
0.8880084156990051,2338,91893861,0.05708789825439453
0.8653904795646667,2339,91933025,0.05706071853637695
0.8635876178741455,2340,91971652,0.05548453330993652
0.853552520275116,2341,92011447,0.05550122261047363
0.8509319424629211,2342,92050233,0.05678153038024902
0.8697179555892944,2343,92090170,0.05548596382141113
0.8750572204589844,2344,92129369,0.05552935600280762
0.8399462699890137,2345,92168641,0.05556750297546387
0.8815843462944031,2346,92208289,0.05734443664550781
0.8585374355316162,2347,92247162,0.05574941635131836
0.8412688970565796,2348,92286729,0.05668139457702637
0.8443123698234558,2349,92326499,0.055605411529541016
0.8864307999610901,2350,92365519,0.05565237998962402
0.8561050295829773,2351,92404914,0.05614447593688965
0.8737990856170654,2352,92444266,0.055753231048583984
0.8547822833061218,2353,92483164,0.055669307708740234
0.8579811453819275,2354,92522089,0.05546283721923828
0.8586525321006775,2355,92561553,0.05542731285095215
0.8037230968475342,2356,92600955,0.05634117126464844
0.8513923287391663,2357,92640364,0.055547475814819336
0.8341885209083557,2358,92680093,0.05752754211425781
0.8425151705741882,2359,92719370,0.05660104751586914
0.8673163652420044,2360,92758928,0.056089162826538086
0.8804218769073486,2361,92797509,0.05684089660644531
0.8391742706298828,2362,92836003,0.05544400215148926
0.8616408705711365,2363,92875570,0.058179616928100586
0.8662116527557373,2364,92914155,0.05673980712890625
0.873542308807373,2365,92952783,0.05553722381591797
0.8903758525848389,2366,92991682,0.0560147762298584
0.8187270164489746,2367,93031275,0.05756425857543945
0.8711205720901489,2368,93069972,0.055516719818115234
0.8488364815711975,2369,93109425,0.056554555892944336
0.8670623898506165,2370,93148409,0.055684804916381836
0.8315386176109314,2371,93188087,0.05553436279296875
0.8436485528945923,2372,93227934,0.05688929557800293
0.8750221729278564,2373,93266875,0.05628514289855957
0.8740056157112122,2374,93306136,0.05758309364318848
0.9091370105743408,2375,93344914,0.05542707443237305
0.8314706087112427,2376,93384496,0.057000160217285156
0.8314274549484253,2377,93424600,0.057569026947021484
0.8447019457817078,2378,93464317,0.05708479881286621
0.8315551280975342,2379,93504207,0.05590176582336426
0.8621593117713928,2380,93543981,0.05548405647277832
0.845023512840271,2381,93583409,0.05594134330749512
0.8814695477485657,2382,93622843,0.05566143989562988
0.8725453615188599,2383,93662435,0.05549740791320801
0.8409932255744934,2384,93701626,0.055498600006103516
0.8665412664413452,2385,93740733,0.05534529685974121
0.8325018286705017,2386,93780363,0.0553891658782959
0.8639079332351685,2387,93820212,0.055461883544921875
0.8750523924827576,2388,93859960,0.05546879768371582
0.8742648363113403,2389,93899510,0.0553898811340332
0.8781145811080933,2390,93939260,0.055511474609375
0.8847335577011108,2391,93978131,0.05545687675476074
0.844110906124115,2392,94018004,0.05560421943664551
0.9157607555389404,2393,94056954,0.05554962158203125
0.9134337902069092,2394,94095353,0.055388450622558594
0.8778155446052551,2395,94134756,0.055496931076049805
0.8362295627593994,2396,94174185,0.05577826499938965
0.8348680734634399,2397,94213323,0.05548882484436035
0.8348013162612915,2398,94252825,0.05547332763671875
0.8692214488983154,2399,94292021,0.05545377731323242
0.8498973250389099,2400,94330884,0.05555272102355957
0.8801296949386597,2401,94369925,0.05549311637878418
0.8740652799606323,2402,94409359,0.05547332763671875
0.8806185722351074,2403,94447797,0.055448293685913086
0.9148203134536743,2404,94486570,0.05581045150756836
0.8704656958580017,2405,94525618,0.05562615394592285
0.8831629753112793,2406,94564955,0.05550217628479004
0.8705437183380127,2407,94604260,0.05542922019958496
0.8483608365058899,2408,94644674,0.05542254447937012
0.8305397033691406,2409,94683935,0.05543255805969238
0.8814224600791931,2410,94723377,0.0554656982421875
0.8730111122131348,2411,94762148,0.05575752258300781
0.8816150426864624,2412,94801241,0.056291818618774414
0.8821906447410583,2413,94840273,0.05648231506347656
0.883994996547699,2414,94879454,0.05640220642089844
0.9213960766792297,2415,94918553,0.056303977966308594
0.8379919528961182,2416,94957412,0.05584549903869629
0.8619467616081238,2417,94996201,0.05556082725524902
0.8641974329948425,2418,95035384,0.05546927452087402
0.8151684403419495,2419,95074981,0.05562305450439453
0.8398959636688232,2420,95114250,0.055344343185424805
0.8403249979019165,2421,95154147,0.055298805236816406
0.8702945113182068,2422,95193282,0.05552363395690918
0.8222472667694092,2423,95232888,0.05531764030456543
0.9004793763160706,2424,95271608,0.05534029006958008
0.8421832323074341,2425,95311122,0.055457115173339844
0.8853604793548584,2426,95350630,0.05540347099304199
0.8877964019775391,2427,95390417,0.055846452713012695
0.8499515652656555,2428,95429555,0.05564522743225098
0.8149015307426453,2429,95469289,0.055573463439941406
0.8378325700759888,2430,95508743,0.05549192428588867
0.8746724128723145,2431,95547768,0.056159257888793945
0.8895992040634155,2432,95587365,0.05570220947265625
0.8649430274963379,2433,95627406,0.05534934997558594
0.8455334901809692,2434,95666754,0.05545806884765625
0.8908476829528809,2435,95705740,0.05558156967163086
0.8601546287536621,2436,95745358,0.055483102798461914
0.8202160000801086,2437,95785004,0.05549120903015137
0.8721814751625061,2438,95823683,0.05538129806518555
0.8742061257362366,2439,95863175,0.05574536323547363
0.9119305610656738,2440,95902535,0.05537271499633789
0.8401124477386475,2441,95942104,0.055444955825805664
0.8478966355323792,2442,95981087,0.055436134338378906
0.8878005743026733,2443,96020306,0.05543923377990723
0.8671880960464478,2444,96059645,0.055409908294677734
0.7933816313743591,2445,96099149,0.055437564849853516
0.8572237491607666,2446,96138562,0.055440425872802734
0.8861088752746582,2447,96177639,0.05542325973510742
0.8322271108627319,2448,96216634,0.055448293685913086
0.8525494933128357,2449,96255913,0.056063175201416016
0.8337723612785339,2450,96295358,0.05576372146606445
0.8523939251899719,2451,96334987,0.055599212646484375
0.8481342196464539,2452,96373450,0.05528903007507324
0.8670454025268555,2453,96412463,0.0553436279296875
0.8681560754776001,2454,96451730,0.05542945861816406
0.8166466951370239,2455,96491446,0.055388689041137695
0.8671449422836304,2456,96531101,0.05538153648376465
0.878373384475708,2457,96570215,0.05535626411437988
0.8581070303916931,2458,96609628,0.055494070053100586
0.8847299218177795,2459,96648323,0.055414438247680664
0.8397564888000488,2460,96687914,0.055480003356933594
0.8633970022201538,2461,96726827,0.05529451370239258
0.8704239130020142,2462,96766439,0.05588793754577637
0.9307160377502441,2463,96806005,0.05561947822570801
0.8925822377204895,2464,96845152,0.05557823181152344
0.849452793598175,2465,96884297,0.055320024490356445
0.8779834508895874,2466,96923329,0.05536293983459473
0.9231106638908386,2467,96962539,0.05636143684387207
0.8919452428817749,2468,97001760,0.05587267875671387
0.8577327132225037,2469,97041066,0.05537557601928711
0.8696150183677673,2470,97080169,0.05535483360290527
0.8697481751441956,2471,97120185,0.055513620376586914
0.8877730965614319,2472,97159914,0.05549979209899902
0.8348568081855774,2473,97199057,0.05543255805969238
0.8218802809715271,2474,97239163,0.055649518966674805
0.8706851005554199,2475,97278856,0.05563092231750488
0.8699086904525757,2476,97318213,0.05549764633178711
0.8347553014755249,2477,97357663,0.055640459060668945
0.872473418712616,2478,97396455,0.05547499656677246
0.8545603156089783,2479,97436263,0.055558204650878906
0.8722550272941589,2480,97475082,0.05534958839416504
0.8514922261238098,2481,97513739,0.05535769462585449
0.8591173887252808,2482,97552597,0.055573463439941406
0.8632814884185791,2483,97591701,0.05546903610229492
0.8260732889175415,2484,97631534,0.05526852607727051
0.8746696710586548,2485,97671173,0.05586886405944824
0.8265212178230286,2486,97711314,0.05569958686828613
0.8821531534194946,2487,97750901,0.05544734001159668
0.8962046504020691,2488,97790142,0.05555915832519531
0.8523827195167542,2489,97829776,0.05572938919067383
0.8442258834838867,2490,97869337,0.05554509162902832
0.8713293671607971,2491,97908036,0.05562257766723633
0.8456659317016602,2492,97947101,0.05549478530883789
0.8159709572792053,2493,97986746,0.05536794662475586
0.8763322234153748,2494,98026226,0.055547475814819336
0.8746015429496765,2495,98065649,0.05528450012207031
0.8517356514930725,2496,98104870,0.05531883239746094
0.8737607598304749,2497,98144309,0.05571389198303223
0.8903165459632874,2498,98183479,0.05565619468688965
0.9104315042495728,2499,98222540,0.055406808853149414
0.858142614364624,2500,98262453,0.05534696578979492
0.8621386289596558,2501,98301995,0.05542707443237305
0.8398899435997009,2502,98341336,0.05717110633850098
0.8228572607040405,2503,98381326,0.05551767349243164
0.879344642162323,2504,98420085,0.05554342269897461
0.8463304042816162,2505,98459208,0.0557553768157959
0.8181117177009583,2506,98497512,0.0554962158203125
0.8917627930641174,2507,98536304,0.05536794662475586
0.893237829208374,2508,98574766,0.05531668663024902
0.8716874122619629,2509,98613346,0.05529427528381348
0.8800344467163086,2510,98651861,0.05537223815917969
0.796664297580719,2511,98692089,0.05530714988708496
0.8411086201667786,2512,98732051,0.055284738540649414
0.8354390859603882,2513,98771411,0.05554342269897461
0.9117423892021179,2514,98810232,0.05557584762573242
0.880580484867096,2515,98849682,0.05527043342590332
0.8764341473579407,2516,98889140,0.055588722229003906
0.864302396774292,2517,98927291,0.05547595024108887
0.8152050971984863,2518,98966539,0.055384159088134766
0.8673981428146362,2519,99005780,0.055303096771240234
0.8965923190116882,2520,99044846,0.055382490158081055
0.8662297129631042,2521,99084265,0.05556344985961914
0.8379663228988647,2522,99123598,0.05555844306945801
0.8373389840126038,2523,99163183,0.05536389350891113
0.8458739519119263,2524,99203126,0.055364370346069336
0.8882443904876709,2525,99241916,0.0554203987121582
0.8786212801933289,2526,99280869,0.055298566818237305
0.8703309297561646,2527,99320119,0.05565333366394043
0.8577184677124023,2528,99359647,0.055847883224487305
0.866235613822937,2529,99398768,0.055706024169921875
0.8728439807891846,2530,99437891,0.055744171142578125
0.8306785225868225,2531,99477444,0.05537533760070801
0.8709523677825928,2532,99516982,0.05532121658325195
0.8522630333900452,2533,99556345,0.055257558822631836
0.8260996341705322,2534,99595993,0.05550265312194824
0.8376151323318481,2535,99635546,0.0555417537689209
0.8208597302436829,2536,99675218,0.05530905723571777
0.8897490501403809,2537,99714555,0.05529212951660156
0.8600174188613892,2538,99753555,0.055471181869506836
0.8386636972427368,2539,99793001,0.05535173416137695
0.8660950660705566,2540,99832776,0.05572009086608887
0.7812662720680237,2541,99872411,0.05561637878417969
0.8357292413711548,2542,99911678,0.055565834045410156
0.8895619511604309,2543,99950893,0.055887699127197266
0.8926111459732056,2544,99989577,0.05538606643676758
0.8482123017311096,2545,100029048,0.05582737922668457
