updates,tokens,loss,lr,mask_rate,seq_len,walk_len,seconds
50,1754779,9.45964241027832,2.6321684999999996e-06,0.6999461131365703,34.80530376658667,4.073209433326061,13.149076223373413
100,3509470,9.277364730834961,5.264205e-06,0.6997844633555842,34.803558323581335,4.073050756689212,18.2152202129364
150,5261972,8.989649772644043,7.892958e-06,0.6995154538867462,34.76014042882361,4.069103675347601,23.276538848876953
200,7011218,8.615047454833984,1.0516826999999998e-05,0.6991397493877383,34.6955590376262,4.0632326397842,28.341719388961792
250,8753438,8.189667701721191,1.3130156999999999e-05,0.6986591031556527,34.73602360634819,4.0669112369407445,44.852641105651855
300,10507315,7.778845310211182,1.57609725e-05,0.6980679358010885,34.787412975781976,4.0715829977983615,49.934600591659546
350,12257980,7.439815521240234,1.838697e-05,0.697370483710593,34.723704306087235,4.065791300553385,55.02683424949646
400,14010174,7.172081470489502,2.1015261000000002e-05,0.6965650129285702,34.75403137830494,4.068548307118631,60.08787775039673
450,15750612,6.88408088684082,2.3625917999999996e-05,0.6956585688784455,34.700494457293246,4.063681314299386,75.34301042556763
500,17504654,6.563973903656006,2.6256980999999997e-05,0.694637774045955,34.79068568141698,4.0718805164924525,80.46317291259766
550,19258872,6.244911193847656,2.8888307999999998e-05,0.6935091773625333,34.794176567427655,4.072197869766151,85.56234836578369
600,21010428,5.87890100479126,3.1515641999999995e-05,0.6922748335169943,34.74137691651625,4.067397901501478,90.63199973106384
650,22761489,5.486093044281006,3.4142233499999995e-05,0.6909335058238003,34.73155879961124,4.066505345419204,95.70469284057617
700,24502961,5.057382106781006,3.67544415e-05,0.6894930857890683,34.72111013637451,4.065555466943137,110.88630747795105
750,26253461,4.589730739593506,3.93801915e-05,0.6879382262466258,34.72043160045223,4.065493781859294,116.00415396690369
800,28010253,4.120384216308594,4.20153795e-05,0.6862699502203298,34.84523077533372,4.076839161393974,121.08748054504395
850,29761292,3.6550498008728027,4.4641938e-05,0.6844996462235878,34.731122438859906,4.066465676259991,126.16748070716858
900,31504436,3.1474170684814453,4.7256654e-05,0.6826307339656333,34.75444612808039,4.068586011643672,141.36342310905457
950,33256399,2.6412980556488037,4.988459849999999e-05,0.6806452086971739,34.74944959041593,4.068131780946903,146.4562439918518
1000,35010650,2.2466397285461426,5.2515975e-05,0.6785494517651062,34.794831108554654,4.072257373504969,151.54097700119019
1050,36760600,1.8325536251068115,5.514089999999999e-05,0.6763515200337,34.70952258166888,4.064502052878989,156.6433973312378
1100,38513520,1.543898344039917,5.777028e-05,0.674042403601168,34.768431283098955,4.069857389372633,171.8262598514557
1150,40256873,1.3119906187057495,6.0385309499999995e-05,0.6716392230845827,34.758613127043624,4.068964829731239,176.8780016899109
1200,42008913,1.1800870895385742,6.30133695e-05,0.6691168964997725,34.7509768530456,4.068270623004145,181.98542475700378
1250,43760568,1.0622172355651855,6.5640852e-05,0.6664877220455541,34.743340539897254,4.067576412717933,187.05187058448792
1300,45514654,1.0244345664978027,6.8271981e-05,0.6637472847470549,34.79155840291965,4.071959854810877,192.12448525428772
1350,47260944,0.9703116416931152,7.089141599999999e-05,0.6609120555140051,34.817170428263815,4.074288220751256,207.3560311794281
1400,49014887,0.9501272439956665,7.352233049999999e-05,0.6579569649166015,34.78872205803598,4.0717020052759985,212.46863985061646
1450,50770568,0.8680585622787476,7.615585199999999e-05,0.6548911149367541,34.82319455739135,4.07483586885376,217.5406289100647
1500,52526623,0.8250119090080261,7.878993449999999e-05,0.6517166928337776,34.83061269016403,4.075510244560366,222.60188698768616
1550,54269547,0.8450886607170105,8.140432049999999e-05,0.6484592846972588,34.75005981338225,4.068187255762023,238.01760530471802
1600,56021576,0.7959796786308289,8.4032364e-05,0.6450777028933339,34.75075867266993,4.068250788424539,243.08337569236755
1650,57776850,0.7590847015380859,8.6665275e-05,0.6415821230713562,34.81512188349168,4.074101989408335,248.21559143066406
1700,59526613,0.7796910405158997,8.928991949999999e-05,0.6379901910330941,34.70581351528254,4.064164865025686,253.29114961624146
1750,61277597,0.8202604055404663,9.19163955e-05,0.6342884818533479,34.73003153698157,4.066366503361961,268.54302859306335
1800,63024107,0.7689206600189209,9.453616049999999e-05,0.6304893338949196,34.82155674296196,4.074686976632905,273.5986566543579
1850,64779029,0.7115742564201355,9.71685435e-05,0.6265643545318003,34.80814011147034,4.07346728286094,278.71123361587524
1900,66531234,0.7484211921691895,9.979685099999999e-05,0.6225379107926517,34.754249558680606,4.068568141698237,283.7940106391907
1950,68280843,0.6919320821762085,0.0001024212645,0.6184102133861636,34.702758990023206,4.063887180911201,288.86876225471497
2000,70024119,0.6730738282203674,0.0001050361785,0.6141908982697922,34.75707791689928,4.068825265172662,304.32168984413147
2050,71779547,0.6930103898048401,0.0001076693205,0.6098346910683088,34.818176408751015,4.074379673522819,309.4120674133301
2100,73533710,0.6521585583686829,0.00011030056499999999,0.6053738861386282,34.79308566554932,4.07209869686812,314.47980976104736
2150,75288346,0.6594474911689758,0.000112932519,0.6008041367402249,34.802467421703,4.072951583791181,319.5406849384308
2200,77039682,0.6144826412200928,0.00011555952299999999,0.5961355294534303,34.73701330900292,4.067001209909356,334.7409484386444
2250,78783750,0.6558195352554321,0.00011817562499999998,0.5913796128789063,34.77286864981259,4.070260786346599,339.8959584236145
2300,80534976,0.6508129239082336,0.00012080246399999998,0.5864970587118898,34.73483150524625,4.066802864113296,344.9805190563202
2350,82285102,0.6276499032974243,0.000123427653,0.5815103348048678,34.71301346767955,4.0648194061526866,350.0463559627533
2400,84041036,0.5893113613128662,0.000126061554,0.5763993246908173,34.82821270603169,4.0752920641846995,365.30183506011963
2450,85785313,0.5999623537063599,0.00012867796949999998,0.5712154012861105,34.77703564877582,4.070639604434166,370.35847091674805
2500,87539014,0.6198658347129822,0.000131308521,0.5658961179883866,34.78392208977131,4.071265644524664,375.43629932403564
2550,89289096,0.5788140296936035,0.00013393364399999998,0.5604805033712987,34.712140746176885,4.064740067834262,380.4992444515228
2600,91039387,0.592085063457489,0.0001365590805,0.554957025256624,34.71628617331456,4.065116924846778,385.5757563114166
2650,92794716,0.592657208442688,0.00013919207399999998,0.5493099619433884,34.81621278537001,4.074201162306365,400.81059765815735
2700,94539741,0.5821139812469482,0.00014180961149999998,0.543589154003926,34.7919491187495,4.071995374431773,405.8927574157715
2750,96294487,0.5726207494735718,0.0001444417305,0.5377290060346195,34.80464922545966,4.073149929587242,410.9686658382416
2800,98044283,0.5828556418418884,0.0001470664245,0.5317780749927784,34.70646805640954,4.064224368764504,416.0613751411438
2850,99797467,0.576657772064209,0.00014969620049999998,0.5257081476567185,34.77366761211496,4.070333419283179,431.42495918273926
2900,101542866,0.5705687999725342,0.000152314299,0.5195583113788558,34.799405853736346,4.072673259430577,436.4914436340332
2950,103294807,0.570398211479187,0.00015494221049999998,0.5132781998195731,34.7490132296646,4.068092111787691,441.56068682670593
3000,105049531,0.5519647002220154,0.0001575742965,0.5068804306419006,34.80421286470833,4.07311026042803,446.62908840179443
3050,106804178,0.5638048648834229,0.000160206267,0.5003751823305255,34.80268560207866,4.072971418370788,461.7975471019745
3100,108548279,0.5487526655197144,0.00016282241849999998,0.4938022447074178,34.77352659701731,4.070320599728846,466.88001918792725
3150,110302684,0.5374608635902405,0.00016545402599999997,0.48708306329193246,34.79788563381399,4.0725350576194534,471.9339895248413
3200,112054482,0.5607305765151978,0.00016808172299999998,0.48026637861495425,34.74617688478093,4.067834262252812,477.0037090778351
3250,113810669,0.5201984643936157,0.00017071600349999997,0.4733248033810177,34.83323085467204,4.07574825951564,482.07170939445496
3300,115563578,0.5381572246551514,0.00017334536699999996,0.46628854019716354,34.76821310272329,4.069837554793026,497.3146286010742
3350,117309120,0.5435158610343933,0.00017596367999999998,0.459174981384448,34.80225695829014,4.072932450753648,502.3713164329529
3400,119062392,0.5139629244804382,0.00017859358799999998,0.4519225691966709,34.775413055120296,4.070492095920027,507.42316937446594
3450,120815774,0.5203665494918823,0.00018122366099999998,0.4445621031736661,34.77759485887697,4.070690441716088,512.49396443367
3500,122571180,0.5150585174560547,0.00018385677,0.43708535208463295,34.817740047999685,4.0743400043636075,527.7292950153351
3550,124314665,0.5145197510719299,0.0001864719975,0.4295526211539111,34.761244915862505,4.069204083260228,532.8184871673584
3600,126067739,0.5045518279075623,0.00018910160849999996,0.4218711907099879,34.77148580835829,4.070135073487117,537.8861706256866
3650,127820109,0.4811914563179016,0.00019173016349999998,0.41408534536649205,34.75752226431561,4.068865660392328,542.9594004154205
3700,129572743,0.5419793128967285,0.0001943591145,0.40619082475047913,34.76275859333161,4.069341690302874,558.1811006069183
3750,131327390,0.5167285799980164,0.000196991085,0.39817954112628823,34.80268560207866,4.072971418370788,563.2506546974182
3800,133070875,0.5022056698799133,0.00019960631249999998,0.3901124889678515,34.761244915862505,4.069204083260228,568.299881696701
3850,134823784,0.520149827003479,0.00020223567599999997,0.3818945771886235,34.76821310272329,4.069837554793026,573.3678381443024
3900,136575450,0.47478801012039185,0.00020486317499999999,0.37357506300270626,34.74355872027292,4.067596247297538,578.424174785614
3950,138323662,0.5016276240348816,0.000207485493,0.3651648792909208,34.675050082313504,4.061368189301228,593.5841462612152
4000,140069732,0.4902106523513794,0.00021010459799999996,0.3566582281053431,34.81278411356568,4.073889464869607,598.6696963310242
4050,141824885,0.49179115891456604,0.0002127373275,0.3479997849078936,34.812721899359346,4.073883809032668,603.7804627418518
4100,143576683,0.49896004796028137,0.00021536502449999995,0.33925038172755645,34.74617688478093,4.067834262252812,608.8611197471619
4150,145331869,0.4907662868499756,0.00021799780349999998,0.3303763374269197,34.813376440486344,4.073943312771486,624.0586230754852
4200,147080543,0.5001513361930847,0.00022062081449999998,0.32142799273944017,34.684213658091515,4.062201241644683,629.141047000885
4250,148825975,0.5028117299079895,0.00022323896249999998,0.312389510392739,34.80006380094106,4.072733072812824,634.1782915592194
4300,150580237,0.43822965025901794,0.00022587035549999997,0.303197863937917,34.79504928893032,4.072277208084575,639.2456333637238
4350,152329549,0.48942774534225464,0.0002284943235,0.2939248987754905,34.6968681198802,4.063351647261836,654.559910774231
4400,154083228,0.44098711013793945,0.000231124842,0.28452127985925024,34.78348572901997,4.071225975365452,659.6772828102112
4450,155827417,0.44876205921173096,0.00023374112549999997,0.2750617819443919,34.775281122896565,4.070480102081506,664.8051187992096
4500,157580645,0.4823470711708069,0.00023637096749999997,0.2654459556242195,34.77454033361763,4.070412757601603,669.863288640976
4550,159333048,0.45517799258232117,0.00023899957199999998,0.2557271467630196,34.75817680544261,4.068925164131146,674.913697719574
4600,161086210,0.4669680595397949,0.00024162931499999997,0.24589657658712818,34.773231251363626,4.070293750123966,690.0396595001221
4650,162829277,0.4894133508205414,0.0002442439155,0.2360159646540022,34.75291091793604,4.068446447085095,695.109701871872
4700,164583781,0.43628427386283875,0.0002468756715,0.2259631330555207,34.79984925719499,4.072713568835908,700.1414968967438
4750,166333566,0.4706319570541382,0.000249500349,0.21583003438016374,34.70624987603388,4.064204534184898,705.1648399829865
4800,168086233,0.4610510766506195,0.0002521293495,0.20557281982771985,34.76341313445862,4.069401194041692,720.2785868644714
4850,169840099,0.5013406872749329,0.0002547601485,0.1952009635042284,34.787194795406315,4.071563163218756,725.3384606838226
4900,171586180,0.4487985372543335,0.00025737926999999997,0.18476819957763294,34.81300342930058,4.073909402663689,730.3505415916443
4950,173337428,0.4596085250377655,0.00026000614199999994,0.1741973809510342,34.73526786599758,4.066842533272507,735.3790099620819
5000,175086553,0.48936206102371216,0.0002626298295,0.16353223177511833,34.69315905349386,4.0630144594085325,750.3088624477386
5050,176840661,0.4250021278858185,0.00026526099149999996,0.15272916079895385,34.791994763670985,4.0719995239700895,755.3065285682678
5100,178585686,0.43482884764671326,0.000267878529,0.15,34.7919491187495,4.071995374431773,760.2830526828766
5150,180337242,0.44852742552757263,0.000270505863,0.15,34.74137691651625,4.067397901501478,765.279956817627
5200,182090437,0.3925832509994507,0.0002731356555,0.15,34.77388579249063,4.070353253862785,770.2592940330505
5250,183842543,0.4255511462688446,0.0002757638145,0.15,34.752285935299604,4.068389630481782,785.0539262294769
5300,185597542,0.4152847230434418,0.000278396313,0.15,34.80966737410001,4.073606124918182,790.0486192703247
5350,187342985,0.43177711963653564,0.00028101447749999994,0.15,34.80028311667597,4.072753010606906,795.0076670646667
5400,189095927,0.41681790351867676,0.0002836438905,0.15,34.768867643850285,4.069897058531844,799.9737458229065
5450,190847736,0.4415505528450012,0.00028627160399999997,0.15,34.74639506515659,4.067854096832417,814.7538211345673
5500,192597994,0.4259624779224396,0.00028889699099999996,0.15,34.71563163218756,4.0650574211079595,819.8320014476776
5550,194340478,0.48395243287086487,0.000291510717,0.15,34.74128718398596,4.067389743998723,824.8762984275818
5600,196094179,0.4401484727859497,0.00029414126849999995,0.15,34.78392208977131,4.071265644524664,830.094473361969
5650,197846835,0.4505000710487366,0.0002967702525,0.15,34.76319495408295,4.069381359462086,847.8916072845459
5700,199600437,0.41718143224716187,0.00029940065549999994,0.15,34.78195846639031,4.07108713330821,853.0282483100891
5750,201353390,0.496751993894577,0.000299774435,0.15,34.769085824225954,4.069916893111451,858.0360901355743
5800,203099680,0.38618430495262146,0.00029948338666666664,0.15,34.817170428263815,4.074288220751256,863.0662899017334
5850,204851478,0.457616925239563,0.00029919142033333333,0.15,34.74617688478093,4.067834262252812,868.0895531177521
5900,206602154,0.4656369090080261,0.00029889964099999997,0.15,34.7239224864629,4.06581113513299,882.9133219718933
5950,208354370,0.5050784349441528,0.00029860760499999996,0.15,34.754467739056274,4.068587976277843,887.9161434173584
6000,210100913,0.4671996533870697,0.00029831651449999997,0.15,34.82221469016668,4.074746790015153,892.8998222351074
6050,211855351,0.4134290814399719,0.00029802410816666663,0.15,34.79854017494099,4.0725945613582715,897.8845188617706
6100,213608513,0.4260561168193817,0.00029773191449999995,0.15,34.773231251363626,4.070293750123966,912.9806709289551
6150,215360828,0.4016328454017639,0.00029743986199999995,0.15,34.756431362437276,4.0687664874942975,918.0031735897064
6200,217104203,0.39924612641334534,0.00029714929949999997,0.15,34.759051758513436,4.069004705319403,923.0629534721375
6250,218856925,0.4060460031032562,0.0002968571791666666,0.15,34.76450403633695,4.069500366939723,928.0879416465759
6300,220610296,0.4357772171497345,0.0002965649506666666,0.15,34.7773766785013,4.070670607136481,943.8396480083466
6350,222367209,0.43788301944732666,0.0002962721318333333,0.15,34.84763075946605,4.077057341769641,948.8807208538055
6400,224117621,0.4452477693557739,0.0002959803965,0.15,34.718686157446896,4.065335105222445,953.92223072052
6450,225861216,0.3829319477081299,0.0002956897973333333,0.15,34.76343807321158,4.069403461201053,958.9076118469238
6500,227614422,0.4362353980541229,0.00029539759633333333,0.15,34.77410397286629,4.07037308844239,963.9635128974915
6550,229370191,0.4407998025417328,0.00029510496816666665,0.15,34.824940000396694,4.0749945454906085,978.9384958744049
6600,231121230,0.4245589077472687,0.00029481312833333327,0.15,34.731122438859906,4.066465676259991,983.9341814517975
6650,232864693,0.4630381464958191,0.00029452255116666664,0.15,34.76080628439269,4.069164207672063,988.9010694026947
6700,234617085,0.3838541805744171,0.0002942304858333333,0.15,34.75795862506694,4.06890532955154,993.8757383823395
6750,236368201,0.4409204423427582,0.0002939386331666666,0.15,34.73264970148958,4.066604518317234,1008.8061089515686
6800,238122254,0.44928133487701416,0.000293646291,0.15,34.79090386179265,4.071900351072059,1013.8010911941528
6850,239875680,0.46117106080055237,0.0002933540533333333,0.15,34.77846758037963,4.070769780034512,1018.7741374969482
6900,241623037,0.38501840829849243,0.00029306282716666667,0.15,34.838444054549804,4.076222186777255,1023.7163507938385
6950,243377343,0.4162691831588745,0.0002927704428333333,0.15,34.79592201043299,4.072356546402999,1038.9892208576202
7000,245126028,0.3931044340133667,0.0002924789953333333,0.15,34.684431838467184,4.062221076224289,1044.162835597992
7050,246881808,0.4089095890522003,0.0002921863653333333,0.15,34.825158180772355,4.075014380070214,1049.2614827156067
7100,248624952,0.47787564992904663,0.0002918958413333333,0.15,34.75444612808039,4.068586011643672,1054.3535447120667
7150,250379511,0.4150817394256592,0.0002916034148333333,0.15,34.80094015907333,4.072812741733939,1059.3359751701355
7200,252128757,0.4142760634422302,0.0002913118738333333,0.15,34.6955590376262,4.0632326397842,1076.4356486797333
7250,253881589,0.43791934847831726,0.00029101973516666664,0.15,34.76668584009362,4.069698712735784,1081.4715487957
7300,255636522,0.3690826892852783,0.0002907272463333333,0.15,34.808358291846005,4.073487117440546,1086.54909658432
7350,257379853,0.3824351131916046,0.00029043669116666663,0.15,34.75817449557381,4.068924954143074,1091.5231230258942
7400,259136326,0.4032946228981018,0.00029014394566666664,0.15,34.838903544439376,4.076263958585398,1106.4230554103851
7450,260889015,0.3688274919986725,0.0002898518308333333,0.15,34.763849495209946,4.069440863200904,1111.4313848018646
7500,262642441,0.4412485957145691,0.00028955959316666666,0.15,34.77846758037963,4.070769780034512,1116.4286444187164
7550,264388940,0.3921014070510864,0.00028926851,0.15,34.82133742722705,4.074667038838823,1121.3797409534454
7600,266140628,0.41355451941490173,0.00028897656199999996,0.15,34.74399508102426,4.067635916456751,1136.8320996761322
7650,267895506,0.4354425370693207,0.0002886840823333333,0.15,34.80726738996767,4.073387944542516,1141.8348124027252
7700,269648129,0.3773944675922394,0.0002883919785,0.15,34.76254041295595,4.069321855723268,1146.8443496227264
7750,271392472,0.4301990866661072,0.00028810125466666663,0.15,34.77835154318526,4.07075923119866,1151.89630484581
7800,273145678,0.3839876055717468,0.00028780905366666663,0.15,34.77410397286629,4.07037308844239,1156.8897068500519
7850,274899192,0.4276975095272064,0.0002875168013333333,0.15,34.78021302338497,4.070928456671361,1172.6516726016998
7900,276648867,0.40562862157821655,0.0002872251888333333,0.15,34.70406807227721,4.064006188388837,1177.662663936615
7950,278400379,0.390140563249588,0.00028693327016666667,0.15,34.740504195013585,4.067318563183053,1182.6417617797852
8000,280148748,0.4370935261249542,0.0002866418753333333,0.15,34.85862110216126,4.078056463832842,1187.5836625099182
8050,281903417,0.40316465497016907,0.0002863494305,0.15,34.80312196283,4.073011087529999,1202.4198384284973
8100,283654170,0.3731066882610321,0.00028605763833333334,0.15,34.72544974909257,4.065949977190233,1207.4258069992065
8150,285408949,0.3737511932849884,0.00028576517516666665,0.15,34.80530376658667,4.073209433326061,1212.421673297882
8200,287154524,0.4445290267467499,0.00028547424599999996,0.15,34.80291490549486,4.072992264135896,1217.3684194087982
8250,288907873,0.4156842529773712,0.00028518202116666665,0.15,34.77694031774997,4.07063093797727,1232.2034015655518
8300,290657856,0.330575168132782,0.00028489035733333327,0.15,34.71017712279588,4.064561556617807,1237.1877233982086
8350,292411073,0.43521052598953247,0.0002845981545,0.15,34.77432215324196,4.070392923021997,1242.164537191391
8400,294163916,0.32873764634132385,0.00028430601399999996,0.15,34.76690402046928,4.069718547315389,1247.13827419281
8450,295904706,0.38258329033851624,0.0002840158823333333,0.15,34.70751256081027,4.064319323710024,1252.1078581809998
8500,297657351,0.4076177179813385,0.00028372377483333334,0.15,34.76297677370728,4.06936152488248,1269.1240878105164
8550,299410865,0.42392781376838684,0.0002834315225,0.15,34.78021302338497,4.070928456671361,1274.16144657135
8600,301160375,0.40406927466392517,0.0002831399375,0.15,34.700795366642204,4.063708669694746,1279.1481857299805
8650,302905785,0.36610865592956543,0.0002828490358333333,0.15,34.79962516947125,4.072693197224659,1284.1616351604462
8700,304656769,0.4015994668006897,0.00028255720516666665,0.15,34.73003153698157,4.066366503361961,1299.4494936466217
8750,306409205,0.3955369293689728,0.0002822651325,0.15,34.75883134656961,4.068984667869964,1304.483591556549
8800,308163181,0.416798859834671,0.00028197280316666665,0.15,34.78937659916298,4.0717615090148165,1309.5759222507477
8850,309914231,0.41203978657722473,0.0002816809615,0.15,34.731340619235574,4.066485510839597,1314.7593879699707
8900,311657309,0.39914608001708984,0.00028139044849999996,0.15,34.753130233670944,4.0684663848791764,1330.722862958908
8950,313409657,0.42896202206611633,0.0002810983905,0.15,34.757085903564274,4.0688259912331155,1335.851403951645
9000,315160894,0.384992390871048,0.0002808065176666666,0.15,34.73504968562192,4.066822698692902,1341.0126504898071
9050,316910624,0.416419118642807,0.000280514896,0.15,34.705158974155545,4.064105361286868,1346.1086237430573
9100,318656386,0.427280068397522,0.00028022393566666667,0.15,34.806643272988275,4.073331206635298,1351.1493453979492
9150,320407315,0.3941401243209839,0.00027993211416666667,0.15,34.728940635103235,4.066267330463931,1367.269701242447
9200,322161588,0.3983944356441498,0.0002796397353333333,0.15,34.79526746930599,4.072297042664181,1372.4119668006897
9250,323914057,0.3452330231666565,0.00027934765716666667,0.15,34.75948588769661,4.069044171608783,1377.4849784374237
9300,325659148,0.4154261350631714,0.00027905680866666664,0.15,34.793265013158944,4.072115001196267,1382.5802912712097
9350,327413311,0.3365941047668457,0.0002787644481666667,0.15,34.79308566554932,4.07209869686812,1397.795556306839
9400,329167155,0.390545129776001,0.0002784721408333333,0.15,34.78675843465498,4.0715234940595435,1402.9155128002167
9450,330918788,0.3765149414539337,0.00027818020199999995,0.15,34.742904179145924,4.06753674355872,1408.0150299072266
9500,332675437,0.45756158232688904,0.0002778874271666666,0.15,34.84239443045005,4.076581311859095,1413.080670595169
9550,334421430,0.36815714836120605,0.00027759642833333334,0.15,34.81124890342132,4.07374990031103,1428.2137415409088
9600,336180235,0.35609689354896545,0.0002773032941666667,0.15,34.88515778408077,4.080468889461888,1433.1768605709076
9650,337930218,0.42402184009552,0.0002770116303333333,0.15,34.71017712279588,4.064561556617807,1438.2009210586548
9700,339680036,0.3282458782196045,0.00027671999399999996,0.15,34.70690441716088,4.064264037923716,1443.2233610153198
9750,341425512,0.36970260739326477,0.0002764290813333333,0.15,34.80094106388069,4.072812823989154,1448.1927335262299
9800,343176463,0.3646753430366516,0.00027613725616666663,0.15,34.72937699585457,4.066306999623143,1463.77348446846
9850,344928294,0.40938490629196167,0.00027584528433333334,0.15,34.74683142590793,4.06789376599163,1468.815788269043
9900,346681621,0.35471537709236145,0.00027555306316666666,0.15,34.77650395699863,4.070591268818057,1473.8508820533752
9950,348434288,0.3556709289550781,0.000275260952,0.15,34.76341313445862,4.069401194041692,1478.840157032013
10000,350179401,0.40934813022613525,0.0002749700998333333,0.15,34.793703644628756,4.072154876784432,1493.5518345832825
10050,351933773,0.3737375736236572,0.0002746777045,0.15,34.79723109268699,4.072475553880635,1498.6506152153015
10100,353683899,0.3933302164077759,0.0002743860168333333,0.15,34.71301346767955,4.0648194061526866,1503.742176771164
10150,355439041,0.3927203416824341,0.0002740934931666667,0.15,34.81250371898368,4.073863974453062,1508.7987327575684
10200,357184044,0.3768949508666992,0.0002738026593333333,0.15,34.79151048727969,4.071955498843608,1524.3593635559082
10250,358939109,0.39708420634269714,0.0002735101485,0.15,34.810976456354005,4.073725132395818,1529.418449163437
10300,360688388,0.429471492767334,0.00027321860199999996,0.15,34.696213578753195,4.063292143523018,1534.5440289974213
10350,362439471,0.3906378448009491,0.0002729267548333333,0.15,34.73199516036258,4.066545014578416,1539.6094183921814
10400,364196538,0.37757858633995056,0.00027263391033333334,0.15,34.85068528472539,4.077335025884126,1544.6335897445679
10450,365942520,0.37833839654922485,0.0002723429133333333,0.15,34.81102958768642,4.073729962516947,1560.5899529457092
10500,367694615,0.3727348744869232,0.00027205089749999996,0.15,34.752067754923935,4.068369795902176,1565.6396069526672
10550,369449691,0.3698749244213104,0.0002717583848333333,0.15,34.811194636729674,4.073744966975425,1570.706382036209
10600,371202666,0.38980868458747864,0.0002714662223333333,0.15,34.76952218497729,4.069956562270662,1575.7663555145264
10650,372946635,0.39477378129959106,0.0002711755608333333,0.15,34.77089480819842,4.070081346199856,1592.0381553173065
10700,374700193,0.37583786249160767,0.00027088330116666667,0.15,34.78108574488764,4.071007794989786,1597.102236032486
10750,376454664,0.3454603850841522,0.00027059088933333334,0.15,34.799194716067994,4.07265406509709,1602.1572349071503
10800,378206275,0.38450801372528076,0.00027029895416666666,0.15,34.74246781839459,4.067497074399508,1607.2394976615906
10850,379951938,0.4284881055355072,0.00027000801033333333,0.15,34.804669431374116,4.073151766488556,1612.3066008090973
10900,381705155,0.3397065997123718,0.0002697158075,0.15,34.77432215324196,4.070392923021997,1627.5789461135864
10950,383459494,0.398881733417511,0.00026942341766666663,0.15,34.79657655155999,4.072416050141817,1632.6044788360596
11000,385212436,0.3506351709365845,0.0002691312606666666,0.15,34.768867643850285,4.069897058531844,1637.6539206504822
11050,386966599,0.3396742343902588,0.00026883890016666666,0.15,34.79308566554932,4.07209869686812,1642.6933851242065
11100,388709798,0.379848450422287,0.00026854836699999996,0.15,34.75554270675492,4.0686857006140835,1658.5624811649323
11150,390462861,0.46048834919929504,0.0002682561898333333,0.15,34.771267627982624,4.070115238907511,1663.6624743938446
11200,392216232,0.4013698697090149,0.0002679639613333333,0.15,34.7773766785013,4.070670607136481,1668.7267920970917
11250,393967392,0.4064266085624695,0.0002676721013333333,0.15,34.733522422992245,4.066683856635659,1673.7703623771667
11300,395712164,0.38180798292160034,0.000267381306,0.15,34.78690485684664,4.071536805167876,1689.2494027614594
11350,397465238,0.3705657422542572,0.00026708912699999996,0.15,34.77148580835829,4.070135073487117,1694.2596597671509
11400,399222019,0.34829437732696533,0.00026679633016666666,0.15,34.84501259495805,4.076819326814368,1699.3491065502167
11450,400973432,0.35042136907577515,0.00026650442799999995,0.15,34.73854057163258,4.067140051966598,1704.3521854877472
11500,402725571,0.38782432675361633,0.0002662124048333333,0.15,34.7529404764266,4.0684491342206,1709.359759092331
11550,404469463,0.4008757770061493,0.0002659217561666667,0.15,34.76935959805407,4.06994178164128,1724.8942701816559
11600,406222240,0.39507830142974854,0.00026562962666666667,0.15,34.76559493821529,4.069599539837753,1729.9864451885223
11650,407976381,0.36392712593078613,0.00026533726983333334,0.15,34.79264930479798,4.0720590277089075,1735.0456602573395
11700,409730005,0.39966076612472534,0.00026504499916666665,0.15,34.78239482714164,4.071126802467422,1740.1105463504791
11750,411477637,0.34668686985969543,0.0002647537271666666,0.15,34.84392694792248,4.076720631629317,1756.1930811405182
11800,413226311,0.4218120574951172,0.0002644622815,0.15,34.684213658091515,4.062201241644683,1761.208984375
11850,414980364,0.3410021662712097,0.0002641699393333333,0.15,34.79090386179265,4.071900351072059,1766.247694015503
11900,416735396,0.3786047697067261,0.000263877434,0.15,34.81032191522701,4.073665628657,1771.253266096115
11950,418484620,0.4350498914718628,0.00026358589666666663,0.15,34.69512267687487,4.063192970624988,1786.4886665344238
12000,420228600,0.38024425506591797,0.0002632952333333333,0.15,34.77111412393333,4.070101283993939,1791.4795842170715
12050,421980695,0.37577998638153076,0.0002630032175,0.15,34.752067754923935,4.068369795902176,1796.4681282043457
12100,423736288,0.3766636550426483,0.00026271061866666665,0.15,34.82144911438602,4.074677192216911,1801.465161561966
12150,425488438,0.4197200536727905,0.00026241859366666666,0.15,34.75315865680227,4.0684689688002065,1806.465176820755
12200,427231626,0.3955473005771637,0.0002621280623333333,0.15,34.75532339102002,4.068665762820002,1821.6759843826294
12250,428987186,0.2818833887577057,0.000261835469,0.15,34.82079457325902,4.074617688478093,1826.6660084724426
12300,430738511,0.4041483402252197,0.0002615435815,0.15,34.73679512862725,4.06698137532975,1831.6288752555847
12350,432492509,0.3354724049568176,0.0002612512485,0.15,34.789812959914315,4.071801178174028,1836.5966107845306
12400,434237655,0.31929415464401245,0.00026096039083333333,0.15,34.79436159183348,4.07221469016668,1852.1133091449738
12450,435992159,0.4041144847869873,0.0002606679735,0.15,34.79984925719499,4.072713568835908,1857.1349575519562
12500,437743418,0.43882042169570923,0.000260376097,0.15,34.735486046373246,4.066862367852114,1862.2507681846619
12550,439493709,0.3937321901321411,0.00026008438183333334,0.15,34.71628617331456,4.065116924846778,1867.271667957306
12600,441249907,0.36451926827430725,0.0002597916821666666,0.15,34.8334490350477,4.075768094095245,1884.8828573226929
12650,442991830,0.41889557242393494,0.00025950136166666665,0.15,34.7301020815057,4.0663729165005185,1889.9298386573792
12700,444743034,0.401237815618515,0.0002592094943333333,0.15,34.73439514449491,4.066763194954083,1894.9722425937653
12750,446494282,0.3504321575164795,0.00025891761966666667,0.15,34.73526786599758,4.066842533272507,1899.9756724834442
12800,448245321,0.4283003509044647,0.00025862577983333334,0.15,34.731122438859906,4.066465676259991,1904.9936802387238
12850,449988971,0.3376518189907074,0.00025833517149999996,0.15,34.764534651886116,4.069503150171465,1921.734056711197
12900,451741561,0.39694470167160034,0.00025804307316666664,0.15,34.761885871828945,4.06926235198445,1926.8180034160614
12950,453496131,0.3665127754211426,0.00025775064483333327,0.15,34.801158339448996,4.072832576313545,1931.8001518249512
13000,455247720,0.3444354832172394,0.00025745871333333333,0.15,34.74203145764326,4.0674574052402965,1936.8826651573181
13050,457002125,0.33633148670196533,0.00025716631249999997,0.15,34.79788563381399,4.0725350576194534,1952.9041738510132
13100,458742871,0.3681231737136841,0.00025687618816666667,0.15,34.70663529787064,4.064239572533695,1957.9323608875275
13150,460493162,0.36300864815711975,0.000256584473,0.15,34.71628617331456,4.065116924846778,1963.0735087394714
13200,462246082,0.38342374563217163,0.00025629231966666665,0.15,34.768431283098955,4.069857389372633,1968.1431210041046
13250,463999937,0.3683406412601471,0.00025600001049999995,0.15,34.786976615030646,4.07154332863915,1983.5376331806183
13300,465741178,0.4047439694404602,0.00025570980366666665,0.15,34.716504505941465,4.0651367732674055,1988.538158416748
13350,467495077,0.3697030544281006,0.0002554174871666666,0.15,34.78784933653331,4.071622666957574,1993.5702345371246
13400,469247051,0.3821070194244385,0.00025512549149999997,0.15,34.749667770791596,4.068151615526509,1998.5783786773682
13450,471002424,0.3966953158378601,0.0002548329293333333,0.15,34.81708550687268,4.074280500624789,2003.5728297233582
13500,472752957,0.3758704364299774,0.0002545411738333333,0.15,34.72108614157923,4.065553285598112,2018.463172674179
13550,474495738,0.3437670171260834,0.0002542507103333333,0.15,34.74720870882845,4.06792806443895,2023.5096287727356
13600,476247877,0.3410046100616455,0.00025395868716666665,0.15,34.7529404764266,4.0684491342206,2028.6536543369293
13650,477998894,0.3689938187599182,0.000253666851,0.15,34.730686078108576,4.066426007100779,2033.6989433765411
13700,479753992,0.38446781039237976,0.00025337433466666667,0.15,34.81163099748101,4.073784636134637,2048.7949838638306
13750,481496828,0.3626514971256256,0.000253083862,0.15,34.748305287502994,4.068027753409363,2053.755290746689
13800,483251365,0.387606143951416,0.00025279143916666667,0.15,34.800503798322,4.072773072574727,2058.7769300937653
13850,485000897,0.3794049620628357,0.00025249985049999996,0.15,34.70123172739354,4.063748338853959,2063.7998492717743
13900,486755434,0.3905527889728546,0.0002522074276666666,0.15,34.800503798322,4.072773072574727,2079.3081629276276
13950,488497973,0.42903751134872437,0.0002519170045,0.15,34.7423837626605,4.067489432969136,2084.3914408683777
14000,490251388,0.3997003734111786,0.00025162476866666666,0.15,34.778249400003965,4.070749945454906,2089.3687102794647
14050,492002108,0.4043349325656891,0.000251332982,0.15,34.72479520796557,4.065890473451415,2094.432721853256
14100,493756964,0.4476310610771179,0.000251040506,0.15,34.80683102921633,4.073348275383303,2099.4041719436646
14150,495509092,0.408722847700119,0.0002507484846666667,0.15,34.75272229605093,4.068429299640994,2114.2976734638214
14200,497251741,0.3847392201423645,0.00025045804316666665,0.15,34.74457692000957,4.067688810909961,2119.2579288482666
14250,499008720,0.3674691617488861,0.0002501652133333333,0.15,34.84893984172005,4.077176349247278,2124.2611680030823
14300,500758736,0.3924807608127594,0.00024987354399999995,0.15,34.71083166392288,4.064621060356625,2129.238170862198
14350,502509192,0.37105193734169006,0.0002495818013333333,0.15,34.71955887894956,4.0654144435408694,2144.06151843071
14400,504254668,0.3558253347873688,0.00024929088866666667,0.15,34.80094106388069,4.072812823989154,2149.0264086723328
14450,506010085,0.37473955750465393,0.0002489983191666666,0.15,34.817958228375346,4.074359838943213,2154.0093681812286
14500,507761201,0.40802842378616333,0.0002487064665,0.15,34.73264970148958,4.066604518317234,2158.9740409851074
14550,509514011,0.38006940484046936,0.0002484143315,0.15,34.766249479342285,4.069659043576571,2173.696049928665
14600,511267316,0.409027636051178,0.00024812211399999996,0.15,34.776067596247294,4.070551599658845,2178.6636040210724
14650,513011417,0.3905221223831177,0.00024783143049999997,0.15,34.77352659701731,4.070320599728846,2183.6241447925568
14700,514766955,0.3710554540157318,0.0002475388408333333,0.15,34.820358212507685,4.0745780193188805,2188.594646692276
14750,516519985,0.3688899874687195,0.00024724666916666664,0.15,34.770613086855626,4.070055735168693,2193.5591287612915
14800,518274885,0.37613606452941895,0.0002469541858333333,0.15,34.80770375071901,4.073427613701728,2208.2743775844574
14850,520019536,0.3726543188095093,0.0002466634106666666,0.15,34.78449238376266,4.071317489432969,2213.2249188423157
14900,521772984,0.37586739659309387,0.00024637116933333333,0.15,34.77890394113097,4.070809449193725,2218.2045724391937
14950,523523143,0.3494260907173157,0.00024607947616666666,0.15,34.71366800880655,4.064878909891505,2223.168907880783
15000,525275898,0.39292287826538086,0.00024578735033333333,0.15,34.76515857746395,4.069559870678541,2237.88560795784
15050,527028400,0.36107856035232544,0.00024549526666666665,0.15,34.76014042882361,4.069103675347601,2242.8552634716034
15100,528772908,0.41152113676071167,0.0002452045153333333,0.15,34.78164127920887,4.0710582981098975,2247.819103717804
15150,530525190,0.35829153656959534,0.0002449124683333333,0.15,34.75577682131027,4.0687069837554795,2252.8417608737946
15200,532280046,0.3366924822330475,0.0002446199923333333,0.15,34.80683102921633,4.073348275383303,2269.7086486816406
15250,534032669,0.3562481999397278,0.0002443278885,0.15,34.76254041295595,4.069321855723268,2274.783489227295
15300,535775747,0.3580220639705658,0.0002440373755,0.15,34.753130233670944,4.0684663848791764,2279.8440215587616
15350,537528964,0.3753761053085327,0.00024374517266666665,0.15,34.77432215324196,4.070392923021997,2284.962110519409
15400,539284755,0.40108174085617065,0.00024345254083333332,0.15,34.825376361148024,4.07503421464982,2290.1463553905487
15450,541035893,0.37212640047073364,0.0002431606845,0.15,34.73308606224091,4.066644187476446,2306.590395927429
15500,542779543,0.3648832142353058,0.00024287007616666665,0.15,34.764534651886116,4.069503150171465,2311.5706219673157
15550,544534410,0.3627832233905792,0.0002425775983333333,0.15,34.807049209592,4.073368109962909,2316.599627494812
15600,546287319,0.3760124146938324,0.00024228544683333332,0.15,34.76821310272329,4.069837554793026,2321.7025978565216
15650,548042098,0.3798789978027344,0.00024199298366666663,0.15,34.80530376658667,4.073209433326061,2338.200989961624
15700,549794886,0.36300960183143616,0.00024170085233333333,0.15,34.76581311859095,4.069619374417359,2343.21866106987
15750,551540395,0.38267722725868225,0.00024140993416666665,0.15,34.801599011085415,4.072872637371401,2348.19522356987
15800,553289993,0.3712504506111145,0.00024111833449999998,0.15,34.70254080964754,4.063867346331595,2353.1916680336
15850,555042517,0.379656046628952,0.00024082624716666664,0.15,34.76057678957495,4.069143344506814,2368.7789204120636
15900,556795426,0.35086238384246826,0.00024053409566666666,0.15,34.76821310272329,4.069837554793026,2373.762102842331
15950,558537767,0.35897719860076904,0.00024024370549999998,0.15,34.73843607943217,4.067130552675652,2378.7393159866333
16000,560290489,0.37039101123809814,0.00023995158516666666,0.15,34.76450403633695,4.069500366939723,2383.7247750759125
16050,562044685,0.38506439328193665,0.00023965921916666664,0.15,34.79374020667632,4.072158200606938,2388.732686281204
16100,563798287,0.34622514247894287,0.00023936695216666664,0.15,34.78195846639031,4.07108713330821,2404.373146533966
16150,565550272,0.39633363485336304,0.00023907495466666664,0.15,34.749885951167265,4.068171450106115,2409.388676404953
16200,567294153,0.35924863815307617,0.0002387843078333333,0.15,34.769140282319164,4.0699218438471965,2414.485874891281
16250,569044422,0.3622439205646515,0.0002384925963333333,0.15,34.71584981256322,4.065077255687566,2419.5491905212402
16300,570799586,0.3771563172340393,0.00023820006899999996,0.15,34.81294007973501,4.073903643612273,2437.021795272827
16350,572550493,0.3369748592376709,0.00023790825116666665,0.15,34.728504274351906,4.066227661304719,2442.0103285312653
16400,574292570,0.35933905839920044,0.000237617905,0.15,34.7331725017944,4.066652045617673,2446.975018978119
16450,576045523,0.3713805377483368,0.00023732574616666663,0.15,34.769085824225954,4.069916893111451,2451.9584572315216
16500,577797442,0.3942672610282898,0.00023703375966666664,0.15,34.74857686891326,4.0680524426284785,2467.537382364273
16550,579550131,0.3413427472114563,0.00023674164483333332,0.15,34.763849495209946,4.069440863200904,2472.594102859497
16600,581302721,0.39831119775772095,0.00023644954649999997,0.15,34.761885871828945,4.06926235198445,2477.6623060703278
16650,583046283,0.3367651700973511,0.0002361589528333333,0.15,34.76278012600686,4.069343647818806,2482.66504573822
16700,584799093,0.4337725341320038,0.0002358668178333333,0.15,34.766249479342285,4.069659043576571,2487.6459634304047
16750,586551034,0.3871769905090332,0.00023557482766666665,0.15,34.7490132296646,4.068092111787691,2503.2797815799713
16800,588301996,0.4105558693408966,0.00023528300066666665,0.15,34.72959517623024,4.066326834202749,2508.342425107956
16850,590047736,0.3575424253940582,0.00023499204399999996,0.15,34.80620464151846,4.073291331047133,2513.3745064735413
16900,591799677,0.32514962553977966,0.0002347000538333333,0.15,34.7490132296646,4.068092111787691,2518.43066239357
16950,593551937,0.3072057366371155,0.0002344080105,0.15,34.75534046055894,4.068667314596268,2536.24778175354
17000,595304296,0.3288421332836151,0.00023411595066666666,0.15,34.75730408393994,4.068845825812722,2541.33984708786
17050,597049145,0.3996622562408447,0.00023382514249999998,0.15,34.78844006699099,4.071676369726453,2546.3723526000977
17100,598800437,0.39179134368896484,0.00023353326049999995,0.15,34.736140587500245,4.066921871590932,2551.393517971039
17150,600556426,0.34391915798187256,0.00023324059566666666,0.15,34.82930360791003,4.07539123708273,2566.7789647579193
17200,602307366,0.3583204448223114,0.00023294877233333332,0.15,34.729158815478904,4.066287165043537,2571.98698925972
17250,604062904,0.36863207817077637,0.00023265618266666663,0.15,34.820358212507685,4.0745780193188805,2577.0900411605835
17300,605808314,0.34412986040115356,0.00023236528099999996,0.15,34.79962516947125,4.072693197224659,2582.148017883301
17350,607560112,0.3931375741958618,0.00023207331466666665,0.15,34.74617688478093,4.067834262252812,2587.209907054901
17400,609313703,0.3787667453289032,0.00023178104949999996,0.15,34.78174028601464,4.071067298728604,2603.4874732494354
17450,611062696,0.3708633482456207,0.00023148955066666665,0.15,34.69054088898586,4.0627764444532595,2608.6679406166077
17500,612805565,0.3693791627883911,0.00023119907249999995,0.15,34.74896323470771,4.06808756679161,2613.7098112106323
17550,614557154,0.39955195784568787,0.00023090714099999998,0.15,34.74203145764326,4.0674574052402965,2618.7302572727203
17600,616310052,0.35622653365135193,0.00023061499133333332,0.15,34.76799492234762,4.06981772021342,2635.1304790973663
17650,618063533,0.40214911103248596,0.0002303227445,0.15,34.77955848225797,4.070868952932543,2640.2311358451843
17700,619814924,0.42381125688552856,0.00023003084599999997,0.15,34.738104210881254,4.067100382807387,2645.2701115608215
17750,621559256,0.3414292633533478,0.000229740124,0.15,34.77813222745036,4.070739293404578,2650.307635307312
17800,623313738,0.3766283094882965,0.00022944771033333333,0.15,34.79941289644366,4.072673899676697,2665.068515777588
17850,625069903,0.4000261723995209,0.00022915501616666662,0.15,34.8327944939207,4.075708590356427,2670.053220272064
17900,626820535,0.4388467073440552,0.00022886324416666667,0.15,34.72304976496023,4.065731796814567,2675.0343294143677
17950,628565285,0.34283575415611267,0.00022857245249999997,0.15,34.78646622537683,4.071496929579712,2679.9768030643463
18000,630320207,0.4025164246559143,0.00022827996549999995,0.15,34.80814011147034,4.07346728286094,2684.9433403015137
18050,632070432,0.3917860686779022,0.00022798826133333332,0.15,34.714977091060554,4.0649979173691415,2699.7769417762756
18100,633826377,0.37368807196617126,0.0002276956038333333,0.15,34.82843088640736,4.075311898764306,2704.75043797493
18150,635579308,0.41552335023880005,0.00022740344866666666,0.15,34.768649463474624,4.069877223952239,2709.7164504528046
18200,637325785,0.35699889063835144,0.00022711236916666665,0.15,34.82089879575724,4.074627163250658,2714.659731388092
18250,639078529,0.35221463441848755,0.00022682024516666664,0.15,34.76494039708828,4.069540036098934,2730.52996134758
18300,640831790,0.3615368902683258,0.00022652803499999995,0.15,34.77519487474463,4.070472261340421,2735.6071689128876
18350,642585095,0.4025222063064575,0.00022623581749999996,0.15,34.776067596247294,4.070551599658845,2740.676803588867
18400,644331154,0.389450341463089,0.00022594480766666665,0.15,34.81256479783077,4.073869527075524,2745.640862226486
18450,646086120,0.3893846273422241,0.0002256523133333333,0.15,34.809012832973,4.073546621179364,2760.4460566043854
18500,647836609,0.4156023859977722,0.00022536056516666664,0.15,34.72021342007656,4.0654739472796875,2765.426821947098
18550,649592136,0.40267547965049744,0.00022506797733333331,0.15,34.82014003213202,4.074558184739274,2770.3996000289917
18600,651332783,0.265045166015625,0.00022477786949999997,0.15,34.70466145625648,4.0640601323869525,2775.36395406723
18650,653083932,0.3918660283088684,0.0002244860113333333,0.15,34.733304242616576,4.066664022056052,2780.3250131607056
18700,654839833,0.3620685935020447,0.00022419336116666667,0.15,34.827558164904694,4.0752325604458814,2795.2266268730164
18750,656594073,0.3574366569519043,0.0002239009878333333,0.15,34.794612928178985,4.072237538925362,2800.2171154022217
18800,658347180,0.3941371738910675,0.00022360880333333332,0.15,34.77214034948529,4.070194577225935,2805.199499607086
18850,660092271,0.4048413336277008,0.0002233179548333333,0.15,34.793265013158944,4.072115001196267,2810.1544966697693
18900,661846896,0.37011975049972534,0.00022302551733333333,0.15,34.80224924132733,4.072931749211576,2825.078766345978
18950,663598342,0.38998210430145264,0.00022273360966666668,0.15,34.73919511275958,4.067199555705416,2830.1023976802826
19000,665354023,0.4204714298248291,0.00022244099616666664,0.15,34.82319455739135,4.07483586885376,2835.134996175766
19050,667095649,0.3689712882041931,0.00022215072516666663,0.15,34.724180556663214,4.065834596060292,2840.1402328014374
19100,668853871,0.3555343747138977,0.00022185768816666664,0.15,34.87359422417042,4.079417656742765,2855.01744055748
19150,670606483,0.3490791618824005,0.00022156558616666668,0.15,34.76232223258028,4.069302021143662,2860.0137238502502
19200,672361713,0.35716548562049866,0.00022127304783333332,0.15,34.81424916198901,4.07402265108991,2864.995395898819
19250,674112829,0.43249189853668213,0.00022098119516666666,0.15,34.73264970148958,4.066604518317234,2869.965291261673
19300,675855665,0.3532479703426361,0.0002206907225,0.15,34.748305287502994,4.068027753409363,2874.9160592556
19350,677607705,0.4048052132129669,0.00022039871583333332,0.15,34.7509768530456,4.068270623004145,2889.6865401268005
19400,679360317,0.36942753195762634,0.00022010661383333333,0.15,34.76232223258028,4.069302021143662,2894.6723141670227
19450,681115074,0.40161287784576416,0.00021981415433333328,0.15,34.80486740583533,4.073169764166848,2899.640878200531
19500,682860154,0.39597585797309875,0.00021952330766666664,0.15,34.793045697424034,4.072095063402185,2904.5866453647614
19550,684610819,0.3471307158470154,0.00021923153016666666,0.15,34.723704306087235,4.065791300553385,2919.3487071990967
19600,686362738,0.35995662212371826,0.00021893954366666667,0.15,34.74857686891326,4.0680524426284785,2924.340780735016
19650,688115207,0.3951687514781952,0.00021864746549999997,0.15,34.75948588769661,4.069044171608783,2929.3110065460205
19700,689867489,0.3371162712574005,0.0002183554185,0.15,34.75577682131027,4.0687069837554795,2934.282120704651
19750,691613053,0.3519277572631836,0.00021806449116666666,0.15,34.80269558975995,4.072972326341813,2949.0981652736664
19800,693368096,0.3664110600948334,0.000217771984,0.15,34.810540095602676,4.073685463236607,2954.0817704200745
19850,695120587,0.3648917078971863,0.00021747990216666664,0.15,34.75992224844794,4.069083840767995,2959.059718847275
19900,696875718,0.3710384964942932,0.00021718738033333333,0.15,34.81228553860801,4.073844139873455,2964.024909734726
19950,698619676,0.3207167088985443,0.00021689672066666665,0.15,34.77067549246351,4.070061408405774,2968.9940910339355
20000,700370869,0.4270867109298706,0.00021660485516666663,0.15,34.73417696411924,4.066743360374477,2983.7616407871246
20050,702126693,0.44039008021354675,0.00021631221783333332,0.15,34.82603090227503,4.075093718388639,2988.7451140880585
20100,703879756,0.36107003688812256,0.00021602004066666668,0.15,34.771267627982624,4.070115238907511,2993.713096141815
20150,705622383,0.3632654547691345,0.0002157296028333333,0.15,34.74413828853976,4.067648935321796,2998.7065756320953
20200,707375270,0.3568296730518341,0.00021543745499999996,0.15,34.76777674197196,4.069797885633815,3013.379085302353
20250,709129686,0.3710971474647522,0.0002151450523333333,0.15,34.79810381418966,4.07255489219906,3018.368139028549
20300,710881165,0.35176825523376465,0.00021485313916666665,0.15,34.73984965388659,4.067259059444235,3023.338126182556
20350,712635053,0.3549361526966095,0.00021456082450000002,0.15,34.787631156157644,4.071602832377968,3028.3043406009674
20400,714379099,0.36782702803611755,0.00021427015016666667,0.15,34.77243001834277,4.070220910758433,3042.980337381363
20450,716132558,0.3823213279247284,0.00021397790699999997,0.15,34.77912212150663,4.07082928377333,3047.955244541168
20500,717886226,0.34248217940330505,0.00021368562899999998,0.15,34.783267548644304,4.071206140785846,3052.9389264583588
20550,719641665,0.37154969573020935,0.0002133930558333333,0.15,34.81839458912668,4.074399508102426,3057.951337814331
20600,721386206,0.3617425560951233,0.000213102299,0.15,34.78229922641359,4.071118111492145,3062.9099917411804
20650,723140391,0.386319100856781,0.00021280993483333333,0.15,34.79352202630065,4.072138366027332,3077.6440110206604
20700,724891529,0.4045252501964569,0.00021251807849999999,0.15,34.73308606224091,4.066644187476446,3082.6275148391724
20750,726643360,0.41492846608161926,0.00021222610666666667,0.15,34.74683142590793,4.06789376599163,3087.6011548042297
20800,728395246,0.38137102127075195,0.00021193412566666666,0.15,34.74792232778626,4.0679929388896605,3092.572725057602
20850,730136982,0.3533283770084381,0.00021164383633333334,0.15,34.72637371401228,4.066033974001116,3107.400233030319
20900,731889781,0.39469820261001587,0.00021135170316666666,0.15,34.76603129896662,4.069639208996965,3112.393029689789
20950,733643262,0.3605266511440277,0.0002110594563333333,0.15,34.77955848225797,4.070868952932543,3117.3746099472046
21000,735396072,0.3718915283679962,0.00021076732133333334,0.15,34.766249479342285,4.069659043576571,3122.369149208069
21050,737137566,0.38589662313461304,0.00021047707233333332,0.15,34.721548767844325,4.065595342531302,3137.1566457748413
21100,738888528,0.4020814895629883,0.0002101852453333333,0.15,34.72959517623024,4.066326834202749,3142.1535935401917
21150,740643923,0.3532024323940277,0.00020989267949999998,0.15,34.817521867624016,4.074320169784001,3147.1426980495453
21200,742395809,0.3247748911380768,0.00020960069849999997,0.15,34.74792232778626,4.0679929388896605,3152.118322610855
21250,744149169,0.3854112923145294,0.0002093084718333333,0.15,34.77715849812563,4.070650772556875,3157.0963089466095
21300,745893424,0.31094279885292053,0.00020901776266666665,0.15,34.776597017306,4.070599728846,3173.1168718338013
21350,747642340,0.35673248767852783,0.00020872627666666666,0.15,34.68901362635619,4.062637602396017,3178.1394555568695
21400,749395557,0.3605700731277466,0.00020843407383333332,0.15,34.77432215324196,4.070392923021997,3183.1293485164642
21450,751149522,0.38057756423950195,0.0002081417463333333,0.15,34.789158418787316,4.07174167443521,3188.128066778183
21500,752892754,0.3623737692832947,0.00020785120766666663,0.15,34.756200653959645,4.0687455139963316,3203.4216859340668
21550,754647324,0.2760009169578552,0.0002075587793333333,0.15,34.801158339448996,4.072832576313545,3208.4133496284485
21600,756400695,0.34467992186546326,0.00020726655083333332,0.15,34.7773766785013,4.070670607136481,3213.404190301895
21650,758153417,0.3800111413002014,0.00020697443049999997,0.15,34.76450403633695,4.069500366939723,3218.3916833400726
21700,759894548,0.37638774514198303,0.000206684242,0.15,34.71431134859239,4.064937395326581,3223.383123397827
21750,761646522,0.36198392510414124,0.0002063922463333333,0.15,34.749667770791596,4.068151615526509,3238.181521654129
21800,763399717,0.3601752519607544,0.00020610004716666665,0.15,34.77388579249063,4.070353253862785,3243.176143884659
21850,765153429,0.39505255222320557,0.0002058077618333333,0.15,34.78414027014698,4.0712854791042705,3248.169283390045
21900,766908296,0.3600005507469177,0.00020551528399999998,0.15,34.807049209592,4.073368109962909,3253.1684863567352
21950,768649713,0.3639072775840759,0.0002052250478333333,0.15,34.72001355769998,4.065455777972725,3268.0095829963684
22000,770403964,0.4099777638912201,0.00020493267266666665,0.15,34.794831108554654,4.072257373504969,3272.9987494945526
22050,772156576,0.3290591239929199,0.00020464057066666664,0.15,34.76232223258028,4.069302021143662,3277.9928090572357
22100,773910167,0.30785346031188965,0.00020434830549999997,0.15,34.78174028601464,4.071067298728604,3283.0607120990753
22150,775653344,0.3546529710292816,0.000204057776,0.15,34.75510407528511,4.068645825025919,3298.7941670417786
22200,777401567,0.3852002024650574,0.00020376640549999998,0.15,34.67526826268917,4.061388023880834,3303.7755296230316
22250,779153992,0.3471755385398865,0.00020347433466666662,0.15,34.75861316619394,4.068964833290358,3308.7590668201447
22300,780907242,0.3461343050003052,0.00020318212633333333,0.15,34.77497669436896,4.070452426760815,3313.7298481464386
22350,782662296,0.39729318022727966,0.00020288961733333334,0.15,34.810758275978344,4.073705297816213,3318.7128133773804
22400,784405550,0.34452757239341736,0.000202599075,0.15,34.75663928542946,4.068785389584496,3333.4674186706543
22450,786158701,0.3955433964729309,0.00020230688316666667,0.15,34.77301307098796,4.07027391554436,3338.4647669792175
22500,787912446,0.36546748876571655,0.00020201459233333332,0.15,34.784794811273976,4.0713449828430885,3343.4607832431793
22550,789663133,0.3828173279762268,0.00020172281116666668,0.15,34.724140666838565,4.0658309697125965,3348.450309753418
22600,791406288,0.36278867721557617,0.00020143228533333333,0.15,34.7546654438153,4.068605949437754,3363.3080098629
22650,793159747,0.3919747769832611,0.00020114004216666663,0.15,34.77912212150663,4.07082928377333,3368.31218290329
22700,794913954,0.3667788803577423,0.00020084767433333332,0.15,34.79395838705199,4.072178035186544,3373.301477909088
22750,796669415,0.3635869324207306,0.00020055509749999998,0.15,34.81883094987802,4.074439177261638,3378.298821210861
22800,798419354,0.39806994795799255,0.00020026344099999998,0.15,34.70930440129322,4.064482218299383,3393.1392874717712
22850,800163972,0.3834327757358551,0.0001999726713333333,0.15,34.78383443655794,4.071257676050721,3398.1107745170593
22900,801918586,0.3810195326805115,0.00019968023566666667,0.15,34.80203106095166,4.07291191463197,3403.083334207535
22950,803672023,0.3676028847694397,0.00019938799616666663,0.15,34.7786857607553,4.070789614614118,3408.0805056095123
23000,805421841,0.4330017566680908,0.0001990963598333333,0.15,34.70690441716088,4.064264037923716,3413.0785501003265
23050,807166888,0.34766268730163574,0.00019880551866666664,0.15,34.79238775021932,4.072035250019938,3427.87584066391
23100,808917080,0.35943424701690674,0.00019851382,0.15,34.714322549933556,4.0649384136303235,3432.8733522892
23150,810669516,0.3483835756778717,0.0001982217473333333,0.15,34.75883134656961,4.068984667869964,3437.8736221790314
23200,812422788,0.39428773522377014,0.00019792953533333334,0.15,34.775413055120296,4.070492095920027,3442.870039701462
23250,814165294,0.357723206281662,0.00019763911766666666,0.15,34.74172581545578,4.067429619586889,3457.747530221939
23300,815920766,0.3815958797931671,0.00019734653899999998,0.15,34.81904913025368,4.074459011841244,3462.7211825847626
23350,817673664,0.31607407331466675,0.00019705438933333334,0.15,34.76799492234762,4.06981772021342,3467.7177653312683
23400,819424703,0.35177528858184814,0.00019676254949999998,0.15,34.731122438859906,4.066465676259991,3472.713645219803
23450,821174818,0.34245362877845764,0.00019647086366666663,0.15,34.712795287303884,4.06479957157308,3487.5656197071075
23500,822919843,0.36178168654441833,0.00019618002616666666,0.15,34.7919491187495,4.071995374431773,3492.552478313446
23550,824672840,0.33408692479133606,0.00019588785999999998,0.15,34.76995854572862,4.069996231429875,3497.55322432518
23600,826429379,0.3462536334991455,0.00019559510349999995,0.15,34.84021262669338,4.076382966063035,3502.5537135601044
23650,828182695,0.3863246440887451,0.00019530288416666665,0.15,34.77628577662296,4.070571434238452,3507.5394558906555
23700,829923683,0.36295005679130554,0.0001950127195,0.15,34.7114602440386,4.064678204003509,3522.3626112937927
23750,831674975,0.3509986996650696,0.0001947208375,0.15,34.736140587500245,4.066921871590932,3527.378706932068
23800,833427026,0.36853140592575073,0.00019442882899999998,0.15,34.75119503342127,4.0682904575837515,3532.362741470337
23850,835179814,0.3718586266040802,0.00019413669766666665,0.15,34.76581311859095,4.069619374417359,3537.477424621582
23900,836930633,0.33942291140556335,0.00019384489449999999,0.15,34.72675883134657,4.06606898466787,3553.691002368927
23950,838674558,0.37971189618110657,0.0001935542403333333,0.15,34.770017545258796,4.070001595023527,3558.7520134449005
24000,840430019,0.3242861032485962,0.00019326166349999997,0.15,34.81883094987802,4.074439177261638,3563.823922395706
24050,842180497,0.35778364539146423,0.00019296991716666664,0.15,34.71999523970089,4.065454112700081,3568.891618490219
24100,843932647,0.33362191915512085,0.00019267789216666667,0.15,34.75315865680227,4.0684689688002065,3584.7881412506104
24150,845677155,0.35388678312301636,0.00019238714083333333,0.15,34.78164127920887,4.0710582981098975,3589.844974756241
24200,847429613,0.2945176362991333,0.0001920950645,0.15,34.759267707320944,4.069024337029177,3594.8890974521637
24250,849181972,0.3702249526977539,0.00019180300466666665,0.15,34.75730408393994,4.068845825812722,3599.8850796222687
24300,850935662,0.377508282661438,0.00019151072299999997,0.15,34.78370390939564,4.071245809945058,3604.9553260803223
24350,852689352,0.3764881193637848,0.0001912184413333333,0.15,34.78370390939564,4.071245809945058,3620.3100407123566
24400,854434355,0.4289437532424927,0.00019092760749999998,0.15,34.79151048727969,4.071955498843608,3625.3236763477325
24450,856188947,0.3923281133174896,0.0001906351755,0.15,34.801594700200326,4.072872245472757,3630.3551840782166
24500,857940987,0.33382219076156616,0.00019034316883333334,0.15,34.7509768530456,4.068270623004145,3635.4324526786804
24550,859694039,0.3446170389652252,0.00019005099349999997,0.15,34.771049447606956,4.070095404327905,3651.984997987747
24600,861437645,0.3504808843135834,0.00018976039249999998,0.15,34.763657388946484,4.069423398995135,3657.0395188331604
24650,863192699,0.4128376543521881,0.00018946788349999996,0.15,34.810758275978344,4.073705297816213,3662.1071438789368
24700,864944365,0.3888722062110901,0.00018917593916666667,0.15,34.74355872027292,4.067596247297538,3667.1660573482513
24750,866696966,0.40663599967956543,0.000188883839,0.15,34.76210405220461,4.069282186564056,3683.4947681427
24800,868442849,0.3504703938961029,0.00018859285849999997,0.15,34.809055746072254,4.073550522370205,3688.569617986679
24850,870197716,0.41963672637939453,0.00018830038066666664,0.15,34.807049209592,4.073368109962909,3693.5954654216766
24900,871950339,0.34916549921035767,0.0001880082768333333,0.15,34.76254041295595,4.069321855723268,3698.6082582473755
24950,873702214,0.32322776317596436,0.00018771629766666664,0.15,34.747704147410595,4.067973104310054,3703.6791229248047
25000,875454837,0.3755393624305725,0.00018742419383333334,0.15,34.76254041295595,4.069321855723268,3718.8677933216095
25050,877200247,0.3729729950428009,0.00018713329216666665,0.15,34.79962516947125,4.072693197224659,3723.8484535217285
25100,878954212,0.3623211979866028,0.00018684096466666666,0.15,34.789158418787316,4.07174167443521,3728.88604593277
25150,880708353,0.34060657024383545,0.00018654860783333334,0.15,34.79264930479798,4.0720590277089075,3733.959089279175
25200,882460206,0.34175893664360046,0.00018625663233333333,0.15,34.747267786659265,4.0679334351508425,3751.1019752025604
25250,884204461,0.3431222140789032,0.00018596592316666663,0.15,34.776597017306,4.070599728846,3756.1400940418243
25300,885958206,0.3674812912940979,0.0001856736323333333,0.15,34.784794811273976,4.0713449828430885,3761.223684310913
25350,887710422,0.37808001041412354,0.00018538159633333333,0.15,34.754467739056274,4.068587976277843,3766.272607088089
25400,889467159,0.37580111622810364,0.00018508880683333333,0.15,34.84413987345538,4.076739988495944,3782.2927474975586
25450,891220772,0.31231966614723206,0.000184796538,0.15,34.78217664676597,4.071106967887816,3787.39213013649
25500,892965687,0.3953504264354706,0.00018450571883333333,0.15,34.78975596140043,4.071795996490948,3792.4303781986237
25550,894717518,0.3837531805038452,0.000184213747,0.15,34.74683142590793,4.06789376599163,3797.4222614765167
25600,896470559,0.3750547170639038,0.00018392157350000002,0.15,34.770831267231294,4.070075569748299,3802.447702884674
25650,898221895,0.37069228291511536,0.00018362968416666667,0.15,34.73701330900292,4.067001209909356,3818.3224992752075
25700,899963895,0.40012288093566895,0.00018333935083333333,0.15,34.73163729165005,4.066512481059096,3823.325428724289
25750,901715451,0.4046388566493988,0.0001830474248333333,0.15,34.74137691651625,4.067397901501478,3828.337368965149
25800,903467425,0.40900346636772156,0.00018275542916666664,0.15,34.749667770791596,4.068151615526509,3833.4086689949036
25850,905217441,0.38995805382728577,0.0001824637598333333,0.15,34.71083166392288,4.064621060356625,3852.2651405334473
25900,906971417,0.34786829352378845,0.00018217143049999995,0.15,34.78937659916298,4.0717615090148165,3857.3437328338623
25950,908717421,0.33888375759124756,0.00018188042983333333,0.15,34.81146821915623,4.073769838105112,3862.395327091217
26000,910468537,0.361674040555954,0.00018158857716666664,0.15,34.73264970148958,4.066604518317234,3867.4516048431396
26050,912220940,0.37422508001327515,0.00018129651,0.15,34.75817680544261,4.068925164131146,3888.1631689071655
26100,913971803,0.32899659872055054,0.0001810046995,0.15,34.72763155284924,4.066148322986295,3893.146597623825
26150,915715431,0.35421207547187805,0.0001807140948333333,0.15,34.764096020416304,4.0694632745833,3898.193316936493
26200,917467548,0.30059996247291565,0.0001804220753333333,0.15,34.752504115675265,4.068409465061388,3903.2463562488556
26250,919218147,0.3817850351333618,0.0001801303088333333,0.15,34.72239522383323,4.065672293075749,3908.292261123657
26300,920970858,0.3497588336467743,0.0001798381903333333,0.15,34.76428585596128,4.069480532360116,3924.992655515671
26350,922715146,0.35981911420822144,0.00017954747566666663,0.15,34.777254964510725,4.070659542228248,3930.0052337646484
26400,924466856,0.37207165360450745,0.00017925552399999998,0.15,34.74443144177559,4.067675585615962,3935.1100635528564
26450,926217752,0.2991367280483246,0.00017896370799999996,0.15,34.72828609397624,4.066207826725113,3940.187542438507
26500,927968428,0.38647469878196716,0.00017867192866666666,0.15,34.7239224864629,4.06581113513299,3960.461336374283
26550,929725528,0.3327365815639496,0.00017837907866666663,0.15,34.85133982585239,4.077394529622945,3965.441259622574
26600,931467517,0.3649834990501404,0.00017808874716666664,0.15,34.73141797591514,4.066492543265013,3970.414175748825
26650,933221064,0.3723089396953583,0.00017779648933333332,0.15,34.78086756451197,4.0709879604101795,3975.4686353206635
26700,934973577,0.3845463693141937,0.00017750440383333332,0.15,34.76035860919928,4.069123509927207,3990.5550487041473
26750,936725584,0.3735581636428833,0.00017721240266666666,0.15,34.7503223119186,4.068211119265327,3995.5258374214172
26800,938469487,0.3954167068004608,0.00017692175216666665,0.15,34.769578913788976,4.069961719435361,4000.5068361759186
26850,940222572,0.3551844656467438,0.00017662957133333332,0.15,34.77170398873396,4.070154908066724,4005.5302827358246
26900,941974469,0.38633525371551514,0.0001763375885,0.15,34.74814050816193,4.068012773469267,4010.5064203739166
26950,943724287,0.39912110567092896,0.00017604595216666666,0.15,34.70690441716088,4.064264037923716,4026.027766227722
27000,945477251,0.38749217987060547,0.00017575379149999996,0.15,34.76930400460162,4.069936727691057,4031.0244920253754
27050,947223376,0.37374505400657654,0.00017546277066666667,0.15,34.81388069224021,4.073989153840019,4035.9928617477417
27100,948975966,0.34030842781066895,0.0001751706723333333,0.15,34.761885871828945,4.06926235198445,4040.9810786247253
27150,950725850,0.3512900769710541,0.00017487902499999997,0.15,34.70821349941488,4.064383045401353,4056.168419122696
27200,952479716,0.3247814178466797,0.00017458671399999998,0.15,34.787194795406315,4.071563163218756,4061.16822886467
27250,954224004,0.3428560793399811,0.00017429599933333333,0.15,34.777254964510725,4.070659542228248,4066.139701128006
27300,955973844,0.4182053208351135,0.0001740043593333333,0.15,34.707340777912215,4.064303707082929,4071.1396391391754
27350,957727798,0.36582550406455994,0.00017371203366666664,0.15,34.78894023841165,4.071721839855605,4086.8393120765686
27400,959478848,0.3458910286426544,0.00017342019199999997,0.15,34.731340619235574,4.066485510839597,4091.8717391490936
27450,961230668,0.3807462155818939,0.000173128222,0.15,34.74661324553226,4.067873931412024,4096.896393299103
27500,962974747,0.4095004200935364,0.00017283754216666666,0.15,34.77308796554749,4.070280724140681,4101.8949093818665
27550,964727854,0.36330974102020264,0.00017254535766666665,0.15,34.77214034948529,4.070194577225935,4106.893209695816
27600,966482534,0.35317718982696533,0.00017225291099999998,0.15,34.803340143205666,4.073030922109606,4123.307399272919
27650,968230526,0.3282705545425415,0.00017196157899999998,0.15,34.67068647480016,4.060971497709105,4128.288066864014
27700,969974385,0.33130982518196106,0.0001716709358333333,0.15,34.76870165084935,4.069881968259032,4133.235726356506
27750,971726183,0.34623295068740845,0.00017137896949999997,0.15,34.74617688478093,4.067834262252812,4138.20346736908
27800,973477563,0.34705573320388794,0.00017108707283333333,0.15,34.737886030505585,4.06708054822778,4153.311552524567
27850,975235158,0.3619888126850128,0.00017079414033333335,0.15,34.8611579427574,4.0782870857052185,4158.310130596161
27900,976980051,0.3794206380844116,0.00017050332483333332,0.15,34.78931732993062,4.0717561209027835,4163.284011363983
27950,978732718,0.3622409403324127,0.00017021121366666666,0.15,34.76341313445862,4.069401194041692,4168.230125427246
28000,980485627,0.3733065724372864,0.00016991906216666665,0.15,34.76821310272329,4.069837554793026,4183.854788064957
28050,982238701,0.37084850668907166,0.00016962688316666665,0.15,34.77148580835829,4.070135073487117,4188.841535568237
28100,983990631,0.3626345098018646,0.00016933489483333332,0.15,34.74879504928893,4.068072277208085,4193.811949968338
28150,985734424,0.3637675642967224,0.00016904426266666666,0.15,34.76738575643991,4.069762341494537,4198.776494026184
28200,987486552,0.3769981265068054,0.00016875224133333332,0.15,34.75272229605093,4.068429299640994,4203.777317285538
28250,989240066,0.37049734592437744,0.00016845998899999999,0.15,34.78021302338497,4.070928456671361,4220.969754695892
28300,990989290,0.38064709305763245,0.00016816845166666664,0.15,34.69512267687487,4.063192970624988,4225.96346950531
28350,992735404,0.36766788363456726,0.00016787743266666666,0.15,34.8136613765053,4.073969216045937,4230.934588909149
28400,994489391,0.3912612199783325,0.0001675851015,0.15,34.789594779538646,4.071781343594423,4235.932570934296
28450,996242267,0.3740360736846924,0.0001672929555,0.15,34.76755856159629,4.069778051054208,4252.068982601166
28500,997998256,0.3181622624397278,0.00016700029066666665,0.15,34.82930360791003,4.07539123708273,4257.038642406464
28550,999748613,0.34465280175209045,0.0001667085645,0.15,34.71759525556856,4.0652359323244145,4262.021773338318
28600,1001490635,0.34112581610679626,0.0001664182275,0.15,34.732075923119865,4.066552356647261,4267.048576593399
28650,1003243280,0.3505377769470215,0.00016612611999999998,0.15,34.76297677370728,4.06936152488248,4283.526321411133
28700,1004992108,0.3504786193370819,0.00016583464866666664,0.15,34.68726818335085,4.0624789257591685,4288.503965377808
28750,1006745666,0.43598151206970215,0.00016554238899999996,0.15,34.78108574488764,4.071007794989786,4293.488119125366
28800,1008488997,0.3398037850856781,0.00016525183383333332,0.15,34.75817449557381,4.068924954143074,4298.500330924988
28850,1010242137,0.3923252820968628,0.0001649596438333333,0.15,34.772794890612296,4.070254080964754,4303.579929351807
28900,1011995189,0.31368499994277954,0.0001646674685,0.15,34.771049447606956,4.070095404327905,4323.197933673859
28950,1013751211,0.39684122800827026,0.00016437479816666667,0.15,34.82995814903703,4.075450740821548,4328.201896429062
29000,1015501689,0.3714343011379242,0.00016408305183333331,0.15,34.71999523970089,4.065454112700081,4333.203024148941
29050,1017244228,0.41346994042396545,0.00016379262866666666,0.15,34.7423837626605,4.067489432969136,4338.201169967651
29100,1018999799,0.4335051476955414,0.00016350003350000002,0.15,34.82101275363468,4.0746375230576986,4366.982536792755
29150,1020753258,0.3746909201145172,0.00016320779033333332,0.15,34.77912212150663,4.07082928377333,4372.15273976326
29200,1022505474,0.3511408865451813,0.0001629157543333333,0.15,34.754467739056274,4.068587976277843,4377.167514324188
29250,1024249036,0.29294610023498535,0.00016262516066666667,0.15,34.76278012600686,4.069343647818806,4382.165385007858
29300,1026001417,0.3663703501224518,0.00016233309716666666,0.15,34.75774044469127,4.0688854949719335,4411.02899646759
29350,1027754953,0.37391236424446106,0.00016204084116666664,0.15,34.780649384136304,4.070968125830573,4416.008624315262
29400,1029504551,0.3391532003879547,0.00016174924149999997,0.15,34.70254080964754,4.063867346331595,4421.011268615723
29450,1031247266,0.3309304714202881,0.00016145878899999998,0.15,34.745892814419015,4.067808437674456,4426.029800891876
29500,1033001957,0.3530823886394501,0.0001611663405,0.15,34.803558323581335,4.073050756689212,4431.047059297562
29550,1034756263,0.3842947781085968,0.00016087395616666664,0.15,34.79592201043299,4.072356546402999,4453.631302833557
29600,1036510140,0.39975249767303467,0.0001605816433333333,0.15,34.787412975781976,4.0715829977983615,4458.610960006714
29650,1038260926,0.3353820741176605,0.00016028984566666667,0.15,34.72610429021957,4.0660094809290515,4463.592871189117
29700,1040004631,0.3947308659553528,0.00015999922816666663,0.15,34.76563123056065,4.0696028391418775,4468.641391515732
29750,1041752667,0.3734744191169739,0.0001597078888333333,0.15,34.67155919630284,4.061050836027531,4488.2978439331055
29800,1043506709,0.38905665278434753,0.0001594155485,0.15,34.79068568141698,4.0718805164924525,4493.303995847702
29850,1045258815,0.37101009488105774,0.00015912353083333332,0.15,34.752285935299604,4.068389630481782,4498.378708362579
29900,1047003950,0.3746926188468933,0.00015883267499999999,0.15,34.794142276098576,4.072194752372598,4503.389275789261
29950,1048758388,0.3866332471370697,0.00015854026866666667,0.15,34.79854017494099,4.0725945613582715,4528.855996131897
30000,1050510747,0.3570268750190735,0.00015824820883333332,0.15,34.75730408393994,4.068845825812722,4533.938898086548
30050,1052263909,0.36513417959213257,0.00015795601516666667,0.15,34.773231251363626,4.070293750123966,4538.9292006492615
30100,1054015091,0.36997008323669434,0.00015766415149999998,0.15,34.73395878374358,4.066723525794871,4543.919977903366
30150,1055757465,0.34229350090026855,0.00015737375583333333,0.15,34.73909402663689,4.0671903660579,4548.909164905548
30200,1057508889,0.4477328658103943,0.0001570818518333333,0.15,34.73875875200825,4.067159886546205,4566.57976603508
30250,1059261600,0.38930627703666687,0.00015678973333333333,0.15,34.76428585596128,4.069480532360116,4571.608047008514
30300,1061016896,0.412253737449646,0.00015649718399999999,0.15,34.815558244243014,4.074141658567547,4576.64670920372
30350,1062760502,0.39841344952583313,0.000156206583,0.15,34.763657388946484,4.069423398995135,4581.67290353775
30400,1064517030,0.34624922275543213,0.0001559138283333333,0.15,34.83999444631771,4.076363131483428,4598.492173433304
30450,1066269345,0.30877891182899475,0.0001556217758333333,0.15,34.756431362437276,4.0687664874942975,4603.487989425659
30500,1068023145,0.38113927841186523,0.00015532947583333332,0.15,34.78588571315231,4.071444155741119,4608.455938577652
30550,1069775350,0.4043649137020111,0.00015503744166666666,0.15,34.754249558680606,4.068568141698237,4613.4204342365265
30600,1071518681,0.3936350643634796,0.00015474688649999997,0.15,34.75817449557381,4.068924954143074,4632.892457962036
30650,1073273493,0.34840264916419983,0.00015445441783333333,0.15,34.80595830771367,4.073268937064879,4637.936163425446
30700,1075024466,0.3341456651687622,0.00015416258899999998,0.15,34.72981335660591,4.066346668782355,4642.978431224823
30750,1076774713,0.3783123791217804,0.00015387088116666667,0.15,34.71541345181189,4.065037586528354,4648.027561664581
30800,1078519595,0.39054322242736816,0.00015358006749999998,0.15,34.78909801419571,4.071736183108701,4653.061849594116
30850,1080275507,0.3923441767692566,0.00015328741550000002,0.15,34.82777634528036,4.075252395025488,4674.41664648056
30900,1082028526,0.3968116044998169,0.00015299524566666662,0.15,34.77039490647996,4.070035900589087,4679.391525506973
30950,1083781226,0.41540858149528503,0.000152703129,0.15,34.764067675585615,4.06946069778051,4684.4437165260315
31000,1085527604,0.3270726501941681,0.000152412066,0.15,34.81892495414307,4.074447723103916,4689.471347570419
31050,1087282603,0.3509180247783661,0.00015211956616666662,0.15,34.80966737410001,4.073606124918182,4704.9307696819305
31100,1089036964,0.4206319749355316,0.00015182717266666666,0.15,34.797012912311324,4.072455719301029,4709.89257311821
31150,1090786386,0.3745262026786804,0.00015153560233333334,0.15,34.69904992363687,4.063549993057897,4714.855459213257
31200,1092539933,0.3781064748764038,0.0001512433445,0.15,34.78086756451197,4.0709879604101795,4719.842386960983
31250,1094282494,0.3607077896595001,0.00015095291766666666,0.15,34.742822394130314,4.067529308557301,4735.188266515732
31300,1096036085,0.39217206835746765,0.00015066065249999997,0.15,34.78174028601464,4.071067298728604,4740.173469781876
31350,1097787212,0.34921619296073914,0.000150368798,0.15,34.732867881865246,4.066624352896841,4745.142341852188
31400,1099539450,0.39209771156311035,0.00015007675833333332,0.15,34.754904099807604,4.068627645437055,4750.162837266922
31450,1101285311,0.3428593873977661,0.00014978578149999998,0.15,34.80861711460244,4.07351064678204,4755.110122203827
31500,1103039848,0.34729254245758057,0.00014949335866666665,0.15,34.800503798322,4.072773072574727,4775.189163446426
31550,1104793824,0.32766634225845337,0.0001492010293333333,0.15,34.78937659916298,4.0717615090148165,4780.246552944183
31600,1106548141,0.32642537355422974,0.00014890864316666666,0.15,34.79614019080866,4.072376380982605,4785.293813228607
31650,1108301479,0.3698236644268036,0.00014861642016666664,0.15,34.7767221373743,4.070611103397663,4790.321212530136
31700,1110045404,0.3676849603652954,0.000148325766,0.15,34.770017545258796,4.070001595023527,4817.046289920807
31750,1111797466,0.36283355951309204,0.00014803375566666666,0.15,34.75141321379694,4.068310292163358,4822.061722040176
31800,1113554786,0.3733840584754944,0.000147740869,0.15,34.85570343336573,4.077791221215066,4827.056364536285
31850,1115307365,0.2980765700340271,0.00014744877249999998,0.15,34.76166769145328,4.069242517404844,4832.04705953598
31900,1117052775,0.3532736897468567,0.00014715787083333331,0.15,34.79962516947125,4.072693197224659,4850.2620849609375
31950,1118807554,0.37476250529289246,0.00014686540766666666,0.15,34.80530376658667,4.073209433326061,4855.232762098312
32000,1120559066,0.38594692945480347,0.00014657348899999996,0.15,34.740504195013585,4.067318563183053,4860.205850362778
32050,1122310644,0.37378984689712524,0.00014628155933333332,0.15,34.74181327726759,4.06743757066069,4865.193866968155
32100,1124061562,0.3374372720718384,0.00014598973966666663,0.15,34.728722454727574,4.066247495884325,4870.1749856472015
32150,1125802495,0.3221917152404785,0.00014569958416666665,0.15,34.71036366536406,4.064578515033097,4886.630488157272
32200,1127557098,0.3528428375720978,0.00014540715033333333,0.15,34.801812880575994,4.072892080052363,4891.594889163971
32250,1129310392,0.3634049892425537,0.00014511493466666666,0.15,34.77584941587163,4.070531765079239,4896.577531576157
32300,1131060353,0.38327744603157043,0.00014482327449999997,0.15,34.70974076204455,4.0645218874585956,4901.552613019943
32350,1132805620,0.3435206413269043,0.00014453239666666664,0.15,34.79677406491746,4.072434005901587,4916.976749897003
32400,1134560179,0.3878782093524933,0.00014423997016666665,0.15,34.80094015907333,4.072812741733939,4921.968728065491
32450,1136314870,0.35492101311683655,0.00014394752166666666,0.15,34.803558323581335,4.073050756689212,4926.940500020981
32500,1138067669,0.36400356888771057,0.00014365538849999999,0.15,34.76603129896662,4.069639208996965,4931.919217586517
32550,1139814069,0.4635341763496399,0.00014336432183333333,0.15,34.81936358561289,4.074487598692081,4936.914683580399
32600,1141569563,0.296634316444397,0.00014307173949999999,0.15,34.81948549100502,4.074498681000456,4953.022951841354
32650,1143323319,0.37252748012542725,0.00014277944683333332,0.15,34.785012991649644,4.071364817422695,4958.017526388168
32700,1145077031,0.36878377199172974,0.0001424871615,0.15,34.78414027014698,4.0712854791042705,4962.996104001999
32750,1146831260,0.3275597393512726,0.00014219479,0.15,34.794394747803324,4.072217704345757,4968.001990318298
32800,1148574965,0.3475956320762634,0.0001419041725,0.15,34.76563123056065,4.0696028391418775,4985.747769832611
32850,1150328369,0.3404460549354553,0.0001416119385,0.15,34.7780312196283,4.0707301108753,4990.76890540123
32900,1152077032,0.38826265931129456,0.00014132049466666663,0.15,34.68399547771585,4.062181407065077,4995.783344984055
32950,1153828467,0.3203362822532654,0.00014102858883333332,0.15,34.73897693238392,4.067179721125811,5000.832628250122
33000,1155572711,0.2887443006038666,0.0001407378815,0.15,34.7763777015711,4.070579791051919,5023.815535068512
33050,1157326918,0.4026448428630829,0.00014044551366666663,0.15,34.79395838705199,4.072178035186544,5028.817225456238
33100,1159076505,0.35911256074905396,0.00014015391583333334,0.15,34.702322629271876,4.063847511751988,5033.806482553482
33150,1160829590,0.37729665637016296,0.00013986173499999999,0.15,34.77170398873396,4.070154908066724,5038.785394668579
33200,1162583038,0.39537954330444336,0.00013956949366666663,0.15,34.77890394113097,4.070809449193725,5043.854429721832
33250,1164324158,0.3316875696182251,0.00013927930699999999,0.15,34.71409203285749,4.0649174575324984,5059.1319987773895
33300,1166078035,0.30283933877944946,0.00013898699416666667,0.15,34.787412975781976,4.0715829977983615,5064.163848638535
33350,1167831362,0.34788528084754944,0.000138694773,0.15,34.77650395699863,4.070591268818057,5069.186696767807
33400,1169584491,0.3274385631084442,0.0001384025848333333,0.15,34.77257671023663,4.070234246385148,5074.222918987274
33450,1171328867,0.3759896457195282,0.00013811185549999998,0.15,34.77900949038998,4.070819044580907,5089.937361717224
33500,1173082029,0.3698001801967621,0.00013781966183333333,0.15,34.773231251363626,4.070293750123966,5094.91077041626
33550,1174835136,0.4083903133869171,0.00013752747733333334,0.15,34.77214034948529,4.070194577225935,5099.882276058197
33600,1176589310,0.402799516916275,0.00013723511499999998,0.15,34.79330384592499,4.072118531447726,5104.856926202774
33650,1178342560,0.365749716758728,0.00013694290666666666,0.15,34.77497669436896,4.070452426760815,5119.91531419754
33700,1180086958,0.3313411772251129,0.00013665217366666665,0.15,34.7794481218598,4.070858920169073,5124.874896526337
33750,1181838569,0.36899107694625854,0.00013636023849999997,0.15,34.74246781839459,4.067497074399508,5129.858477592468
33800,1183594624,0.3266648054122925,0.00013606756266666667,0.15,34.83061269016403,4.075510244560366,5134.873480319977
33850,1185346950,0.33092305064201355,0.0001357755083333333,0.15,34.75664954281294,4.068786322073904,5139.878707170486
33900,1187094296,0.3356289565563202,0.000135484284,0.15,34.838224738814894,4.076202248983172,5155.103133916855
33950,1188850208,0.34980547428131104,0.000135191632,0.15,34.82777634528036,4.075252395025488,5160.116998910904
34000,1190602996,0.34539055824279785,0.00013489950066666666,0.15,34.76581311859095,4.069619374417359,5165.103440761566
34050,1192355982,0.39672112464904785,0.0001346073363333333,0.15,34.76974036535296,4.069976396850269,5170.125759840012
34100,1194099390,0.3819233775138855,0.0001343167683333333,0.15,34.75970970571816,4.0690645187016505,5184.987535476685
34150,1195853652,0.2843233346939087,0.0001340243913333333,0.15,34.79504928893032,4.072277208084575,5189.939375162125
34200,1197607914,0.36562731862068176,0.0001337320143333333,0.15,34.79504928893032,4.072277208084575,5194.910249471664
34250,1199359316,0.36799901723861694,0.00013344011399999997,0.15,34.738322391256915,4.067120217386992,5199.887539863586
34300,1201110311,0.3889487683773041,0.00013314828149999997,0.15,34.73024971735724,4.066386337941567,5215.101401567459
34350,1202855358,0.337655246257782,0.00013285744033333333,0.15,34.79238775021932,4.072035250019938,5220.066620826721
34400,1204609840,0.37106502056121826,0.00013256502666666664,0.15,34.79941289644366,4.072673899676697,5225.037018299103
34450,1206359273,0.3780133128166199,0.0001322734545,0.15,34.69926810401253,4.063569827637503,5230.06504201889
34500,1208112358,0.3708980083465576,0.00013198127366666665,0.15,34.77170398873396,4.070154908066724,5235.0813755989075
34550,1209855183,0.35727062821388245,0.00013169080283333332,0.15,34.748085971768084,4.068007815615281,5250.457656621933
34600,1211605826,0.42454585433006287,0.000131399029,0.15,34.7232679453359,4.065751631394172,5255.450832366943
34650,1213360099,0.3495149314403534,0.00013110665016666665,0.15,34.79526746930599,4.072297042664181,5260.510423898697
34700,1215113459,0.35984674096107483,0.0001308144235,0.15,34.77715849812563,4.070650772556875,5265.506039142609
34750,1216869514,0.3144632577896118,0.00013052174766666665,0.15,34.83061269016403,4.075510244560366,5280.306189060211
34800,1218610535,0.351640522480011,0.0001302315775,0.15,34.71211819124332,4.064738017385756,5285.264399766922
34850,1220359935,0.35267287492752075,0.00012994001083333333,0.15,34.698613562885534,4.063510323898685,5290.244835853577
34900,1222112250,0.36233019828796387,0.00012964795833333333,0.15,34.756431362437276,4.0687664874942975,5295.250971317291
34950,1223868129,0.3348515033721924,0.00012935531183333332,0.15,34.827121804153364,4.07519289128667,5310.947291135788
35000,1225610701,0.3363517224788666,0.00012906488316666667,0.15,34.74304170986522,4.067549246351383,5315.987238883972
35050,1227366745,0.35149067640304565,0.00012877220916666666,0.15,34.83039450978836,4.07549040998076,5321.094481945038
35100,1229119049,0.3451841175556183,0.00012848015849999998,0.15,34.75621318206161,4.068746652914691,5326.203449010849
35150,1230873025,0.3779105544090271,0.00012818782916666665,0.15,34.78937659916298,4.0717615090148165,5331.253123760223
35200,1232626308,0.410292387008667,0.0001278956153333333,0.15,34.775631235495965,4.070511930499634,5346.754339456558
35250,1234371168,0.38198959827423096,0.00012760480533333333,0.15,34.788659382725896,4.071696307520536,5351.708366155624
35300,1236121712,0.33549821376800537,0.000127313048,0.15,34.7213043219549,4.065573120177718,5356.688222169876
35350,1237876139,0.3208021819591522,0.00012702064349999996,0.15,34.79832199456533,4.072574726778666,5361.685545682907
35400,1239628641,0.4075073301792145,0.00012672855983333333,0.15,34.76014042882361,4.069103675347601,5376.469740629196
35450,1241371972,0.3459630608558655,0.00012643800466666667,0.15,34.75817449557381,4.068924954143074,5381.412938833237
35500,1243124826,0.30915337800979614,0.00012614586233333333,0.15,34.76712220084495,4.069738381894996,5386.379318714142
35550,1244877889,0.3402899503707886,0.00012585368516666664,0.15,34.771267627982624,4.070115238907511,5391.368844985962
35600,1246631150,0.3477250933647156,0.000125561475,0.15,34.77519487474463,4.070472261340421,5406.298007011414
35650,1248375933,0.43332213163375854,0.0001252706778333333,0.15,34.78712417258154,4.071556742961959,5411.291887760162
35700,1250128732,0.34474611282348633,0.00012497854466666668,0.15,34.76603129896662,4.069639208996965,5416.291516542435
35750,1251879826,0.3235063850879669,0.00012468669566666665,0.15,34.73221334073824,4.066564849158022,5421.289408683777
35800,1253630040,0.3752705156803131,0.00012439499333333331,0.15,34.714758910684886,4.064978082789535,5426.2882606983185
35850,1255384038,0.37702590227127075,0.00012410266033333333,0.15,34.789812959914315,4.071801178174028,5441.032284736633
35900,1257125598,0.37010931968688965,0.0001238124003333333,0.15,34.72286466225377,4.065714969295797,5445.979932785034
35950,1258882324,0.3533148467540741,0.00012351961266666666,0.15,34.843921693079714,4.076720153916337,5450.960623025894
36000,1260637070,0.37822455167770386,0.00012322715499999998,0.15,34.80464922545966,4.073149929587242,5455.958557128906
36050,1262391893,0.37306147813796997,0.00012293468449999997,0.15,34.806176488089335,4.073288771644485,5471.054299592972
36100,1264135708,0.38948091864585876,0.00012264404866666666,0.15,34.76782438790972,4.069802217082702,5475.999529361725
36150,1265887946,0.36496686935424805,0.000122352009,0.15,34.754904099807604,4.068627645437055,5480.97936630249
36200,1267641361,0.38134127855300903,0.00012205977316666665,0.15,34.778249400003965,4.070749945454906,5485.970200538635
36250,1269393368,0.3646699786186218,0.00012176777199999998,0.15,34.7503223119186,4.068211119265327,5501.056230068207
36300,1271147322,0.3751571774482727,0.00012147544633333333,0.15,34.78894023841165,4.071721839855605,5506.036683320999
36350,1272892765,0.32530269026756287,0.00012118453916666667,0.15,34.80028311667597,4.072753010606906,5510.99184012413
36400,1274642341,0.36439889669418335,0.00012089294316666664,0.15,34.70210444889621,4.063827677172383,5515.977044582367
36450,1276393600,0.4026314318180084,0.00012060106666666666,0.15,34.735486046373246,4.066862367852114,5520.976449728012
36500,1278150755,0.35088199377059937,0.0001203082075,0.15,34.85243072773073,4.077493702520975,5535.95664024353
36550,1279895483,0.37275785207748413,0.00012001741949999998,0.15,34.78602759390701,4.071457053991546,5540.924629688263
36600,1281649217,0.3915179669857025,0.0001197251305,0.15,34.78457663089831,4.071325148263482,5545.924574136734
36650,1283401147,0.3351965546607971,0.00011943314216666666,0.15,34.74879504928893,4.068072277208085,5550.919965028763
36700,1285152560,0.3123556971549988,0.00011914124,0.15,34.73854057163258,4.067140051966598,5566.278774738312
36750,1286907086,0.34051331877708435,0.00011884881899999999,0.15,34.80028561794633,4.072753237995121,5571.300989627838
36800,1288652485,0.34365060925483704,0.00011855791916666665,0.15,34.799405853736346,4.072673259430577,5576.262359619141
36850,1290401720,0.3536057770252228,0.00011826638,0.15,34.69534085725053,4.063212805204594,5581.255727529526
36900,1292156059,0.3819875717163086,0.00011797399016666667,0.15,34.79657655155999,4.072416050141817,5596.025075912476
36950,1293909782,0.3260359466075897,0.00011768170300000001,0.15,34.78435845052264,4.071305313683876,5601.051672458649
37000,1295654521,0.3411753475666046,0.00011739091316666667,0.15,34.78624690964192,4.071476991785629,5606.04782128334
37050,1297407111,0.3595568537712097,0.0001170988148333333,0.15,34.761885871828945,4.06926235198445,5611.015939474106
37100,1299160504,0.32716840505599976,0.00011680658266666667,0.15,34.777813039252635,4.070710276295694,5616.0038294792175
37150,1300913446,0.3578258156776428,0.00011651442566666666,0.15,34.768867643850285,4.069897058531844,5630.854846000671
37200,1302657734,0.293122261762619,0.00011622371099999998,0.15,34.777254964510725,4.070659542228248,5635.839704036713
37250,1304409609,0.3442402482032776,0.00011593173183333331,0.15,34.747704147410595,4.067973104310054,5640.785003662109
37300,1306164828,0.3379747271537781,0.00011563919533333331,0.15,34.81403098161334,4.074002816510304,5645.770048379898
37350,1307920520,0.4232996702194214,0.00011534657999999998,0.15,34.82341273776702,4.074855703433365,5660.566041469574
37400,1309671361,0.34293606877326965,0.00011505477316666666,0.15,34.7271951920979,4.066108653827082,5665.546008110046
37450,1311416639,0.3793584704399109,0.00011476389349999998,0.15,34.79699338065237,4.0724539436956695,5670.518080234528
37500,1313168569,0.3508325219154358,0.00011447190516666667,0.15,34.74879504928893,4.068072277208085,5675.516934871674
37550,1314924393,0.3395134508609772,0.0001141792678333333,0.15,34.82603090227503,4.075093718388639,5690.369878530502
37600,1316676906,0.3587833344936371,0.00011388718233333332,0.15,34.76035860919928,4.069123509927207,5695.335053682327
37650,1318422030,0.38065382838249207,0.00011359632833333333,0.15,34.793922960363666,4.072174814578515,5700.279493570328
37700,1320175797,0.32869210839271545,0.00011330403383333334,0.15,34.785231172025306,4.0713846520023,5705.247788190842
37750,1321926979,0.3654381334781647,0.00011301217016666667,0.15,34.73395878374358,4.066723525794871,5710.242691993713
37800,1323678832,0.33285263180732727,0.00011272019466666665,0.15,34.747267786659265,4.0679334351508425,5725.076483488083
37850,1325430795,0.3815831243991852,0.00011242820083333331,0.15,34.74944959041593,4.068131780946903,5730.04455280304
37900,1327174929,0.35855233669281006,0.00011213751183333333,0.15,34.774184544222024,4.070380413111093,5734.9967250823975
37950,1328926474,0.3578563332557678,0.00011184558766666666,0.15,34.74115873614059,4.067378066921872,5739.992295265198
38000,1330679647,0.38384151458740234,0.00011155339216666666,0.15,34.773449431739294,4.070313584703572,5755.413854837418
38050,1332439189,0.3468630015850067,0.00011126013516666665,0.15,34.899775869250455,4.081797806295496,5760.556483030319
38100,1334182773,0.4207460284233093,0.00011096953783333332,0.15,34.76321875747667,4.06938352340697,5765.540362596512
38150,1335937079,0.3415100574493408,0.00011067715349999998,0.15,34.79592201043299,4.072356546402999,5770.538432121277
38200,1337689262,0.40508076548576355,0.00011038512299999998,0.15,34.75381319792927,4.0685284725390245,5785.440236091614
38250,1339442941,0.32436221837997437,0.00011009284316666666,0.15,34.78348572901997,4.071225975365452,5790.493280887604
38300,1341197291,0.39789748191833496,0.00010980045149999997,0.15,34.796794731935655,4.072435884721423,5795.549639701843
38350,1342941073,0.34426718950271606,0.00010950982116666665,0.15,34.767166440705,4.069742403700454,5800.565830230713
38400,1344695159,0.3633319139480591,0.00010921747349999997,0.15,34.79155840291965,4.071959854810877,5805.578446149826
38450,1346443899,0.3272063136100769,0.00010892601683333332,0.15,34.68552274034552,4.06232024912232,5821.290668010712
38500,1348194850,0.370184063911438,0.00010863419166666665,0.15,34.72937699585457,4.066306999623143,5826.301990747452
38550,1349940106,0.38764697313308716,0.00010834331566666664,0.15,34.79655474918255,4.072414068107505,5831.338711023331
38600,1351692300,0.3731048107147217,0.00010805128333333332,0.15,34.75403137830494,4.068548307118631,5836.407518863678
38650,1353444296,0.3837313652038574,0.00010775928399999999,0.15,34.75010413154293,4.068191284685721,5853.585098266602
38700,1355198998,0.39694178104400635,0.00010746683366666666,0.15,34.803776503956996,4.073070591268817,5858.778861761093
38750,1356944529,0.304439902305603,0.00010717591183333332,0.15,34.80203764255523,4.072912512959566,5863.937131404877
38800,1358696723,0.3467387557029724,0.0001068838795,0.15,34.75403137830494,4.068548307118631,5868.962564468384
38850,1360451953,0.38807445764541626,0.00010659134116666666,0.15,34.81424916198901,4.07402265108991,5885.214642286301
38900,1362204532,0.3414929509162903,0.00010629924466666667,0.15,34.76166769145328,4.069242517404844,5890.255337238312
38950,1363959674,0.35960012674331665,0.00010600672099999998,0.15,34.81250371898368,4.073863974453062,5895.31273150444
39000,1365700783,0.34952497482299805,0.00010571653616666665,0.15,34.71387271712258,4.064897519738416,5900.353281736374
39050,1367455441,0.3373779058456421,0.00010542409316666664,0.15,34.80290378245433,4.072991252950394,5905.4176568984985
39100,1369206337,0.3277760148048401,0.00010513227716666666,0.15,34.72828609397624,4.066207826725113,5921.4334309101105
39150,1370960973,0.35417604446411133,0.00010483983783333334,0.15,34.802467421703,4.072951583791181,5926.449920892715
39200,1372704942,0.3651565909385681,0.00010454917633333333,0.15,34.77089480819842,4.070081346199856,5931.472781419754
39250,1374458115,0.35801684856414795,0.00010425698083333332,0.15,34.773449431739294,4.070313584703572,5936.550120353699
39300,1376210452,0.35157322883605957,0.00010396492466666666,0.15,34.756867723188606,4.068806156653509,5951.757848501205
39350,1377961975,0.3636213541030884,0.00010367300416666667,0.15,34.740722375389254,4.06733839776266,5956.745615243912
39400,1379715203,0.38912466168403625,0.0001033807995,0.15,34.77454033361763,4.070412757601603,5961.720445871353
39450,1381459931,0.36671024560928345,0.00010309001149999999,0.15,34.78602759390701,4.071457053991546,5966.69570350647
39500,1383210442,0.36444059014320374,0.00010279825966666666,0.15,34.7206497808279,4.0655136164389,5981.468286275864
39550,1384961316,0.3515700399875641,0.00010250644733333331,0.15,34.72784973322491,4.066168157565901,5986.438977718353
39600,1386717316,0.3658931255340576,0.00010221378066666665,0.15,34.829521788285696,4.075411071662336,5991.410527944565
39650,1388461120,0.3305874168872833,0.00010192314666666665,0.15,34.76760507217482,4.06978227928862,5996.389120817184
39700,1390214942,0.37182021141052246,0.000101630843,0.15,34.78632207390364,4.071483824900331,6001.391592502594
39750,1391966476,0.37276867032051086,0.00010133892066666664,0.15,34.74094055576492,4.067358232342266,6016.549270153046
39800,1393716470,0.4354693293571472,0.00010104725499999998,0.15,34.71039530317155,4.064581391197414,6021.519095897675
39850,1395468444,0.3136861026287079,0.00010075525933333332,0.15,34.749667770791596,4.068151615526509,6026.547593832016
39900,1397213667,0.42377230525016785,0.00010046438883333331,0.15,34.79589680197783,4.072354254725258,6031.554112911224
39950,1398962957,0.3343428373336792,0.00010017284049999999,0.15,34.69643175912886,4.063311978102624,6049.179309129715
40000,1400715415,0.38508355617523193,9.988076416666666e-05,0.15,34.759267707320944,4.069024337029177,6054.401915073395
40050,1402469853,0.3644539415836334,9.958835783333333e-05,0.15,34.79854017494099,4.0725945613582715,6059.534380674362
40100,1404215142,0.36957263946533203,9.929747633333334e-05,0.15,34.79721269638727,4.072473881489752,6064.750478982925
40150,1405967182,0.3584734797477722,9.900546966666667e-05,0.15,34.7509768530456,4.068270623004145,6083.696902751923
40200,1407720443,0.2923096716403961,9.871325949999998e-05,0.15,34.77519487474463,4.070472261340421,6088.802166938782
40250,1409471955,0.3431010842323303,9.842134083333334e-05,0.15,34.740504195013585,4.067318563183053,6093.993097066879
40300,1411219741,0.37238168716430664,9.813004316666665e-05,0.15,34.846997368211184,4.076999760746471,6099.109304189682
40350,1412971165,0.300309956073761,9.783813916666666e-05,0.15,34.73875875200825,4.067159886546205,6104.128035545349
40400,1414723997,0.38460177183151245,9.754600049999999e-05,0.15,34.76668584009362,4.069698712735784,6120.915778398514
40450,1416476103,0.34679368138313293,9.725398283333331e-05,0.15,34.752285935299604,4.068389630481782,6125.885026216507
40500,1418226955,0.33149972558021545,9.696217416666667e-05,0.15,34.72741337247357,4.066128488406688,6130.918501615524
40550,1419971870,0.3144725561141968,9.6671355e-05,0.15,34.78975596140043,4.071795996490948,6135.887448310852
40600,1421721798,0.37233999371528625,9.637970033333332e-05,0.15,34.70908622091755,4.0644623837197775,6151.284643173218
40650,1423477314,0.31209424138069153,9.608711433333332e-05,0.15,34.819921851756355,4.074538350159669,6156.284339189529
40700,1425226560,0.344815731048584,9.579557333333331e-05,0.15,34.6955590376262,4.0632326397842,6161.357608795166
40750,1426971640,0.3525949716567993,9.550472666666666e-05,0.15,34.793045697424034,4.072095063402185,6166.355939388275
40800,1428723097,0.3986910879611969,9.521281716666665e-05,0.15,34.73941329313525,4.067219390285023,6181.996856689453
40850,1430477447,0.33606696128845215,9.49204255e-05,0.15,34.796794731935655,4.072435884721423,6187.103502750397
40900,1432228772,0.3951040506362915,9.4628538e-05,0.15,34.73679512862725,4.06698137532975,6192.223914146423
40950,1433980724,0.34590956568717957,9.433654599999999e-05,0.15,34.74923141004027,4.068111946367297,6197.312786817551
41000,1435726244,0.33892518281936646,9.404562599999999e-05,0.15,34.80181832682032,4.072892575165484,6202.377071619034
41050,1437477250,0.31518426537513733,9.375379166666667e-05,0.15,34.73046789773291,4.066406172521173,6218.364047288895
41100,1439234240,0.413177490234375,9.346095999999999e-05,0.15,34.84915802209572,4.077196183826884,6223.442577838898
41150,1440988238,0.3755726218223572,9.3168627e-05,0.15,34.789812959914315,4.071801178174028,6228.523896932602
41200,1442734297,0.43538081645965576,9.287761716666667e-05,0.15,34.81256479783077,4.073869527075524,6233.565281152725
41250,1444487239,0.43772631883621216,9.258546016666666e-05,0.15,34.768867643850285,4.069897058531844,6249.801131725311
41300,1446239499,0.3413597047328949,9.229341683333332e-05,0.15,34.75534046055894,4.068667314596268,6254.86895442009
41350,1447993574,0.34466612339019775,9.2001071e-05,0.15,34.79134022254399,4.071940020231271,6259.988379716873
41400,1449747506,0.32272955775260925,9.1708749e-05,0.15,34.78850387766031,4.071682170696392,6265.073461771011
41450,1451490221,0.3527807295322418,9.141829649999999e-05,0.15,34.745892814419015,4.067808437674456,6281.557740449905
41500,1453241073,0.4402976632118225,9.112648783333332e-05,0.15,34.72741337247357,4.066128488406688,6286.566765546799
41550,1454997546,0.3667820692062378,9.083374233333334e-05,0.15,34.838903544439376,4.076263958585398,6291.581378936768
41600,1456748926,0.37795114517211914,9.054184566666664e-05,0.15,34.737886030505585,4.06708054822778,6296.561208248138
41650,1458493500,0.3654254674911499,9.025108333333332e-05,0.15,34.782957173618314,4.071177924874392,6301.5153884887695
41700,1460246409,0.3691721260547638,8.995893183333332e-05,0.15,34.76821310272329,4.069837554793026,6316.5055022239685
41750,1461998548,0.3272565007209778,8.966690866666665e-05,0.15,34.7529404764266,4.0684491342206,6321.50812458992
41800,1463751171,0.33855411410331726,8.937480483333331e-05,0.15,34.76254041295595,4.069321855723268,6326.515154838562
41850,1465497406,0.3969351649284363,8.908376566666667e-05,0.15,34.81607384958928,4.074188531780844,6331.504613637924
41900,1467249314,0.357273668050766,8.879178099999998e-05,0.15,34.7483586885376,4.068032608048873,6346.303473711014
41950,1469007360,0.38937464356422424,8.849877333333333e-05,0.15,34.87010333815975,4.079100303469068,6351.2972004413605
42000,1470758047,0.34406784176826477,8.820699216666667e-05,0.15,34.724140666838565,4.0658309697125965,6356.302317619324
42050,1472513365,0.2940461039543152,8.791443916666667e-05,0.15,34.815994604994344,4.074181327726759,6361.30357837677
42100,1474256553,0.3768491744995117,8.762390783333333e-05,0.15,34.75532339102002,4.068665762820002,6376.153079032898
42150,1476010881,0.37949368357658386,8.733151983333332e-05,0.15,34.796358371184326,4.072396215562211,6381.127996206284
42200,1477764835,0.32053184509277344,8.703919416666668e-05,0.15,34.78894023841165,4.071721839855605,6386.144608259201
42250,1479519812,0.36794620752334595,8.6746698e-05,0.15,34.80923101334867,4.073566455758971,6391.223848581314
42300,1481263847,0.32022222876548767,8.645602549999998e-05,0.15,34.772210702607865,4.070200972964352,6396.255987405777
42350,1483017471,0.35432010889053345,8.616375483333333e-05,0.15,34.78239482714164,4.071126802467422,6414.9183259010315
42400,1484769412,0.42504915595054626,8.587176466666665e-05,0.15,34.7490132296646,4.068092111787691,6420.167357206345
42450,1486524994,0.3622174561023712,8.557916766666667e-05,0.15,34.82123093401035,4.074657357637305,6425.361301422119
42500,1488279630,0.3433830738067627,8.528672833333331e-05,0.15,34.802467421703,4.072951583791181,6430.660418748856
42550,1490022576,0.39719220995903015,8.499623733333332e-05,0.15,34.75049844485206,4.068227131350188,6447.829349279404
42600,1491775342,0.36618614196777344,8.470410966666667e-05,0.15,34.76537675783962,4.069579705258147,6452.961436986923
42650,1493527965,0.3792741596698761,8.441200583333332e-05,0.15,34.76254041295595,4.069321855723268,6458.042729139328
42700,1495282029,0.35382720828056335,8.411966183333332e-05,0.15,34.79112204216832,4.071920185651665,6463.089964866638
42750,1497023776,0.35623326897621155,8.382937066666667e-05,0.15,34.726593029747185,4.066053911795199,6480.029408931732
42800,1498781723,0.34056439995765686,8.353637949999998e-05,0.15,34.86813971477874,4.078921792252613,6485.206966638565
42850,1500532091,0.36753132939338684,8.324465149999999e-05,0.15,34.71781343594422,4.06525576690402,6490.377056837082
42900,1502284483,0.3627285957336426,8.295258616666667e-05,0.15,34.75795862506694,4.06890532955154,6495.602387189865
42950,1504038382,0.39225149154663086,8.266026966666664e-05,0.15,34.78784933653331,4.071622666957574,6500.785599470139
43000,1505784364,0.3880423903465271,8.236927266666665e-05,0.15,34.81102958768642,4.073729962516947,6521.453229904175
43050,1507536624,0.3693299889564514,8.207722933333332e-05,0.15,34.75534046055894,4.068667314596268,6526.559578418732
43100,1509285617,0.3434301018714905,8.17857305e-05,0.15,34.69054088898586,4.0627764444532595,6531.7776045799255
43150,1511041045,0.3916109800338745,8.149315916666665e-05,0.15,34.818176408751015,4.074379673522819,6536.895235776901
43200,1512785894,0.3705662786960602,8.120235099999999e-05,0.15,34.78844006699099,4.071676369726453,6552.737044334412
43250,1514538990,0.36010637879371643,8.091016833333331e-05,0.15,34.77192216910962,4.070174742646329,6557.7844414711
43300,1516291921,0.36166512966156006,8.061801316666666e-05,0.15,34.768649463474624,4.069877223952239,6562.79088139534
43350,1518044907,0.3631415069103241,8.032584883333332e-05,0.15,34.76974036535296,4.069976396850269,6567.806485652924
43400,1519789910,0.35444679856300354,8.003501499999998e-05,0.15,34.79151048727969,4.071955498843608,6572.791843414307
43450,1521542104,0.3449212908744812,7.974298266666665e-05,0.15,34.75403137830494,4.068548307118631,6588.895157814026
43500,1523294573,0.34013065695762634,7.94509045e-05,0.15,34.75948588769661,4.069044171608783,6593.92692565918
43550,1525048175,0.3625245690345764,7.915863749999998e-05,0.15,34.78195846639031,4.07108713330821,6598.968161344528
43600,1526796365,0.3108401894569397,7.886727249999998e-05,0.15,34.674613721562174,4.061328520142016,6603.978263616562
43650,1528540158,0.3065209686756134,7.857664033333333e-05,0.15,34.76738575643991,4.069762341494537,6619.56480717659
43700,1530293650,0.33491697907447815,7.828439166666665e-05,0.15,34.77977666263364,4.070888787512149,6624.667084693909
43750,1532047604,0.30594900250434875,7.7992066e-05,0.15,34.78894023841165,4.071721839855605,6629.7755472660065
43800,1533799391,0.39743489027023315,7.77001015e-05,0.15,34.74595870440526,4.067814427673206,6634.873517036438
43850,1535543107,0.3683675527572632,7.740948216666665e-05,0.15,34.76585054629556,4.06962277693596,6651.3877148628235
43900,1537296588,0.32785606384277344,7.711723533333333e-05,0.15,34.77955848225797,4.070868952932543,6656.495144367218
43950,1539047022,0.381513386964798,7.682549633333333e-05,0.15,34.719122518198226,4.065374774381657,6661.594576358795
44000,1540802109,0.33145150542259216,7.653298183333334e-05,0.15,34.81141281710534,4.073764801555031,6666.708312749863
44050,1542553060,0.36990493535995483,7.624115666666666e-05,0.15,34.72937699585457,4.066306999623143,6671.771982908249
44100,1544299086,0.3170824646949768,7.595015233333334e-05,0.15,34.811906850626045,4.073809713693277,6688.067931652069
44150,1546052754,0.38292747735977173,7.565787433333334e-05,0.15,34.783267548644304,4.071206140785846,6693.175066232681
44200,1547805410,0.3826812207698822,7.5365765e-05,0.15,34.76319495408295,4.069381359462086,6698.2796103954315
44250,1549558968,0.36596041917800903,7.507350533333332e-05,0.15,34.78108574488764,4.071007794989786,6703.3523190021515
44300,1551304158,0.3342885673046112,7.478264033333332e-05,0.15,34.79523885477311,4.07229444134301,6719.083065748215
44350,1553060290,0.32474905252456665,7.448995166666665e-05,0.15,34.8321399527937,4.075649086617609,6724.0730266571045
44400,1554810361,0.43313267827033997,7.419827316666665e-05,0.15,34.71192256580122,4.064720233254656,6729.081218004227
44450,1556566779,0.32681021094322205,7.390553683333334e-05,0.15,34.83781264256104,4.076164785687367,6734.06442117691
44500,1558321261,0.4057510197162628,7.361312316666666e-05,0.15,34.79941289644366,4.072673899676697,6748.879705429077
44550,1560067100,0.37165457010269165,7.332214999999998e-05,0.15,34.80817848313263,4.073470771193875,6753.83598446846
44600,1561823331,0.3066420555114746,7.302944483333334e-05,0.15,34.834103576174705,4.075827597834064,6758.853055000305
44650,1563571928,0.35319340229034424,7.273801199999999e-05,0.15,34.68268639546185,4.0620623995874405,6763.864550352097
44700,1565322692,0.3666451871395111,7.2446218e-05,0.15,34.72566792946824,4.06596981176984,6768.8481504917145
44750,1567067068,0.39660266041755676,7.215548866666668e-05,0.15,34.77900949038998,4.070819044580907,6783.720200300217
44800,1568820142,0.39180508255958557,7.186330966666667e-05,0.15,34.77148580835829,4.070135073487117,6788.716330766678
44850,1570574184,0.32722359895706177,7.157096933333333e-05,0.15,34.79068568141698,4.0718805164924525,6793.738085269928
44900,1572327874,0.35779279470443726,7.127868766666667e-05,0.15,34.78370390939564,4.071245809945058,6798.73686337471
44950,1574072866,0.3873467445373535,7.098785566666668e-05,0.15,34.79129117154478,4.071935561049525,6813.850133895874
45000,1575825390,0.3543734550476074,7.069576833333333e-05,0.15,34.76057678957495,4.069143344506814,6818.979339599609
45050,1577577452,0.3789767026901245,7.040375799999999e-05,0.15,34.75141321379694,4.068310292163358,6824.1406037807465
45100,1579326082,0.37511688470840454,7.011231966666665e-05,0.15,34.68334093658885,4.0621219033262586,6829.380882263184
45150,1581082687,0.37506699562072754,6.981955216666664e-05,0.15,34.841521708947376,4.076501973540671,6850.537773370743
45200,1582826810,0.34496790170669556,6.952886499999997e-05,0.15,34.77396522848712,4.070360475317011,6855.7082414627075
45250,1584582183,0.3744181990623474,6.92363028333333e-05,0.15,34.81708550687268,4.074280500624789,6860.830029726028
45300,1586334806,0.29150390625,6.8944199e-05,0.15,34.76254041295595,4.069321855723268,6866.044708490372
45350,1588085471,0.36466023325920105,6.865242150000002e-05,0.15,34.723704306087235,4.065791300553385,6871.152457952499
45400,1589829605,0.3294371962547302,6.836173249999999e-05,0.15,34.774184544222024,4.070380413111093,6888.023481845856
45450,1591581392,0.41661617159843445,6.806976799999998e-05,0.15,34.74595870440526,4.067814427673206,6893.103873252869
45500,1593336457,0.3411436080932617,6.777725716666666e-05,0.15,34.810976456354005,4.073725132395818,6898.182550668716
45550,1595089542,0.40276390314102173,6.748507633333334e-05,0.15,34.77170398873396,4.070154908066724,6903.194262981415
45600,1596840174,0.37418925762176514,6.719330433333335e-05,0.15,34.72304976496023,4.065731796814567,6918.010221481323
45650,1598586508,0.3895030617713928,6.690224866666666e-05,0.15,34.81804769120345,4.074367971927586,6922.993342876434
45700,1600343344,0.34880393743515015,6.660944266666667e-05,0.15,34.846103496836385,4.076918499712399,6928.071945905685
45750,1602094933,0.3941691517829895,6.631751116666666e-05,0.15,34.74203145764326,4.0674574052402965,6933.0562312603
45800,1603846544,0.37166982889175415,6.602557599999998e-05,0.15,34.74246781839459,4.067497074399508,6948.5379519462585
45850,1605590678,0.3284239172935486,6.5734887e-05,0.15,34.774184544222024,4.070380413111093,6953.531090497971
45900,1607344885,0.37082427740097046,6.544251916666665e-05,0.15,34.79395838705199,4.072178035186544,6958.670308113098
45950,1609091964,0.3730950951576233,6.515133933333332e-05,0.15,34.65257750361981,4.059325227601801,6963.843235731125
46000,1610847007,0.3968763053417206,6.485883216666668e-05,0.15,34.810540095602676,4.073685463236607,6968.956905126572
46050,1612596682,0.3648678958415985,6.456721966666665e-05,0.15,34.70406807227721,4.064006188388837,6985.252647638321
46100,1614341531,0.3809854984283447,6.427641149999999e-05,0.15,34.78844006699099,4.071676369726453,6990.314657211304
46150,1616093692,0.3615162670612335,6.398438466666666e-05,0.15,34.75337683717794,4.068488803379813,6995.3927409648895
46200,1617844962,0.32625722885131836,6.369250633333332e-05,0.15,34.735704226748915,4.06688220243172,7000.482717037201
46250,1619598443,0.3292328119277954,6.340025949999999e-05,0.15,34.77955848225797,4.070868952932543,7016.378279924393
46300,1621340135,0.3761129677295685,6.31099775e-05,0.15,34.72549645107265,4.065954222824787,7021.370601177216
46350,1623091449,0.3632608950138092,6.281809183333333e-05,0.15,34.73657694825158,4.066961540750143,7026.535172224045
46400,1624845271,0.3630256950855255,6.252578816666667e-05,0.15,34.78632207390364,4.071483824900331,7031.7864356040955
46450,1626597124,0.34555742144584656,6.223381266666665e-05,0.15,34.747267786659265,4.0679334351508425,7053.336447954178
46500,1628341753,0.2876449525356293,6.194304116666666e-05,0.15,34.78405375229285,4.071277613844805,7058.579974412918
46550,1630095586,0.3364086151123047,6.165073566666664e-05,0.15,34.78654025427931,4.071503659479937,7063.707562685013
46600,1631848594,0.3341432809829712,6.135856766666666e-05,0.15,34.77017672610429,4.07001606600948,7068.820922136307
46650,1633601030,0.4030938148498535,6.106649499999999e-05,0.15,34.75883134656961,4.068984667869964,7073.946774721146
46700,1635350892,0.39891543984413147,6.077485133333332e-05,0.15,34.707777138663545,4.064343376242141,7092.22016453743
46750,1637094927,0.36915236711502075,6.048417883333333e-05,0.15,34.772210702607865,4.070200972964352,7097.251353025436
46800,1638846659,0.36114296317100525,6.0192223499999983e-05,0.15,34.744867802526926,4.067715254775175,7102.3620591163635
46850,1640599667,0.3833944499492645,5.990005549999999e-05,0.15,34.77017672610429,4.07001606600948,7107.4297506809235
46900,1642351047,0.3469254970550537,5.960815883333333e-05,0.15,34.737886030505585,4.06708054822778,7122.363782405853
46950,1644095214,0.3543302118778229,5.931746433333332e-05,0.15,34.774842491426746,4.07044022649334,7127.373530387878
47000,1645847100,0.3842695355415344,5.902548333333331e-05,0.15,34.74792232778626,4.0679929388896605,7132.36096072197
47050,1647598414,0.34305086731910706,5.873359766666667e-05,0.15,34.73657694825158,4.066961540750143,7137.410596847534
47100,1649353083,0.3441126048564911,5.8441152833333315e-05,0.15,34.80312196283,4.073011087529999,7152.918869495392
47150,1651105079,0.35860753059387207,5.814915349999999e-05,0.15,34.75010413154293,4.068191284685721,7157.912134170532
47200,1652850676,0.3654005825519562,5.7858220666666676e-05,0.15,34.80335353696467,4.073032139724061,7162.91973733902
47250,1654604289,0.38007408380508423,5.756595183333334e-05,0.15,34.78217664676597,4.071106967887816,7168.007791996002
47300,1656354470,0.38187775015830994,5.727425499999999e-05,0.15,34.71410436955789,4.064918579050717,7173.110455751419
47350,1658108358,0.3981626629829407,5.698194033333332e-05,0.15,34.787631156157644,4.071602832377968,7189.388997077942
47400,1659850391,0.31864792108535767,5.669160149999999e-05,0.15,34.732295238854775,4.066572294441343,7194.485850572586
47450,1661604125,0.3299259543418884,5.6399312499999985e-05,0.15,34.78457663089831,4.071325148263482,7199.532033205032
47500,1663358211,0.35629788041114807,5.610696483333331e-05,0.15,34.79155840291965,4.071959854810877,7204.633107662201
47550,1665110812,0.33232682943344116,5.581486466666667e-05,0.15,34.76210405220461,4.069282186564056,7220.84468626976
47600,1666864249,0.3409268260002136,5.552262516666666e-05,0.15,34.7786857607553,4.070789614614118,7225.957766532898
47650,1668607426,0.342132568359375,5.5232095666666675e-05,0.15,34.75510407528511,4.068645825025919,7231.00274014473
47700,1670357156,0.316867470741272,5.494047399999999e-05,0.15,34.705158974155545,4.064105361286868,7236.081985473633
47750,1672109977,0.352238267660141,5.464833716666668e-05,0.15,34.766467659717954,4.069678878156178,7253.060579299927
47800,1673865922,0.35901933908462524,5.4355679666666654e-05,0.15,34.82843088640736,4.075311898764306,7258.154801607132
47850,1675607680,0.3591889441013336,5.4065386666666654e-05,0.15,34.726812345482095,4.066073849589281,7263.198967695236
47900,1677361282,0.38241854310035706,5.377311966666667e-05,0.15,34.78195846639031,4.07108713330821,7268.1823563575745
47950,1679114675,0.35984131693840027,5.3480887499999994e-05,0.15,34.777813039252635,4.070710276295694,7273.164213895798
48000,1680868585,0.36441531777381897,5.318856916666665e-05,0.15,34.78806751690898,4.07164250153718,7288.063690900803
48050,1682612785,0.33721786737442017,5.289786916666665e-05,0.15,34.77550043863147,4.070500039875588,7293.061415195465
48100,1684364220,0.40993890166282654,5.260596333333333e-05,0.15,34.73897693238392,4.067179721125811,7298.0423085689545
48150,1686117547,0.3711891174316406,5.231374216666667e-05,0.15,34.77650395699863,4.070591268818057,7303.029713630676
48200,1687870632,0.34040558338165283,5.202156133333332e-05,0.15,34.77170398873396,4.070154908066724,7317.995718240738
48250,1689626335,0.39149850606918335,5.172894416666666e-05,0.15,34.82363091814269,4.0748755380129715,7322.979071855545
48300,1691371954,0.3697466254234314,5.143800766666665e-05,0.15,34.803792168434484,4.073072015312226,7327.93102478981
48350,1693123477,0.3257516026496887,5.114608716666665e-05,0.15,34.740722375389254,4.06733839776266,7332.906638383865
48400,1694875517,0.35782164335250854,5.085408049999998e-05,0.15,34.7509768530456,4.068270623004145,7347.721090555191
48450,1696627381,0.36331167817115784,5.056210316666668e-05,0.15,34.747485967034926,4.067953269730448,7352.706463336945
48500,1698372087,0.38292431831359863,5.027131883333333e-05,0.15,34.785588962437195,4.071417178403381,7357.655839920044
48550,1700123236,0.4139936566352844,4.997946066666666e-05,0.15,34.733304242616576,4.066664022056052,7362.628615856171
48600,1701878422,0.40307414531707764,4.968692966666667e-05,0.15,34.813376440486344,4.073943312771486,7367.607760667801
48650,1703633113,0.3283395767211914,4.939448116666665e-05,0.15,34.803558323581335,4.073050756689212,7382.9674253463745
48700,1705386396,0.32513704895973206,4.910226733333333e-05,0.15,34.775631235495965,4.070511930499634,7387.970405101776
48750,1707131333,0.34939420223236084,4.8811444499999997e-05,0.15,34.79019459287024,4.071835872079113,7392.946887016296
48800,1708884407,0.3564701974391937,4.851926549999999e-05,0.15,34.77148580835829,4.070135073487117,7397.920011997223
48850,1710637360,0.3621748089790344,4.822710666666666e-05,0.15,34.769085824225954,4.069916893111451,7412.739119768143
48900,1712390181,0.3696650266647339,4.793496983333332e-05,0.15,34.766467659717954,4.069678878156178,7417.735064744949
48950,1714134073,0.415907084941864,4.7644321166666666e-05,0.15,34.76935959805407,4.06994178164128,7422.70752120018
49000,1715886047,0.3588641583919525,4.735232550000001e-05,0.15,34.749667770791596,4.068151615526509,7427.70480966568
49050,1717637735,0.35843753814697266,4.70603775e-05,0.15,34.74399508102426,4.067635916456751,7442.602436542511
49100,1719391590,0.33645641803741455,4.676806833333332e-05,0.15,34.786976615030646,4.07154332863915,7447.6007244586945
49150,1721144928,0.36104831099510193,4.647584533333334e-05,0.15,34.7767221373743,4.070611103397663,7452.593581438065
49200,1722889535,0.3062720000743866,4.618507749999999e-05,0.15,34.78361512082303,4.071237738256639,7457.5527448654175
49250,1724643742,0.3604820668697357,4.589270966666665e-05,0.15,34.79395838705199,4.072178035186544,7462.531306266785
49300,1726396860,0.34375178813934326,4.560052333333334e-05,0.15,34.77235852986096,4.070214411805542,7477.426693201065
49350,1728153289,0.3238235116004944,4.530778516666667e-05,0.15,34.83803082293671,4.076184620266973,7482.427753448486
49400,1729896235,0.3446083664894104,4.501729416666667e-05,0.15,34.75049844485206,4.068227131350188,7487.408015727997
49450,1731649551,0.3402595818042755,4.472507483333333e-05,0.15,34.77628577662296,4.070571434238452,7492.389292001724
49500,1733401074,0.3667910695075989,4.443315433333333e-05,0.15,34.740722375389254,4.06733839776266,7507.370435714722
49550,1735154445,0.3356066942214966,4.414092583333333e-05,0.15,34.7773766785013,4.070670607136481,7512.372474431992
49600,1736897776,0.30407169461250305,4.3850370666666653e-05,0.15,34.75817449557381,4.068924954143074,7517.369855642319
49650,1738652940,0.3543740510940552,4.355784333333334e-05,0.15,34.81294007973501,4.073903643612273,7522.3204646110535
49700,1740405167,0.3458063304424286,4.326580549999999e-05,0.15,34.754685919431935,4.068607810857449,7537.260299444199
49750,1742156459,0.3372056186199188,4.2973923499999986e-05,0.15,34.736140587500245,4.066921871590932,7542.25386929512
49800,1743909115,0.39401209354400635,4.268181416666665e-05,0.15,34.76319495408295,4.069381359462086,7547.226925849915
49850,1745654723,0.35480567812919617,4.239087949999999e-05,0.15,34.803572852699574,4.073052077518143,7552.1788856983185
49900,1747407291,0.32631853222846985,4.2098784833333335e-05,0.15,34.761449511077615,4.069222682825238,7557.153635263443
49950,1749162147,0.3679669499397278,4.1806308833333336e-05,0.15,34.80683102921633,4.073348275383303,7572.153845787048
50000,1750909578,0.364307701587677,4.1515070333333346e-05,0.15,34.65955927564115,4.059959934149195,7577.127410173416
50050,1752655725,0.36059996485710144,4.122404583333334e-05,0.15,34.81431932371002,4.074029029428184,7582.075820207596
50100,1754409470,0.3516083359718323,4.093175500000001e-05,0.15,34.784794811273976,4.0713449828430885,7587.04953956604
50150,1756160091,0.3541448712348938,4.063998483333333e-05,0.15,34.72283158458456,4.0657119622349605,7601.957104206085
50200,1757914221,0.4079468548297882,4.034762983333332e-05,0.15,34.792431124422315,4.072039193129301,7606.939651966095
50250,1759666833,0.359487920999527,4.0055527833333324e-05,0.15,34.76232223258028,4.069302021143662,7611.91496348381
50300,1761412155,0.38796401023864746,3.976464083333334e-05,0.15,34.79787064359199,4.072533694871999,7616.8651576042175
50350,1763164404,0.4250144064426422,3.947259933333332e-05,0.15,34.75512228018327,4.068647480016661,7631.893576860428
50400,1764916477,0.3655078113079071,3.918058716666667e-05,0.15,34.7516313941726,4.068330126742963,7636.9497220516205
50450,1766672686,0.3874349296092987,3.888788566666666e-05,0.15,34.83366721542337,4.075787928674852,7641.967420101166
50500,1768415511,0.37294355034828186,3.859741483333334e-05,0.15,34.748085971768084,4.068007815615281,7646.958248376846
50550,1770169333,0.3880884051322937,3.830511116666668e-05,0.15,34.78632207390364,4.071483824900331,7651.962823629379
50600,1771920559,0.3694514036178589,3.801324016666665e-05,0.15,34.73483150524625,4.066802864113296,7666.932067632675
50650,1773673160,0.3244023323059082,3.772114e-05,0.15,34.76210405220461,4.069282186564056,7671.949702978134
50700,1775429237,0.3938458561897278,3.742846049999999e-05,0.15,34.83104905091537,4.075549913719579,7676.933416128159
50750,1777174911,0.38774070143699646,3.7137514833333314e-05,0.15,34.80488874710902,4.073171704282638,7681.930736064911
50800,1778926973,0.33522260189056396,3.6845504500000014e-05,0.15,34.75141321379694,4.068310292163358,7697.066101074219
50850,1780679090,0.3165341317653656,3.655348499999998e-05,0.15,34.752504115675265,4.068409465061388,7702.096435546875
50900,1782433803,0.3276240825653076,3.6261032833333326e-05,0.15,34.803994684332665,4.073090425848424,7707.097993373871
50950,1784176738,0.3833824694156647,3.5970543666666654e-05,0.15,34.75027912911715,4.068207193556105,7712.079491138458
51000,1785928426,0.35063087940216064,3.5678595666666674e-05,0.15,34.74399508102426,4.067635916456751,7727.122133731842
51050,1787680576,0.3822828531265259,3.5386570666666655e-05,0.15,34.75315865680227,4.0684689688002065,7732.128895998001
51100,1789437082,0.3720938563346863,3.509381966666666e-05,0.15,34.839558085566374,4.076323462324216,7737.132735490799
51150,1791180831,0.4077721834182739,3.480319483333332e-05,0.15,34.76650849350028,4.069682590318208,7742.129693031311
51200,1792933795,0.3709498941898346,3.451103416666666e-05,0.15,34.76930400460162,4.069936727691057,7747.1087963581085
51250,1794689806,0.3679235875606537,3.421836566666666e-05,0.15,34.829739968661364,4.075430906241942,7762.28266787529
51300,1796444266,0.3472103178501129,3.392595566666666e-05,0.15,34.798976535692326,4.072634230517484,7767.292276859283
51350,1798195833,0.3425614833831787,3.363402783333332e-05,0.15,34.74159509689192,4.067417736081084,7772.346385478973
51400,1799940561,0.3975311517715454,3.334323983333334e-05,0.15,34.78602759390701,4.071457053991546,7777.324078321457
51450,1801695406,0.3802867829799652,3.3050765666666656e-05,0.15,34.80661284884067,4.073328440803698,7792.2400534152985
51500,1803448766,0.33351126313209534,3.275853900000001e-05,0.15,34.77715849812563,4.070650772556875,7797.2563054561615
51550,1805204337,0.357159286737442,3.246594383333334e-05,0.15,34.82101275363468,4.0746375230576986,7802.261422395706
51600,1806946095,0.3911878764629364,3.217565083333334e-05,0.15,34.726812345482095,4.066073849589281,7807.246330976486
51650,1808700654,0.33200564980506897,3.188322433333335e-05,0.15,34.80094015907333,4.072812741733939,7822.265943527222
51700,1810453673,0.34146952629089355,3.15910545e-05,0.15,34.77039490647996,4.070035900589087,7827.304586648941
51750,1812208133,0.3070640563964844,3.1298644500000004e-05,0.15,34.798976535692326,4.072634230517484,7832.3198256492615
51800,1813958710,0.3898690342903137,3.1006881666666664e-05,0.15,34.721958863081895,4.065632623916536,7837.334521055222
51850,1815702030,0.361821711063385,3.071632833333334e-05,0.15,34.7579551798389,4.0689050163489915,7842.309844732285
51900,1817457975,0.36494478583335876,3.0423670833333347e-05,0.15,34.82843088640736,4.075311898764306,7857.320771217346
51950,1819210752,0.3552287220954895,3.0131541333333343e-05,0.15,34.76559493821529,4.069599539837753,7862.3259744644165
52000,1820964871,0.31794196367263794,2.983918816666665e-05,0.15,34.79221294404665,4.072019358549696,7867.317174196243
52050,1822707278,0.3716960549354553,2.9548786999999995e-05,0.15,34.739751973841614,4.067250179440147,7872.294679403305
52100,1824457767,0.3444021940231323,2.9257038833333336e-05,0.15,34.72021342007656,4.0654739472796875,7887.484201669693
52150,1826212073,0.3593958616256714,2.8964654499999996e-05,0.15,34.79592201043299,4.072356546402999,7892.501900196075
52200,1827966203,0.31510448455810547,2.8672299499999985e-05,0.15,34.792431124422315,4.072039193129301,7897.497557401657
52250,1829718353,0.32234689593315125,2.83802745e-05,0.15,34.75315865680227,4.0684689688002065,7902.512092828751
52300,1831460353,0.35404172539711,2.8089941166666664e-05,0.15,34.73163729165005,4.066512481059096,7917.556541919708
52350,1833215143,0.36926931142807007,2.7797476166666675e-05,0.15,34.80552194696234,4.073229267905667,7922.582030296326
52400,1834964037,0.3221912086009979,2.750599383333333e-05,0.15,34.688577265604856,4.062597933236805,7927.587874650955
52450,1836717463,0.3451108932495117,2.7213756166666668e-05,0.15,34.77846758037963,4.070769780034512,7932.585416316986
52500,1838461322,0.33935558795928955,2.692311300000001e-05,0.15,34.76870165084935,4.069881968259032,7937.566640377045
52550,1840217179,0.3339037299156189,2.663047016666666e-05,0.15,34.82668544340203,4.075153222127457,7953.121519565582
52600,1841970484,0.3484983742237091,2.633825266666667e-05,0.15,34.776067596247294,4.070551599658845,7958.140588521957
52650,1843723591,0.374307245016098,2.604606816666668e-05,0.15,34.77214034948529,4.070194577225935,7963.1529376506805
52700,1845472158,0.3798637092113495,2.5754640333333342e-05,0.15,34.862568785389584,4.078415344126326,7968.198757648468
52750,1847224737,0.3249976933002472,2.5462543833333338e-05,0.15,34.76166769145328,4.069242517404844,7983.217927694321
52800,1848977503,0.4121330678462982,2.517041616666665e-05,0.15,34.76537675783962,4.069579705258147,7988.2384350299835
52850,1850732238,0.3650864064693451,2.4877960333333325e-05,0.15,34.804431045084,4.073130095007636,7993.252295732498
52900,1852485103,0.4045061767101288,2.4585816166666673e-05,0.15,34.76734038122062,4.069758216474602,7998.249219179153
52950,1854231052,0.3202802538871765,2.429482466666667e-05,0.15,34.8103716404817,4.0736701491347,8013.208667516708
53000,1855985699,0.3148338496685028,2.4002383499999987e-05,0.15,34.80268560207866,4.072971418370788,8018.228542327881
53050,1857739587,0.31718093156814575,2.371006883333332e-05,0.15,34.787631156157644,4.071602832377968,8023.253402709961
53100,1859489031,0.36033374071121216,2.3418494833333344e-05,0.15,34.6994862843882,4.063589662217109,8028.259782075882
53150,1861233517,0.3608587384223938,2.3127747166666666e-05,0.15,34.78120264773906,4.071018422521733,8033.23588180542
53200,1862987922,0.3551153838634491,2.2835346333333327e-05,0.15,34.79788563381399,4.0725350576194534,8048.308304786682
53250,1864739808,0.3824361562728882,2.254336533333332e-05,0.15,34.74792232778626,4.0679929388896605,8053.30610203743
53300,1866491485,0.35880112648010254,2.2251419166666662e-05,0.15,34.74377690064859,4.067616081877144,8058.331987857819
53350,1868245582,0.3593430817127228,2.1959069666666673e-05,0.15,34.79177658329532,4.071979689390483,8063.370795726776
53400,1869989782,0.38202500343322754,2.1668369666666672e-05,0.15,34.77550043863147,4.070500039875588,8078.737275362015
53450,1871741767,0.30658093094825745,2.1376372166666666e-05,0.15,34.749885951167265,4.068171450106115,8083.748629808426
53500,1873496051,0.3607107996940613,2.1083991499999997e-05,0.15,34.79548564968165,4.072316877243787,8088.744115114212
53550,1875248553,0.3457365930080414,2.079190783333332e-05,0.15,34.76014042882361,4.069103675347601,8093.753930807114
53600,1876989453,0.36580246686935425,2.050175783333333e-05,0.15,34.70970571815934,4.064518701650849,8108.87344455719
53650,1878741394,0.4121398627758026,2.0209767666666667e-05,0.15,34.7490132296646,4.068092111787691,8113.878385543823
53700,1880494776,0.3064921796321869,1.9917537333333345e-05,0.15,34.77759485887697,4.070690441716088,8118.892923116684
53750,1882251821,0.3350352346897125,1.9624696500000002e-05,0.15,34.85024892397406,4.077295356724914,8123.905398607254
53800,1884002024,0.3258102834224701,1.9332995999999988e-05,0.15,34.714540730309224,4.06495824820993,8128.905771493912
53850,1885746180,0.37402093410491943,1.904230333333333e-05,0.15,34.77462317569184,4.070420288699259,8143.897611141205
53900,1887500706,0.358453631401062,1.8749882333333322e-05,0.15,34.80028561794633,4.072753237995121,8148.901180028915
53950,1889251085,0.318240225315094,1.8458152500000012e-05,0.15,34.71803161631989,4.065275601483626,8153.904297351837
54000,1891004984,0.3187333047389984,1.816583599999999e-05,0.15,34.78784933653331,4.071622666957574,8158.909549236298
54050,1892747534,0.3771628439426422,1.7875410999999995e-05,0.15,34.742603078395405,4.067509370763219,8173.896765232086
54100,1894498485,0.36141663789749146,1.7583585833333326e-05,0.15,34.72937699585457,4.066306999623143,8178.922393798828
54150,1896254023,0.3666262924671173,1.7290996166666648e-05,0.15,34.820358212507685,4.0745780193188805,8183.916926145554
54200,1898010727,0.37443676590919495,1.699821216666668e-05,0.15,34.843485332328385,4.076680484757126,8188.916989326477
54250,1899755884,0.4203455150127411,1.6707352666666674e-05,0.15,34.79458090756839,4.072234627960762,8193.91688489914
54300,1901507814,0.36378881335258484,1.6415364333333327e-05,0.15,34.74879504928893,4.068072277208085,8208.900815963745
54350,1903261504,0.37342560291290283,1.6123082666666655e-05,0.15,34.78370390939564,4.071245809945058,8213.904398441315
54400,1905011091,0.3644922971725464,1.583148483333334e-05,0.15,34.702322629271876,4.063847511751988,8218.908859491348
54450,1906766145,0.287429541349411,1.5538975833333344e-05,0.15,34.810758275978344,4.073705297816213,8223.894089460373
54500,1908510774,0.3534986674785614,1.5248204333333325e-05,0.15,34.78405375229285,4.071277613844805,8239.61732673645
54550,1910265531,0.36457735300064087,1.4955744833333328e-05,0.15,34.80486740583533,4.073169764166848,8244.625922203064
54600,1912017571,0.3963170647621155,1.466373816666666e-05,0.15,34.7509768530456,4.068270623004145,8249.616551876068
54650,1913769314,0.30092400312423706,1.4371780999999993e-05,0.15,34.745085982902594,4.067735089354781,8254.622880935669
54700,1915514669,0.3310489356517792,1.4080888499999988e-05,0.15,34.798528590796714,4.072593508254247,8270.11819076538
54750,1917266082,0.32144954800605774,1.3788986333333341e-05,0.15,34.73854057163258,4.067140051966598,8275.120753526688
54800,1919021411,0.3784710466861725,1.3496431499999983e-05,0.15,34.81621278537001,4.074201162306365,8280.11172914505
54850,1920774672,0.3623306155204773,1.3204221333333332e-05,0.15,34.77519487474463,4.070472261340421,8285.126866102219
54900,1922528956,0.37334710359573364,1.2911840666666661e-05,0.15,34.79548564968165,4.072316877243787,8290.133699178696
54950,1924271792,0.3903646469116211,1.2621367999999988e-05,0.15,34.748305287502994,4.068027753409363,8305.130821943283
55000,1926026615,0.38734909892082214,1.2328897500000011e-05,0.15,34.806176488089335,4.073288771644485,8310.141090631485
55050,1927779304,0.3568315804004669,1.2036782666666655e-05,0.15,34.763849495209946,4.069440863200904,8315.148197889328
55100,1929531410,0.3855037987232208,1.1744765000000011e-05,0.15,34.752285935299604,4.068389630481782,8320.145589828491
55150,1931277590,0.37431374192237854,1.1453734999999986e-05,0.15,34.814977270914746,4.074088842810432,8335.03451347351
55200,1933032875,0.335679292678833,1.1161187500000002e-05,0.15,34.815340063867346,4.074121823987941,8340.029915094376
55250,1934785806,0.33897584676742554,1.0869032333333338e-05,0.15,34.768649463474624,4.069877223952239,8345.021161794662
55300,1936541850,0.31976020336151123,1.0576358333333346e-05,0.15,34.83039450978836,4.07549040998076,8350.016233444214
55350,1938294407,0.3955875635147095,1.028426550000001e-05,0.15,34.761231330701946,4.069202848245632,8365.175617933273
55400,1940038618,0.33300235867500305,9.99356366666666e-06,0.15,34.77571975436638,4.0705199776696706,8370.187145233154
55450,1941792396,0.34513598680496216,9.70126733333334e-06,0.15,34.785449352400974,4.071404486581907,8375.202368736267
55500,1943548671,0.3491649627685547,9.408554833333325e-06,0.15,34.83497629767737,4.075906936152489,8380.196290016174
55550,1945304143,0.39944717288017273,9.115976166666661e-06,0.15,34.81904913025368,4.074459011841244,8385.183377981186
55600,1947045109,0.41072356700897217,8.82581516666666e-06,0.15,34.711021612568786,4.064638328415344,8400.326944828033
55650,1948801131,0.3964688777923584,8.533144833333338e-06,0.15,34.82995814903703,4.075450740821548,8405.323176145554
55700,1950551345,0.3655937612056732,8.241442500000007e-06,0.15,34.714758910684886,4.064978082789535,8410.313431501389
55750,1952306058,0.3162795901298523,7.948990333333317e-06,0.15,34.803994684332665,4.073090425848424,8415.302693128586
55800,1954049070,0.3238517940044403,7.658488333333345e-06,0.15,34.75181433926151,4.068346758114682,8430.439158916473
55850,1955802089,0.3708115220069885,7.3663185000000016e-06,0.15,34.77039490647996,4.070035900589087,8435.418619394302
55900,1957554811,0.34630098938941956,7.074198166666656e-06,0.15,34.76450403633695,4.069500366939723,8440.41081571579
55950,1959310206,0.3755095899105072,6.78163233333332e-06,0.15,34.817521867624016,4.074320169784001,8445.412971019745
56000,1961062653,0.39835482835769653,6.489557833333337e-06,0.15,34.759049526945276,4.0690045024495705,8460.400663614273
56050,1962803938,0.3356292247772217,6.199343666666667e-06,0.15,34.71738176888109,4.065216524443735,8465.36685013771
56100,1964558695,0.384412556886673,5.90688416666667e-06,0.15,34.80486740583533,4.073169764166848,8470.360410928726
56150,1966308458,0.38499143719673157,5.615256999999995e-06,0.15,34.70581351528254,4.064164865025686,8475.368657827377
56200,1968062753,0.3859153091907501,5.322874500000007e-06,0.15,34.79570383005732,4.072336711823393,8480.36486029625
56250,1969805864,0.34517133235931396,5.032356000000004e-06,0.15,34.75378818087567,4.0685261982614245,8495.407434225082
56300,1971553944,0.3716076612472534,4.7410093333333234e-06,0.15,34.672431917805504,4.061130174345955,8500.41420507431
56350,1973304906,0.3824767470359802,4.4491823333333344e-06,0.15,34.72959517623024,4.066326834202749,8505.428752660751
56400,1975058387,0.3997036814689636,4.156935500000014e-06,0.15,34.77955848225797,4.070868952932543,8510.448421239853
56450,1976811241,0.372428834438324,3.86479316666668e-06,0.15,34.76712220084495,4.069738381894996,8525.484614372253
56500,1978558708,0.36543595790863037,3.573548666666659e-06,0.15,34.84063721189887,4.076421564718079,8530.49086689949
56550,1980310407,0.3632933497428894,3.281598833333332e-06,0.15,34.74421326139993,4.067655751036357,8535.501289129257
56600,1982059862,0.3806043267250061,2.9900230000000082e-06,0.15,34.69970446476387,4.063609496796715,8540.493546247482
56650,1983812276,0.38405340909957886,2.6979540000000134e-06,0.15,34.75839498581828,4.068944998710752,8555.680422067642
56700,1985555453,0.31727007031440735,2.407424499999999e-06,0.15,34.75510407528511,4.068645825025919,8560.665328502655
56750,1987307691,0.3409375846385956,2.1153848333333333e-06,0.15,34.754904099807604,4.068627645437055,8565.682447195053
56800,1989060446,0.34726661443710327,1.823258999999999e-06,0.15,34.76515857746395,4.069559870678541,8570.682257413864
56850,1990810979,0.3954259157180786,1.5315034999999975e-06,0.15,34.72108614157923,4.065553285598112,8575.700656175613
56900,1992563987,0.33559733629226685,1.2393355000000048e-06,0.15,34.77017672610429,4.07001606600948,8591.684329986572
56950,1994307252,0.32825595140457153,9.48791333333343e-07,0.15,34.75685860116437,4.068805327378579,8596.65580201149
57000,1996059776,0.34787532687187195,6.567039999999968e-07,0.15,34.76057678957495,4.069143344506814,8601.653995752335
57050,1997813675,0.36282163858413696,3.643875000000074e-07,0.15,34.78784933653331,4.071622666957574,8606.663123607635
57100,1999567079,0.4005082845687866,7.215350000001618e-08,0.15,34.7780312196283,4.0707301108753,8621.720803022385
