6.76366662979126,2,36786,0.4738168716430664
6.761081695556641,3,74398,0.06833744049072266
6.762430191040039,4,111908,0.10611391067504883
6.767700672149658,5,148736,0.0943155288696289
6.756890773773193,6,186161,0.09204220771789551
6.763440132141113,7,223494,0.08093667030334473
6.759132385253906,8,260973,0.09032106399536133
6.763145446777344,9,297709,0.08194804191589355
6.75416374206543,10,335471,0.09602880477905273
6.751521587371826,11,373026,0.08713984489440918
6.747857570648193,12,409399,0.09366917610168457
6.739865779876709,13,446994,0.08368444442749023
6.740941047668457,14,484775,0.08385157585144043
6.7365546226501465,15,522100,0.07918906211853027
6.734853744506836,16,559094,0.09128880500793457
6.727476596832275,17,595289,0.0935969352722168
6.7221174240112305,18,633192,0.09233665466308594
6.718524932861328,19,672216,0.0874016284942627
6.708740234375,20,709733,0.08456921577453613
6.708351135253906,21,746615,0.0863502025604248
6.698337554931641,22,783601,0.08214497566223145
6.691502571105957,23,821600,0.09060454368591309
6.685262680053711,24,859376,0.09293866157531738
6.677281379699707,25,897752,0.08621692657470703
6.671520233154297,26,934755,0.089447021484375
6.6671271324157715,27,973225,0.07183074951171875
6.654211521148682,28,1011363,0.09452557563781738
6.643866062164307,29,1049015,0.09305214881896973
6.638473033905029,30,1085790,0.08528804779052734
6.625283718109131,31,1123659,0.0879964828491211
6.61456823348999,32,1162076,0.08978605270385742
6.601751327514648,33,1200101,0.09700965881347656
6.595545768737793,34,1236997,0.0917060375213623
6.593998908996582,35,1274371,0.08864355087280273
6.570525646209717,36,1311422,0.10642647743225098
6.560655117034912,37,1348396,0.09207487106323242
6.550148010253906,38,1385456,0.09175395965576172
6.54017972946167,39,1423221,0.09050440788269043
6.523484230041504,40,1460687,0.09056305885314941
6.514240264892578,41,1497906,0.08710312843322754
6.498512268066406,42,1534561,0.0770578384399414
6.4877190589904785,43,1571694,0.09328031539916992
6.47055721282959,44,1609388,0.0919947624206543
6.459867000579834,45,1646682,0.09512686729431152
6.448528289794922,46,1683207,0.09329080581665039
6.434993267059326,47,1720871,0.08809304237365723
6.420778274536133,48,1757838,0.0879979133605957
6.400767803192139,49,1794998,0.08885598182678223
6.3930511474609375,50,1831439,0.08513522148132324
6.372773170471191,51,1869684,0.0859365463256836
6.3562421798706055,52,1906968,0.09052252769470215
6.3457112312316895,53,1945272,0.08788442611694336
6.32851505279541,54,1983332,0.08156394958496094
6.316279888153076,55,2021338,0.09334444999694824
6.295403957366943,56,2058625,0.09578824043273926
6.2863922119140625,57,2095410,0.0938103199005127
6.271751403808594,58,2133314,0.09656071662902832
6.260114669799805,59,2170532,0.09203171730041504
6.236454963684082,60,2208665,0.09917831420898438
6.220491409301758,61,2247279,0.09175443649291992
6.211952209472656,62,2284842,0.09009528160095215
6.201263427734375,63,2322104,0.08230423927307129
6.17458963394165,64,2359512,0.09349250793457031
6.163582801818848,65,2396845,0.08235812187194824
6.140150547027588,66,2434290,0.08829545974731445
6.125611305236816,67,2472253,0.08528637886047363
6.1118364334106445,68,2509385,0.09456181526184082
6.093617916107178,69,2547007,0.09366106986999512
6.082805156707764,70,2584629,0.09859442710876465
6.06693172454834,71,2622024,0.0927741527557373
6.0317158699035645,72,2659595,0.09383440017700195
6.031287670135498,73,2695993,0.09247422218322754
6.029064655303955,74,2734223,0.09541487693786621
5.99952507019043,75,2771699,0.09351110458374023
5.973631858825684,76,2810194,0.07738733291625977
5.966252326965332,77,2846859,0.0930023193359375
5.949082374572754,78,2884375,0.09484505653381348
5.932624340057373,79,2921715,0.0866849422454834
5.895870685577393,80,2958294,0.09318375587463379
5.891805171966553,81,2995947,0.08816051483154297
5.872596263885498,82,3033618,0.0844888687133789
5.873574733734131,83,3070424,0.09042191505432129
5.840222358703613,84,3107809,0.0871589183807373
5.830963611602783,85,3145195,0.08975529670715332
5.823057174682617,86,3181826,0.09903168678283691
5.786379814147949,87,3219499,0.09153962135314941
5.789517402648926,88,3257558,0.09136509895324707
5.76057243347168,89,3295351,0.08338451385498047
5.7427144050598145,90,3333655,0.09298467636108398
5.7242817878723145,91,3371136,0.09937810897827148
5.698095798492432,92,3407904,0.09956097602844238
5.673827171325684,93,3445576,0.0918877124786377
5.673079967498779,94,3482272,0.09032535552978516
5.660761833190918,95,3519214,0.0856485366821289
5.650577068328857,96,3555649,0.08716797828674316
5.616967678070068,97,3592912,0.08311796188354492
5.588200092315674,98,3630834,0.09246015548706055
5.553587436676025,99,3669165,0.08440637588500977
5.569760322570801,100,3706123,0.08982396125793457
5.542516708374023,101,3743531,0.08791089057922363
5.530613899230957,102,3781394,0.0827784538269043
5.4862165451049805,103,3819164,0.0983891487121582
5.479066848754883,104,3856132,0.09872984886169434
5.4642744064331055,105,3893592,0.0973670482635498
5.459513187408447,106,3930243,0.08947014808654785
5.432459831237793,107,3967721,0.09209632873535156
5.4287824630737305,108,4005775,0.09581327438354492
5.4086127281188965,109,4042754,0.09434723854064941
5.3915114402771,110,4080204,0.09353995323181152
5.362186908721924,111,4117317,0.09625864028930664
5.342685222625732,112,4153786,0.08893132209777832
5.322495460510254,113,4191424,0.09821867942810059
5.301474094390869,114,4227450,0.08419394493103027
5.293073654174805,115,4264479,0.09467768669128418
5.269432544708252,116,4301631,0.08952474594116211
5.2441630363464355,117,4339453,0.09444999694824219
5.240875720977783,118,4376993,0.08897757530212402
5.2040510177612305,119,4414183,0.0894463062286377
5.197164535522461,120,4452059,0.09220695495605469
5.178298473358154,121,4489984,0.08953499794006348
5.161325931549072,122,4527908,0.08894801139831543
5.122685432434082,123,4565721,0.09549999237060547
5.119533061981201,124,4604503,0.09127974510192871
5.085272789001465,125,4642278,0.08914828300476074
5.076812744140625,126,4680956,0.09638738632202148
5.0653076171875,127,4719344,0.0851278305053711
5.040970325469971,128,4757245,0.10152411460876465
5.034396171569824,129,4794789,0.08840751647949219
4.989301681518555,130,4831622,0.10103249549865723
4.980602264404297,131,4868847,0.08318758010864258
4.993522644042969,132,4907081,0.09492659568786621
4.942500114440918,133,4944689,0.08423280715942383
4.941918849945068,134,4981792,0.09639263153076172
4.934381008148193,135,5019252,0.0890049934387207
4.888241767883301,136,5057777,0.09914708137512207
4.859065055847168,137,5095502,0.09225654602050781
4.859414100646973,138,5132584,0.09575009346008301
4.84906005859375,139,5170871,0.08865237236022949
4.825688362121582,140,5209451,0.09881591796875
4.790886402130127,141,5247032,0.09856939315795898
4.7748589515686035,142,5285184,0.10027360916137695
4.760240077972412,143,5323125,0.09464621543884277
4.757768154144287,144,5359969,0.0922539234161377
4.747744083404541,145,5396497,0.09800982475280762
4.729511260986328,146,5433477,0.08980512619018555
4.673387050628662,147,5470828,0.09633374214172363
4.683910846710205,148,5508019,0.08967947959899902
4.672135353088379,149,5545345,0.10098457336425781
4.651914596557617,150,5582832,0.09914565086364746
4.6211113929748535,151,5620225,0.08842802047729492
4.613312244415283,152,5657194,0.09478425979614258
4.556264877319336,153,5694898,0.08962202072143555
4.560840129852295,154,5732891,0.0928807258605957
4.536332607269287,155,5770971,0.09270668029785156
4.546888828277588,156,5807691,0.09410715103149414
4.531858921051025,157,5845808,0.0960698127746582
4.531759262084961,158,5883130,0.09590411186218262
4.464615345001221,159,5920475,0.09808945655822754
4.510781764984131,160,5959004,0.09110713005065918
4.470825672149658,161,5995382,0.08341717720031738
4.400681495666504,162,6033359,0.1002662181854248
4.422178268432617,163,6070307,0.08653712272644043
4.383007526397705,164,6108379,0.09254002571105957
4.416728973388672,165,6145058,0.09878969192504883
4.388877868652344,166,6182286,0.09358930587768555
4.356338024139404,167,6220057,0.0900416374206543
4.353917121887207,168,6257439,0.09302330017089844
4.3072686195373535,169,6293668,0.09501099586486816
4.314370632171631,170,6331016,0.0940408706665039
4.304895877838135,171,6369627,0.09225821495056152
4.275607585906982,172,6407245,0.09696817398071289
4.252530097961426,173,6444598,0.09685564041137695
4.233213424682617,174,6483036,0.10539674758911133
4.243000507354736,175,6520324,0.09545540809631348
4.233211040496826,176,6557653,0.09644532203674316
4.199592113494873,177,6594729,0.09392690658569336
4.16698694229126,178,6632789,0.09031963348388672
4.139152526855469,179,6670249,0.09209871292114258
4.171640396118164,180,6707274,0.08580517768859863
4.148139953613281,181,6744138,0.09935903549194336
4.099520206451416,182,6781643,0.09324288368225098
4.117297649383545,183,6818547,0.09211897850036621
4.089514255523682,184,6856806,0.10052156448364258
4.074804306030273,185,6895012,0.10114479064941406
4.066988468170166,186,6932612,0.10009455680847168
4.012293815612793,187,6969316,0.08500409126281738
4.001916885375977,188,7006625,0.10695409774780273
3.9921340942382812,189,7044982,0.08451199531555176
3.9613335132598877,190,7083907,0.09702110290527344
3.924455404281616,191,7121684,0.07926058769226074
3.9322328567504883,192,7158720,0.10167241096496582
3.9057881832122803,193,7196728,0.08620023727416992
3.8689680099487305,194,7234364,0.09421968460083008
3.876406192779541,195,7271537,0.08098030090332031
3.8528873920440674,196,7309344,0.10017228126525879
3.880038261413574,197,7346551,0.09089994430541992
3.8388800621032715,198,7383177,0.08536601066589355
3.818408489227295,199,7420985,0.06679987907409668
3.8043603897094727,200,7458079,0.07513856887817383
3.7246878147125244,201,7496072,0.06414151191711426
3.747528553009033,202,7534245,0.09615325927734375
3.7284960746765137,203,7572466,0.08967089653015137
3.7145655155181885,204,7609832,0.07937240600585938
3.694526433944702,205,7647243,0.09065866470336914
3.716993808746338,206,7684668,0.07868552207946777
3.6004252433776855,207,7722529,0.09046411514282227
3.649869918823242,208,7761754,0.0784308910369873
3.651963233947754,209,7799429,0.09163618087768555
3.627795934677124,210,7836303,0.08852696418762207
3.644557476043701,211,7873891,0.09021186828613281
3.595471143722534,212,7911354,0.0869588851928711
3.5288479328155518,213,7949574,0.08735418319702148
3.550441265106201,214,7987898,0.08993411064147949
3.5406837463378906,215,8025731,0.09070611000061035
3.493325710296631,216,8063373,0.09186315536499023
3.484100580215454,217,8100023,0.09404659271240234
3.455018997192383,218,8137616,0.09518051147460938
3.4822804927825928,219,8174798,0.08350801467895508
3.4454596042633057,220,8211824,0.09451174736022949
3.470961093902588,221,8248934,0.08983540534973145
3.424990177154541,222,8286288,0.0845799446105957
3.404588460922241,223,8323132,0.08545279502868652
3.3729026317596436,224,8360123,0.0933525562286377
3.3580689430236816,225,8398256,0.07971358299255371
3.398878574371338,226,8436156,0.09221506118774414
3.3640799522399902,227,8473303,0.08955693244934082
3.241175413131714,228,8510936,0.09862279891967773
3.2764060497283936,229,8548407,0.09312176704406738
3.2500386238098145,230,8586275,0.0924227237701416
3.2149884700775146,231,8623426,0.0888519287109375
3.3082900047302246,232,8661790,0.08621525764465332
3.2245192527770996,233,8699002,0.0803072452545166
3.1977922916412354,234,8736182,0.08610892295837402
3.129737615585327,235,8774341,0.0796058177947998
3.1357839107513428,236,8811154,0.0925450325012207
3.134747266769409,237,8848335,0.07259035110473633
3.1356749534606934,238,8885965,0.09591054916381836
3.08207368850708,239,8923218,0.08336400985717773
3.0629498958587646,240,8960669,0.08973193168640137
3.0525870323181152,241,8998805,0.07818436622619629
3.078150749206543,242,9036895,0.08881711959838867
3.0275580883026123,243,9074247,0.0772867202758789
3.02394700050354,244,9112059,0.09380912780761719
3.0170037746429443,245,9149835,0.07704758644104004
2.962582588195801,246,9187123,0.09119033813476562
2.9682202339172363,247,9224873,0.0759425163269043
2.9858856201171875,248,9262157,0.09355354309082031
2.9427781105041504,249,9299982,0.08361268043518066
2.917985439300537,250,9337539,0.08612608909606934
2.890545129776001,251,9376307,0.08994364738464355
2.7631561756134033,252,9413417,0.08323121070861816
2.878596067428589,253,9450747,0.0827035903930664
2.8146286010742188,254,9488876,0.09668684005737305
2.8405332565307617,255,9526248,0.08553767204284668
2.868480920791626,256,9563304,0.08558893203735352
2.811790704727173,257,9601125,0.08879733085632324
2.797646999359131,258,9638938,0.0826730728149414
2.810074806213379,259,9676723,0.089111328125
2.8040032386779785,260,9714101,0.08567070960998535
2.7587897777557373,261,9751459,0.08521175384521484
2.7568492889404297,262,9788712,0.08203244209289551
2.6784982681274414,263,9825382,0.09130239486694336
2.6651809215545654,264,9863326,0.07887911796569824
2.6758675575256348,265,9901294,0.08965873718261719
2.7311010360717773,266,9939524,0.07931852340698242
2.665759325027466,267,9976580,0.09112215042114258
2.6648786067962646,268,10014814,0.07597613334655762
2.6607437133789062,269,10052518,0.09434223175048828
2.611563205718994,270,10089719,0.08405447006225586
2.6427338123321533,271,10126608,0.08998274803161621
2.6014606952667236,272,10164143,0.07779312133789062
2.536996841430664,273,10202590,0.0910346508026123
2.5647377967834473,274,10238820,0.07958650588989258
2.604240894317627,275,10275853,0.08762502670288086
2.504800319671631,276,10313021,0.08999752998352051
2.5267176628112793,277,10350494,0.07957601547241211
2.4881715774536133,278,10387035,0.09041237831115723
2.551870584487915,279,10424209,0.07781648635864258
2.4662294387817383,280,10462040,0.09293103218078613
2.489933729171753,281,10498926,0.07746005058288574
2.5690853595733643,282,10536714,0.09320950508117676
2.4810707569122314,283,10573241,0.07897734642028809
2.4571945667266846,284,10610130,0.08970022201538086
2.4197962284088135,285,10647344,0.07767987251281738
2.371307849884033,286,10685430,0.09214663505554199
2.358410120010376,287,10723880,0.08072590827941895
2.369696617126465,288,10760616,0.08860182762145996
2.3384573459625244,289,10798351,0.0835714340209961
2.3022115230560303,290,10834851,0.0656576156616211
2.351821184158325,291,10871879,0.06352782249450684
2.2833786010742188,292,10909207,0.06340265274047852
2.239255666732788,293,10947373,0.06370139122009277
2.32049822807312,294,10983551,0.06304264068603516
2.2557690143585205,295,11021281,0.06334757804870605
2.24086856842041,296,11058501,0.06382250785827637
2.2670133113861084,297,11095258,0.06333279609680176
2.2081422805786133,298,11134740,0.07029056549072266
2.19646954536438,299,11172762,0.07463884353637695
2.2485482692718506,300,11209433,0.08848977088928223
2.1460769176483154,301,11247823,0.08922982215881348
2.1148457527160645,302,11285713,0.06812858581542969
2.1440999507904053,303,11323440,0.09361886978149414
2.1522433757781982,304,11361201,0.09029197692871094
2.1559927463531494,305,11399319,0.08715581893920898
2.088252305984497,306,11437588,0.08562660217285156
2.115126848220825,307,11475203,0.086181640625
2.1394221782684326,308,11512694,0.08581948280334473
2.0586957931518555,309,11550852,0.08243179321289062
2.0530407428741455,310,11589154,0.08362698554992676
2.110074281692505,311,11627111,0.08336114883422852
2.0717527866363525,312,11665016,0.08298540115356445
2.0554800033569336,313,11703505,0.0829157829284668
2.036602020263672,314,11740479,0.07877445220947266
1.9558398723602295,315,11778764,0.08513236045837402
2.002997398376465,316,11816938,0.08587121963500977
2.0102522373199463,317,11854352,0.08771467208862305
1.940916895866394,318,11893538,0.08414340019226074
2.022477149963379,319,11930792,0.0883340835571289
2.00828218460083,320,11968510,0.08589816093444824
1.9628465175628662,321,12006801,0.08716654777526855
1.9792598485946655,322,12043464,0.0855557918548584
1.9435111284255981,323,12080824,0.0831606388092041
1.9585639238357544,324,12118235,0.08258414268493652
1.9422792196273804,325,12155460,0.08681488037109375
1.9570493698120117,326,12192560,0.07896780967712402
1.959276556968689,327,12229927,0.08630943298339844
1.9151310920715332,328,12267314,0.08356499671936035
1.8768272399902344,329,12304837,0.08389902114868164
1.9518046379089355,330,12341574,0.07898187637329102
1.94963800907135,331,12378210,0.08605337142944336
1.9083565473556519,332,12416371,0.08662247657775879
1.9084357023239136,333,12453508,0.08166050910949707
1.879953384399414,334,12491372,0.08679056167602539
1.8938486576080322,335,12528567,0.08561921119689941
1.8216966390609741,336,12566781,0.08797740936279297
1.9140008687973022,337,12603391,0.08626294136047363
1.8115229606628418,338,12641268,0.08643865585327148
1.8406747579574585,339,12678803,0.08572220802307129
1.8528492450714111,340,12716851,0.08659744262695312
1.8570021390914917,341,12754853,0.08150124549865723
1.8716151714324951,342,12792889,0.08490967750549316
1.831579327583313,343,12829616,0.08485269546508789
1.8816500902175903,344,12865804,0.08540868759155273
1.8520808219909668,345,12902728,0.08279919624328613
1.7623085975646973,346,12941667,0.08495450019836426
1.839929461479187,347,12978520,0.0858161449432373
1.831305742263794,348,13016313,0.08682060241699219
1.825653314590454,349,13052832,0.0841684341430664
1.7325059175491333,350,13090562,0.09027647972106934
1.7974770069122314,351,13128179,0.0857701301574707
1.758644938468933,352,13165881,0.08530783653259277
1.839002013206482,353,13202751,0.08378434181213379
1.7623908519744873,354,13240279,0.08373141288757324
1.7403093576431274,355,13278068,0.08623218536376953
1.7236981391906738,356,13316033,0.08377575874328613
1.7257053852081299,357,13354105,0.08543968200683594
1.774401307106018,358,13391507,0.08168816566467285
1.7478680610656738,359,13429203,0.08660292625427246
1.7444700002670288,360,13467053,0.08179044723510742
1.7262110710144043,361,13505259,0.08170890808105469
1.7039231061935425,362,13543266,0.08627200126647949
1.7565802335739136,363,13579924,0.08660197257995605
1.701938509941101,364,13616236,0.0814204216003418
1.7299327850341797,365,13653699,0.08430910110473633
1.7186251878738403,366,13691835,0.08674478530883789
1.7033463716506958,367,13729182,0.08601808547973633
1.6486250162124634,368,13767223,0.08612442016601562
1.7256393432617188,369,13804669,0.0865163803100586
1.6268333196640015,370,13842355,0.08496928215026855
1.695972204208374,371,13880014,0.08598065376281738
1.6320936679840088,372,13918427,0.08223366737365723
1.6460081338882446,373,13956029,0.08185958862304688
1.6546653509140015,374,13994169,0.08020567893981934
1.6796013116836548,375,14032009,0.08403515815734863
1.6640880107879639,376,14069862,0.07809805870056152
1.5942082405090332,377,14107654,0.0845499038696289
1.6380796432495117,378,14145250,0.08629894256591797
1.7090587615966797,379,14182011,0.08504390716552734
1.649645447731018,380,14219001,0.08383965492248535
1.6459084749221802,381,14255611,0.08849358558654785
1.6929545402526855,382,14292856,0.08617806434631348
1.6602650880813599,383,14330482,0.08588671684265137
1.5632596015930176,384,14368734,0.0859522819519043
1.6587152481079102,385,14405894,0.08707785606384277
1.6092976331710815,386,14443512,0.08778953552246094
1.5959653854370117,387,14481151,0.08320832252502441
1.6499135494232178,388,14518647,0.08314919471740723
1.6201554536819458,389,14555929,0.08318209648132324
1.6282107830047607,390,14593035,0.08334875106811523
1.6388431787490845,391,14630300,0.08308076858520508
1.6382216215133667,392,14668768,0.07977294921875
1.566395878791809,393,14705889,0.08605241775512695
1.6311838626861572,394,14743909,0.0870523452758789
1.6022099256515503,395,14781347,0.08114981651306152
1.5824946165084839,396,14819067,0.08494186401367188
1.608560562133789,397,14857345,0.08728361129760742
1.5923134088516235,398,14894386,0.0864400863647461
1.5960272550582886,399,14932216,0.08584189414978027
1.6014094352722168,400,14969407,0.08613038063049316
1.5870487689971924,401,15006868,0.08647465705871582
1.5858893394470215,402,15044481,0.08701038360595703
1.5396263599395752,403,15082228,0.09395432472229004
1.5644413232803345,404,15120504,0.0910024642944336
1.5806338787078857,405,15157951,0.08632087707519531
1.558080792427063,406,15195480,0.08656668663024902
1.5390844345092773,407,15233471,0.08666419982910156
1.537326455116272,408,15271254,0.0860130786895752
1.5476657152175903,409,15308366,0.08663654327392578
1.6497364044189453,410,15345919,0.08591079711914062
1.6288015842437744,411,15382623,0.08594512939453125
1.529803991317749,412,15419691,0.08189845085144043
1.5737720727920532,413,15458237,0.08638882637023926
1.4960875511169434,414,15496014,0.08663630485534668
1.5011934041976929,415,15534100,0.08764386177062988
1.6186375617980957,416,15571085,0.08593106269836426
1.5525364875793457,417,15608910,0.08226156234741211
1.5491254329681396,418,15645775,0.08543658256530762
1.5370850563049316,419,15683589,0.08689498901367188
1.4687153100967407,420,15721107,0.0888967514038086
1.5437957048416138,421,15758375,0.08655142784118652
1.541703701019287,422,15795507,0.08637189865112305
1.5624459981918335,423,15832771,0.09225797653198242
1.5700929164886475,424,15870364,0.08614301681518555
1.5198469161987305,425,15907940,0.08373880386352539
1.53901207447052,426,15946007,0.08724403381347656
1.5385169982910156,427,15983178,0.07286787033081055
1.4863693714141846,428,16021078,0.08483481407165527
1.5580273866653442,429,16058739,0.08591914176940918
1.4799118041992188,430,16096925,0.0870058536529541
1.503381609916687,431,16133964,0.08922529220581055
1.500854253768921,432,16171285,0.08596110343933105
1.5092843770980835,433,16208575,0.08345389366149902
1.546629548072815,434,16245081,0.0874330997467041
1.4998054504394531,435,16282674,0.08646845817565918
1.4837889671325684,436,16320351,0.08643555641174316
1.4811731576919556,437,16358569,0.08523225784301758
1.5063468217849731,438,16396213,0.08642864227294922
1.498177170753479,439,16434273,0.08587980270385742
1.49882972240448,440,16471741,0.08661460876464844
1.4308362007141113,441,16509679,0.08499455451965332
1.5230705738067627,442,16547849,0.08634257316589355
1.5572245121002197,443,16586157,0.0802462100982666
1.5008949041366577,444,16623500,0.08616399765014648
1.492146372795105,445,16661420,0.08690524101257324
1.4599285125732422,446,16698816,0.08597064018249512
1.5121729373931885,447,16735646,0.08362054824829102
1.498604416847229,448,16773698,0.08209800720214844
1.4652172327041626,449,16811354,0.08591461181640625
1.4657899141311646,450,16849884,0.09099483489990234
1.4504094123840332,451,16887712,0.08745360374450684
1.453462839126587,452,16925485,0.08739233016967773
1.4754769802093506,453,16963500,0.08908605575561523
1.4781440496444702,454,17000424,0.08616995811462402
1.4647581577301025,455,17037431,0.08569836616516113
1.4483853578567505,456,17075320,0.08658194541931152
1.421783685684204,457,17113429,0.0859537124633789
1.480875849723816,458,17151536,0.0709373950958252
1.4968996047973633,459,17189155,0.08520269393920898
1.5471522808074951,460,17226286,0.08729386329650879
1.480739712715149,461,17263527,0.08646440505981445
1.4401960372924805,462,17301493,0.08608865737915039
1.4272332191467285,463,17339200,0.08656477928161621
1.4882761240005493,464,17376846,0.08494997024536133
1.4489481449127197,465,17415594,0.08747696876525879
1.4948744773864746,466,17452199,0.08760404586791992
1.4537242650985718,467,17489597,0.08561086654663086
1.4766216278076172,468,17527711,0.08377599716186523
1.4556620121002197,469,17566008,0.08237981796264648
1.4747669696807861,470,17603410,0.08651065826416016
1.4756618738174438,471,17640458,0.08553957939147949
1.4630746841430664,472,17677363,0.08644247055053711
1.4296035766601562,473,17715635,0.08678627014160156
1.4515167474746704,474,17752781,0.08309078216552734
1.4983980655670166,475,17789588,0.09240865707397461
1.4495245218276978,476,17828073,0.08526611328125
1.4389780759811401,477,17866265,0.08628463745117188
1.5185139179229736,478,17902793,0.08597350120544434
1.440335988998413,479,17940355,0.0714254379272461
1.403620958328247,480,17978820,0.08969259262084961
1.4190270900726318,481,18016879,0.08559918403625488
1.4824049472808838,482,18054750,0.08085179328918457
1.4967138767242432,483,18091615,0.09296417236328125
1.4645318984985352,484,18129940,0.0861978530883789
1.4688997268676758,485,18167023,0.0853879451751709
1.4347763061523438,486,18205592,0.08586835861206055
1.437742829322815,487,18242563,0.08595943450927734
1.5180386304855347,488,18279376,0.08502578735351562
1.4259727001190186,489,18317565,0.07269644737243652
1.4472193717956543,490,18354122,0.09386348724365234
1.3934978246688843,491,18392433,0.09010577201843262
1.4494794607162476,492,18430195,0.08287453651428223
1.439967393875122,493,18467383,0.08560729026794434
1.4055416584014893,494,18505424,0.0816502571105957
1.4362525939941406,495,18542709,0.08833742141723633
1.4633042812347412,496,18580059,0.08615660667419434
1.4465402364730835,497,18617353,0.08784747123718262
1.4604573249816895,498,18655266,0.08752655982971191
1.444737195968628,499,18692689,0.0859377384185791
1.404861569404602,500,18730717,0.08454251289367676
1.3903671503067017,501,18767626,0.08366537094116211
1.41958749294281,502,18806060,0.07941889762878418
1.4524158239364624,503,18844419,0.0707559585571289
1.453708529472351,504,18881519,0.08528256416320801
1.4190698862075806,505,18919303,0.08607721328735352
1.384560227394104,506,18957694,0.08636832237243652
1.4366010427474976,507,18994989,0.08697295188903809
1.4864856004714966,508,19032115,0.0867159366607666
1.438591480255127,509,19068626,0.08660626411437988
1.4431461095809937,510,19105681,0.08643150329589844
1.4117733240127563,511,19143689,0.0867302417755127
1.3889806270599365,512,19180343,0.08588027954101562
1.448377013206482,513,19217424,0.08608531951904297
1.341166377067566,514,19255617,0.08156728744506836
1.3746988773345947,515,19293021,0.08942031860351562
1.3668291568756104,516,19331539,0.08648085594177246
1.460536241531372,517,19369026,0.08579063415527344
1.408945918083191,518,19406405,0.08712959289550781
1.3759032487869263,519,19443892,0.08420777320861816
1.407987356185913,520,19481439,0.08830618858337402
1.443925380706787,521,19518804,0.08594250679016113
1.4303016662597656,522,19555965,0.08753228187561035
1.5179423093795776,523,19592479,0.0863959789276123
1.4178615808486938,524,19630184,0.08560037612915039
1.4220678806304932,525,19667145,0.08724761009216309
1.368709683418274,526,19705135,0.08329391479492188
1.3387917280197144,527,19743174,0.08301639556884766
1.3766453266143799,528,19780551,0.08397173881530762
1.4162336587905884,529,19817893,0.0831596851348877
1.4720286130905151,530,19854465,0.07960891723632812
1.4460183382034302,531,19891232,0.08645153045654297
1.3439934253692627,532,19929503,0.0855398178100586
1.3574498891830444,533,19967505,0.08557748794555664
1.4507700204849243,534,20004512,0.08180356025695801
1.3681254386901855,535,20042297,0.08300209045410156
1.3373488187789917,536,20081213,0.08655714988708496
1.4339170455932617,537,20118340,0.0858619213104248
1.3974727392196655,538,20155683,0.08614683151245117
1.3574899435043335,539,20193984,0.08562588691711426
1.3822858333587646,540,20231421,0.08610367774963379
1.3639017343521118,541,20268728,0.08774375915527344
1.3748244047164917,542,20306403,0.08627486228942871
1.3164279460906982,543,20344533,0.08686327934265137
1.3747013807296753,544,20381096,0.08690714836120605
1.4012984037399292,545,20419414,0.08221006393432617
1.4102122783660889,546,20456674,0.08670949935913086
1.3863729238510132,547,20493980,0.0877373218536377
1.3949298858642578,548,20531632,0.08603024482727051
1.3528984785079956,549,20569366,0.08591556549072266
1.4522535800933838,550,20606506,0.08417797088623047
1.3488426208496094,551,20644559,0.08661794662475586
1.3638689517974854,552,20681434,0.08656144142150879
1.3658380508422852,553,20719159,0.08573079109191895
1.3498119115829468,554,20757150,0.08603215217590332
1.3967125415802002,555,20794898,0.08323788642883301
1.4030228853225708,556,20832058,0.08307242393493652
1.3703620433807373,557,20870209,0.08732819557189941
1.335323691368103,558,20908300,0.08354735374450684
1.3555728197097778,559,20946680,0.083709716796875
1.465063214302063,560,20983429,0.08321475982666016
1.3851325511932373,561,21020389,0.07912564277648926
1.3921332359313965,562,21058689,0.0874776840209961
1.3638508319854736,563,21096124,0.08734774589538574
1.3662344217300415,564,21133519,0.08819818496704102
1.388200283050537,565,21170564,0.08109617233276367
1.2896785736083984,566,21209045,0.08472228050231934
1.4021233320236206,567,21245563,0.08639216423034668
1.3873971700668335,568,21282364,0.08665680885314941
1.345568060874939,569,21320569,0.08545255661010742
1.3314251899719238,570,21359324,0.08588528633117676
1.3946971893310547,571,21396583,0.08630704879760742
1.3627774715423584,572,21433958,0.08677005767822266
1.3847248554229736,573,21471158,0.08504629135131836
1.3992083072662354,574,21508853,0.08580136299133301
1.4290283918380737,575,21545903,0.08544540405273438
1.3568285703659058,576,21584300,0.08109092712402344
1.3508051633834839,577,21622121,0.08675456047058105
1.3774609565734863,578,21660384,0.08613729476928711
1.3337322473526,579,21699292,0.08673524856567383
1.3792144060134888,580,21736953,0.08680248260498047
1.412110686302185,581,21774381,0.08412837982177734
1.4036356210708618,582,21811330,0.08835649490356445
1.4279065132141113,583,21848053,0.08775162696838379
1.36160147190094,584,21885024,0.08534002304077148
1.3365951776504517,585,21922805,0.08548092842102051
1.3047879934310913,586,21960820,0.08545470237731934
1.3887710571289062,587,21998004,0.08505749702453613
1.3368854522705078,588,22035936,0.08390045166015625
1.3767640590667725,589,22073093,0.0831899642944336
1.3532819747924805,590,22110561,0.08173871040344238
1.2818514108657837,591,22148958,0.08207464218139648
1.445268988609314,592,22185426,0.07738590240478516
1.3456796407699585,593,22222267,0.08697843551635742
1.337067723274231,594,22259319,0.08763265609741211
1.3739632368087769,595,22297757,0.08911538124084473
1.3127827644348145,596,22335322,0.07941031455993652
1.3331117630004883,597,22373462,0.0844583511352539
1.366188645362854,598,22410956,0.08604645729064941
1.3036612272262573,599,22448682,0.08581089973449707
1.3326495885849,600,22486672,0.08828353881835938
1.3521276712417603,601,22524228,0.08509230613708496
1.380881905555725,602,22562178,0.09047102928161621
1.3262306451797485,603,22600238,0.08464455604553223
1.3534431457519531,604,22637911,0.08755826950073242
1.3609471321105957,605,22675529,0.08731842041015625
1.3529760837554932,606,22712552,0.08186984062194824
1.3619030714035034,607,22749790,0.08585381507873535
1.3217089176177979,608,22787766,0.08373856544494629
1.3564125299453735,609,22824933,0.08331298828125
1.3586946725845337,610,22861413,0.08275675773620605
1.2913199663162231,611,22899508,0.08327794075012207
1.2941226959228516,612,22936433,0.08279919624328613
1.3203518390655518,613,22974175,0.0795738697052002
1.386590838432312,614,23011290,0.08687233924865723
1.4177756309509277,615,23047823,0.08782744407653809
1.3158751726150513,616,23085877,0.08359718322753906
1.3642935752868652,617,23123337,0.08624696731567383
1.3640954494476318,618,23161388,0.07933330535888672
1.3241215944290161,619,23198985,0.08465194702148438
1.3187440633773804,620,23236482,0.08729958534240723
1.3423396348953247,621,23273963,0.0865178108215332
1.3437777757644653,622,23310941,0.08573055267333984
1.3244532346725464,623,23347408,0.08595943450927734
1.3188847303390503,624,23385658,0.08579421043395996
1.3478045463562012,625,23422037,0.08701968193054199
1.3596960306167603,626,23458864,0.08740854263305664
1.3397200107574463,627,23496703,0.08662223815917969
1.308426856994629,628,23534534,0.0837857723236084
1.3482611179351807,629,23572310,0.08715152740478516
1.3304909467697144,630,23609956,0.08622527122497559
1.3538850545883179,631,23647693,0.08713197708129883
1.3743160963058472,632,23685350,0.08574104309082031
1.3447226285934448,633,23723005,0.08903193473815918
1.3106831312179565,634,23761406,0.08202052116394043
1.3151664733886719,635,23798925,0.08735036849975586
1.3842263221740723,636,23836164,0.08577585220336914
1.3481553792953491,637,23873294,0.08668065071105957
1.297426462173462,638,23911229,0.08585977554321289
1.3404308557510376,639,23948905,0.08460545539855957
1.2774361371994019,640,23986347,0.0830850601196289
1.2935701608657837,641,24023688,0.08788204193115234
1.3185635805130005,642,24062116,0.08279585838317871
1.3665335178375244,643,24099880,0.08730053901672363
1.3829269409179688,644,24137805,0.0790548324584961
1.315996766090393,645,24175723,0.08669543266296387
1.3084967136383057,646,24213513,0.08741521835327148
1.3664090633392334,647,24251159,0.08576416969299316
1.301900029182434,648,24288946,0.0872044563293457
1.3397109508514404,649,24326334,0.08353924751281738
1.3136801719665527,650,24364008,0.08487486839294434
1.3210127353668213,651,24401523,0.08931803703308105
1.3074103593826294,652,24439323,0.08994746208190918
1.350083351135254,653,24476778,0.0884249210357666
1.3068567514419556,654,24514897,0.08749508857727051
1.3081305027008057,655,24552258,0.08647680282592773
1.3445383310317993,656,24589844,0.08550572395324707
1.3630001544952393,657,24627657,0.08713102340698242
1.3526177406311035,658,24664192,0.08536839485168457
1.3291141986846924,659,24701965,0.07167291641235352
1.290505051612854,660,24739556,0.08546113967895508
1.2906500101089478,661,24777472,0.08677434921264648
1.3247337341308594,662,24814205,0.08728790283203125
1.2676249742507935,663,24850909,0.0862729549407959
1.3320724964141846,664,24888300,0.08685636520385742
1.3539420366287231,665,24925322,0.08334755897521973
1.3151943683624268,666,24963620,0.08793425559997559
1.365173578262329,667,25001614,0.08681821823120117
1.340757966041565,668,25039184,0.08699774742126465
1.3288073539733887,669,25076451,0.08724141120910645
1.3625327348709106,670,25112491,0.08338427543640137
1.3452197313308716,671,25149570,0.08334493637084961
1.3181047439575195,672,25187224,0.0871584415435791
1.3557108640670776,673,25223589,0.08761096000671387
1.371579885482788,674,25260489,0.08277010917663574
1.3535311222076416,675,25297340,0.0792241096496582
1.2941848039627075,676,25334544,0.08667659759521484
1.3824498653411865,677,25370887,0.08632850646972656
1.379441261291504,678,25407519,0.0882575511932373
1.280347228050232,679,25445560,0.08617138862609863
1.3186135292053223,680,25484020,0.08195781707763672
1.314109444618225,681,25521623,0.08707475662231445
1.2831661701202393,682,25559753,0.08618426322937012
1.2700146436691284,683,25598105,0.08593559265136719
1.321405053138733,684,25635002,0.08652377128601074
1.3362125158309937,685,25672580,0.08570623397827148
1.3020740747451782,686,25710464,0.08583188056945801
1.2494261264801025,687,25748586,0.08594727516174316
1.337378740310669,688,25787551,0.08600544929504395
1.2939057350158691,689,25826183,0.08583283424377441
1.2939485311508179,690,25864381,0.08228492736816406
1.3064132928848267,691,25902871,0.08510661125183105
1.331586241722107,692,25940825,0.08601617813110352
1.332777500152588,693,25978294,0.08668661117553711
1.3773008584976196,694,26015127,0.08569836616516113
1.3124438524246216,695,26052585,0.08796072006225586
1.2996881008148193,696,26090138,0.08408880233764648
1.3054341077804565,697,26128075,0.08603334426879883
1.3314458131790161,698,26165357,0.08538150787353516
1.2881667613983154,699,26203367,0.0837094783782959
1.3456670045852661,700,26240829,0.08259034156799316
1.3057252168655396,701,26277429,0.08732366561889648
1.29172682762146,702,26315465,0.08894920349121094
1.3346326351165771,703,26352805,0.0825340747833252
1.3212199211120605,704,26390411,0.08121252059936523
1.246713399887085,705,26428261,0.09252309799194336
1.322669506072998,706,26465869,0.08723044395446777
1.341275691986084,707,26502953,0.08608484268188477
1.3530325889587402,708,26540336,0.0851285457611084
1.3280712366104126,709,26577250,0.08493566513061523
1.2505073547363281,710,26614714,0.08290457725524902
1.358609676361084,711,26651908,0.08317995071411133
1.2917709350585938,712,26690391,0.08292794227600098
1.316526174545288,713,26727510,0.07919859886169434
1.248529076576233,714,26765399,0.08488798141479492
1.2831745147705078,715,26803222,0.08813738822937012
1.3697644472122192,716,26840208,0.09021973609924316
1.2594751119613647,717,26878081,0.08344149589538574
1.2772163152694702,718,26915346,0.07881474494934082
1.3529044389724731,719,26952829,0.07895588874816895
1.312626600265503,720,26989869,0.07990813255310059
1.301358938217163,721,27027542,0.08710718154907227
1.258185625076294,722,27065543,0.0872344970703125
1.2467259168624878,723,27103986,0.08616280555725098
1.3342530727386475,724,27141026,0.08574485778808594
1.3242360353469849,725,27178527,0.0856008529663086
1.3805304765701294,726,27215411,0.08443880081176758
1.3068255186080933,727,27253367,0.08417844772338867
1.3000638484954834,728,27290825,0.08492231369018555
1.2478229999542236,729,27329826,0.0797121524810791
1.319506049156189,730,27367259,0.08644223213195801
1.3459492921829224,731,27404848,0.08585429191589355
1.2950375080108643,732,27442288,0.08657264709472656
1.2929595708847046,733,27479640,0.08745408058166504
1.342697262763977,734,27516736,0.0862586498260498
1.2594436407089233,735,27554404,0.0837557315826416
1.2964763641357422,736,27592074,0.08527541160583496
1.2544955015182495,737,27630283,0.08615899085998535
1.3129931688308716,738,27668359,0.08617734909057617
1.276182770729065,739,27706713,0.0859534740447998
1.3474749326705933,740,27743819,0.08663153648376465
1.3072303533554077,741,27781025,0.08668303489685059
1.323784589767456,742,27818372,0.08514618873596191
1.271198034286499,743,27856068,0.08440089225769043
1.2888418436050415,744,27892445,0.08152389526367188
1.3404184579849243,745,27929841,0.08655166625976562
1.29666006565094,746,27967439,0.08696937561035156
1.3610419034957886,747,28004073,0.0867617130279541
1.3256899118423462,748,28040860,0.08855485916137695
1.3024425506591797,749,28077485,0.0881040096282959
1.31084406375885,750,28114460,0.07830357551574707
1.3746731281280518,751,28150969,0.0790703296661377
1.2481584548950195,752,28189444,0.08727383613586426
1.2531753778457642,753,28227576,0.08751964569091797
1.3613030910491943,754,28265757,0.08746743202209473
1.2783870697021484,755,28303547,0.08638763427734375
1.2979633808135986,756,28341397,0.08804440498352051
1.303328037261963,757,28379159,0.08246278762817383
1.2810677289962769,758,28417147,0.08275270462036133
1.267943263053894,759,28455588,0.08715558052062988
1.3037004470825195,760,28492919,0.08104896545410156
1.2980647087097168,761,28529875,0.08726930618286133
1.3611118793487549,762,28565923,0.08708047866821289
1.287663459777832,763,28604184,0.0859839916229248
1.31636643409729,764,28640653,0.0871267318725586
1.3559328317642212,765,28677809,0.08402895927429199
1.317786693572998,766,28715623,0.0815885066986084
1.3016046285629272,767,28752557,0.08436131477355957
1.2437762022018433,768,28789936,0.08624529838562012
1.3194687366485596,769,28827275,0.08612990379333496
1.3109314441680908,770,28865119,0.08626484870910645
1.3147196769714355,771,28902926,0.08574771881103516
1.2580811977386475,772,28941362,0.08629941940307617
1.3534859418869019,773,28977344,0.0865485668182373
1.2877177000045776,774,29014201,0.08571982383728027
1.2788113355636597,775,29052534,0.08293843269348145
1.2699229717254639,776,29090311,0.08716630935668945
1.3000411987304688,777,29127517,0.08803510665893555
1.2854783535003662,778,29165141,0.08722901344299316
1.2698495388031006,779,29202568,0.0877084732055664
1.2943027019500732,780,29240504,0.08604741096496582
1.2571042776107788,781,29278726,0.08570742607116699
1.2687902450561523,782,29315574,0.08427286148071289
1.2405157089233398,783,29353759,0.08866548538208008
1.2768338918685913,784,29392059,0.08828449249267578
1.2940630912780762,785,29429794,0.08745050430297852
1.3586028814315796,786,29467068,0.08595848083496094
1.2652558088302612,787,29504565,0.08670902252197266
1.2366536855697632,788,29542524,0.08621501922607422
1.3019659519195557,789,29580259,0.08782124519348145
1.2768884897232056,790,29618282,0.08318495750427246
1.2834478616714478,791,29656041,0.08302736282348633
1.291642427444458,792,29693869,0.08841633796691895
1.3120545148849487,793,29731687,0.08627128601074219
1.2952345609664917,794,29769633,0.08662748336791992
1.2213908433914185,795,29807128,0.08678483963012695
1.3225852251052856,796,29844537,0.08515524864196777
1.292029857635498,797,29881952,0.07862401008605957
1.3400903940200806,798,29918843,0.08527660369873047
1.2823677062988281,799,29956750,0.08636236190795898
1.3409558534622192,800,29993127,0.08762049674987793
1.3091342449188232,801,30029761,0.0869746208190918
1.2828154563903809,802,30068362,0.09155654907226562
1.301944613456726,803,30106320,0.08329582214355469
1.2266411781311035,804,30144882,0.07940030097961426
1.2868621349334717,805,30182166,0.08674359321594238
1.307969093322754,806,30219823,0.08606553077697754
1.3637198209762573,807,30256085,0.08618521690368652
1.2727041244506836,808,30293675,0.08596396446228027
1.3009247779846191,809,30330655,0.08568191528320312
1.2626252174377441,810,30368406,0.08623671531677246
1.2225241661071777,811,30406885,0.0828397274017334
1.2723283767700195,812,30444455,0.07915759086608887
1.2807722091674805,813,30482073,0.08648324012756348
1.305922031402588,814,30519628,0.0859518051147461
1.318049669265747,815,30556856,0.08452272415161133
1.2859258651733398,816,30593663,0.08467650413513184
1.2490332126617432,817,30630920,0.08330464363098145
1.2898727655410767,818,30668356,0.08121585845947266
1.2546354532241821,819,30705582,0.07982254028320312
1.340719223022461,820,30743152,0.09277796745300293
1.2801874876022339,821,30780691,0.08739113807678223
1.250152587890625,822,30818454,0.08742427825927734
1.2713872194290161,823,30856397,0.0863499641418457
1.2301068305969238,824,30892607,0.08656573295593262
1.2318449020385742,825,30930551,0.08587002754211426
1.3312889337539673,826,30967643,0.08782362937927246
1.288071632385254,827,31005588,0.07030797004699707
1.305996060371399,828,31043610,0.085723876953125
1.2571297883987427,829,31081699,0.08780026435852051
1.261830449104309,830,31119212,0.08748435974121094
1.2781174182891846,831,31157067,0.09064173698425293
1.2656327486038208,832,31193961,0.08780407905578613
1.3059583902359009,833,31232111,0.08441472053527832
1.314428687095642,834,31269281,0.08205127716064453
1.2281239032745361,835,31308094,0.07705163955688477
1.275328516960144,836,31345505,0.08693289756774902
1.3556240797042847,837,31382225,0.08661937713623047
1.2439554929733276,838,31420571,0.08589053153991699
1.2860451936721802,839,31457407,0.08551025390625
1.2769756317138672,840,31495213,0.08636593818664551
1.1988248825073242,841,31533347,0.08361339569091797
1.2536338567733765,842,31571476,0.08328843116760254
1.3241679668426514,843,31608016,0.07941007614135742
1.2547377347946167,844,31645905,0.08613848686218262
1.2740691900253296,845,31682448,0.0858316421508789
1.2651351690292358,846,31720071,0.08584094047546387
1.2815910577774048,847,31757083,0.08610391616821289
1.268373727798462,848,31794097,0.08404350280761719
1.298457145690918,849,31831344,0.08368515968322754
1.249390721321106,850,31868393,0.0792853832244873
1.2667235136032104,851,31905360,0.08432483673095703
1.2926440238952637,852,31942804,0.0880429744720459
1.264635443687439,853,31980319,0.08615422248840332
1.2191215753555298,854,32018319,0.08689546585083008
1.2792067527770996,855,32055570,0.08559298515319824
1.2265357971191406,856,32093034,0.08859777450561523
1.2224310636520386,857,32130548,0.08645248413085938
1.2596814632415771,858,32167891,0.08426284790039062
1.241018295288086,859,32205538,0.09096789360046387
1.2435563802719116,860,32243181,0.08887863159179688
1.279345989227295,861,32280293,0.08664751052856445
1.2510327100753784,862,32318188,0.08531761169433594
1.3025912046432495,863,32355933,0.08614420890808105
1.2863736152648926,864,32393160,0.08751463890075684
1.2481226921081543,865,32429960,0.08737325668334961
1.285193920135498,866,32467514,0.07928752899169922
1.2761740684509277,867,32505083,0.08646202087402344
1.213706135749817,868,32543199,0.08625340461730957
1.2118383646011353,869,32580466,0.08472347259521484
1.2657372951507568,870,32617535,0.08723998069763184
1.2467820644378662,871,32654006,0.08669257164001465
1.175165057182312,872,32692851,0.08647394180297852
1.237720251083374,873,32730099,0.08879518508911133
1.280287504196167,874,32766987,0.08209109306335449
1.243446707725525,875,32804466,0.08778715133666992
1.220881462097168,876,32842525,0.08574247360229492
1.2522943019866943,877,32880031,0.08607316017150879
1.290272831916809,878,32917858,0.08683490753173828
1.2718905210494995,879,32955682,0.08787679672241211
1.2622706890106201,880,32993317,0.08607220649719238
1.2607388496398926,881,33031524,0.08097243309020996
1.2852658033370972,882,33068388,0.08706235885620117
1.2422850131988525,883,33106450,0.08637452125549316
1.2659717798233032,884,33144324,0.08652043342590332
1.3260982036590576,885,33181200,0.08652138710021973
1.2495518922805786,886,33219007,0.08465218544006348
1.2295645475387573,887,33257452,0.0862424373626709
1.2674254179000854,888,33295407,0.08567452430725098
1.2663158178329468,889,33333473,0.08246564865112305
1.3298419713974,890,33370103,0.0867776870727539
1.2835289239883423,891,33408038,0.0860595703125
1.2637293338775635,892,33445680,0.08841419219970703
1.2539143562316895,893,33482782,0.0865323543548584
1.2742152214050293,894,33519571,0.08745718002319336
1.2441154718399048,895,33557318,0.08785748481750488
1.2475159168243408,896,33595296,0.08785843849182129
1.2496463060379028,897,33633241,0.0823061466217041
1.2257599830627441,898,33670037,0.08684301376342773
1.2321161031723022,899,33707505,0.08702301979064941
1.2605974674224854,900,33744508,0.08060908317565918
1.2950375080108643,901,33781621,0.08424782752990723
1.2729597091674805,902,33818186,0.0870065689086914
1.1764549016952515,903,33856036,0.08623838424682617
1.2807044982910156,904,33893678,0.0857388973236084
1.2633503675460815,905,33930499,0.08778023719787598
1.273295283317566,906,33968513,0.07548356056213379
1.2921653985977173,907,34006394,0.08436441421508789
1.299575686454773,908,34042450,0.0859994888305664
1.3430125713348389,909,34078912,0.08646726608276367
1.1940618753433228,910,34117540,0.08808612823486328
1.2164764404296875,911,34156221,0.08599972724914551
1.189721941947937,912,34194444,0.08854818344116211
1.309370756149292,913,34230840,0.08370709419250488
1.1894882917404175,914,34269737,0.08890461921691895
1.2441107034683228,915,34307241,0.08598875999450684
1.2512845993041992,916,34344785,0.08953428268432617
1.243672490119934,917,34382906,0.0853736400604248
1.2067018747329712,918,34419843,0.08816266059875488
1.236615777015686,919,34458153,0.09035539627075195
1.299507975578308,920,34495130,0.08611655235290527
1.2610727548599243,921,34532543,0.08312559127807617
1.2841086387634277,922,34569139,0.07775616645812988
1.2486518621444702,923,34606637,0.08603334426879883
1.2948777675628662,924,34644014,0.08664846420288086
1.2170313596725464,925,34681300,0.08566856384277344
1.2644883394241333,926,34719093,0.08562731742858887
1.2718671560287476,927,34756722,0.08463549613952637
1.295196771621704,928,34793803,0.08560705184936523
1.2954500913619995,929,34831264,0.07941079139709473
1.18892240524292,930,34868642,0.08666324615478516
1.2059451341629028,931,34906269,0.08780789375305176
1.2259621620178223,932,34944181,0.08585000038146973
1.234233021736145,933,34982732,0.08742332458496094
1.33064603805542,934,35019458,0.08339691162109375
1.2017505168914795,935,35056838,0.08344078063964844
1.233289122581482,936,35093700,0.08413004875183105
1.2309926748275757,937,35132181,0.07880806922912598
1.284171223640442,938,35169176,0.08455753326416016
1.2376586198806763,939,35206766,0.08573460578918457
1.2064121961593628,940,35244781,0.08545207977294922
1.2165669202804565,941,35283892,0.08601760864257812
1.2614126205444336,942,35321192,0.08663678169250488
1.2638022899627686,943,35359575,0.08704066276550293
1.2378495931625366,944,35396929,0.08198428153991699
1.2428805828094482,945,35435707,0.08367466926574707
1.2678436040878296,946,35473165,0.08622026443481445
1.2390655279159546,947,35510686,0.08634757995605469
1.188430666923523,948,35549003,0.08609223365783691
1.3135614395141602,949,35586521,0.08587145805358887
1.2515064477920532,950,35624187,0.08616781234741211
1.2224788665771484,951,35662976,0.08702707290649414
1.2375942468643188,952,35700996,0.08611488342285156
1.259130835533142,953,35738447,0.08005809783935547
1.2325339317321777,954,35775751,0.08679676055908203
1.262412190437317,955,35812745,0.08514523506164551
1.2619249820709229,956,35850063,0.0865790843963623
1.2183847427368164,957,35888147,0.08180570602416992
1.2890348434448242,958,35925528,0.0866386890411377
1.2029143571853638,959,35963224,0.08147621154785156
1.2725576162338257,960,36001144,0.0815434455871582
1.2983298301696777,961,36037536,0.08666801452636719
1.201926589012146,962,36075793,0.08727502822875977
1.2250124216079712,963,36113526,0.08690237998962402
1.2854793071746826,964,36150592,0.08619213104248047
1.2389051914215088,965,36188024,0.08781099319458008
1.2603713274002075,966,36226070,0.08423233032226562
1.2211791276931763,967,36264846,0.0856485366821289
1.2410632371902466,968,36302527,0.0798039436340332
1.2068101167678833,969,36340338,0.08444666862487793
1.2586084604263306,970,36378283,0.08669114112854004
1.3275974988937378,971,36415243,0.08610367774963379
1.2560614347457886,972,36451984,0.0883641242980957
1.2430347204208374,973,36489485,0.08563947677612305
1.2471671104431152,974,36526372,0.08601570129394531
1.2134908437728882,975,36563838,0.08077812194824219
1.2123568058013916,976,36601800,0.08427834510803223
1.249464511871338,977,36640014,0.08581733703613281
1.2258050441741943,978,36677338,0.08659577369689941
1.2231600284576416,979,36714146,0.08496546745300293
1.2148526906967163,980,36752113,0.08632636070251465
1.244767427444458,981,36789045,0.0864567756652832
1.2519718408584595,982,36825855,0.08539319038391113
1.2490118741989136,983,36863167,0.08610272407531738
1.192749261856079,984,36902014,0.08117246627807617
1.2759510278701782,985,36940470,0.08609366416931152
1.2554491758346558,986,36977518,0.08749771118164062
1.2755855321884155,987,37015013,0.08719134330749512
1.2317689657211304,988,37052982,0.08592581748962402
1.2206425666809082,989,37091298,0.08716511726379395
1.2215266227722168,990,37129897,0.08574962615966797
1.2373747825622559,991,37167576,0.08417582511901855
1.2625418901443481,992,37204863,0.08865499496459961
1.2124807834625244,993,37243379,0.08370161056518555
1.257914423942566,994,37280519,0.08256125450134277
1.1624326705932617,995,37318372,0.08276033401489258
1.2414671182632446,996,37355617,0.0833895206451416
1.2036176919937134,997,37394259,0.0827186107635498
1.2201510667800903,998,37431766,0.08630681037902832
1.2382466793060303,999,37469168,0.07969141006469727
1.232948899269104,1000,37506656,0.08463883399963379
1.216572642326355,1001,37544285,0.08648967742919922
1.2562813758850098,1002,37581463,0.08829545974731445
1.2200684547424316,1003,37619757,0.09492754936218262
1.226637840270996,1004,37656575,0.08151602745056152
1.2428922653198242,1005,37694155,0.08951759338378906
1.2643482685089111,1006,37730500,0.08915448188781738
1.2573628425598145,1007,37768372,0.09039783477783203
1.2254029512405396,1008,37806112,0.08825325965881348
1.2513262033462524,1009,37844248,0.0847477912902832
1.2429696321487427,1010,37882224,0.08765673637390137
1.2211841344833374,1011,37919264,0.09331011772155762
1.186743974685669,1012,37956924,0.08344340324401855
1.2390424013137817,1013,37993885,0.08720803260803223
1.2045459747314453,1014,38031065,0.08155393600463867
1.2359588146209717,1015,38068291,0.09199404716491699
1.2809710502624512,1016,38104378,0.08389639854431152
1.296610951423645,1017,38140763,0.09154844284057617
1.2609472274780273,1018,38178154,0.08548355102539062
1.2408968210220337,1019,38215598,0.08930635452270508
1.2368454933166504,1020,38252279,0.08897590637207031
1.2845200300216675,1021,38289304,0.0957341194152832
1.1876953840255737,1022,38327103,0.08987545967102051
1.2586652040481567,1023,38364111,0.08826875686645508
1.2110848426818848,1024,38402013,0.08602786064147949
1.2280837297439575,1025,38439888,0.08876514434814453
1.1970412731170654,1026,38477603,0.0849153995513916
1.2982676029205322,1027,38515431,0.0879964828491211
1.2321728467941284,1028,38553187,0.0840761661529541
1.260460376739502,1029,38589920,0.0915381908416748
1.2252253293991089,1030,38627489,0.08333444595336914
1.2397769689559937,1031,38665304,0.08884906768798828
1.2970645427703857,1032,38702030,0.08621716499328613
1.1698963642120361,1033,38739479,0.08938384056091309
1.2298991680145264,1034,38777637,0.08837509155273438
1.2071688175201416,1035,38815784,0.08177423477172852
1.2461999654769897,1036,38853587,0.08478212356567383
1.2672288417816162,1037,38890587,0.08937644958496094
1.2448549270629883,1038,38927554,0.09116387367248535
1.24297297000885,1039,38966067,0.08665347099304199
1.188950538635254,1040,39003849,0.08984494209289551
1.256112813949585,1041,39040955,0.08919620513916016
1.235129952430725,1042,39078032,0.08310317993164062
1.2118592262268066,1043,39116514,0.08778977394104004
1.2477220296859741,1044,39153784,0.0851602554321289
1.2623200416564941,1045,39191039,0.08151030540466309
1.2518885135650635,1046,39228062,0.0910484790802002
1.2210661172866821,1047,39266338,0.08200740814208984
1.1928101778030396,1048,39304487,0.09182000160217285
1.220656156539917,1049,39341743,0.08252453804016113
1.1810178756713867,1050,39379609,0.09204244613647461
1.205245852470398,1051,39417530,0.07548213005065918
1.296305537223816,1052,39453587,0.09443044662475586
1.226452112197876,1053,39490681,0.08307981491088867
1.264600396156311,1054,39528187,0.09241843223571777
1.2320276498794556,1055,39566329,0.08255481719970703
1.2631332874298096,1056,39604121,0.08657455444335938
1.284332513809204,1057,39642326,0.09072518348693848
1.2675671577453613,1058,39679214,0.0855410099029541
1.2732861042022705,1059,39716840,0.08643817901611328
1.2312428951263428,1060,39754876,0.08794498443603516
1.2222511768341064,1061,39793071,0.08828139305114746
1.2505608797073364,1062,39830125,0.08870482444763184
1.2339991331100464,1063,39867229,0.0823051929473877
1.206459403038025,1064,39905693,0.08926677703857422
1.262277364730835,1065,39942875,0.08286261558532715
1.2589906454086304,1066,39979667,0.0924229621887207
1.2275159358978271,1067,40017277,0.08742165565490723
1.2333604097366333,1068,40054858,0.08133482933044434
1.2443240880966187,1069,40092088,0.08931565284729004
1.2215116024017334,1070,40130364,0.0791168212890625
1.2982767820358276,1071,40167597,0.08707046508789062
1.273544192314148,1072,40203997,0.08222436904907227
1.2215019464492798,1073,40241166,0.08608126640319824
1.2837485074996948,1074,40278662,0.08434867858886719
1.1812273263931274,1075,40317239,0.09263753890991211
1.265637755393982,1076,40354591,0.09260797500610352
1.2598119974136353,1077,40391876,0.08498787879943848
1.199768304824829,1078,40429698,0.0888984203338623
1.257158637046814,1079,40467212,0.08565664291381836
1.219292402267456,1080,40504320,0.08404541015625
1.2363286018371582,1081,40541974,0.09039664268493652
1.2552387714385986,1082,40580573,0.07162022590637207
1.2213647365570068,1083,40617839,0.09882020950317383
1.2104376554489136,1084,40655454,0.08730816841125488
1.2741940021514893,1085,40693327,0.08513951301574707
1.244240403175354,1086,40731522,0.08700799942016602
1.2505027055740356,1087,40768683,0.08176088333129883
1.2409298419952393,1088,40806004,0.09013819694519043
1.2722361087799072,1089,40842846,0.09261322021484375
1.2420636415481567,1090,40881073,0.0963289737701416
1.206414818763733,1091,40919204,0.09653377532958984
1.240403175354004,1092,40956458,0.0857546329498291
1.1774522066116333,1093,40994389,0.08246374130249023
1.257034420967102,1094,41031802,0.09171295166015625
1.246188998222351,1095,41068652,0.08411693572998047
1.2432252168655396,1096,41105752,0.08703422546386719
1.254185676574707,1097,41142826,0.08445549011230469
1.2395145893096924,1098,41179782,0.089874267578125
1.2416317462921143,1099,41216792,0.0839226245880127
1.2232797145843506,1100,41253648,0.0899815559387207
1.1881012916564941,1101,41291828,0.07984542846679688
1.2485649585723877,1102,41328957,0.10089659690856934
1.2431809902191162,1103,41366562,0.10159158706665039
1.2131298780441284,1104,41403471,0.08783960342407227
1.236767292022705,1105,41441750,0.09666681289672852
1.2154747247695923,1106,41479553,0.09229898452758789
1.2781331539154053,1107,41516972,0.09449934959411621
1.1985442638397217,1108,41554722,0.0986337661743164
1.2337191104888916,1109,41591971,0.09119129180908203
1.1988749504089355,1110,41630652,0.09763360023498535
1.2469725608825684,1111,41667500,0.09005951881408691
1.2433289289474487,1112,41704616,0.10155820846557617
1.1966688632965088,1113,41742500,0.09491777420043945
1.2706395387649536,1114,41778554,0.10083675384521484
1.291869044303894,1115,41816329,0.08550238609313965
1.199630856513977,1116,41855615,0.09687995910644531
1.170182704925537,1117,41893847,0.08869600296020508
1.2574747800827026,1118,41931721,0.08746933937072754
1.2491101026535034,1119,41968851,0.09489965438842773
1.1849706172943115,1120,42007052,0.09030938148498535
1.234716534614563,1121,42044838,0.09208321571350098
1.2420185804367065,1122,42082847,0.10488176345825195
1.2318482398986816,1123,42120977,0.07933831214904785
1.2557929754257202,1124,42157961,0.10600805282592773
1.1619033813476562,1125,42195634,0.07938456535339355
1.2261178493499756,1126,42233041,0.1049034595489502
1.258679747581482,1127,42269956,0.08516454696655273
1.21097731590271,1128,42307363,0.09770894050598145
1.258721113204956,1129,42344721,0.09894895553588867
1.222886085510254,1130,42382624,0.09068703651428223
1.2292842864990234,1131,42420474,0.09523916244506836
1.2382431030273438,1132,42457838,0.09605073928833008
1.22624933719635,1133,42494818,0.09001350402832031
1.2069686651229858,1134,42532178,0.08933115005493164
1.2259981632232666,1135,42569622,0.09265303611755371
1.2027405500411987,1136,42607343,0.10199952125549316
1.2329405546188354,1137,42644750,0.09053325653076172
1.1749659776687622,1138,42682657,0.09128046035766602
1.2108206748962402,1139,42719826,0.09594583511352539
1.215075135231018,1140,42757661,0.09507966041564941
1.2390341758728027,1141,42795310,0.09965038299560547
1.189675211906433,1142,42832993,0.0960991382598877
1.3002132177352905,1143,42868881,0.09347367286682129
1.2592270374298096,1144,42906145,0.0956125259399414
1.2747972011566162,1145,42944087,0.09261894226074219
1.2168934345245361,1146,42982541,0.09007024765014648
1.2571383714675903,1147,43019141,0.08763694763183594
1.242567777633667,1148,43056310,0.08975839614868164
1.2022669315338135,1149,43094291,0.0937502384185791
1.1828629970550537,1150,43131514,0.09381890296936035
1.2206743955612183,1151,43169016,0.10130000114440918
1.2412456274032593,1152,43207000,0.08847761154174805
1.2598812580108643,1153,43244592,0.09366965293884277
1.2252744436264038,1154,43282472,0.0915975570678711
1.2521198987960815,1155,43319775,0.09553170204162598
1.312558650970459,1156,43357021,0.09534049034118652
1.2134605646133423,1157,43394942,0.09459567070007324
1.2726233005523682,1158,43431848,0.08464217185974121
1.216222882270813,1159,43469413,0.0926821231842041
1.2221876382827759,1160,43506710,0.09292316436767578
1.2390847206115723,1161,43543226,0.08507728576660156
1.2141517400741577,1162,43580349,0.09351634979248047
1.2192165851593018,1163,43618060,0.09414124488830566
1.1788808107376099,1164,43656386,0.08996033668518066
1.1849247217178345,1165,43693901,0.0953512191772461
1.2293366193771362,1166,43731229,0.08533191680908203
1.1935796737670898,1167,43769243,0.09860062599182129
1.2154370546340942,1168,43806537,0.0827035903930664
1.2313587665557861,1169,43843937,0.09939146041870117
1.233486533164978,1170,43881928,0.09489226341247559
1.2416572570800781,1171,43919496,0.09076547622680664
1.227859377861023,1172,43957126,0.10363435745239258
1.2164918184280396,1173,43994760,0.09134149551391602
1.2480406761169434,1174,44032142,0.09115839004516602
1.227856993675232,1175,44069318,0.09235191345214844
1.282029151916504,1176,44105631,0.09763169288635254
1.21949303150177,1177,44143445,0.09386563301086426
1.2189513444900513,1178,44180863,0.08740997314453125
1.1924690008163452,1179,44219157,0.09668231010437012
1.2515740394592285,1180,44257084,0.08809685707092285
1.2298927307128906,1181,44294342,0.09310293197631836
1.2175078392028809,1182,44331762,0.09314489364624023
1.212641954421997,1183,44369468,0.09212684631347656
1.2536636590957642,1184,44406721,0.09333539009094238
1.1846435070037842,1185,44444021,0.0875859260559082
1.227392554283142,1186,44481872,0.09895849227905273
1.1845921277999878,1187,44519858,0.08639788627624512
1.208866000175476,1188,44557340,0.09537506103515625
1.1858773231506348,1189,44595469,0.09360027313232422
1.2507342100143433,1190,44632753,0.09220433235168457
1.1969786882400513,1191,44670326,0.09593963623046875
1.2108412981033325,1192,44707414,0.10028386116027832
1.2138170003890991,1193,44744571,0.08858895301818848
1.2283879518508911,1194,44782297,0.10182452201843262
1.2205510139465332,1195,44819769,0.09160947799682617
1.2151155471801758,1196,44857450,0.08821272850036621
1.2016209363937378,1197,44895255,0.09808850288391113
1.2149267196655273,1198,44933039,0.09546613693237305
1.2310656309127808,1199,44970674,0.09177207946777344
1.2189216613769531,1200,45007794,0.10015273094177246
1.2468152046203613,1201,45044063,0.10309863090515137
1.2500014305114746,1202,45081412,0.09271693229675293
1.2241196632385254,1203,45118479,0.09501910209655762
1.2430986166000366,1204,45156119,0.1002962589263916
1.2823814153671265,1205,45192475,0.0922842025756836
1.22577965259552,1206,45230613,0.08246326446533203
1.2100576162338257,1207,45267612,0.08981776237487793
1.2351891994476318,1208,45304557,0.09679079055786133
1.2065256834030151,1209,45341886,0.0875556468963623
1.202522873878479,1210,45379362,0.08915472030639648
1.2710057497024536,1211,45416718,0.0885171890258789
1.1927189826965332,1212,45454750,0.08561301231384277
1.2214536666870117,1213,45491792,0.08955073356628418
1.2295637130737305,1214,45529216,0.08210396766662598
1.2010011672973633,1215,45566810,0.08662843704223633
1.2309924364089966,1216,45603861,0.08567595481872559
1.2278823852539062,1217,45641782,0.0901498794555664
1.222180724143982,1218,45679063,0.0861203670501709
1.166909098625183,1219,45716873,0.08398842811584473
1.1884866952896118,1220,45755079,0.08684730529785156
1.1938666105270386,1221,45792778,0.08189153671264648
1.211081624031067,1222,45829719,0.08481216430664062
1.2425974607467651,1223,45866952,0.0878746509552002
1.243596076965332,1224,45903624,0.09218025207519531
1.2625727653503418,1225,45940720,0.09183239936828613
1.1831492185592651,1226,45979036,0.08763337135314941
1.1995042562484741,1227,46016138,0.08488798141479492
1.17904794216156,1228,46054316,0.0884544849395752
1.2105268239974976,1229,46092545,0.08502674102783203
1.2488751411437988,1230,46130255,0.08751368522644043
1.2030593156814575,1231,46168450,0.08698272705078125
1.2055639028549194,1232,46206573,0.08358621597290039
1.2362337112426758,1233,46243656,0.09372544288635254
1.1755995750427246,1234,46281453,0.08877396583557129
1.1734274625778198,1235,46319510,0.08687162399291992
1.2427823543548584,1236,46356654,0.08602261543273926
1.2222551107406616,1237,46394567,0.08515429496765137
1.27332603931427,1238,46431777,0.08401727676391602
1.2389367818832397,1239,46468539,0.09706377983093262
1.2250795364379883,1240,46506827,0.08848404884338379
1.279443383216858,1241,46544026,0.09050989151000977
1.2148517370224,1242,46582013,0.08495807647705078
1.2611769437789917,1243,46619156,0.08494377136230469
1.2287793159484863,1244,46656150,0.08446073532104492
1.2518588304519653,1245,46692132,0.09167098999023438
1.2227755784988403,1246,46729279,0.0864262580871582
1.218322515487671,1247,46767212,0.08588957786560059
1.2542070150375366,1248,46804574,0.08437633514404297
1.2265974283218384,1249,46842308,0.0886077880859375
1.2890377044677734,1250,46879525,0.08753204345703125
1.2426942586898804,1251,46916806,0.0930628776550293
1.2143415212631226,1252,46954527,0.0814824104309082
1.2467944622039795,1253,46991118,0.08985495567321777
1.2728685140609741,1254,47027847,0.08347129821777344
1.2236908674240112,1255,47064878,0.09278440475463867
1.2258092164993286,1256,47101717,0.08214092254638672
1.2388265132904053,1257,47138529,0.0885012149810791
1.2585889101028442,1258,47174811,0.08271574974060059
1.1988089084625244,1259,47212158,0.08394885063171387
1.2081681489944458,1260,47249051,0.08815932273864746
1.1735202074050903,1261,47285918,0.08547759056091309
1.2256784439086914,1262,47322840,0.08911514282226562
1.2343825101852417,1263,47360649,0.0902566909790039
1.2255825996398926,1264,47398084,0.0850372314453125
1.2167683839797974,1265,47434220,0.08918356895446777
1.2275078296661377,1266,47471109,0.08479881286621094
1.283227562904358,1267,47508579,0.0841364860534668
1.1413437128067017,1268,47547103,0.08698320388793945
1.2357959747314453,1269,47584717,0.08106708526611328
1.2091686725616455,1270,47622643,0.09239435195922852
1.191887617111206,1271,47661513,0.09592318534851074
1.2222858667373657,1272,47698513,0.08440423011779785
1.2195533514022827,1273,47735915,0.09080767631530762
1.1832720041275024,1274,47773273,0.0861358642578125
1.1989322900772095,1275,47810122,0.08634090423583984
1.1938787698745728,1276,47847443,0.09135079383850098
1.2135248184204102,1277,47885127,0.08272051811218262
1.1835083961486816,1278,47922585,0.08699488639831543
1.2132114171981812,1279,47959733,0.0874471664428711
1.224844217300415,1280,47997293,0.08289122581481934
1.2447032928466797,1281,48034929,0.08946037292480469
1.1290055513381958,1282,48073224,0.08252549171447754
1.1977338790893555,1283,48111202,0.08723664283752441
1.230738878250122,1284,48148108,0.08847546577453613
1.1898287534713745,1285,48186485,0.08384251594543457
1.2035536766052246,1286,48223978,0.09296512603759766
1.1563063859939575,1287,48262312,0.08971953392028809
1.1803293228149414,1288,48299514,0.09003162384033203
1.2355765104293823,1289,48337385,0.08491110801696777
1.1975024938583374,1290,48374380,0.08846664428710938
1.232936143875122,1291,48412174,0.08219647407531738
1.2256391048431396,1292,48449053,0.09442377090454102
1.2329795360565186,1293,48486494,0.09200334548950195
1.2169535160064697,1294,48522991,0.08767056465148926
1.2040513753890991,1295,48561147,0.09484744071960449
1.2090295553207397,1296,48598603,0.08915829658508301
1.1945044994354248,1297,48636155,0.08191561698913574
1.19091796875,1298,48673058,0.09101557731628418
1.208566665649414,1299,48710774,0.08552789688110352
1.2520616054534912,1300,48748294,0.08199763298034668
1.1805624961853027,1301,48785725,0.09455418586730957
1.1690067052841187,1302,48824126,0.09513568878173828
1.2052124738693237,1303,48862724,0.07468509674072266
1.223526120185852,1304,48900657,0.07830524444580078
1.2440141439437866,1305,48937085,0.08575749397277832
1.2188504934310913,1306,48974402,0.08423900604248047
1.2027641534805298,1307,49012759,0.0884542465209961
1.1767163276672363,1308,49050648,0.0876007080078125
1.1852012872695923,1309,49088506,0.08799147605895996
1.236716628074646,1310,49125992,0.0876321792602539
1.2394099235534668,1311,49163444,0.08307814598083496
1.2172572612762451,1312,49201991,0.08230042457580566
1.2155741453170776,1313,49239068,0.08618974685668945
1.2358863353729248,1314,49276889,0.08310890197753906
1.1745787858963013,1315,49314850,0.08278822898864746
1.2062296867370605,1316,49351956,0.08217072486877441
1.2455908060073853,1317,49389292,0.08323359489440918
1.2181129455566406,1318,49426869,0.08335590362548828
1.2204105854034424,1319,49464489,0.07973718643188477
1.2477059364318848,1320,49502235,0.08845067024230957
1.2354397773742676,1321,49540152,0.0783994197845459
1.2248255014419556,1322,49577946,0.08446025848388672
1.2132381200790405,1323,49615216,0.08693766593933105
1.2221386432647705,1324,49653131,0.08614540100097656
1.1322097778320312,1325,49692029,0.08621716499328613
1.201602816581726,1326,49729434,0.08624696731567383
1.1594783067703247,1327,49766929,0.08559846878051758
1.2561109066009521,1328,49804053,0.086181640625
1.1734687089920044,1329,49841829,0.0836496353149414
1.2332243919372559,1330,49879276,0.08303451538085938
1.1729836463928223,1331,49917518,0.08302903175354004
1.1974658966064453,1332,49954997,0.0830848217010498
1.1960053443908691,1333,49993037,0.08291125297546387
1.2246811389923096,1334,50030595,0.08304166793823242
1.2587594985961914,1335,50067657,0.07927513122558594
1.3026447296142578,1336,50104467,0.08773255348205566
1.1931160688400269,1337,50141840,0.08463120460510254
1.2686846256256104,1338,50177922,0.08641552925109863
1.200194239616394,1339,50215063,0.08561468124389648
1.1547681093215942,1340,50252868,0.08536767959594727
1.2417442798614502,1341,50289928,0.0847940444946289
1.2305271625518799,1342,50328147,0.08296537399291992
1.2125067710876465,1343,50365851,0.08373308181762695
1.2659337520599365,1344,50402479,0.08334755897521973
1.2074511051177979,1345,50440022,0.08336234092712402
1.206521987915039,1346,50477716,0.08382868766784668
1.1565358638763428,1347,50515756,0.08579850196838379
1.1683038473129272,1348,50554224,0.0829625129699707
1.148376703262329,1349,50592444,0.0832526683807373
1.2246568202972412,1350,50630243,0.0794675350189209
1.2257978916168213,1351,50667135,0.08995389938354492
1.2094340324401855,1352,50705958,0.08632898330688477
1.1775623559951782,1353,50742984,0.08666515350341797
1.1735506057739258,1354,50780610,0.08587408065795898
1.2516019344329834,1355,50818768,0.08667111396789551
1.2162643671035767,1356,50856334,0.08605718612670898
1.2499480247497559,1357,50893834,0.08613109588623047
1.2127118110656738,1358,50930045,0.08693337440490723
1.2192368507385254,1359,50967582,0.08583235740661621
1.1777962446212769,1360,51005533,0.08604860305786133
1.1939820051193237,1361,51043113,0.08582162857055664
1.205378532409668,1362,51080043,0.08817672729492188
1.1814762353897095,1363,51117830,0.08644604682922363
1.1719233989715576,1364,51155715,0.08742284774780273
1.1632945537567139,1365,51193737,0.08634161949157715
1.1972931623458862,1366,51232010,0.08406710624694824
1.244288444519043,1367,51268188,0.08460712432861328
1.2259182929992676,1368,51306008,0.09027743339538574
1.2230064868927002,1369,51343171,0.08679461479187012
1.1625385284423828,1370,51381123,0.0867314338684082
1.2235515117645264,1371,51418249,0.08687210083007812
1.2472162246704102,1372,51455549,0.08766555786132812
1.190468668937683,1373,51493820,0.08529305458068848
1.2437278032302856,1374,51531096,0.08811283111572266
1.2002465724945068,1375,51568378,0.08307647705078125
1.256800889968872,1376,51605751,0.08775758743286133
1.2032536268234253,1377,51643363,0.08575701713562012
1.185970664024353,1378,51680281,0.08649373054504395
1.2342296838760376,1379,51716799,0.08381175994873047
1.1501129865646362,1380,51755358,0.08486151695251465
1.1737360954284668,1381,51793878,0.07866168022155762
1.2118518352508545,1382,51831682,0.08230161666870117
1.202264666557312,1383,51869026,0.08840751647949219
1.257156252861023,1384,51905492,0.08671998977661133
1.1946113109588623,1385,51942821,0.08624124526977539
1.1682944297790527,1386,51981574,0.08550190925598145
1.1970986127853394,1387,52019663,0.08629989624023438
1.2583911418914795,1388,52056968,0.08681178092956543
1.1502234935760498,1389,52094737,0.086273193359375
1.2483443021774292,1390,52132258,0.08670473098754883
1.2061083316802979,1391,52169693,0.08688592910766602
1.1876908540725708,1392,52206788,0.08562588691711426
1.1823781728744507,1393,52245435,0.08752059936523438
1.200810194015503,1394,52282613,0.08326172828674316
1.2091411352157593,1395,52319697,0.08274459838867188
1.2393659353256226,1396,52357652,0.08267807960510254
1.1800190210342407,1397,52395850,0.07937955856323242
1.217834234237671,1398,52433312,0.08392810821533203
1.2097153663635254,1399,52470558,0.08859801292419434
1.2010411024093628,1400,52508588,0.0875241756439209
1.1748861074447632,1401,52546282,0.08671736717224121
1.2014243602752686,1402,52583788,0.08774709701538086
1.244519829750061,1403,52620704,0.08389687538146973
1.2206306457519531,1404,52658210,0.08573102951049805
1.1608806848526,1405,52695358,0.08351016044616699
1.1448699235916138,1406,52733393,0.08600926399230957
1.2140389680862427,1407,52770608,0.08547163009643555
1.1875035762786865,1408,52808226,0.08596682548522949
1.265726089477539,1409,52845037,0.08680868148803711
1.176263689994812,1410,52883108,0.08713030815124512
1.1768792867660522,1411,52920815,0.08208203315734863
1.255609154701233,1412,52958598,0.08523154258728027
1.1676130294799805,1413,52996040,0.08190298080444336
1.191713809967041,1414,53034399,0.08852481842041016
1.1987589597702026,1415,53072186,0.0863800048828125
1.230789065361023,1416,53109900,0.08635783195495605
1.2272355556488037,1417,53147680,0.08657002449035645
1.2266484498977661,1418,53185051,0.08620023727416992
1.1907883882522583,1419,53222455,0.08598971366882324
1.206864833831787,1420,53260050,0.0857548713684082
1.1881110668182373,1421,53296994,0.08628416061401367
1.1637613773345947,1422,53334833,0.08676791191101074
1.244109034538269,1423,53371898,0.08597326278686523
1.1472488641738892,1424,53410474,0.08682036399841309
1.1665245294570923,1425,53447164,0.08514881134033203
1.1734592914581299,1426,53484430,0.08484125137329102
1.1611192226409912,1427,53522406,0.0838003158569336
1.1906965970993042,1428,53559746,0.08968448638916016
1.2481143474578857,1429,53596328,0.08103775978088379
1.2321138381958008,1430,53633479,0.08630776405334473
1.2251373529434204,1431,53670177,0.08686375617980957
1.2353073358535767,1432,53708037,0.08646559715270996
1.267778992652893,1433,53744515,0.08607959747314453
1.2467538118362427,1434,53781545,0.08740806579589844
1.208000898361206,1435,53819066,0.08635568618774414
1.21504807472229,1436,53856164,0.08637070655822754
1.1833840608596802,1437,53894185,0.08765149116516113
1.1700775623321533,1438,53931879,0.08768153190612793
1.17718505859375,1439,53969824,0.0868215560913086
1.2038918733596802,1440,54006986,0.08625483512878418
1.205116868019104,1441,54044117,0.08685779571533203
1.1847914457321167,1442,54081870,0.08214426040649414
1.1656416654586792,1443,54119829,0.08712339401245117
1.2250512838363647,1444,54157244,0.08417463302612305
1.2076380252838135,1445,54195306,0.08941388130187988
1.2054119110107422,1446,54233433,0.08618521690368652
1.163797378540039,1447,54271657,0.08645963668823242
1.1739096641540527,1448,54308854,0.08644843101501465
1.1963218450546265,1449,54345568,0.08650946617126465
1.161592721939087,1450,54383948,0.08627152442932129
1.1454272270202637,1451,54422153,0.08620190620422363
1.1512104272842407,1452,54460717,0.08584308624267578
1.2150487899780273,1453,54498281,0.08629179000854492
1.1932313442230225,1454,54535870,0.0859992504119873
1.1930968761444092,1455,54573175,0.0857703685760498
1.1695754528045654,1456,54611252,0.08609843254089355
1.2048965692520142,1457,54649508,0.08664417266845703
1.1607297658920288,1458,54687311,0.0855865478515625
1.190147876739502,1459,54725425,0.0894765853881836
1.2543925046920776,1460,54762576,0.08112788200378418
1.198928952217102,1461,54800998,0.08771848678588867
1.2440261840820312,1462,54838397,0.08700799942016602
1.2201262712478638,1463,54875860,0.0865030288696289
1.2082955837249756,1464,54912725,0.08469557762145996
1.171244740486145,1465,54950523,0.08610296249389648
1.2300211191177368,1466,54987780,0.08618378639221191
1.2751106023788452,1467,55024559,0.0865175724029541
1.2499138116836548,1468,55061024,0.08641505241394043
1.1658481359481812,1469,55098531,0.08219170570373535
1.239070177078247,1470,55136801,0.07819819450378418
1.1548718214035034,1471,55175058,0.08169054985046387
1.2617939710617065,1472,55211842,0.08449697494506836
1.183939814567566,1473,55249365,0.07506728172302246
1.1779297590255737,1474,55286789,0.0857999324798584
1.2022992372512817,1475,55324915,0.08561348915100098
1.1971217393875122,1476,55362415,0.08274126052856445
1.2497549057006836,1477,55399179,0.08664178848266602
1.2019251585006714,1478,55436768,0.08700251579284668
1.162138819694519,1479,55474121,0.09371280670166016
1.2198683023452759,1480,55512294,0.08751106262207031
1.1674717664718628,1481,55550271,0.08788633346557617
1.1791236400604248,1482,55588141,0.08727002143859863
1.168655276298523,1483,55625798,0.08155941963195801
1.2144659757614136,1484,55663721,0.08478379249572754
1.169264316558838,1485,55700834,0.08794856071472168
1.1700823307037354,1486,55738967,0.08426237106323242
1.2008837461471558,1487,55776912,0.08308911323547363
1.1688146591186523,1488,55814251,0.0791935920715332
1.2090739011764526,1489,55851492,0.07860207557678223
1.1448793411254883,1490,55889321,0.0858001708984375
1.2728110551834106,1491,55926843,0.08453512191772461
1.1981785297393799,1492,55964343,0.08185076713562012
1.2297354936599731,1493,56001525,0.08600044250488281
1.2172259092330933,1494,56038606,0.08744382858276367
1.1929636001586914,1495,56076291,0.08621954917907715
1.2046377658843994,1496,56114233,0.08689761161804199
1.223875880241394,1497,56151321,0.08594703674316406
1.1786397695541382,1498,56188297,0.08743119239807129
1.2002620697021484,1499,56225258,0.08617496490478516
1.206014633178711,1500,56263458,0.08787918090820312
1.2060467004776,1501,56299915,0.08763837814331055
1.1849614381790161,1502,56337447,0.08198046684265137
1.1946827173233032,1503,56375350,0.08021306991577148
1.246619462966919,1504,56411903,0.08223462104797363
1.1782137155532837,1505,56449694,0.08977007865905762
1.2165313959121704,1506,56487543,0.08976340293884277
1.2486252784729004,1507,56525379,0.08637523651123047
1.2172331809997559,1508,56563410,0.08732724189758301
1.2308319807052612,1509,56601275,0.09158205986022949
1.1391302347183228,1510,56639213,0.08907127380371094
1.2305676937103271,1511,56676020,0.08883047103881836
1.2102580070495605,1512,56713507,0.08643245697021484
1.1455377340316772,1513,56751198,0.08491635322570801
1.2189700603485107,1514,56789156,0.08864450454711914
1.2402288913726807,1515,56826104,0.0875558853149414
1.1280505657196045,1516,56864228,0.08809757232666016
1.1765246391296387,1517,56902290,0.0884404182434082
1.2062208652496338,1518,56939412,0.08314681053161621
1.2054628133773804,1519,56977242,0.08536815643310547
1.1407006978988647,1520,57015360,0.0703883171081543
1.1902447938919067,1521,57053023,0.08706831932067871
1.1497082710266113,1522,57091877,0.08622527122497559
1.2354971170425415,1523,57128138,0.08593988418579102
1.1735234260559082,1524,57165347,0.08553767204284668
1.190521240234375,1525,57203605,0.08809041976928711
1.2355176210403442,1526,57240704,0.08834719657897949
1.1731325387954712,1527,57277486,0.08696150779724121
1.2425882816314697,1528,57313824,0.08144068717956543
1.169211745262146,1529,57351909,0.08484959602355957
1.2339913845062256,1530,57388522,0.08681631088256836
1.1873931884765625,1531,57426114,0.08714437484741211
1.1449143886566162,1532,57463951,0.08767938613891602
1.1597018241882324,1533,57501693,0.08570647239685059
1.159761905670166,1534,57539370,0.08715558052062988
1.2214372158050537,1535,57575798,0.08678030967712402
1.1408408880233765,1536,57613926,0.08463907241821289
1.1459689140319824,1537,57652380,0.08805203437805176
1.1434016227722168,1538,57690625,0.08490705490112305
1.166425347328186,1539,57727514,0.08254051208496094
1.1989179849624634,1540,57765148,0.08399796485900879
1.219761848449707,1541,57803323,0.08707976341247559
1.1915011405944824,1542,57840614,0.08620643615722656
1.1922142505645752,1543,57878115,0.08740568161010742
1.1544911861419678,1544,57916673,0.08551740646362305
1.2134908437728882,1545,57955516,0.08754754066467285
1.1627922058105469,1546,57993289,0.0860447883605957
1.1923211812973022,1547,58031092,0.08631277084350586
1.1099387407302856,1548,58069886,0.0872795581817627
1.1951700448989868,1549,58106945,0.08710408210754395
1.187684178352356,1550,58144831,0.08600664138793945
1.1995936632156372,1551,58181656,0.08204483985900879
1.2003551721572876,1552,58219183,0.08772945404052734
1.1613080501556396,1553,58257298,0.08631467819213867
1.2339128255844116,1554,58294268,0.08719277381896973
1.186657428741455,1555,58332110,0.08667612075805664
1.117315649986267,1556,58370762,0.08796453475952148
1.1902949810028076,1557,58408783,0.08859848976135254
1.2422665357589722,1558,58446578,0.0883481502532959
1.218453288078308,1559,58483746,0.08040046691894531
1.2011419534683228,1560,58521371,0.08652329444885254
1.2214583158493042,1561,58558614,0.08619022369384766
1.1587964296340942,1562,58596919,0.08596944808959961
1.189619541168213,1563,58635223,0.08711099624633789
1.204495906829834,1564,58672611,0.08757925033569336
1.1388309001922607,1565,58711024,0.08669209480285645
1.1998927593231201,1566,58749122,0.087127685546875
1.1534843444824219,1567,58786490,0.08540177345275879
1.21054208278656,1568,58825407,0.08800005912780762
1.1489604711532593,1569,58863327,0.08761787414550781
1.251733660697937,1570,58899895,0.08822417259216309
1.211474895477295,1571,58936901,0.08564138412475586
1.2404924631118774,1572,58973711,0.08574390411376953
1.2455403804779053,1573,59011023,0.08342885971069336
1.1895992755889893,1574,59048490,0.08661675453186035
1.186921238899231,1575,59086273,0.0806276798248291
1.1665226221084595,1576,59124334,0.08515334129333496
1.1680715084075928,1577,59161889,0.0884096622467041
1.1581792831420898,1578,59200544,0.0878455638885498
1.1806271076202393,1579,59238224,0.0860602855682373
1.1622811555862427,1580,59275810,0.08635520935058594
1.1648695468902588,1581,59313876,0.08685517311096191
1.1734412908554077,1582,59352106,0.08122444152832031
1.2204837799072266,1583,59389185,0.08554792404174805
1.2012231349945068,1584,59427139,0.08586382865905762
1.2323598861694336,1585,59464184,0.08678841590881348
1.1917659044265747,1586,59501539,0.08740067481994629
1.2132023572921753,1587,59538640,0.08665633201599121
1.1754825115203857,1588,59575631,0.08800578117370605
1.206585168838501,1589,59613682,0.08455133438110352
1.201561689376831,1590,59651060,0.08122420310974121
1.1723952293395996,1591,59688475,0.08475089073181152
1.2130353450775146,1592,59725627,0.08673334121704102
1.184936761856079,1593,59763615,0.08725523948669434
1.2355785369873047,1594,59800416,0.08753108978271484
1.1893547773361206,1595,59838453,0.08641290664672852
1.160066843032837,1596,59876485,0.08825016021728516
1.20526921749115,1597,59914192,0.08758878707885742
1.2328914403915405,1598,59951205,0.08267879486083984
1.171485185623169,1599,59988505,0.08973383903503418
1.2368990182876587,1600,60024775,0.08756518363952637
1.202646017074585,1601,60061807,0.08606982231140137
1.1489595174789429,1602,60098770,0.09529709815979004
1.1578996181488037,1603,60136906,0.09352326393127441
1.213303804397583,1604,60173755,0.09084796905517578
1.134061336517334,1605,60212244,0.08350157737731934
1.1864770650863647,1606,60249488,0.08414936065673828
1.2039296627044678,1607,60287007,0.08612799644470215
1.17764151096344,1608,60324805,0.08611941337585449
1.1592023372650146,1609,60362363,0.0859830379486084
1.1602152585983276,1610,60399708,0.08575654029846191
1.1914548873901367,1611,60437459,0.08802556991577148
1.252787709236145,1612,60474822,0.08585667610168457
1.1557073593139648,1613,60512650,0.08629059791564941
1.181958556175232,1614,60550129,0.08159923553466797
1.1589432954788208,1615,60587976,0.08784627914428711
1.1591707468032837,1616,60626369,0.08547472953796387
1.226101279258728,1617,60663479,0.08789873123168945
1.2137117385864258,1618,60699843,0.08850955963134766
1.190010905265808,1619,60737529,0.0882105827331543
1.1727560758590698,1620,60774688,0.0879518985748291
1.2100363969802856,1621,60812495,0.0834810733795166
1.1830147504806519,1622,60851112,0.08686566352844238
1.1483651399612427,1623,60888519,0.08670926094055176
1.1689486503601074,1624,60927241,0.0875852108001709
1.1779555082321167,1625,60965566,0.08762526512145996
1.1873376369476318,1626,61003221,0.08450627326965332
1.223901629447937,1627,61041590,0.08581304550170898
1.2050412893295288,1628,61079278,0.0867147445678711
1.1765079498291016,1629,61116775,0.08272671699523926
1.1883561611175537,1630,61153693,0.07721686363220215
1.18840491771698,1631,61191764,0.08500981330871582
1.1700944900512695,1632,61228792,0.08573746681213379
1.2136183977127075,1633,61265388,0.08641171455383301
1.1728578805923462,1634,61303674,0.08366227149963379
1.1782580614089966,1635,61341011,0.08305692672729492
1.1685163974761963,1636,61378718,0.07940101623535156
1.194230556488037,1637,61415896,0.08440876007080078
1.175338625907898,1638,61453582,0.08619356155395508
1.213661789894104,1639,61491795,0.08684945106506348
1.12845778465271,1640,61529645,0.0886693000793457
1.1879758834838867,1641,61567153,0.08591055870056152
1.1667072772979736,1642,61604690,0.08788275718688965
1.24735689163208,1643,61643241,0.08630633354187012
1.1481198072433472,1644,61680416,0.08771324157714844
1.2432477474212646,1645,61717877,0.08215713500976562
1.18009352684021,1646,61754708,0.08625221252441406
1.192692756652832,1647,61792241,0.0861055850982666
1.2503103017807007,1648,61830234,0.08784937858581543
1.1303942203521729,1649,61867886,0.08651447296142578
1.1966681480407715,1650,61905305,0.08779597282409668
1.2128125429153442,1651,61943309,0.08246970176696777
1.1753747463226318,1652,61981041,0.07802987098693848
1.1877150535583496,1653,62018420,0.0894463062286377
1.1713414192199707,1654,62056782,0.08888077735900879
1.1417343616485596,1655,62094001,0.08399820327758789
1.214813232421875,1656,62131426,0.0839240550994873
1.2324388027191162,1657,62168641,0.08483409881591797
1.196323275566101,1658,62206053,0.08546280860900879
1.2229011058807373,1659,62243226,0.08622908592224121
1.1881757974624634,1660,62281210,0.08163094520568848
1.241235375404358,1661,62317194,0.07774162292480469
1.2106969356536865,1662,62354624,0.08597207069396973
1.2103928327560425,1663,62391594,0.08668994903564453
1.1735457181930542,1664,62428882,0.0883629322052002
1.2626763582229614,1665,62466313,0.08310937881469727
1.206310510635376,1666,62503215,0.08323121070861816
1.2203056812286377,1667,62540180,0.07953310012817383
1.1810381412506104,1668,62577624,0.08427572250366211
1.1554548740386963,1669,62615148,0.08558416366577148
1.177318811416626,1670,62653096,0.0882253646850586
1.1563810110092163,1671,62690287,0.08784151077270508
1.1709963083267212,1672,62728439,0.08745551109313965
1.172805666923523,1673,62765990,0.08864450454711914
1.196081519126892,1674,62803157,0.08614134788513184
1.2410632371902466,1675,62839944,0.08622932434082031
1.160552740097046,1676,62877339,0.08203816413879395
1.168771743774414,1677,62914606,0.08648824691772461
1.196581482887268,1678,62951860,0.08584284782409668
1.2174992561340332,1679,62988350,0.08601641654968262
1.1769883632659912,1680,63026133,0.08628106117248535
1.2314143180847168,1681,63062663,0.08905267715454102
1.1811378002166748,1682,63099667,0.08805513381958008
1.167832612991333,1683,63137568,0.08253622055053711
1.1727339029312134,1684,63175275,0.08617687225341797
1.1653972864151,1685,63213066,0.08625602722167969
1.1584893465042114,1686,63250743,0.08711886405944824
1.1980745792388916,1687,63287681,0.08513450622558594
1.1513787508010864,1688,63326025,0.08308935165405273
1.1780625581741333,1689,63364144,0.08244800567626953
1.1830298900604248,1690,63401422,0.08277511596679688
1.1495251655578613,1691,63439391,0.0836184024810791
1.2106108665466309,1692,63476811,0.07955479621887207
1.188513994216919,1693,63514196,0.0871119499206543
1.1626173257827759,1694,63551666,0.08584737777709961
1.1797555685043335,1695,63588879,0.08551025390625
1.2379885911941528,1696,63625968,0.08298897743225098
1.1825934648513794,1697,63664390,0.08287882804870605
1.2377980947494507,1698,63700168,0.07835865020751953
1.172770380973816,1699,63738078,0.08459186553955078
1.2334643602371216,1700,63774911,0.0862271785736084
1.1479485034942627,1701,63812669,0.08774447441101074
1.1744844913482666,1702,63850129,0.09305548667907715
1.1902482509613037,1703,63887561,0.08637046813964844
1.1408746242523193,1704,63925298,0.08736586570739746
1.1455562114715576,1705,63963361,0.09384727478027344
1.1548025608062744,1706,64000886,0.08908891677856445
1.1604485511779785,1707,64038122,0.08605599403381348
1.1565388441085815,1708,64075786,0.08280444145202637
1.1242027282714844,1709,64114115,0.08693432807922363
1.20583975315094,1710,64152060,0.08559942245483398
1.173295021057129,1711,64190051,0.0861968994140625
1.2293875217437744,1712,64227423,0.08668351173400879
1.1492785215377808,1713,64265607,0.08643198013305664
1.1845464706420898,1714,64303085,0.08746910095214844
1.1971546411514282,1715,64339389,0.0792386531829834
1.198052167892456,1716,64377198,0.08589959144592285
1.1862618923187256,1717,64414564,0.08829760551452637
1.1777786016464233,1718,64452080,0.08672666549682617
1.2377610206604004,1719,64488794,0.08674407005310059
1.1868410110473633,1720,64526304,0.08334803581237793
1.1978049278259277,1721,64563512,0.08295273780822754
1.2277050018310547,1722,64600758,0.08284997940063477
1.1970443725585938,1723,64638510,0.08289313316345215
1.2133448123931885,1724,64675849,0.0850837230682373
1.1670758724212646,1725,64713426,0.08625435829162598
1.1595653295516968,1726,64750450,0.08593606948852539
1.24563729763031,1727,64786742,0.08544278144836426
1.1697067022323608,1728,64824627,0.0868525505065918
1.1942381858825684,1729,64861800,0.08486509323120117
1.1739846467971802,1730,64898851,0.08142209053039551
1.117268443107605,1731,64937257,0.08741235733032227
1.1812461614608765,1732,64975781,0.08594179153442383
1.1702378988265991,1733,65013305,0.08893918991088867
1.1779488325119019,1734,65050850,0.09317278861999512
1.1607897281646729,1735,65088648,0.08742928504943848
1.1845495700836182,1736,65126610,0.08627796173095703
1.2194466590881348,1737,65164266,0.08369612693786621
1.2000547647476196,1738,65202193,0.08095264434814453
1.1765550374984741,1739,65239965,0.07703375816345215
1.1199183464050293,1740,65278749,0.08644914627075195
1.1898905038833618,1741,65315733,0.0879983901977539
1.1251940727233887,1742,65354606,0.08522152900695801
1.1940444707870483,1743,65391936,0.08588171005249023
1.2032209634780884,1744,65429473,0.08505725860595703
1.1906236410140991,1745,65467490,0.08295226097106934
1.2243056297302246,1746,65505362,0.0795590877532959
1.1285101175308228,1747,65543384,0.0871739387512207
1.2029662132263184,1748,65580140,0.08700776100158691
1.1975681781768799,1749,65616737,0.08574295043945312
1.232349157333374,1750,65653722,0.08687186241149902
1.1859169006347656,1751,65691314,0.08331727981567383
1.1823694705963135,1752,65728831,0.08356451988220215
1.1610935926437378,1753,65766710,0.08274722099304199
1.1943150758743286,1754,65804883,0.08222246170043945
1.1693181991577148,1755,65842237,0.08462929725646973
1.169084072113037,1756,65880099,0.08628082275390625
1.1687482595443726,1757,65918089,0.08729243278503418
1.1440588235855103,1758,65956039,0.08749127388000488
1.2115646600723267,1759,65992682,0.08730244636535645
1.2362257242202759,1760,66029393,0.08545589447021484
1.1947358846664429,1761,66067093,0.08331918716430664
1.181423544883728,1762,66105015,0.08651208877563477
1.1912175416946411,1763,66142436,0.08674263954162598
1.2285326719284058,1764,66179860,0.08685159683227539
1.1338053941726685,1765,66218544,0.0863196849822998
1.2239803075790405,1766,66256231,0.08769917488098145
1.2027238607406616,1767,66294739,0.08565545082092285
1.1514142751693726,1768,66332496,0.08726930618286133
1.206890344619751,1769,66370325,0.08527803421020508
1.172161340713501,1770,66408149,0.07979011535644531
1.1418646574020386,1771,66446270,0.08657240867614746
1.1858092546463013,1772,66483946,0.08665204048156738
1.1283164024353027,1773,66521613,0.08691549301147461
1.2357633113861084,1774,66558999,0.08588528633117676
1.18914794921875,1775,66596936,0.08743143081665039
1.167386531829834,1776,66634263,0.08787941932678223
1.1888359785079956,1777,66672225,0.08004331588745117
1.1803969144821167,1778,66709419,0.08585453033447266
1.1562304496765137,1779,66748559,0.08605217933654785
1.1965351104736328,1780,66785877,0.08567547798156738
1.2000508308410645,1781,66824112,0.08748269081115723
1.1318730115890503,1782,66862177,0.08537054061889648
1.1515995264053345,1783,66900247,0.08379745483398438
1.157989263534546,1784,66937677,0.08359837532043457
1.1627366542816162,1785,66975432,0.07835769653320312
1.1859568357467651,1786,67013111,0.0850834846496582
1.228300929069519,1787,67050323,0.08650541305541992
1.202074408531189,1788,67087676,0.0875558853149414
1.1929728984832764,1789,67124588,0.0862879753112793
1.1891517639160156,1790,67161715,0.08720970153808594
1.1427550315856934,1791,67199761,0.08812832832336426
1.143493413925171,1792,67238660,0.08307075500488281
1.1939518451690674,1793,67276635,0.08630919456481934
1.2312754392623901,1794,67314710,0.08635640144348145
1.175681233406067,1795,67352024,0.0858457088470459
1.1711950302124023,1796,67389658,0.08583831787109375
1.231972575187683,1797,67426073,0.08704137802124023
1.1390283107757568,1798,67464302,0.08599472045898438
1.1899904012680054,1799,67501760,0.08570146560668945
1.1815656423568726,1800,67539769,0.07964563369750977
1.1838741302490234,1801,67577018,0.0814061164855957
1.2174320220947266,1802,67614186,0.08819913864135742
1.2290701866149902,1803,67650986,0.08597517013549805
1.2578476667404175,1804,67687546,0.08672904968261719
1.1512973308563232,1805,67725519,0.0819404125213623
1.151916742324829,1806,67763617,0.08715152740478516
1.1861602067947388,1807,67801210,0.08580946922302246
1.1573197841644287,1808,67838808,0.08659148216247559
1.1966966390609741,1809,67876007,0.08600378036499023
1.1729222536087036,1810,67913944,0.08592510223388672
1.1592293977737427,1811,67951209,0.08622336387634277
1.1921303272247314,1812,67988551,0.0853121280670166
1.1914703845977783,1813,68024939,0.08676886558532715
1.1880100965499878,1814,68062463,0.08613801002502441
1.1598594188690186,1815,68099928,0.08612823486328125
1.2092726230621338,1816,68136813,0.08380460739135742
1.1568530797958374,1817,68174258,0.08499670028686523
1.1554853916168213,1818,68211791,0.08639931678771973
1.2233295440673828,1819,68248686,0.0850830078125
1.2069703340530396,1820,68286529,0.08741331100463867
1.2167673110961914,1821,68323329,0.08509016036987305
1.1684143543243408,1822,68361761,0.0861058235168457
1.2328819036483765,1823,68399469,0.08665990829467773
1.1285653114318848,1824,68438226,0.08696746826171875
1.1389563083648682,1825,68476545,0.08687543869018555
1.1856447458267212,1826,68514167,0.08621573448181152
1.1566414833068848,1827,68552137,0.08617639541625977
1.1269577741622925,1828,68590165,0.08556270599365234
1.1972101926803589,1829,68627348,0.0850369930267334
1.1632133722305298,1830,68664640,0.08634734153747559
1.1733431816101074,1831,68702016,0.08677196502685547
1.2007973194122314,1832,68739766,0.0844883918762207
1.1705410480499268,1833,68777300,0.08585667610168457
1.190026879310608,1834,68815307,0.08646821975708008
1.1660598516464233,1835,68852556,0.08506584167480469
1.2001097202301025,1836,68890246,0.08207035064697266
1.184878945350647,1837,68926767,0.08429813385009766
1.1375676393508911,1838,68965807,0.08648061752319336
1.240301489830017,1839,69003164,0.08635354042053223
1.1853373050689697,1840,69040648,0.08621072769165039
1.158632516860962,1841,69078281,0.08585548400878906
1.2105093002319336,1842,69115816,0.08603477478027344
1.186508059501648,1843,69153140,0.08606600761413574
1.2067077159881592,1844,69190315,0.08578729629516602
1.1675970554351807,1845,69227954,0.08617377281188965
1.153242826461792,1846,69265102,0.08690261840820312
1.2499393224716187,1847,69301947,0.08200311660766602
1.225238561630249,1848,69338447,0.08672189712524414
1.160996675491333,1849,69377516,0.08604788780212402
1.1648668050765991,1850,69415405,0.08581185340881348
1.1581372022628784,1851,69452625,0.08715581893920898
1.1693834066390991,1852,69490487,0.08376550674438477
1.2240920066833496,1853,69527014,0.0862889289855957
1.2040895223617554,1854,69563956,0.08630776405334473
1.1843681335449219,1855,69601486,0.08636283874511719
1.237001895904541,1856,69638718,0.08672285079956055
1.1463724374771118,1857,69676837,0.08612847328186035
1.1458008289337158,1858,69714262,0.08629608154296875
1.1891977787017822,1859,69751220,0.0854649543762207
1.130224585533142,1860,69789194,0.08607125282287598
1.1668717861175537,1861,69827847,0.08597469329833984
1.1334617137908936,1862,69865286,0.0850059986114502
1.1341379880905151,1863,69904846,0.08030104637145996
1.129391074180603,1864,69943481,0.08687949180603027
1.1274100542068481,1865,69980269,0.08711028099060059
1.2241231203079224,1866,70016465,0.0837411880493164
1.1962193250656128,1867,70053640,0.07952332496643066
1.1552021503448486,1868,70091653,0.08329224586486816
1.178910732269287,1869,70129829,0.08605647087097168
1.1681112051010132,1870,70167868,0.08609437942504883
1.1585679054260254,1871,70205865,0.08652353286743164
1.1462311744689941,1872,70244976,0.08595800399780273
1.2100471258163452,1873,70282581,0.08594870567321777
1.1414142847061157,1874,70320274,0.08647441864013672
1.1709833145141602,1875,70358105,0.0863041877746582
1.1724317073822021,1876,70395545,0.08719897270202637
1.2030258178710938,1877,70433452,0.08645749092102051
1.2071387767791748,1878,70471176,0.08172464370727539
1.1492897272109985,1879,70508340,0.08748126029968262
1.193574070930481,1880,70546468,0.08709931373596191
1.2402706146240234,1881,70583612,0.08599638938903809
1.1538392305374146,1882,70621671,0.08651614189147949
1.1632570028305054,1883,70659449,0.0850226879119873
1.2073948383331299,1884,70696483,0.08637809753417969
1.195870280265808,1885,70734776,0.08634543418884277
1.2168978452682495,1886,70772683,0.08665990829467773
1.2307144403457642,1887,70810125,0.08565282821655273
1.227197289466858,1888,70847066,0.0862882137298584
1.1915796995162964,1889,70884139,0.08556008338928223
1.2072423696517944,1890,70922255,0.08569693565368652
1.1467159986495972,1891,70960166,0.08395886421203613
1.2109893560409546,1892,70997296,0.08394312858581543
1.181447148323059,1893,71035166,0.08532524108886719
1.1901341676712036,1894,71072413,0.07967567443847656
1.1541210412979126,1895,71110180,0.08586597442626953
1.1805497407913208,1896,71147824,0.0859522819519043
1.141282081604004,1897,71185057,0.08585715293884277
1.1807502508163452,1898,71222055,0.07891702651977539
1.1787841320037842,1899,71258985,0.08412480354309082
1.153650164604187,1900,71297926,0.08670687675476074
1.171061635017395,1901,71335317,0.0865027904510498
1.2041375637054443,1902,71373497,0.08735227584838867
1.1542150974273682,1903,71410880,0.07329034805297852
1.1420029401779175,1904,71449223,0.09374260902404785
1.1860377788543701,1905,71486261,0.09058737754821777
1.1925278902053833,1906,71524202,0.08810973167419434
1.1863417625427246,1907,71563049,0.08800172805786133
1.229141116142273,1908,71599854,0.08228683471679688
1.1747204065322876,1909,71636494,0.0859525203704834
1.1149005889892578,1910,71675670,0.08674144744873047
1.1845453977584839,1911,71713375,0.08584213256835938
1.1719616651535034,1912,71751535,0.08627009391784668
1.2085471153259277,1913,71789364,0.08590888977050781
1.2233964204788208,1914,71826647,0.08763313293457031
1.2359049320220947,1915,71864518,0.0863637924194336
1.1498585939407349,1916,71901898,0.0872812271118164
1.2410565614700317,1917,71938853,0.08647513389587402
1.2083054780960083,1918,71975753,0.08596587181091309
1.1912720203399658,1919,72014030,0.08391976356506348
1.1672015190124512,1920,72050969,0.08797430992126465
1.1673730611801147,1921,72088324,0.0863652229309082
1.2026081085205078,1922,72126264,0.08662223815917969
1.138055443763733,1923,72164112,0.07957935333251953
1.1621962785720825,1924,72201166,0.0847628116607666
1.1836676597595215,1925,72239355,0.08629870414733887
1.1115134954452515,1926,72278254,0.0872347354888916
1.1793845891952515,1927,72315716,0.0870523452758789
1.133898138999939,1928,72353302,0.08686161041259766
1.1743035316467285,1929,72391514,0.08821320533752441
1.1669197082519531,1930,72429741,0.08829379081726074
1.192610502243042,1931,72467075,0.08707022666931152
1.1799027919769287,1932,72504690,0.0860598087310791
1.0872882604599,1933,72543213,0.08732438087463379
1.22384774684906,1934,72580170,0.08356738090515137
1.1681435108184814,1935,72618028,0.08657717704772949
1.1318469047546387,1936,72655622,0.08707213401794434
1.1965199708938599,1937,72693069,0.08669614791870117
1.1824125051498413,1938,72731528,0.08759188652038574
1.0986229181289673,1939,72770116,0.08440566062927246
1.1936534643173218,1940,72808195,0.08864760398864746
1.151745080947876,1941,72845214,0.08861398696899414
1.1465749740600586,1942,72883422,0.08594822883605957
1.2024219036102295,1943,72920688,0.08762407302856445
1.2393980026245117,1944,72956279,0.08680009841918945
1.1783897876739502,1945,72993618,0.0880882740020752
1.1863939762115479,1946,73031575,0.08790326118469238
1.1930419206619263,1947,73069993,0.08264923095703125
1.1628038883209229,1948,73108665,0.08724570274353027
1.2185020446777344,1949,73145986,0.08758354187011719
1.1534500122070312,1950,73183932,0.08171582221984863
1.1653306484222412,1951,73222112,0.08853435516357422
1.1888993978500366,1952,73259120,0.08592700958251953
1.141423225402832,1953,73296549,0.0841512680053711
1.2123774290084839,1954,73333946,0.07520270347595215
1.232800006866455,1955,73371144,0.08525681495666504
1.1441385746002197,1956,73408841,0.08661413192749023
1.1901741027832031,1957,73446627,0.08590912818908691
1.1784716844558716,1958,73483260,0.08612942695617676
1.1951431035995483,1959,73521758,0.0868830680847168
1.1871800422668457,1960,73559453,0.08614969253540039
1.2134073972702026,1961,73596553,0.08715486526489258
1.1938923597335815,1962,73633924,0.0862889289855957
1.2191886901855469,1963,73670978,0.08840346336364746
1.1635085344314575,1964,73708587,0.08560371398925781
1.268994688987732,1965,73745380,0.08040165901184082
1.1652401685714722,1966,73782825,0.08629465103149414
1.2160860300064087,1967,73820510,0.0869913101196289
1.1773756742477417,1968,73858629,0.08734464645385742
1.181685447692871,1969,73896387,0.08776187896728516
1.1792649030685425,1970,73933878,0.0842905044555664
1.1794450283050537,1971,73971388,0.08966183662414551
1.2014760971069336,1972,74007502,0.08713436126708984
1.210746169090271,1973,74045099,0.08629822731018066
1.176141381263733,1974,74083292,0.08684897422790527
1.232982873916626,1975,74120214,0.08736753463745117
1.133486270904541,1976,74158105,0.08743739128112793
1.1575255393981934,1977,74196107,0.08608722686767578
1.127618432044983,1978,74234026,0.08628606796264648
1.1738615036010742,1979,74271387,0.08614039421081543
1.1615369319915771,1980,74308918,0.0847940444946289
1.1606651544570923,1981,74346544,0.0837256908416748
1.2490794658660889,1982,74383371,0.0877997875213623
1.1109466552734375,1983,74421208,0.08738255500793457
1.226993203163147,1984,74459658,0.08796238899230957
1.1739227771759033,1985,74497440,0.08237147331237793
1.2069640159606934,1986,74535382,0.08462738990783691
1.1640970706939697,1987,74572968,0.08623957633972168
1.1465322971343994,1988,74610816,0.0866093635559082
1.1811802387237549,1989,74648243,0.08754324913024902
1.1787153482437134,1990,74686607,0.08600831031799316
1.179345965385437,1991,74724501,0.08739423751831055
1.1282542943954468,1992,74762547,0.08709526062011719
1.2182397842407227,1993,74799919,0.08621335029602051
1.155869722366333,1994,74837122,0.08592939376831055
1.2137303352355957,1995,74874228,0.08656835556030273
1.213852047920227,1996,74911884,0.08320856094360352
1.2225852012634277,1997,74949581,0.08707046508789062
1.1533375978469849,1998,74986596,0.08779168128967285
1.186787486076355,1999,75024192,0.08739089965820312
1.1696044206619263,2000,75061896,0.08721709251403809
1.1430742740631104,2001,75100158,0.08457398414611816
1.1688967943191528,2002,75137431,0.09153962135314941
1.1510010957717896,2003,75174372,0.08590388298034668
1.1862924098968506,2004,75212690,0.08078765869140625
1.1473795175552368,2005,75251204,0.08661937713623047
1.1635245084762573,2006,75289349,0.08594226837158203
1.1525980234146118,2007,75327478,0.08595538139343262
1.2571038007736206,2008,75364541,0.08650374412536621
1.1394710540771484,2009,75402734,0.08669686317443848
1.126285195350647,2010,75441507,0.08597421646118164
1.193103313446045,2011,75478454,0.08628296852111816
1.168210744857788,2012,75517258,0.08514070510864258
1.1767973899841309,2013,75554039,0.08585643768310547
1.1519675254821777,2014,75591107,0.08858823776245117
1.2090575695037842,2015,75628476,0.08681392669677734
1.177207589149475,2016,75665986,0.08574604988098145
1.2105848789215088,2017,75702813,0.08600544929504395
1.1428018808364868,2018,75739963,0.08488845825195312
1.1450140476226807,2019,75778506,0.07851409912109375
1.2069430351257324,2020,75816089,0.07581782341003418
1.1955066919326782,2021,75853287,0.09339714050292969
1.1372500658035278,2022,75891096,0.08802556991577148
1.1277209520339966,2023,75929786,0.08346176147460938
1.1753196716308594,2024,75967264,0.08759760856628418
1.1812384128570557,2025,76005318,0.08306026458740234
1.186140775680542,2026,76042129,0.08327984809875488
1.1501874923706055,2027,76078824,0.08538365364074707
1.1154900789260864,2028,76116259,0.0828239917755127
1.225370168685913,2029,76153904,0.08287429809570312
1.1535258293151855,2030,76191396,0.08345603942871094
1.1696727275848389,2031,76228993,0.0835580825805664
1.142238974571228,2032,76266220,0.0832514762878418
1.1668434143066406,2033,76303591,0.08305692672729492
1.1914483308792114,2034,76341251,0.08655214309692383
1.1392802000045776,2035,76379234,0.07521343231201172
1.1795803308486938,2036,76416856,0.08628273010253906
1.1651808023452759,2037,76453786,0.08764195442199707
1.1756913661956787,2038,76491573,0.08560752868652344
1.1528786420822144,2039,76528938,0.08563947677612305
1.1960619688034058,2040,76567102,0.08630633354187012
1.2236883640289307,2041,76603974,0.08573341369628906
1.175004243850708,2042,76641465,0.08635783195495605
1.2096811532974243,2043,76678767,0.08591294288635254
1.1882559061050415,2044,76716517,0.08610177040100098
1.1445884704589844,2045,76754115,0.08685421943664551
1.183643102645874,2046,76791747,0.08605170249938965
1.170906662940979,2047,76829417,0.08580327033996582
1.1903667449951172,2048,76867079,0.08753395080566406
1.160627841949463,2049,76904651,0.08673906326293945
1.1662845611572266,2050,76941203,0.08183622360229492
1.1819422245025635,2051,76979241,0.0662078857421875
1.15766179561615,2052,77016673,0.08262443542480469
1.1853677034378052,2053,77053813,0.08106279373168945
1.1117331981658936,2054,77091519,0.08399367332458496
1.1498404741287231,2055,77129614,0.08419036865234375
1.1299318075180054,2056,77167255,0.08909797668457031
1.1370271444320679,2057,77204627,0.09137177467346191
1.2142125368118286,2058,77243051,0.0815131664276123
1.1797064542770386,2059,77280175,0.08156323432922363
1.2134498357772827,2060,77317028,0.09270811080932617
1.1607731580734253,2061,77354393,0.08768820762634277
1.1884326934814453,2062,77391749,0.08008098602294922
1.1585314273834229,2063,77429225,0.08927249908447266
1.1463195085525513,2064,77465498,0.0922095775604248
1.205991268157959,2065,77502351,0.09022665023803711
1.2013126611709595,2066,77538750,0.07925963401794434
1.1511262655258179,2067,77576897,0.09229564666748047
1.1727452278137207,2068,77614871,0.08744382858276367
1.129491925239563,2069,77653104,0.08882427215576172
1.1784405708312988,2070,77690677,0.08270764350891113
1.1397404670715332,2071,77728844,0.09060978889465332
1.1030757427215576,2072,77766765,0.07894754409790039
1.2659882307052612,2073,77803683,0.09072303771972656
1.2067066431045532,2074,77840778,0.08135581016540527
1.1488021612167358,2075,77877544,0.08715248107910156
1.1347280740737915,2076,77915444,0.08577585220336914
1.1465448141098022,2077,77953559,0.08754801750183105
1.18514883518219,2078,77990331,0.08471107482910156
1.158969759941101,2079,78027383,0.08925867080688477
1.1991298198699951,2080,78064352,0.08041691780090332
1.1801038980484009,2081,78101787,0.08680534362792969
1.1897001266479492,2082,78138967,0.08087897300720215
1.1392531394958496,2083,78176668,0.09592390060424805
1.1897908449172974,2084,78214798,0.07898879051208496
1.1696875095367432,2085,78252902,0.0900123119354248
1.1778734922409058,2086,78289948,0.08031368255615234
1.1795971393585205,2087,78327264,0.08724522590637207
1.1623409986495972,2088,78364489,0.08406472206115723
1.207548975944519,2089,78402100,0.08390235900878906
1.205258846282959,2090,78438508,0.08554220199584961
1.212504506111145,2091,78475817,0.08895540237426758
1.1239537000656128,2092,78513316,0.08427047729492188
1.176518440246582,2093,78550987,0.08175301551818848
1.1551837921142578,2094,78588453,0.08688759803771973
1.1421452760696411,2095,78626806,0.08237886428833008
1.1712623834609985,2096,78663943,0.08610820770263672
1.1282635927200317,2097,78701860,0.08005070686340332
1.197630524635315,2098,78738793,0.08864617347717285
1.1286349296569824,2099,78776270,0.09570693969726562
1.1219627857208252,2100,78814179,0.08287620544433594
1.131148099899292,2101,78852093,0.08400678634643555
1.2254277467727661,2102,78889285,0.08175897598266602
1.167075276374817,2103,78926909,0.09007596969604492
1.1216427087783813,2104,78965180,0.08568692207336426
1.1803861856460571,2105,79003276,0.08347392082214355
1.1651016473770142,2106,79040405,0.08658194541931152
1.1405314207077026,2107,79078132,0.08549356460571289
1.1613630056381226,2108,79115016,0.08480572700500488
1.1371221542358398,2109,79153246,0.08426332473754883
1.1900733709335327,2110,79191168,0.08173322677612305
1.2169079780578613,2111,79228790,0.08652329444885254
1.188366174697876,2112,79265839,0.08736157417297363
1.2002754211425781,2113,79303085,0.07970118522644043
1.1969804763793945,2114,79340699,0.09547853469848633
1.1769229173660278,2115,79378295,0.08434748649597168
1.1038578748703003,2116,79416437,0.09233236312866211
1.176069974899292,2117,79452948,0.09009528160095215
1.1621463298797607,2118,79490161,0.08053994178771973
1.1449964046478271,2119,79528623,0.08104991912841797
1.1726752519607544,2120,79565783,0.08403301239013672
1.2031172513961792,2121,79603619,0.09287905693054199
1.109177589416504,2122,79641827,0.09069132804870605
1.182949185371399,2123,79678638,0.09665107727050781
1.217534065246582,2124,79715866,0.09534573554992676
1.1490440368652344,2125,79753132,0.09079408645629883
1.2171497344970703,2126,79789901,0.09394454956054688
1.1792446374893188,2127,79827485,0.0919809341430664
1.1846909523010254,2128,79864623,0.08598208427429199
1.1825921535491943,2129,79901964,0.08655500411987305
1.1743052005767822,2130,79939926,0.09702467918395996
1.1540554761886597,2131,79977603,0.08615517616271973
1.1306198835372925,2132,80015904,0.0984189510345459
1.1376036405563354,2133,80054515,0.09962821006774902
1.209844708442688,2134,80092123,0.09214568138122559
1.19081449508667,2135,80130067,0.09712815284729004
1.1735376119613647,2136,80167173,0.09151315689086914
1.1503604650497437,2137,80204987,0.09624242782592773
1.1545151472091675,2138,80242928,0.09901189804077148
1.1764607429504395,2139,80280908,0.08420753479003906
1.1036139726638794,2140,80318866,0.1003108024597168
1.1748013496398926,2141,80355897,0.07895040512084961
1.1061524152755737,2142,80393404,0.10473299026489258
1.1736799478530884,2143,80430213,0.07882094383239746
1.1548824310302734,2144,80467705,0.1042633056640625
1.1644551753997803,2145,80505354,0.07679319381713867
1.162405014038086,2146,80543418,0.10087084770202637
1.172529935836792,2147,80580536,0.08698177337646484
1.22837495803833,2148,80618362,0.09177446365356445
1.1924664974212646,2149,80656573,0.09993171691894531
1.157762050628662,2150,80694279,0.08490920066833496
1.1296290159225464,2151,80732062,0.09702682495117188
1.1813766956329346,2152,80769984,0.09122753143310547
1.1759796142578125,2153,80806967,0.0927884578704834
1.1728826761245728,2154,80844043,0.09335565567016602
1.1579041481018066,2155,80881944,0.09268593788146973
1.1435818672180176,2156,80919533,0.08397483825683594
1.1564903259277344,2157,80957559,0.09612751007080078
1.215443730354309,2158,80994470,0.09200191497802734
1.136512041091919,2159,81032569,0.09742879867553711
1.123965859413147,2160,81071188,0.08635616302490234
1.131486177444458,2161,81108699,0.09395146369934082
1.188086748123169,2162,81146427,0.08654618263244629
1.1775603294372559,2163,81184056,0.09617948532104492
1.1484555006027222,2164,81222089,0.0873878002166748
1.1254996061325073,2165,81260374,0.10099935531616211
1.1686251163482666,2166,81297398,0.08279275894165039
1.1744247674942017,2167,81334592,0.0986487865447998
1.1573907136917114,2168,81371693,0.08861494064331055
1.1932387351989746,2169,81408786,0.0960230827331543
1.1507023572921753,2170,81446472,0.08742403984069824
1.1967980861663818,2171,81482910,0.09794974327087402
1.1439766883850098,2172,81521110,0.09997415542602539
1.136315107345581,2173,81559081,0.08278489112854004
1.1982976198196411,2174,81596548,0.09873604774475098
1.230895757675171,2175,81633616,0.08600664138793945
1.1389694213867188,2176,81672042,0.09704804420471191
1.2410796880722046,2177,81709360,0.0884256362915039
1.1625936031341553,2178,81746026,0.10156083106994629
1.1220887899398804,2179,81783853,0.09187912940979004
1.1905630826950073,2180,81821850,0.09731245040893555
1.1530179977416992,2181,81859038,0.08861374855041504
1.1932950019836426,2182,81896433,0.09506440162658691
1.1856534481048584,2183,81933998,0.0958395004272461
1.2089532613754272,2184,81971179,0.09630131721496582
1.180439829826355,2185,82008007,0.08916831016540527
1.1666187047958374,2186,82045698,0.10395503044128418
1.0859383344650269,2187,82083064,0.09076738357543945
1.2112315893173218,2188,82118683,0.09510421752929688
1.1754684448242188,2189,82156051,0.09547710418701172
1.2101786136627197,2190,82192830,0.09907960891723633
1.1794624328613281,2191,82230637,0.0962989330291748
1.1563767194747925,2192,82268455,0.09507226943969727
1.1671700477600098,2193,82306840,0.0938105583190918
1.172045111656189,2194,82343659,0.09747672080993652
1.2014713287353516,2195,82380562,0.08927607536315918
1.120392084121704,2196,82418140,0.09474587440490723
1.119147539138794,2197,82456713,0.08853363990783691
1.1712517738342285,2198,82494049,0.09857869148254395
1.2580158710479736,2199,82531299,0.09801316261291504
1.1768640279769897,2200,82568206,0.09224343299865723
1.2026969194412231,2201,82605880,0.0988461971282959
1.1224491596221924,2202,82644087,0.1001279354095459
1.1490519046783447,2203,82682721,0.09995603561401367
1.1846721172332764,2204,82720432,0.10234689712524414
1.1664612293243408,2205,82758253,0.08365726470947266
1.1999140977859497,2206,82795184,0.09824514389038086
1.157350778579712,2207,82833429,0.08929800987243652
1.1606931686401367,2208,82870437,0.08589625358581543
1.1780179738998413,2209,82908296,0.09253358840942383
1.1586480140686035,2210,82945577,0.09502840042114258
1.1054199934005737,2211,82984694,0.09992790222167969
1.1637442111968994,2212,83021937,0.10044193267822266
1.0990475416183472,2213,83060502,0.09932279586791992
1.1957112550735474,2214,83098236,0.09131479263305664
1.1094597578048706,2215,83137079,0.10309052467346191
1.1617958545684814,2216,83175171,0.0920569896697998
1.1630420684814453,2217,83212456,0.09682321548461914
1.1072278022766113,2218,83250133,0.08576726913452148
1.1153353452682495,2219,83288367,0.10055899620056152
1.1616251468658447,2220,83326014,0.08111190795898438
1.1714144945144653,2221,83363480,0.10666489601135254
1.15702486038208,2222,83400772,0.0757753849029541
1.1564934253692627,2223,83439473,0.10051655769348145
1.2014398574829102,2224,83477236,0.10387444496154785
1.1543598175048828,2225,83515101,0.08424544334411621
1.2111141681671143,2226,83551291,0.09777164459228516
1.167729377746582,2227,83589876,0.09541988372802734
1.2180689573287964,2228,83626759,0.07802867889404297
1.1632574796676636,2229,83664200,0.06756734848022461
1.1993629932403564,2230,83701230,0.07183957099914551
1.204193115234375,2231,83738167,0.06399083137512207
1.1662144660949707,2232,83775388,0.07571578025817871
1.1613547801971436,2233,83812590,0.06470680236816406
1.1751580238342285,2234,83851292,0.07836270332336426
1.1599582433700562,2235,83888349,0.06421637535095215
1.1679831743240356,2236,83926718,0.08107280731201172
1.168855905532837,2237,83964696,0.07796692848205566
1.1827532052993774,2238,84001371,0.08997488021850586
1.2133909463882446,2239,84038174,0.08668708801269531
1.2060490846633911,2240,84074844,0.09579062461853027
1.1963496208190918,2241,84111507,0.09281635284423828
1.1717026233673096,2242,84149117,0.08819890022277832
1.1808117628097534,2243,84185735,0.07950425148010254
1.1567585468292236,2244,84222526,0.07576584815979004
1.1598851680755615,2245,84261101,0.06769704818725586
1.127575397491455,2246,84299254,0.07761311531066895
1.2004936933517456,2247,84337434,0.06451296806335449
1.209098219871521,2248,84374540,0.07515811920166016
1.1124370098114014,2249,84413098,0.07359528541564941
1.1751943826675415,2250,84450618,0.07857584953308105
1.1072392463684082,2251,84488318,0.06535100936889648
1.0810983180999756,2252,84526370,0.07954072952270508
1.1999181509017944,2253,84563385,0.07910990715026855
1.1696339845657349,2254,84601065,0.07928276062011719
1.1165893077850342,2255,84639895,0.08945012092590332
1.1862857341766357,2256,84677532,0.08265900611877441
1.1995612382888794,2257,84714660,0.09655523300170898
1.1506956815719604,2258,84751978,0.08681893348693848
1.1336781978607178,2259,84789075,0.0957784652709961
1.1290853023529053,2260,84826313,0.08250093460083008
1.2107772827148438,2261,84863945,0.0799713134765625
1.1554932594299316,2262,84901093,0.08237099647521973
1.2178053855895996,2263,84938281,0.07634139060974121
1.1934298276901245,2264,84975314,0.07623934745788574
1.1703938245773315,2265,85013381,0.0714719295501709
1.1721460819244385,2266,85050694,0.07349991798400879
1.250060796737671,2267,85087321,0.0780184268951416
1.1454583406448364,2268,85125862,0.07585692405700684
1.1385600566864014,2269,85164018,0.07035946846008301
1.1399565935134888,2270,85202432,0.06964516639709473
1.1435348987579346,2271,85240831,0.09135770797729492
1.184067964553833,2272,85278844,0.09343886375427246
1.1408714056015015,2273,85316227,0.09579586982727051
1.1342251300811768,2274,85354101,0.09642529487609863
1.14193594455719,2275,85391761,0.09257388114929199
1.1558983325958252,2276,85429388,0.08647823333740234
1.2235212326049805,2277,85467014,0.08737945556640625
1.1851210594177246,2278,85504811,0.08322763442993164
1.226406216621399,2279,85542102,0.0875551700592041
1.1516400575637817,2280,85579989,0.08343005180358887
1.1941742897033691,2281,85617170,0.08613896369934082
1.1693636178970337,2282,85655204,0.09192800521850586
1.2059235572814941,2283,85691621,0.07721352577209473
1.1326889991760254,2284,85729408,0.08993172645568848
1.181511640548706,2285,85767203,0.08102846145629883
1.1654517650604248,2286,85804624,0.08930373191833496
1.15755295753479,2287,85842189,0.09016156196594238
1.1571986675262451,2288,85879705,0.08481264114379883
1.1962467432022095,2289,85917190,0.08631348609924316
1.1855648756027222,2290,85954015,0.08399057388305664
1.1718175411224365,2291,85991651,0.09070563316345215
1.1689554452896118,2292,86029355,0.08903717994689941
1.098099708557129,2293,86067716,0.08702993392944336
1.1613126993179321,2294,86105775,0.08933401107788086
1.0930730104446411,2295,86144340,0.08791136741638184
1.2417572736740112,2296,86180877,0.08665990829467773
1.1838213205337524,2297,86218678,0.08922839164733887
1.0927780866622925,2298,86256620,0.0882720947265625
1.1588596105575562,2299,86294771,0.08045744895935059
1.168125033378601,2300,86332153,0.08692741394042969
1.1418020725250244,2301,86371101,0.08593988418579102
1.1043500900268555,2302,86409925,0.07268548011779785
1.18691885471344,2303,86447203,0.07467198371887207
1.1359477043151855,2304,86485370,0.06739640235900879
1.1985728740692139,2305,86523333,0.06680607795715332
1.1845102310180664,2306,86560629,0.06835174560546875
1.1233038902282715,2307,86599088,0.06836128234863281
1.1825870275497437,2308,86635704,0.06528306007385254
1.120365023612976,2309,86672613,0.06903290748596191
1.1804007291793823,2310,86710345,0.06612610816955566
1.159592866897583,2311,86748393,0.06662273406982422
1.1015387773513794,2312,86786840,0.06361269950866699
1.1168280839920044,2313,86825406,0.06723904609680176
1.169934630393982,2314,86862783,0.06734275817871094
1.15506911277771,2315,86900475,0.06351637840270996
1.139418125152588,2316,86937815,0.06189465522766113
1.152960181236267,2317,86976641,0.07240676879882812
1.1842989921569824,2318,87014662,0.07928180694580078
1.1523611545562744,2319,87051939,0.08535099029541016
1.1800072193145752,2320,87089398,0.08533358573913574
1.2214977741241455,2321,87126656,0.08628582954406738
1.1608110666275024,2322,87164235,0.08710837364196777
1.1767560243606567,2323,87201064,0.08805084228515625
1.122369647026062,2324,87239163,0.07625174522399902
1.198277235031128,2325,87276271,0.06682085990905762
1.147238850593567,2326,87313047,0.0649263858795166
1.1096701622009277,2327,87351731,0.06808352470397949
1.1496543884277344,2328,87389318,0.06809449195861816
1.1657462120056152,2329,87426354,0.06857824325561523
1.187875509262085,2330,87463679,0.06499743461608887
1.2165460586547852,2331,87501255,0.06845545768737793
1.1570539474487305,2332,87538871,0.05958294868469238
1.1752023696899414,2333,87576417,0.07409167289733887
1.1561052799224854,2334,87614637,0.06469845771789551
1.1922142505645752,2335,87652071,0.06759262084960938
1.1612169742584229,2336,87689698,0.06789803504943848
1.2040379047393799,2337,87727141,0.08405327796936035
1.1719564199447632,2338,87764700,0.08690738677978516
1.147086501121521,2339,87802414,0.08710074424743652
1.170250415802002,2340,87839180,0.0872802734375
1.1653064489364624,2341,87876999,0.08746218681335449
1.117478370666504,2342,87915439,0.08692526817321777
1.1612675189971924,2343,87953951,0.08749723434448242
1.2033039331436157,2344,87991328,0.08824372291564941
1.177289366722107,2345,88028452,0.08700823783874512
1.2057219743728638,2346,88065614,0.08674407005310059
1.1826976537704468,2347,88102816,0.08202767372131348
1.1603267192840576,2348,88142192,0.08568358421325684
1.1312761306762695,2349,88181110,0.08728289604187012
1.187642216682434,2350,88218450,0.08614826202392578
1.2021379470825195,2351,88255945,0.08677053451538086
1.176418423652649,2352,88293879,0.08493709564208984
1.200028657913208,2353,88331141,0.08774924278259277
1.17372465133667,2354,88367939,0.08699202537536621
1.1423171758651733,2355,88405164,0.0878603458404541
1.1977144479751587,2356,88442908,0.08348798751831055
1.140522837638855,2357,88479759,0.08750724792480469
1.1954660415649414,2358,88517027,0.08277249336242676
1.1835774183273315,2359,88555413,0.08779001235961914
1.189624547958374,2360,88592848,0.08537983894348145
1.1322267055511475,2361,88630316,0.085052490234375
1.2169437408447266,2362,88667936,0.08295035362243652
1.17659592628479,2363,88705700,0.0827782154083252
1.1566596031188965,2364,88743812,0.08753085136413574
1.2119919061660767,2365,88781321,0.08642983436584473
1.1126561164855957,2366,88818966,0.08726668357849121
1.1769001483917236,2367,88856564,0.07906746864318848
1.1893388032913208,2368,88893989,0.08428525924682617
1.231318473815918,2369,88931475,0.08641409873962402
1.1656017303466797,2370,88968308,0.08704972267150879
1.226335048675537,2371,89006686,0.08616971969604492
1.2041504383087158,2372,89043949,0.08744692802429199
1.1842526197433472,2373,89080715,0.0864107608795166
1.1959186792373657,2374,89117799,0.0862128734588623
1.1724984645843506,2375,89154958,0.08621740341186523
1.1554943323135376,2376,89192029,0.08633303642272949
1.1495977640151978,2377,89229422,0.08433318138122559
1.181577444076538,2378,89266547,0.07402181625366211
1.1645169258117676,2379,89304650,0.08534431457519531
1.160339593887329,2380,89342443,0.08980894088745117
1.1447561979293823,2381,89380093,0.08803677558898926
1.178882360458374,2382,89417517,0.08669400215148926
1.1420594453811646,2383,89455387,0.0797736644744873
1.1241883039474487,2384,89492548,0.0821526050567627
1.1883649826049805,2385,89529602,0.08638811111450195
1.1476675271987915,2386,89567274,0.0860741138458252
1.2002387046813965,2387,89604000,0.08572626113891602
1.1584073305130005,2388,89641911,0.08633255958557129
1.1575713157653809,2389,89678835,0.08662176132202148
1.1317397356033325,2390,89715717,0.08623027801513672
1.2007931470870972,2391,89753911,0.08660674095153809
1.1469770669937134,2392,89791288,0.08738040924072266
1.1774410009384155,2393,89829391,0.0862729549407959
1.1353362798690796,2394,89867693,0.08514571189880371
1.1495089530944824,2395,89904772,0.08916878700256348
1.1896170377731323,2396,89942586,0.08521747589111328
1.2059093713760376,2397,89979783,0.08740425109863281
1.160673975944519,2398,90017724,0.0879366397857666
1.1763375997543335,2399,90055003,0.08201909065246582
1.2066460847854614,2400,90092255,0.09305763244628906
1.222100019454956,2401,90128781,0.08790087699890137
1.1776072978973389,2402,90165596,0.08650970458984375
1.1944754123687744,2403,90203897,0.08192062377929688
1.2110226154327393,2404,90240861,0.08545875549316406
1.186966896057129,2405,90277241,0.08626627922058105
1.1570309400558472,2406,90315074,0.08744263648986816
1.171625018119812,2407,90353351,0.08468365669250488
1.167382001876831,2408,90390427,0.08829355239868164
1.1378650665283203,2409,90428614,0.0860445499420166
1.181408166885376,2410,90466371,0.08379840850830078
1.1529637575149536,2411,90504009,0.08699607849121094
1.1341454982757568,2412,90541412,0.09389448165893555
1.1329319477081299,2413,90579772,0.08612370491027832
1.2089828252792358,2414,90616920,0.08611822128295898
1.1724164485931396,2415,90653756,0.0874781608581543
1.2105554342269897,2416,90691129,0.08442974090576172
1.1423377990722656,2417,90728440,0.08311772346496582
1.161970853805542,2418,90765834,0.0802922248840332
1.1124842166900635,2419,90803158,0.07757163047790527
1.2309668064117432,2420,90840522,0.08802914619445801
1.1687190532684326,2421,90878436,0.08511161804199219
1.1542606353759766,2422,90916301,0.07300281524658203
1.1954265832901,2423,90954438,0.08477663993835449
1.1534191370010376,2424,90992252,0.08691048622131348
1.1979825496673584,2425,91029764,0.08654570579528809
1.1335721015930176,2426,91066940,0.08692789077758789
1.2002602815628052,2427,91104847,0.08568453788757324
1.1875234842300415,2428,91142689,0.08662962913513184
1.2163665294647217,2429,91179724,0.08623790740966797
1.175960659980774,2430,91216945,0.08629512786865234
1.2115639448165894,2431,91254456,0.08598184585571289
1.1787081956863403,2432,91292620,0.0870981216430664
1.1858551502227783,2433,91330763,0.08716082572937012
1.1864908933639526,2434,91368148,0.0818490982055664
1.1515644788742065,2435,91406269,0.08453083038330078
1.165509581565857,2436,91443402,0.08717560768127441
1.189207673072815,2437,91480060,0.08706450462341309
1.2195956707000732,2438,91517385,0.08461165428161621
1.1525483131408691,2439,91554553,0.08783364295959473
1.1777204275131226,2440,91591747,0.08691787719726562
1.1752054691314697,2441,91629776,0.08370757102966309
1.219241738319397,2442,91666744,0.08312606811523438
1.192339539527893,2443,91704352,0.08304643630981445
1.1859557628631592,2444,91741020,0.08712148666381836
1.1834369897842407,2445,91778547,0.08292531967163086
1.204517126083374,2446,91815163,0.08749985694885254
1.1432838439941406,2447,91854048,0.08331561088562012
1.1124482154846191,2448,91891852,0.08716845512390137
1.1857136487960815,2449,91928605,0.08760190010070801
1.1262987852096558,2450,91966349,0.08325886726379395
1.148604154586792,2451,92004063,0.08606863021850586
1.1946583986282349,2452,92041319,0.08591008186340332
1.1531656980514526,2453,92079795,0.08375215530395508
1.1438721418380737,2454,92116728,0.08333778381347656
1.2018139362335205,2455,92153924,0.08626484870910645
1.0976930856704712,2456,92192154,0.08549022674560547
1.1854573488235474,2457,92229342,0.08618688583374023
1.150539755821228,2458,92266461,0.08590841293334961
1.1773825883865356,2459,92304001,0.08622574806213379
1.1547187566757202,2460,92341091,0.08613157272338867
1.1704243421554565,2461,92378275,0.08748960494995117
1.1953694820404053,2462,92415384,0.0858011245727539
1.134202241897583,2463,92453916,0.08618545532226562
1.1651164293289185,2464,92491759,0.08695650100708008
1.1889784336090088,2465,92528686,0.08197569847106934
1.1293054819107056,2466,92566640,0.08705687522888184
1.163093090057373,2467,92603254,0.08634781837463379
1.154119849205017,2468,92641570,0.08636951446533203
1.1787229776382446,2469,92678474,0.0853586196899414
1.1685694456100464,2470,92716016,0.0879220962524414
1.1518927812576294,2471,92753298,0.08292961120605469
1.1536449193954468,2472,92790590,0.08540630340576172
1.143846869468689,2473,92828822,0.08278322219848633
1.1294844150543213,2474,92866919,0.08204841613769531
1.1691128015518188,2475,92904261,0.08748173713684082
1.188809871673584,2476,92941186,0.08202481269836426
1.132370948791504,2477,92979575,0.08571219444274902
1.1629725694656372,2478,93017681,0.08690643310546875
1.2012090682983398,2479,93054623,0.0829319953918457
1.1674718856811523,2480,93092212,0.08337831497192383
1.1763724088668823,2481,93129797,0.07914257049560547
1.1672064065933228,2482,93167017,0.08650040626525879
1.1628801822662354,2483,93204435,0.08686304092407227
1.1166305541992188,2484,93242623,0.08364558219909668
1.1820236444473267,2485,93280252,0.08620882034301758
1.088221549987793,2486,93318453,0.08713507652282715
1.135595679283142,2487,93355674,0.08735322952270508
1.1539736986160278,2488,93392455,0.0882718563079834
1.1344300508499146,2489,93431438,0.08789849281311035
1.1815425157546997,2490,93469794,0.08543586730957031
1.1759105920791626,2491,93506946,0.08458995819091797
1.1567095518112183,2492,93544737,0.0851132869720459
1.1174678802490234,2493,93583122,0.08330702781677246
1.1472618579864502,2494,93620513,0.08331298828125
1.1927348375320435,2495,93658057,0.08311581611633301
1.1136674880981445,2496,93696634,0.07900404930114746
1.1190592050552368,2497,93734851,0.08466982841491699
1.1531322002410889,2498,93773008,0.08616447448730469
1.2031431198120117,2499,93809705,0.0859832763671875
1.139959692955017,2500,93847433,0.08458590507507324
1.1527990102767944,2501,93884623,0.08754539489746094
1.1633012294769287,2502,93922208,0.09249305725097656
1.15640127658844,2503,93960926,0.08910226821899414
1.1630090475082397,2504,93997636,0.08585596084594727
1.1607811450958252,2505,94034698,0.08622550964355469
1.1659421920776367,2506,94072655,0.0869295597076416
1.149566888809204,2507,94110417,0.08600568771362305
1.2000502347946167,2508,94146946,0.08625912666320801
1.1716631650924683,2509,94184442,0.08690595626831055
1.1847941875457764,2510,94222573,0.0859842300415039
1.2238069772720337,2511,94259913,0.0864415168762207
1.250427484512329,2512,94296543,0.08855700492858887
1.1411927938461304,2513,94334386,0.08922243118286133
1.1676603555679321,2514,94372447,0.08399510383605957
1.1902637481689453,2515,94409974,0.08344531059265137
1.1545147895812988,2516,94448318,0.07303261756896973
1.147093653678894,2517,94485839,0.08100342750549316
1.1499003171920776,2518,94523698,0.07985639572143555
1.1410560607910156,2519,94561762,0.08571100234985352
1.213478922843933,2520,94598795,0.08632421493530273
1.16249418258667,2521,94636499,0.08768868446350098
1.1801728010177612,2522,94674326,0.09098005294799805
1.1308940649032593,2523,94711548,0.08510208129882812
1.24172842502594,2524,94749042,0.08555865287780762
1.2181886434555054,2525,94786251,0.08531403541564941
1.1116575002670288,2526,94823936,0.08655405044555664
1.1927725076675415,2527,94861004,0.0858156681060791
1.1447710990905762,2528,94899086,0.08538818359375
1.2019871473312378,2529,94936103,0.08535933494567871
1.1836057901382446,2530,94973561,0.0852057933807373
1.1525964736938477,2531,95011418,0.08064794540405273
1.1784014701843262,2532,95049650,0.07784128189086914
1.1382004022598267,2533,95087854,0.0822138786315918
1.134588360786438,2534,95125834,0.08676266670227051
1.1422693729400635,2535,95163949,0.0866997241973877
1.2034074068069458,2536,95200656,0.08700132369995117
1.170365571975708,2537,95238170,0.08667373657226562
1.109050989151001,2538,95276332,0.08770751953125
1.1502559185028076,2539,95314240,0.08566641807556152
1.142892837524414,2540,95352125,0.08721065521240234
1.1374666690826416,2541,95389907,0.08593893051147461
1.136947512626648,2542,95427082,0.08668160438537598
1.1639420986175537,2543,95464901,0.08605432510375977
1.1600713729858398,2544,95501855,0.08832740783691406
1.2072715759277344,2545,95538861,0.08739876747131348
1.1821521520614624,2546,95576634,0.0877687931060791
1.1077077388763428,2547,95614187,0.08253312110900879
1.124377727508545,2548,95652283,0.08669590950012207
1.159749150276184,2549,95690183,0.0839838981628418
1.2001267671585083,2550,95727916,0.07859015464782715
1.1441149711608887,2551,95766191,0.08338308334350586
1.1264500617980957,2552,95804575,0.08348822593688965
1.170365810394287,2553,95841988,0.08608794212341309
1.16840660572052,2554,95880024,0.08144497871398926
1.1263471841812134,2555,95916754,0.08520627021789551
1.1612168550491333,2556,95954774,0.08358407020568848
1.1657414436340332,2557,95992465,0.08526825904846191
1.1875736713409424,2558,96029603,0.08525919914245605
1.170899510383606,2559,96067241,0.08494091033935547
1.2175419330596924,2560,96104122,0.08342933654785156
1.143937110900879,2561,96142190,0.08410406112670898
1.1819353103637695,2562,96180004,0.08535552024841309
1.233689308166504,2563,96217547,0.0848076343536377
1.1430150270462036,2564,96254465,0.07614016532897949
1.189651370048523,2565,96291227,0.08499550819396973
1.207407832145691,2566,96328091,0.08635568618774414
1.123934268951416,2567,96366670,0.08562040328979492
1.1691007614135742,2568,96404030,0.08584308624267578
1.1694458723068237,2569,96441716,0.08548808097839355
1.1705595254898071,2570,96479434,0.08595705032348633
1.1652765274047852,2571,96517188,0.08561563491821289
1.1573790311813354,2572,96555074,0.0861811637878418
1.1196194887161255,2573,96592552,0.08618974685668945
1.1851521730422974,2574,96630185,0.08567404747009277
1.1789524555206299,2575,96667746,0.08589053153991699
1.1275848150253296,2576,96705040,0.08623957633972168
1.1416271924972534,2577,96742791,0.08653950691223145
1.1566288471221924,2578,96779911,0.08211755752563477
1.1380754709243774,2579,96816532,0.08720088005065918
1.131103277206421,2580,96854364,0.08489990234375
1.1382498741149902,2581,96891635,0.08788633346557617
1.1504297256469727,2582,96929239,0.08555364608764648
1.139968752861023,2583,96966457,0.08655762672424316
1.150134563446045,2584,97004371,0.08178424835205078
1.165251612663269,2585,97042544,0.08428764343261719
1.1314324140548706,2586,97081065,0.08299851417541504
1.1276451349258423,2587,97118444,0.08374142646789551
1.1353719234466553,2588,97157462,0.08214449882507324
1.116999864578247,2589,97196097,0.08390474319458008
1.1683577299118042,2590,97234173,0.08530473709106445
1.1299573183059692,2591,97271787,0.0850672721862793
1.1362266540527344,2592,97309562,0.083831787109375
1.1703251600265503,2593,97347143,0.0836939811706543
1.1301192045211792,2594,97384435,0.08028316497802734
1.210416316986084,2595,97421982,0.08184313774108887
1.098258376121521,2596,97459676,0.08499789237976074
1.1634565591812134,2597,97498568,0.0860452651977539
1.1632293462753296,2598,97536747,0.08646988868713379
1.1753904819488525,2599,97574286,0.08556580543518066
1.1531096696853638,2600,97612348,0.08663535118103027
1.165486454963684,2601,97649461,0.08641314506530762
1.1931860446929932,2602,97687623,0.08023357391357422
1.2210875749588013,2603,97724152,0.08220553398132324
1.154360055923462,2604,97762669,0.07786059379577637
1.235003113746643,2605,97799265,0.08924388885498047
1.0937834978103638,2606,97837680,0.0888063907623291
1.1449037790298462,2607,97875149,0.08859491348266602
1.098992943763733,2608,97913139,0.08617615699768066
1.1224545240402222,2609,97950743,0.08611154556274414
1.165974736213684,2610,97987934,0.0860753059387207
1.1656830310821533,2611,98025928,0.08588504791259766
1.1131094694137573,2612,98064035,0.08719158172607422
1.1873761415481567,2613,98101599,0.08695554733276367
1.1711100339889526,2614,98139063,0.0867159366607666
1.1349607706069946,2615,98177074,0.08753275871276855
1.1180832386016846,2616,98214907,0.08637833595275879
1.1920303106307983,2617,98252313,0.0857696533203125
1.1992809772491455,2618,98289986,0.08544230461120605
1.1445581912994385,2619,98328492,0.08447074890136719
1.1917877197265625,2620,98366049,0.0774228572845459
1.2199664115905762,2621,98402918,0.09336304664611816
1.16619074344635,2622,98441510,0.08691525459289551
1.1086399555206299,2623,98480141,0.08600020408630371
1.1716127395629883,2624,98517068,0.08629155158996582
1.19162917137146,2625,98554374,0.08841538429260254
1.200190544128418,2626,98591224,0.0785517692565918
1.1535496711730957,2627,98629411,0.08429884910583496
1.1713292598724365,2628,98665952,0.08627581596374512
1.1793532371520996,2629,98703668,0.08621358871459961
1.1491732597351074,2630,98742258,0.08565211296081543
1.1976613998413086,2631,98779554,0.08595085144042969
1.161303162574768,2632,98817341,0.08601927757263184
1.1871116161346436,2633,98855566,0.08575725555419922
1.1704992055892944,2634,98894116,0.08628678321838379
1.1486895084381104,2635,98931204,0.07758402824401855
1.1599072217941284,2636,98969042,0.08862924575805664
1.1730583906173706,2637,99006308,0.08826541900634766
1.1443825960159302,2638,99043850,0.08841800689697266
1.0929455757141113,2639,99081157,0.0887603759765625
1.1784719228744507,2640,99119153,0.08617734909057617
1.1508232355117798,2641,99156773,0.08602190017700195
1.1830251216888428,2642,99194763,0.08812284469604492
1.1661975383758545,2643,99233028,0.08705496788024902
1.1732662916183472,2644,99270324,0.08669281005859375
1.1464107036590576,2645,99308950,0.08454298973083496
1.2038947343826294,2646,99346255,0.08804798126220703
1.174538254737854,2647,99384481,0.08560419082641602
1.1476486921310425,2648,99423276,0.08623456954956055
1.175736904144287,2649,99460302,0.08564305305480957
1.2182693481445312,2650,99496865,0.08187723159790039
1.1243870258331299,2651,99535062,0.0779104232788086
1.14517343044281,2652,99572224,0.09426569938659668
1.180774211883545,2653,99609006,0.08917450904846191
1.1817868947982788,2654,99645997,0.08415675163269043
1.1729304790496826,2655,99683779,0.08328700065612793
1.114589810371399,2656,99721097,0.0865323543548584
1.1899710893630981,2657,99758168,0.08440852165222168
1.141319990158081,2658,99795822,0.08521270751953125
1.1360946893692017,2659,99833820,0.0853426456451416
1.164492130279541,2660,99872339,0.08561015129089355
1.1718039512634277,2661,99909900,0.08633112907409668
1.1637766361236572,2662,99947108,0.08368468284606934
1.1787168979644775,2663,99983674,0.08583831787109375
1.1731818914413452,2664,100021313,0.08604621887207031
